timestamp,sensor,x,y,z
1778964577630,Accelerometer,0.20700002,-9.67905,-0.147
1778964577646,Accelerometer,0.27600002,-9.636001,0.354
1778964577660,Accelerometer,0.09,-9.861,0.92205006
1778964577660,Accelerometer,-0.043050002,-9.981001,0.85200006
1778964577678,Accelerometer,-0.01905,-9.844951,0.49800003
1778964577678,Accelerometer,-0.079050004,-9.706051,0.30405003
1778964577678,Gyroscope,0.0774125,0.07755,0.0248875
1778964577695,Accelerometer,-0.19695,-9.65505,0.37605003
1778964577695,Accelerometer,-0.16800001,-9.703051,0.51495004
1778964577719,Accelerometer,-0.08595,-9.736951,0.64605004
1778964577719,Accelerometer,-0.027,-9.75105,0.57705003
1778964577739,Accelerometer,-0.052950002,-9.745951,0.47895002
1778964577739,Accelerometer,-0.13905,-9.745951,0.53400004
1778964577754,Accelerometer,-0.20400001,-9.801001,0.55305004
1778964577754,Accelerometer,-0.27105,-9.901951,0.642
1778964577754,Gyroscope,0.030524999,-0.0044,0.0323125
1778964577774,Accelerometer,-0.31905,-9.832951,0.62505
1778964577775,Accelerometer,-0.24000001,-9.712951,0.40500003
1778964577800,Accelerometer,-0.17505,-9.63405,0.30405003
1778964577800,Accelerometer,-0.108,-9.61005,0.36405003
1778964577819,Accelerometer,-0.072000004,-9.682051,0.48405004
1778964577820,Accelerometer,-0.18900001,-9.76605,0.56700003
1778964577833,Accelerometer,-0.30195,-9.70995,0.47205
1778964577844,Accelerometer,-0.37905002,-9.61005,0.41400003
1778964577844,Gyroscope,0.07535,-0.0044,0.0226875
1778964577855,Accelerometer,-0.35505003,-9.571951,0.47205
1778964577855,Accelerometer,-0.31605002,-9.648001,0.57900006
1778964577880,Accelerometer,-0.27105,-9.706051,0.75405
1778964577880,Accelerometer,-0.21300001,-9.75405,0.79995006
1778964577900,Accelerometer,-0.156,-9.769951,0.76095
1778964577900,Accelerometer,-0.16095,-9.757951,0.72105
1778964577915,Accelerometer,-0.17505,-9.73005,0.582
1778964577915,Accelerometer,-0.22095,-9.708,0.50295
1778964577915,Gyroscope,0.0253,-0.0587125,-0.0039875
1778964577937,Accelerometer,-0.30705002,-9.74895,0.558
1778964577937,Accelerometer,-0.33105,-9.801001,0.45495003
1778964577960,Accelerometer,-0.19695,-9.78195,0.27495003
1778964577960,Accelerometer,-0.10605001,-9.768001,0.39495003
1778964577981,Accelerometer,-0.076950006,-9.801001,0.63705003
1778964577981,Accelerometer,-0.02205,-9.78495,0.80700004
1778964578000,Accelerometer,0.09705,-9.733951,0.85995007
1778964578000,Accelerometer,0.21195,-9.687,0.95505005
1778964578000,Gyroscope,0.0273625,0.045649998,0.0067375
1778964578014,Accelerometer,0.28800002,-9.727051,0.94605005
1778964578015,Accelerometer,0.35295,-9.801001,0.85995007
1778964578030,Accelerometer,0.41505003,-9.847051,0.80895007
1778964578041,Accelerometer,0.39105,-9.837001,0.83100003
1778964578060,Accelerometer,0.30795002,-9.856951,0.89505005
1778964578060,Accelerometer,0.19005,-9.871051,1.04205
1778964578075,Accelerometer,0.08205,-9.912001,1.09695
1778964578076,Accelerometer,0.01305,-9.95505,1.09695
1778964578076,Gyroscope,-0.0493625,0.341825,0.0589875
1778964578094,Accelerometer,0.022950001,-9.900001,1.07295
1778964578094,Accelerometer,0.10395,-9.828,0.89100003
1778964578120,Accelerometer,0.28395,-9.777,0.864
1778964578120,Accelerometer,0.39405003,-9.75405,1.0890001
1778964578140,Accelerometer,0.37005,-9.81105,1.3429501
1778964578140,Accelerometer,0.19500001,-9.876,1.176
1778964578155,Accelerometer,0.051000003,-9.864,0.77805007
1778964578155,Accelerometer,-0.25905,-9.670051,0.45705003
1778964578156,Gyroscope,-0.1557875,0.526075,0.1590875
1778964578174,Accelerometer,-0.56505,-9.430051,0.32595003
1778964578175,Accelerometer,-0.795,-9.3820505,0.24195
1778964578200,Accelerometer,-0.93195003,-9.459001,0.333
1778964578200,Accelerometer,-1.0819501,-9.531,0.354
1778964578219,Accelerometer,-1.3099501,-9.4470005,0.19905001
1778964578219,Accelerometer,-1.5850501,-9.271951,-0.28905
1778964578226,Accelerometer,-1.6189501,-9.294001,-0.19800001
1778964578241,Accelerometer,-1.48695,-9.567,0.093
1778964578241,Gyroscope,-0.289025,0.106425,0.09295
1778964578254,Accelerometer,-1.2430501,-9.81795,0.26805001
1778964578254,Accelerometer,-0.86895007,-9.97395,0.42105
1778964578280,Accelerometer,-0.58395004,-9.901951,0.49995002
1778964578281,Accelerometer,-0.52500004,-9.78195,0.46005002
1778964578300,Accelerometer,-0.75405,-9.74895,0.35700002
1778964578300,Accelerometer,-1.0849501,-9.75405,0.20400001
1778964578318,Accelerometer,-1.2049501,-9.757951,0.057000004
1778964578318,Accelerometer,-1.1329501,-9.78705,-0.03705
1778964578319,Gyroscope,-0.3337125,-0.2195875,-0.1104125
1778964578334,Accelerometer,-1.008,-9.688951,-0.058950003
1778964578334,Accelerometer,-0.89100003,-9.45405,0.052950002
1778964578360,Accelerometer,-0.49800003,-8.953951,-0.040050004
1778964578361,Accelerometer,-0.64695,-9.346951,0.108
1778964578380,Accelerometer,-0.35700002,-9.42105,0.25905
1778964578380,Accelerometer,0.135,-9.234,0.081
1778964578397,Accelerometer,0.08205,-9.448951,-0.279
1778964578398,Accelerometer,-0.14205001,-9.868051,-0.49905002
1778964578398,Gyroscope,-0.46365,-0.19085,-0.2393875
1778964578415,Accelerometer,-0.252,-10.29195,-0.33195
1778964578415,Accelerometer,-0.024,-10.374001,-0.030000001
1778964578427,Accelerometer,0.20895001,-10.213051,0.097950004
1778964578439,Accelerometer,0.18495001,-9.91905,0.060000002
1778964578460,Accelerometer,-0.00705,-9.555,-0.31695002
1778964578460,Accelerometer,-0.37905002,-9.46605,-0.73605
1778964578476,Accelerometer,-0.984,-9.72,-1.0570501
1778964578476,Accelerometer,-1.3909501,-9.946951,-1.2750001
1778964578476,Gyroscope,-0.3135,-0.3048375,-0.3075875
1778964578499,Accelerometer,-1.4269501,-9.861,-1.52205
1778964578499,Accelerometer,-1.7119501,-10.017,-1.644
1778964578520,Accelerometer,-2.019,-10.43805,-1.524
1778964578520,Accelerometer,-1.2049501,-9.627001,-0.83895004
1778964578540,Accelerometer,0.351,-8.18805,-0.72705
1778964578540,Accelerometer,0.69495004,-8.24505,-1.2889501
1778964578555,Accelerometer,0.86505,-8.65005,-1.27995
1778964578555,Accelerometer,0.777,-9.19995,-0.84405005
1778964578555,Gyroscope,-0.2517625,-0.6446,-0.619575
1778964578576,Accelerometer,0.40995002,-9.98295,-0.51105005
1778964578577,Accelerometer,0.31695002,-10.55595,-0.41295
1778964578600,Accelerometer,0.29805002,-10.75395,-0.45900002
1778964578600,Accelerometer,0.33105,-10.6369505,-0.42495003
1778964578619,Accelerometer,0.40995002,-10.26105,-0.51600003
1778964578620,Accelerometer,0.52095,-9.780001,-0.82695
1778964578634,Accelerometer,0.64500004,-9.46905,-0.91605
1778964578634,Accelerometer,0.38205,-9.559951,-0.81795
1778964578634,Gyroscope,-0.2123,-0.56265,-0.71335
1778964578655,Accelerometer,0.19005,-9.77505,-1.04295
1778964578655,Accelerometer,0.37005,-9.813001,-1.34895
1778964578680,Accelerometer,0.87000006,-9.792001,-1.4670001
1778964578680,Accelerometer,1.47105,-9.79695,-1.4449501
1778964578700,Accelerometer,1.8709501,-9.67695,-1.34895
1778964578701,Accelerometer,1.8520501,-9.44505,-1.1149501
1778964578718,Accelerometer,1.32,-9.4140005,-1.16505
1778964578718,Accelerometer,1.05495,-9.306001,-1.4140501
1778964578718,Gyroscope,-0.106837496,-0.4763,-0.5823125
1778964578735,Accelerometer,1.0639501,-9.399,-1.416
1778964578735,Accelerometer,1.2940501,-9.658051,-1.00695
1778964578761,Accelerometer,1.50195,-10.026,-0.54195005
1778964578761,Accelerometer,1.677,-10.339951,-0.33900002
1778964578785,Accelerometer,1.6870501,-10.357051,-0.588
1778964578785,Accelerometer,1.5499501,-10.005,-1.4980501
1778964578797,Accelerometer,1.55505,-9.562051,-2.1990001
1778964578798,Accelerometer,1.6320001,-9.27,-2.29305
1778964578798,Gyroscope,0.0017875,-0.2728,-0.37785
1778964578815,Accelerometer,1.5649501,-9.222,-1.9099501
1778964578815,Accelerometer,1.5090001,-9.28695,-1.3800001
1778964578826,Accelerometer,1.8709501,-9.354,-1.1359501
1778964578840,Accelerometer,2.331,-9.46905,-1.02405
1778964578860,Accelerometer,2.709,-9.59805,-0.95205003
1778964578860,Accelerometer,2.94105,-9.84195,-0.98100007
1778964578875,Accelerometer,2.9149501,-9.885,-0.708
1778964578875,Accelerometer,2.42595,-9.780001,-0.78900003
1778964578875,Gyroscope,0.0902,-0.062975,-0.24365
1778964578898,Accelerometer,1.9090501,-9.691051,-0.97800004
1778964578898,Accelerometer,1.5600001,-9.721951,-0.92595005
1778964578921,Accelerometer,1.521,-9.7560005,-0.86295
1778964578921,Accelerometer,1.6890001,-9.706051,-1.005
1778964578939,Accelerometer,1.8520501,-9.523951,-1.0999501
1778964578940,Accelerometer,1.9620001,-9.33495,-1.2270001
1778964578956,Accelerometer,2.0670002,-9.351001,-1.263
1778964578956,Accelerometer,2.12205,-9.65505,-0.96405005
1778964578956,Gyroscope,-0.002475,0.0094875,-0.098725
1778964578974,Accelerometer,2.1079502,-9.9210005,-0.68895006
1778964578974,Accelerometer,2.04795,-9.876,-0.79605
1778964579000,Accelerometer,1.9930501,-9.672001,-1.1530501
1778964579000,Accelerometer,1.8060001,-9.49695,-1.4140501
1778964579021,Accelerometer,1.6170001,-9.397051,-1.4430001
1778964579021,Accelerometer,1.5880501,-9.387,-1.1530501
1778964579038,Accelerometer,1.7389501,-9.576,-0.897
1778964579038,Accelerometer,1.9879501,-9.8539505,-0.813
1778964579038,Gyroscope,0.049775,0.1329625,0.0312125
1778964579055,Accelerometer,2.2999501,-9.80595,-0.91395
1778964579055,Accelerometer,2.3790002,-9.53295,-1.1770501
1778964579080,Accelerometer,2.09805,-9.37005,-1.28205
1778964579081,Accelerometer,1.6990501,-9.3820505,-1.1149501
1778964579105,Accelerometer,1.4640001,-9.576,-0.882
1778964579105,Accelerometer,1.66305,-9.76305,-0.768
1778964579116,Accelerometer,2.079,-9.739051,-0.777
1778964579116,Accelerometer,2.32305,-9.579,-1.0000501
1778964579116,Gyroscope,0.0881375,0.1095875,0.051425
1778964579135,Accelerometer,2.2350001,-9.59805,-1.0720501
1778964579135,Accelerometer,1.8760501,-9.71805,-0.94200003
1778964579160,Accelerometer,1.5289501,-9.736951,-0.882
1778964579160,Accelerometer,1.3990501,-9.672001,-0.89400005
1778964579181,Accelerometer,1.44,-9.624001,-0.897
1778964579181,Accelerometer,1.62405,-9.571951,-0.86295
1778964579195,Accelerometer,1.7700001,-9.6,-0.813
1778964579195,Accelerometer,1.8060001,-9.627001,-0.79095006
1778964579196,Gyroscope,0.064625,0.1287,0.0642125
1778964579215,Accelerometer,1.746,-9.603001,-0.99495006
1778964579215,Accelerometer,1.8019501,-9.4470005,-1.005
1778964579234,Accelerometer,1.96395,-9.35595,-0.97305006
1778964579241,Accelerometer,1.8970501,-9.523951,-0.67395
1778964579260,Accelerometer,1.4280001,-9.81105,-0.51105005
1778964579260,Accelerometer,1.3249501,-9.84195,-0.75600004
1778964579278,Accelerometer,1.6480501,-9.682051,-0.91800004
1778964579278,Accelerometer,1.95,-9.574051,-0.85800004
1778964579278,Gyroscope,0.032725,0.1425875,0.1153625
1778964579298,Accelerometer,1.96905,-9.624001,-0.72705
1778964579299,Accelerometer,1.7560501,-9.696,-0.669
1778964579320,Accelerometer,1.70595,-9.556951,-0.813
1778964579320,Accelerometer,1.74405,-9.48795,-0.99705005
1778964579347,Accelerometer,1.7299501,-9.550051,-0.92100006
1778964579347,Accelerometer,1.6339501,-9.62895,-0.67395
1778964579362,Accelerometer,1.46595,-9.73005,-0.58995
1778964579362,Accelerometer,1.4950501,-9.74205,-0.66
1778964579362,Gyroscope,0.0444125,0.1192125,0.0792
1778964579380,Accelerometer,1.4970001,-9.65295,-0.78705
1778964579380,Accelerometer,1.39005,-9.562051,-0.97095007
1778964579400,Accelerometer,1.2360001,-9.5449505,-0.94905007
1778964579400,Accelerometer,1.14795,-9.571951,-0.906
1778964579420,Accelerometer,1.22895,-9.559951,-0.873
1778964579421,Accelerometer,1.5259501,-9.580951,-0.89205
1778964579427,Accelerometer,1.9020001,-9.5449505,-0.89205
1778964579446,Accelerometer,2.1010501,-9.53295,-0.82500005
1778964579446,Gyroscope,0.039049998,-0.08745,0.053625
1778964579464,Accelerometer,2.01195,-9.571951,-0.65295005
1778964579464,Accelerometer,1.6840501,-9.675,-0.504
1778964579480,Accelerometer,1.46895,-9.696,-0.48000002
1778964579481,Accelerometer,1.44,-9.579,-0.64995
1778964579500,Accelerometer,1.5289501,-9.44505,-0.84900004
1778964579500,Accelerometer,1.65795,-9.435,-0.88695
1778964579516,Accelerometer,1.65495,-9.592951,-0.67200005
1778964579517,Accelerometer,1.5450001,-9.76095,-0.42795002
1778964579517,Gyroscope,-0.017324999,0.037125,0.0334125
1778964579535,Accelerometer,1.5169501,-9.744,-0.507
1778964579535,Accelerometer,1.6000501,-9.538051,-0.73200005
1778964579561,Accelerometer,1.6530001,-9.402,-0.85800004
1778964579561,Accelerometer,1.55505,-9.45705,-0.80295
1778964579580,Accelerometer,1.4809501,-9.624001,-0.684
1778964579581,Accelerometer,1.4899501,-9.732,-0.59805006
1778964579595,Accelerometer,1.5619501,-9.76095,-0.657
1778964579595,Accelerometer,1.61205,-9.70995,-0.81795
1778964579596,Gyroscope,-0.001375,-0.029975,0.017324999
1778964579615,Accelerometer,1.6819501,-9.60795,-0.87795
1778964579615,Accelerometer,1.62705,-9.588,-0.85605
1778964579627,Accelerometer,1.57395,-9.65295,-0.78405005
1778964579643,Accelerometer,1.6200001,-9.663,-0.66
1778964579660,Accelerometer,1.67505,-9.66495,-0.64095
1778964579660,Accelerometer,1.72695,-9.700951,-0.74100006
1778964579675,Accelerometer,1.78005,-9.684,-0.84405005
1778964579675,Accelerometer,1.7080501,-9.60795,-0.85395
1778964579675,Gyroscope,-0.001375,-0.0746625,0.0226875
1778964579695,Accelerometer,1.5450001,-9.47805,-0.79605
1778964579696,Accelerometer,1.31595,-9.48795,-0.85605
1778964579720,Accelerometer,1.24605,-9.61005,-0.882
1778964579721,Accelerometer,1.3750501,-9.688951,-0.75795
1778964579744,Accelerometer,1.6699501,-9.67695,-0.73395
1778964579745,Accelerometer,1.866,-9.639001,-0.75795
1778964579757,Accelerometer,1.8210001,-9.64095,-0.657
1778964579757,Accelerometer,1.6030501,-9.703051,-0.55395
1778964579757,Gyroscope,0.00495,-0.0193875,0.019524999
1778964579777,Accelerometer,1.4470501,-9.75405,-0.67200005
1778964579778,Accelerometer,1.3750501,-9.733951,-0.777
1778964579801,Accelerometer,1.26795,-9.639001,-0.78900003
1778964579801,Accelerometer,1.24605,-9.505051,-0.98295003
1778964579826,Accelerometer,1.368,-9.49005,-1.23705
1778964579826,Accelerometer,1.58595,-9.64095,-1.026
1778964579827,Accelerometer,1.7539501,-9.868051,-0.59295005
1778964579841,Accelerometer,1.74405,-9.801001,-0.23595001
1778964579841,Gyroscope,0.00495,-0.056649998,0.0397375
1778964579858,Accelerometer,1.6650001,-9.526051,-0.43500003
1778964579858,Accelerometer,1.6200001,-9.438001,-0.98295003
1778964579880,Accelerometer,1.5600001,-9.543,-1.02405
1778964579880,Accelerometer,1.5259501,-9.556951,-0.74100006
1778964579907,Accelerometer,1.3750501,-9.66705,-0.67200005
1778964579907,Accelerometer,1.28205,-9.721951,-0.657
1778964579923,Accelerometer,1.2360001,-9.828,-0.70995003
1778964579923,Accelerometer,1.248,-9.892051,-0.66495
1778964579923,Gyroscope,-0.002475,-0.0598125,0.0397375
1778964579939,Accelerometer,1.3060501,-9.804001,-0.45600003
1778964579939,Accelerometer,1.4140501,-9.663,-0.46800002
1778964579960,Accelerometer,1.6200001,-9.47295,-0.66195005
1778964579960,Accelerometer,1.713,-9.47295,-0.70305
1778964579980,Accelerometer,1.57605,-9.76095,-0.62595004
1778964579981,Accelerometer,1.4500501,-9.96195,-0.49695003
1778964580005,Accelerometer,1.5289501,-9.81795,-0.564
1778964580005,Accelerometer,1.6290001,-9.828,-0.85095006
1778964580005,Gyroscope,-0.0460625,0.0254375,0.0983125
1778964580027,Accelerometer,1.8690001,-9.849001,-1.0020001
1778964580027,Accelerometer,2.0070002,-9.816001,-0.83505005
1778964580034,Accelerometer,1.93095,-9.739051,-0.57105005
1778964580039,Accelerometer,1.81305,-9.604951,-0.48705003
1778964580060,Accelerometer,1.6530001,-9.49695,-0.63795
1778964580060,Accelerometer,1.40205,-9.529051,-0.83205
1778964580075,Accelerometer,1.2750001,-9.71805,-1.014
1778964580075,Accelerometer,1.3369501,-10.021951,-1.1890501
1778964580075,Gyroscope,-0.12925,0.156475,0.2921875
1778964580095,Accelerometer,1.488,-10.065001,-1.182
1778964580095,Accelerometer,1.6150501,-9.883051,-1.1770501
1778964580120,Accelerometer,1.605,-9.64305,-1.1029501
1778964580120,Accelerometer,1.50495,-9.46905,-0.86805004
1778964580140,Accelerometer,1.3230001,-9.361051,-0.72
1778964580140,Accelerometer,1.12905,-9.35595,-0.78405005
1778964580155,Accelerometer,1.0350001,-9.47295,-0.75795
1778964580155,Accelerometer,0.91095006,-9.636001,-0.77895004
1778964580155,Gyroscope,-0.118525,0.3705625,0.291225
1778964580175,Accelerometer,0.91605,-9.745951,-1.098
1778964580175,Accelerometer,1.04505,-9.76095,-1.2540001
1778964580200,Accelerometer,1.1190001,-9.79695,-1.19805
1778964580201,Accelerometer,0.91305006,-9.871051,-1.0999501
1778964580221,Accelerometer,0.77400005,-9.8230505,-1.0189501
1778964580221,Accelerometer,0.42705002,-9.627001,-0.79605
1778964580237,Accelerometer,0.32205,-9.351001,-0.87495005
1778964580237,Accelerometer,0.44595003,-9.222,-1.179
1778964580237,Gyroscope,-0.070675,0.48345,0.1676125
1778964580255,Accelerometer,0.68805003,-9.327001,-1.09095
1778964580255,Accelerometer,0.70695,-9.526051,-1.1700001
1778964580280,Accelerometer,0.84105,-9.703051,-1.677
1778964580280,Accelerometer,0.98505,-9.825001,-1.692
1778964580304,Accelerometer,0.82695,-9.877951,-1.215
1778964580304,Accelerometer,0.75495005,-9.97095,-0.88500005
1778964580320,Accelerometer,0.65895003,-10.144051,-0.897
1778964580320,Accelerometer,0.53505003,-10.266001,-1.2250501
1778964580320,Gyroscope,-0.02475,0.3108875,0.02915
1778964580339,Accelerometer,0.16605,-10.278001,-1.5769501
1778964580340,Accelerometer,-0.37395,-10.287001,-1.644
1778964580360,Accelerometer,-0.83100003,-10.07205,-1.4310001
1778964580361,Accelerometer,-0.69000006,-9.47805,-0.80595005
1778964580384,Accelerometer,0.039,-8.87205,-0.186
1778964580384,Accelerometer,1.572,-8.57295,-0.17595
1778964580401,Accelerometer,3.4369502,-8.776951,-0.034950003
1778964580401,Accelerometer,4.2010503,-9.378,-0.19800001
1778964580402,Gyroscope,-0.0886875,0.1362625,0.0727375
1778964580419,Accelerometer,3.21195,-10.01895,-0.85800004
1778964580419,Accelerometer,1.3729501,-10.410001,-1.4760001
1778964580429,Accelerometer,-0.28500003,-10.46895,-1.62495
1778964580447,Accelerometer,-1.09395,-10.101001,-1.6800001
1778964580465,Accelerometer,-1.2720001,-9.258,-1.47105
1778964580466,Accelerometer,-0.99600005,-8.587951,-0.68595004
1778964580484,Accelerometer,0.35505003,-8.7289505,-0.28905
1778964580484,Accelerometer,1.4500501,-9.232051,-0.34905002
1778964580484,Gyroscope,-0.153725,0.2321,-0.030524999
1778964580502,Accelerometer,1.88505,-9.651,-0.89400005
1778964580502,Accelerometer,1.4449501,-9.876,-1.43805
1778964580521,Accelerometer,0.52995,-9.924001,-1.5960001
1778964580521,Accelerometer,-0.13905,-9.696,-1.62195
1778964580540,Accelerometer,-0.20595,-9.229051,-1.2250501
1778964580540,Accelerometer,0.39105,-8.83395,-0.93495005
1778964580556,Accelerometer,1.55295,-8.743051,-0.77505004
1778964580556,Accelerometer,2.43405,-9.033,-0.23805001
1778964580556,Gyroscope,-0.1302125,-0.2047375,-0.215875
1778964580575,Accelerometer,2.295,-9.46395,-0.21195
1778964580576,Accelerometer,1.6870501,-9.8539505,-0.98805004
1778964580601,Accelerometer,0.648,-10.2640505,-1.23195
1778964580601,Accelerometer,-0.39105,-10.335,-1.2610501
1778964580620,Accelerometer,-0.46995002,-9.93795,-1.5480001
1778964580620,Accelerometer,0.123,-9.415951,-1.43805
1778964580629,Accelerometer,0.81795,-9.019051,-1.31295
1778964580636,Accelerometer,1.3950001,-8.844001,-1.12695
1778964580636,Gyroscope,-0.1782,-0.3389375,-0.2915
1778964580655,Accelerometer,1.6390501,-9.03495,-0.933
1778964580655,Accelerometer,1.7230501,-9.47805,-1.182
1778964580680,Accelerometer,1.77795,-9.89505,-1.43505
1778964580680,Accelerometer,1.70595,-10.20405,-1.371
1778964580700,Accelerometer,1.62405,-10.219951,-1.66305
1778964580700,Accelerometer,1.5289501,-10.174951,-1.845
1778964580715,Accelerometer,1.50195,-10.12005,-1.8430501
1778964580715,Accelerometer,1.5499501,-10.09395,-1.83105
1778964580715,Gyroscope,-0.1216875,-0.0438625,-0.2030875
1778964580734,Accelerometer,1.6840501,-9.95505,-1.9770001
1778964580734,Accelerometer,1.81305,-9.8539505,-2.01705
1778964580760,Accelerometer,2.05305,-9.70995,-2.21805
1778964580760,Accelerometer,2.25195,-9.58395,-2.23305
1778964580779,Accelerometer,2.163,-9.562051,-1.93305
1778964580780,Accelerometer,1.8210001,-9.732,-1.5340501
1778964580796,Accelerometer,1.7700001,-9.901951,-1.416
1778964580796,Accelerometer,2.2729502,-9.93105,-1.43505
1778964580796,Gyroscope,0.0253,0.0339625,-0.1573
1778964580816,Accelerometer,2.805,-9.901951,-1.3590001
1778964580816,Accelerometer,3.0970502,-9.757951,-1.3800001
1778964580826,Accelerometer,3.17805,-9.556951,-1.43295
1778964580841,Accelerometer,2.8840501,-9.460951,-1.2420001
1778964580862,Accelerometer,2.5560002,-9.411,-1.2919501
1778964580862,Accelerometer,2.39805,-9.33495,-1.31295
1778964580878,Accelerometer,2.2680001,-9.346951,-1.2270001
1778964580878,Accelerometer,2.32095,-9.378,-1.266
1778964580878,Gyroscope,0.10725,0.0669625,0.2176625
1778964580898,Accelerometer,2.4430501,-9.33195,-1.31805
1778964580898,Accelerometer,2.4190502,-9.373051,-1.2270001
1778964580920,Accelerometer,2.18505,-9.459001,-1.215
1778964580920,Accelerometer,1.746,-9.550051,-1.3470001
1778964580944,Accelerometer,1.1910001,-9.682051,-1.55505
1778964580944,Accelerometer,0.66405004,-9.865951,-1.69605
1778964580962,Accelerometer,0.33900002,-10.053,-1.74705
1778964580962,Accelerometer,0.37695003,-10.005,-1.8090001
1778964580962,Gyroscope,0.18933749,0.241725,0.1111
1778964580980,Accelerometer,0.59205,-9.859051,-1.6890001
1778964580980,Accelerometer,0.79095006,-9.682051,-1.5649501
1778964581001,Accelerometer,0.86505,-9.64095,-1.6890001
1778964581001,Accelerometer,0.67605,-9.79395,-1.6560001
1778964581020,Accelerometer,0.31695002,-9.93795,-1.6489501
1778964581021,Accelerometer,0.15705001,-10.098001,-1.9219501
1778964581030,Accelerometer,0.19995001,-10.149,-2.0629501
1778964581046,Accelerometer,0.42705002,-10.12695,-2.226
1778964581046,Gyroscope,0.351175,0.288475,-0.44701248
1778964581065,Accelerometer,0.77895004,-10.11705,-2.25
1778964581065,Accelerometer,1.19805,-10.25205,-2.11095
1778964581080,Accelerometer,1.713,-10.564951,-1.8229501
1778964581080,Accelerometer,1.8690001,-10.91205,-1.4140501
1778964581100,Accelerometer,1.4779501,-11.06595,-1.0570501
1778964581100,Accelerometer,0.89205,-11.298,-0.61395
1778964581115,Accelerometer,0.11100001,-12.054001,-0.33405003
1778964581116,Accelerometer,-0.53895,-12.933001,-0.27705002
1778964581116,Gyroscope,0.320375,0.41745,-0.69107497
1778964581135,Accelerometer,-0.81405,-13.741951,-0.372
1778964581135,Accelerometer,-0.537,-14.118001,-0.648
1778964581160,Accelerometer,-0.052950002,-13.90305,-0.897
1778964581160,Accelerometer,0.10395,-13.46895,-1.08405
1778964581180,Accelerometer,-0.43395,-13.194,-1.02405
1778964581180,Accelerometer,-1.2019501,-12.979051,-0.86595005
1778964581195,Accelerometer,-1.34595,-12.612,-1.06005
1778964581195,Accelerometer,-0.66105,-12.02595,-1.19805
1778964581195,Gyroscope,0.2393875,0.4120875,-1.25455
1778964581215,Accelerometer,0.363,-11.281051,-1.19805
1778964581215,Accelerometer,1.84695,-10.41705,-1.3249501
1778964581227,Accelerometer,3.2929502,-9.427951,-1.9549501
1778964581240,Accelerometer,4.19805,-8.18505,-2.7259502
1778964581260,Accelerometer,4.24095,-6.70305,-3.255
1778964581260,Accelerometer,4.03095,-5.1330004,-3.66195
1778964581283,Accelerometer,3.2359502,-3.8710501,-3.6840003
1778964581284,Accelerometer,1.5330001,-3.0280502,-2.4750001
1778964581284,Gyroscope,-0.14093749,0.3471875,-0.435325
1778964581311,Accelerometer,-0.58395004,-2.83905,-1.74405
1778964581311,Accelerometer,-2.526,-3.2080503,-1.368
1778964581325,Accelerometer,-3.9600003,-4.0219502,-0.94500005
1778964581326,Accelerometer,-4.2790504,-4.9750504,-1.39995
1778964581347,Accelerometer,-4.30305,-5.8170004,-1.7869501
1778964581347,Accelerometer,-3.1320002,-6.35895,-1.7899501
1778964581356,Accelerometer,-2.12595,-6.603,-1.4809501
1778964581356,Accelerometer,-1.4389501,-6.5929503,-1.6200001
1778964581356,Gyroscope,-1.013375,0.6048625,1.7164125
1778964581375,Accelerometer,-0.72300005,-6.5809503,-2.0629501
1778964581375,Accelerometer,0.15405001,-6.8179502,-1.95
1778964581401,Accelerometer,1.2390001,-7.4100003,-1.28205
1778964581401,Accelerometer,2.49105,-8.18805,-0.06795
1778964581420,Accelerometer,3.58995,-8.887051,1.1920501
1778964581421,Accelerometer,3.86295,-9.196051,1.6879501
1778964581440,Accelerometer,3.348,-9.11205,1.5439501
1778964581441,Accelerometer,2.742,-8.805,1.1590501
1778964581441,Gyroscope,-0.7077125,0.745525,2.0541124
1778964581464,Accelerometer,2.295,-8.722051,0.89505005
1778964581464,Accelerometer,2.08905,-8.808001,1.08
1778964581480,Accelerometer,2.21805,-9.02295,1.63995
1778964581480,Accelerometer,2.7450001,-9.241051,2.4780002
1778964581504,Accelerometer,3.5659502,-9.43305,2.9950502
1778964581504,Accelerometer,4.6200004,-9.471001,2.94705
1778964581516,Accelerometer,5.17005,-9.378,2.538
1778964581516,Accelerometer,5.0719504,-9.262951,2.0350502
1778964581516,Gyroscope,-0.336875,0.75515,1.3905375
1778964581535,Accelerometer,4.6909504,-9.117001,1.8049501
1778964581535,Accelerometer,4.44495,-9.049951,1.7329501
1778964581561,Accelerometer,4.4040003,-9.05895,1.422
1778964581561,Accelerometer,4.03305,-9.234,1.5370501
1778964581581,Accelerometer,3.255,-9.394051,1.91295
1778964581581,Accelerometer,2.3470502,-9.3820505,2.124
1778964581595,Accelerometer,1.70595,-9.22395,1.8409501
1778964581595,Accelerometer,1.50195,-9.042001,1.09695
1778964581596,Gyroscope,0.2393875,0.231,0.4701125
1778964581619,Accelerometer,1.8330001,-8.80305,0.23205002
1778964581619,Accelerometer,2.50305,-8.57295,-0.54
1778964581635,Accelerometer,3.0660002,-8.703,-1.3399501
1778964581640,Accelerometer,2.9509501,-9.15495,-1.52205
1778964581660,Accelerometer,1.90005,-9.74205,-0.882
1778964581661,Accelerometer,0.78405005,-10.146001,-0.09705
1778964581682,Accelerometer,0.24495001,-10.24005,-0.15705001
1778964581682,Accelerometer,0.09195001,-10.144051,-0.98295003
1778964581682,Gyroscope,0.31185,0.4387625,0.373175
1778964581709,Accelerometer,0.54195005,-10.10295,-1.881
1778964581710,Accelerometer,0.99000007,-10.213051,-2.0410502
1778964581723,Accelerometer,1.011,-10.434001,-1.84695
1778964581723,Accelerometer,0.813,-10.483951,-1.6099501
1778964581746,Accelerometer,0.80295,-10.201051,-1.455
1778964581746,Accelerometer,1.04295,-9.564,-1.58595
1778964581756,Accelerometer,1.8019501,-8.6310005,-2.661
1778964581756,Accelerometer,3.4150503,-8.082001,-5.28795
1778964581756,Gyroscope,-0.3529625,0.014712499,-0.737825
1778964581775,Accelerometer,4.428,-8.99505,-6.02295
1778964581775,Accelerometer,4.2120004,-9.63105,-6.1759505
1778964581801,Accelerometer,2.90295,-10.92195,-5.83395
1778964581801,Accelerometer,0.42705002,-12.84405,-3.9610503
1778964581820,Accelerometer,-3.726,-15.559051,-0.73395
1778964581821,Accelerometer,-7.9080005,-17.523,-0.34395
1778964581835,Accelerometer,-8.61705,-16.644001,1.2430501
1778964581835,Accelerometer,-6.6709504,-16.282951,1.554
1778964581835,Gyroscope,-0.205975,1.3814625,-0.71555
1778964581862,Accelerometer,-6.7849503,-17.19705,0.38505003
1778964581862,Accelerometer,-8.083051,-18.64995,-0.85395
1778964581880,Accelerometer,-8.02095,-17.211,0.702
1778964581880,Accelerometer,-6.2520003,-13.161,-0.26505002
1778964581900,Accelerometer,-3.5719502,-10.699051,-3.4830003
1778964581901,Accelerometer,1.15995,-9.567,-6.5329504
1778964581923,Accelerometer,6.6469502,-8.137051,-8.743051
1778964581924,Accelerometer,8.580001,-6.2130003,-6.0280504
1778964581924,Gyroscope,-0.657525,-0.028875,-1.0297375
1778964581936,Accelerometer,15.018001,-2.74095,1.7410501
1778964581936,Accelerometer,15.10095,-1.4170501,3.4360502
1778964581961,Accelerometer,11.548051,-1.9800001,1.94895
1778964581961,Accelerometer,6.42495,-5.1280503,-1.3420501
1778964581981,Accelerometer,0.41805002,-10.804951,-6.6120005
1778964581981,Accelerometer,-10.566001,-24.13095,-15.777
1778964581995,Accelerometer,-9.73995,-23.278051,6.13605
1778964581995,Accelerometer,0.20505,-13.338,9.68505
1778964581996,Gyroscope,0.470525,1.0747,-0.0572
1778964582018,Accelerometer,3.7429502,-8.77005,-3.9949503
1778964582018,Accelerometer,3.6550503,-6.70305,-7.9600506
1778964582034,Accelerometer,2.43105,-6.0880504,-7.15005
1778964582040,Accelerometer,0.74100006,-6.5290504,-3.6210003
1778964582060,Accelerometer,-0.031050002,-7.63005,0.025950002
1778964582060,Accelerometer,0.44895002,-8.940001,0.642
1778964582078,Accelerometer,1.3270501,-10.089001,-1.8349501
1778964582078,Accelerometer,2.13,-10.642051,-3.3390002
1778964582078,Gyroscope,0.10835,-0.53061247,-0.528
1778964582105,Accelerometer,2.8140001,-10.386001,-2.7210002
1778964582106,Accelerometer,3.288,-9.94305,-1.58895
1778964582121,Accelerometer,3.2620502,-10.062,-0.97605
1778964582121,Accelerometer,2.86695,-10.1650505,-0.84405005
1778964582146,Accelerometer,2.19705,-10.06995,-0.98295003
1778964582146,Accelerometer,1.9210501,-9.229051,-1.8019501
1778964582156,Accelerometer,2.7280502,-7.9219503,-3.2599502
1778964582156,Accelerometer,3.8410501,-7.6249504,-3.5089502
1778964582156,Gyroscope,-0.016224999,0.2756875,-0.6857125
1778964582175,Accelerometer,3.8029501,-8.53005,-1.8040501
1778964582175,Accelerometer,2.2780502,-9.847051,-0.20205002
1778964582201,Accelerometer,1.095,-10.795051,-0.93495005
1778964582201,Accelerometer,0.97800004,-10.93605,-2.74005
1778964582221,Accelerometer,1.0380001,-10.58895,-3.86805
1778964582221,Accelerometer,0.61905,-10.042951,-3.4630501
1778964582233,Accelerometer,0.51105005,-9.09,-3.8200502
1778964582235,Accelerometer,0.80595005,-8.470051,-3.6760502
1778964582235,Gyroscope,0.0188375,0.5740625,-1.5602125
1778964582259,Accelerometer,2.28495,-7.97205,-3.3130503
1778964582260,Accelerometer,4.8570004,-7.6920004,-1.69605
1778964582280,Accelerometer,6.6900005,-7.8690004,-0.76305
1778964582280,Accelerometer,6.02505,-9.28695,-0.684
1778964582300,Accelerometer,2.94105,-11.085001,-0.90195006
1778964582300,Accelerometer,0.80595005,-12.094951,-2.7880502
1778964582322,Accelerometer,-0.01905,-13.39305,-4.48995
1778964582322,Accelerometer,0.303,-13.896001,-3.9060001
1778964582322,Gyroscope,0.1189375,0.24915,-1.5431625
1778964582349,Accelerometer,1.6870501,-13.471951,-4.22205
1778964582350,Accelerometer,3.2980502,-12.907051,-4.0810504
1778964582365,Accelerometer,4.6579504,-12.61005,-3.5449502
1778964582365,Accelerometer,5.1220503,-13.684951,-3.2980502
1778964582386,Accelerometer,3.83205,-15.703051,-1.6699501
1778964582387,Accelerometer,1.5310501,-17.949001,-1.7520001
1778964582396,Accelerometer,-0.003,-19.480951,-1.3110001
1778964582396,Accelerometer,-0.9799501,-18.765001,-0.03195
1778964582396,Gyroscope,0.334125,1.6457375,-2.3485
1778964582415,Accelerometer,-0.53205,-16.660952,-1.52205
1778964582415,Accelerometer,0.051000003,-14.434051,-1.1190001
1778964582433,Accelerometer,0.52500004,-12.097051,0.78795004
1778964582440,Accelerometer,1.6699501,-9.33495,0.59400004
1778964582460,Accelerometer,2.9869502,-6.4159503,1.1179501
1778964582460,Accelerometer,3.9250503,-3.8610003,0.117000006
1778964582477,Accelerometer,4.48995,-1.1010001,-1.58595
1778964582477,Accelerometer,4.08795,3.1189501,-3.3820503
1778964582477,Gyroscope,1.2161875,-0.46035,-1.7125624
1778964582503,Accelerometer,0.92505,8.74995,-1.69395
1778964582503,Accelerometer,-8.18805,13.054951,0.52905005
1778964582520,Accelerometer,-18.74205,13.053,1.1730001
1778964582521,Accelerometer,-21.78495,8.161051,0.73005
1778964582543,Accelerometer,-20.265001,1.52205,-2.97705
1778964582543,Accelerometer,-22.285952,-6.7969503,-9.363001
1778964582556,Accelerometer,-14.956951,-9.27705,-6.2310004
1778964582556,Accelerometer,-4.518,-10.28295,-4.881
1778964582556,Gyroscope,-0.31239998,-2.08065,5.5408373
1778964582576,Accelerometer,5.90805,-12.98595,-6.9469504
1778964582576,Accelerometer,17.09295,-14.329051,-5.9340005
1778964582601,Accelerometer,24.48405,-13.323001,8.51595
1778964582601,Accelerometer,15.589951,-12.535951,4.6740003
1778964582621,Accelerometer,8.476951,-9.885,-0.67905
1778964582621,Accelerometer,5.163,-8.26395,-0.72900003
1778964582633,Accelerometer,4.2439504,-7.9840503,-1.1530501
1778964582635,Accelerometer,3.8800502,-8.52495,-2.664
1778964582635,Gyroscope,-0.003575,0.898975,4.268825
1778964582659,Accelerometer,3.6790502,-9.627001,-3.1330502
1778964582659,Accelerometer,3.7140002,-11.23095,-2.14695
1778964582680,Accelerometer,5.15595,-12.84195,0.16305001
1778964582680,Accelerometer,7.3900504,-13.95495,2.02305
1778964582700,Accelerometer,9.027,-13.6369505,1.79595
1778964582700,Accelerometer,9.4129505,-12.319951,0.72300005
1778964582721,Accelerometer,9.85995,-11.499001,0.79305005
1778964582721,Accelerometer,9.010051,-11.88,1.4959501
1778964582721,Gyroscope,-0.539275,0.4291375,3.3719125
1778964582747,Accelerometer,7.1620502,-12.65505,1.968
1778964582748,Accelerometer,6.16095,-13.28505,2.16
1778964582765,Accelerometer,6.14895,-13.716001,2.20005
1778964582765,Accelerometer,6.60405,-13.864051,2.22405
1778964582787,Accelerometer,7.7800503,-13.362,1.1880001
1778964582787,Accelerometer,9.451051,-12.559951,-0.36795002
1778964582796,Accelerometer,10.82505,-11.81295,-1.8780001
1778964582796,Accelerometer,12.178051,-11.058001,-2.352
1778964582796,Gyroscope,0.22659999,0.592075,1.1594
1778964582815,Accelerometer,12.0060005,-10.587001,-1.7160001
1778964582816,Accelerometer,9.613951,-10.42905,-0.88500005
1778964582832,Accelerometer,7.8540006,-9.946951,-0.50205004
1778964582841,Accelerometer,6.64305,-9.50205,-0.74595004
1778964582861,Accelerometer,5.6179504,-9.045,-1.34895
1778964582861,Accelerometer,4.866,-8.604,-1.8280501
1778964582876,Accelerometer,3.7600503,-8.272051,-2.14905
1778964582877,Accelerometer,3.6810002,-8.03895,-4.9500003
1778964582877,Gyroscope,0.039049998,-0.2355375,-1.3748626
1778964582903,Accelerometer,4.40205,-8.142,-8.34795
1778964582903,Accelerometer,4.0350003,-9.832951,-12.250051
1778964582921,Accelerometer,2.6830502,-13.849951,-14.436001
1778964582921,Accelerometer,-3.489,-20.671051,-14.41695
1778964582943,Accelerometer,-10.06995,-23.79795,-7.155
1778964582943,Accelerometer,-14.842051,-21.556952,5.703
1778964582966,Accelerometer,-16.063051,-18.54,16.254002
1778964582966,Accelerometer,-9.010051,-16.819052,13.747951
1778964582966,Gyroscope,-0.5020125,4.761625,-2.3612876
1778964582975,Accelerometer,-7.9590006,-14.764951,6.63
1778964582976,Accelerometer,-3.7710001,-11.058001,1.4989501
1778964583000,Accelerometer,-0.53205,-7.7380505,-1.5820501
1778964583001,Accelerometer,1.9950001,-6.91905,-6.741
1778964583021,Accelerometer,3.6330001,-7.1179504,-9.34095
1778964583021,Accelerometer,4.5739503,-8.68305,-9.126
1778964583032,Accelerometer,2.7949502,-13.354051,-9.16905
1778964583036,Accelerometer,0.75000006,-16.431002,-6.2959504
1778964583036,Gyroscope,-1.146475,0.0308,-0.85085
1778964583058,Accelerometer,3.9180002,-15.658051,0.55095005
1778964583058,Accelerometer,11.172001,-13.033951,8.14995
1778964583080,Accelerometer,10.569,-10.62705,3.9550502
1778964583080,Accelerometer,8.577001,-8.260051,-2.14905
1778964583100,Accelerometer,5.958,-7.1130004,-4.1740503
1778964583100,Accelerometer,3.6190503,-5.985,-5.2180505
1778964583121,Accelerometer,1.61205,-5.1259503,-5.16795
1778964583122,Accelerometer,-0.453,-5.688,-4.704
1778964583122,Gyroscope,-0.0972125,0.88825,-0.73039997
1778964583150,Accelerometer,-3.3000002,-8.679001,-4.78695
1778964583150,Accelerometer,-6.93195,-13.660951,-3.79395
1778964583163,Accelerometer,-4.62795,-13.74495,1.42005
1778964583163,Accelerometer,0.51105005,-11.51805,1.4290501
1778964583186,Accelerometer,4.6410003,-9.81795,-2.1730502
1778964583186,Accelerometer,7.11705,-8.691,-4.2730503
1778964583195,Accelerometer,7.22205,-7.8840003,-3.348
1778964583196,Accelerometer,5.0220003,-8.15205,-1.5120001
1778964583196,Gyroscope,-0.09515,-0.46035,-1.060675
1778964583215,Accelerometer,2.55795,-8.925,-0.75105006
1778964583216,Accelerometer,0.74595004,-9.27495,-1.4239501
1778964583229,Accelerometer,-0.052950002,-9.081,-2.5150502
1778964583241,Accelerometer,-0.33105,-8.99205,-3.5640001
1778964583261,Accelerometer,-0.052950002,-9.02805,-2.60595
1778964583261,Accelerometer,0.37500003,-9.45405,-1.1340001
1778964583278,Accelerometer,1.24605,-10.00695,-1.2390001
1778964583278,Accelerometer,2.21295,-10.134001,-2.1060002
1778964583278,Gyroscope,0.0347875,-0.22275,-0.8210125
1778964583302,Accelerometer,3.13995,-9.883051,-3.0640502
1778964583302,Accelerometer,3.31695,-9.979051,-3.0559502
1778964583320,Accelerometer,2.83605,-10.12005,-2.50305
1778964583320,Accelerometer,2.5870502,-10.012051,-2.57505
1778964583340,Accelerometer,2.70195,-9.78495,-2.50605
1778964583340,Accelerometer,2.7810001,-9.933001,-2.1750002
1778964583364,Accelerometer,2.352,-10.149,-1.7560501
1778964583364,Accelerometer,1.9120501,-10.27095,-1.9290001
1778964583364,Gyroscope,0.168025,0.427075,-1.649725
1778964583376,Accelerometer,2.01,-10.371,-3.1980002
1778964583376,Accelerometer,2.53905,-10.527,-2.80695
1778964583401,Accelerometer,3.1930501,-10.357051,-2.46495
1778964583401,Accelerometer,3.5490003,-10.78995,-3.4009502
1778964583430,Accelerometer,3.0730503,-11.953951,-2.7259502
1778964583430,Accelerometer,2.18205,-13.1959505,-2.3689501
1778964583430,Accelerometer,1.485,-14.532001,-2.5900502
1778964583436,Accelerometer,1.21305,-15.504001,-3.1549501
1778964583436,Gyroscope,0.270325,0.983125,-2.1344125
1778964583458,Accelerometer,1.5619501,-17.122952,-4.701
1778964583458,Accelerometer,1.8690001,-19.038,-2.90295
1778964583481,Accelerometer,1.404,-19.102951,0.76395005
1778964583481,Accelerometer,1.03995,-16.570051,1.3240501
1778964583500,Accelerometer,1.47105,-12.733951,-0.109050006
1778964583500,Accelerometer,2.3449502,-9.61905,-2.0700002
1778964583520,Accelerometer,3.70005,-7.0000505,-3.423
1778964583520,Accelerometer,4.3560004,-4.84095,-1.7400001
1778964583520,Gyroscope,0.8562125,1.0289125,-2.4880624
1778964583546,Accelerometer,4.155,-3.1549501,-1.04805
1778964583546,Accelerometer,4.0620003,-0.69600004,-1.58595
1778964583562,Accelerometer,2.8909502,3.21705,-2.4430501
1778964583562,Accelerometer,-2.0640001,7.4809504,-1.8259501
1778964583584,Accelerometer,-10.647,11.092051,-1.5120001
1778964583584,Accelerometer,-19.67295,10.017,-0.6
1778964583596,Accelerometer,-19.389002,5.31195,-0.86595005
1778964583596,Accelerometer,-17.679,-0.076050006,-4.03095
1778964583596,Gyroscope,0.34485,-0.905575,3.113
1778964583615,Accelerometer,-19.065,-7.7419505,-8.4529505
1778964583615,Accelerometer,-10.906051,-8.887051,-4.8829503
1778964583627,Accelerometer,-3.0910501,-10.510051,-4.6410003
1778964583641,Accelerometer,5.93895,-13.5720005,-9.247951
1778964583661,Accelerometer,13.9470005,-13.14105,-10.61505
1778964583661,Accelerometer,17.886002,-11.949,-3.4630501
1778964583675,Accelerometer,16.594952,-12.315001,3.4020002
1778964583675,Accelerometer,12.121051,-11.764951,3.7540503
1778964583676,Gyroscope,0.4406875,-2.5685,3.6223
1778964583700,Accelerometer,9.361951,-9.77295,1.848
1778964583700,Accelerometer,7.8160505,-8.31705,-0.19500001
1778964583720,Accelerometer,6.5400004,-7.7830505,-2.7829502
1778964583721,Accelerometer,5.0740504,-7.9510503,-5.2330503
1778964583740,Accelerometer,3.7459502,-8.278951,-6.4150505
1778964583741,Accelerometer,3.1950002,-8.590051,-6.2839503
1778964583763,Accelerometer,4.1839504,-9.031051,-5.0940003
1778964583763,Accelerometer,7.32495,-10.168051,-3.2719502
1778964583764,Gyroscope,-0.809875,0.07975,4.3338623
1778964583788,Accelerometer,10.915951,-12.057,-0.507
1778964583788,Accelerometer,11.412001,-13.49295,0.38505003
1778964583806,Accelerometer,10.078051,-14.026951,-1.524
1778964583806,Accelerometer,9.312,-14.781001,-3.7050002
1778964583827,Accelerometer,8.448,-15.093,-3.9900002
1778964583827,Accelerometer,7.59105,-14.302951,-2.64
1778964583830,Accelerometer,7.56405,-12.877951,-0.98100007
1778964583835,Accelerometer,8.829,-11.331,-0.052050002
1778964583836,Gyroscope,-0.153725,-1.44045,1.5642
1778964583855,Accelerometer,11.179951,-10.185,-0.135
1778964583856,Accelerometer,13.686001,-9.69795,-0.483
1778964583881,Accelerometer,14.910001,-9.403951,-0.52995
1778964583881,Accelerometer,14.401951,-8.949,0.0019500001
1778964583901,Accelerometer,11.14095,-8.962951,0.77595
1778964583901,Accelerometer,8.184,-9.448951,0.62505
1778964583920,Accelerometer,9.307051,-9.387,-3.4680002
1778964583920,Accelerometer,10.48305,-11.793,-5.163
1778964583921,Gyroscope,-0.4263875,1.6787375,-1.180025
1778964583946,Accelerometer,9.40995,-15.772951,-4.1509504
1778964583946,Accelerometer,3.3310502,-18.385052,1.51995
1778964583961,Accelerometer,-4.69995,-19.357052,2.46405
1778964583961,Accelerometer,-7.5709505,-19.692001,-4.00395
1778964583981,Accelerometer,-6.3160505,-16.49805,-4.87095
1778964583982,Accelerometer,-13.777051,-18.04005,0.12705001
1778964583996,Accelerometer,-21.627,-15.33705,12.4810505
1778964583996,Accelerometer,-16.16595,-9.865951,5.394
1778964583996,Gyroscope,0.2052875,1.877975,-2.5158374
1778964584015,Accelerometer,-11.24295,-7.9080005,0.49800003
1778964584015,Accelerometer,-8.196,-8.571,-3.4609501
1778964584026,Accelerometer,-3.93195,-9.37005,-6.7309504
1778964584041,Accelerometer,2.4019501,-12.571951,-9.63105
1778964584060,Accelerometer,9.019951,-15.70995,-10.50195
1778964584060,Accelerometer,15.216001,-15.946951,-7.2390003
1778964584075,Accelerometer,19.291052,-14.689951,0.22305001
1778964584075,Accelerometer,15.834001,-14.53005,8.30595
1778964584075,Gyroscope,-0.3785375,0.2960375,-2.2143
1778964584098,Accelerometer,10.794001,-11.821951,2.7919502
1778964584098,Accelerometer,6.39795,-9.12405,-1.8139501
1778964584120,Accelerometer,3.4729502,-7.6800003,-3.6739502
1778964584120,Accelerometer,1.3920001,-7.0740004,-5.2590003
1778964584140,Accelerometer,-0.45000002,-6.8950505,-5.5200005
1778964584140,Accelerometer,-2.11905,-7.4719505,-4.8520503
1778964584161,Accelerometer,-3.2350502,-8.953951,-4.17
1778964584162,Accelerometer,-2.50005,-10.56,-2.874
1778964584162,Gyroscope,-0.06215,0.2374625,-0.1115125
1778964584188,Accelerometer,0.28395,-11.2570505,-1.07895
1778964584188,Accelerometer,4.20795,-11.343,-0.45900002
1778964584205,Accelerometer,7.5259504,-11.358001,-0.98100007
1778964584206,Accelerometer,8.875951,-11.06295,-1.23
1778964584227,Accelerometer,7.2360005,-10.587001,-0.58305
1778964584227,Accelerometer,4.452,-10.207951,-0.04695
1778964584227,Accelerometer,2.2800002,-9.901951,-0.74805003
1778964584236,Accelerometer,0.85605,-9.538051,-2.1420002
1778964584236,Gyroscope,0.570625,0.4280375,-0.935
1778964584255,Accelerometer,0.15900001,-8.953951,-3.0250502
1778964584255,Accelerometer,-0.058050003,-8.248051,-3.35805
1778964584280,Accelerometer,0.13305001,-7.7470503,-3.4950001
1778964584280,Accelerometer,0.95205003,-7.6870503,-3.28605
1778964584300,Accelerometer,2.15295,-7.9990506,-2.4
1778964584300,Accelerometer,3.5419502,-8.644951,-0.81495005
1778964584316,Accelerometer,4.6080003,-9.339001,0.321
1778964584316,Accelerometer,5.151,-9.61695,0.105000004
1778964584316,Gyroscope,0.37675,0.3449875,-0.98614997
1778964584343,Accelerometer,4.7920504,-9.687,-0.957
1778964584343,Accelerometer,3.5659502,-9.670051,-1.5460501
1778964584360,Accelerometer,2.57205,-9.327001,-1.8280501
1778964584360,Accelerometer,2.48895,-8.748,-2.11995
1778964584382,Accelerometer,3.1690502,-8.07495,-2.08005
1778964584382,Accelerometer,4.0950003,-7.4460006,-1.7179501
1778964584403,Accelerometer,4.59795,-7.4020505,-1.4430001
1778964584403,Accelerometer,4.76805,-8.370001,-1.7400001
1778964584403,Gyroscope,0.502425,0.38445,-1.62635
1778964584416,Accelerometer,4.287,-10.24905,-1.7490001
1778964584416,Accelerometer,3.3000002,-12.354001,-1.3800001
1778964584428,Accelerometer,2.565,-13.990951,-0.70995003
1778964584448,Accelerometer,2.8620002,-14.455951,-0.74595004
1778964584461,Accelerometer,3.5400002,-13.977,-1.6390501
1778964584461,Accelerometer,3.51795,-13.522051,-2.877
1778964584476,Accelerometer,2.1319501,-14.39805,-2.9200501
1778964584476,Accelerometer,0.35505003,-16.900051,-2.45295
1778964584476,Gyroscope,0.8625375,1.1631125,-2.57015
1778964584498,Accelerometer,-1.4419501,-21.042002,-2.1390002
1778964584498,Accelerometer,-2.5759501,-24.789001,-0.19095
1778964584520,Accelerometer,-2.3110502,-25.531052,1.13205
1778964584520,Accelerometer,-1.8060001,-22.80195,-0.35295
1778964584540,Accelerometer,-0.91200006,-16.96005,-3.0199502
1778964584540,Accelerometer,-1.04205,-12.385051,-4.88595
1778964584560,Accelerometer,-0.96495,-8.892,-7.8900003
1778964584560,Accelerometer,-0.50805,-5.5420504,-12.487051
1778964584561,Gyroscope,2.341075,-1.650275,-2.9184375
1778964584588,Accelerometer,-0.64395005,-1.539,-14.383051
1778964584588,Accelerometer,-4.221,1.4170501,-10.581
1778964584603,Accelerometer,-10.698001,2.23305,-5.31195
1778964584603,Accelerometer,-16.91505,0.813,-0.186
1778964584625,Accelerometer,-18.474,-3.8179502,-0.171
1778964584625,Accelerometer,-17.46795,-9.78495,-3.078
1778964584627,Accelerometer,-11.823001,-12.849001,-3.8800502
1778964584636,Accelerometer,-1.03695,-12.373051,-5.8360505
1778964584636,Gyroscope,1.4399,-1.76,5.8166623
1778964584655,Accelerometer,9.870001,-12.399,-9.892051
1778964584655,Accelerometer,14.881051,-9.813001,-13.34895
1778964584681,Accelerometer,12.465,-6.3900003,-9.030001
1778964584681,Accelerometer,6.5800505,-6.12405,-5.6350503
1778964584701,Accelerometer,1.335,-7.656,-4.407
1778964584701,Accelerometer,-2.043,-9.933001,-3.5779502
1778964584715,Accelerometer,-2.9280002,-12.406051,-3.7339501
1778964584715,Accelerometer,-0.86205006,-14.628,-5.6610003
1778964584716,Gyroscope,0.6675625,-2.6719,5.5141625
1778964584739,Accelerometer,3.14505,-15.732,-8.476951
1778964584739,Accelerometer,7.248,-15.715051,-9.703051
1778964584760,Accelerometer,8.694,-15.540001,-8.812051
1778964584760,Accelerometer,7.6480503,-15.897,-6.8440504
1778964584784,Accelerometer,5.77395,-16.39995,-4.87605
1778964584784,Accelerometer,4.19595,-16.747051,-4.05
1778964584802,Accelerometer,3.8410501,-17.230951,-4.5360003
1778964584802,Accelerometer,4.47795,-17.559,-5.7829504
1778964584803,Gyroscope,0.0017875,-2.0816126,5.3521876
1778964584816,Accelerometer,5.49795,-17.17995,-6.25995
1778964584816,Accelerometer,5.9550004,-16.419,-6.1260004
1778964584832,Accelerometer,5.58405,-15.808051,-5.5030503
1778964584846,Accelerometer,4.72695,-15.310051,-4.7730002
1778964584868,Accelerometer,4.1020503,-15.090001,-4.29705
1778964584868,Accelerometer,4.10505,-15.196051,-3.9180002
1778964584876,Accelerometer,4.6480503,-14.54205,-3.3130503
1778964584876,Accelerometer,6.0919504,-13.833,-2.76195
1778964584876,Gyroscope,-0.3922875,-0.4464625,4.2645626
1778964584896,Accelerometer,7.6750503,-13.08405,-2.9610002
1778964584896,Accelerometer,9.19005,-12.246,-3.2239501
1778964584920,Accelerometer,10.429951,-11.38605,-2.9970002
1778964584920,Accelerometer,11.413951,-10.56,-2.2060502
1778964584940,Accelerometer,11.590951,-10.10295,-0.89895004
1778964584940,Accelerometer,11.521951,-9.82995,0.24405001
1778964584959,Accelerometer,11.328,-9.576,0.55095005
1778964584959,Accelerometer,10.533001,-9.535951,0.048
1778964584960,Gyroscope,-0.32835,0.878625,0.5361125
1778964584984,Accelerometer,9.19005,-9.769951,-0.648
1778964584984,Accelerometer,8.08905,-10.14105,-1.2030001
1778964585002,Accelerometer,7.7080503,-10.467001,-1.4119501
1778964585002,Accelerometer,7.66305,-10.3279505,-1.1220001
1778964585024,Accelerometer,7.38495,-9.997951,-0.39600003
1778964585024,Accelerometer,6.7930503,-9.579,0.29205
1778964585026,Accelerometer,6.1540504,-9.141001,0.61095005
1778964585036,Accelerometer,5.3089504,-8.901,0.56295
1778964585036,Gyroscope,-0.0301125,-0.3953125,-2.325125
1778964585055,Accelerometer,3.7669501,-9.076051,-0.052050002
1778964585055,Accelerometer,-0.16605,-10.366051,-1.404
1778964585080,Accelerometer,-7.45305,-14.701951,-2.3740501
1778964585081,Accelerometer,-26.097002,-27.564001,-4.368
1778964585101,Accelerometer,-22.34505,-24.82995,10.498951
1778964585101,Accelerometer,-4.26195,-18.508951,4.24305
1778964585115,Accelerometer,-1.0540501,-16.75695,-0.41295
1778964585115,Accelerometer,-0.66105,-13.18395,-1.46895
1778964585115,Gyroscope,-0.4200625,1.757525,-3.1315625
1778964585141,Accelerometer,1.77495,-7.2660003,-4.1599503
1778964585141,Accelerometer,7.0069504,-2.73405,-2.45805
1778964585160,Accelerometer,9.762,-1.45305,-0.70005006
1778964585160,Accelerometer,10.210051,-3.17895,-3.5400002
1778964585180,Accelerometer,10.62195,-6.1140003,-8.39505
1778964585180,Accelerometer,9.880051,-8.65905,-11.326051
1778964585203,Accelerometer,7.689,-12.35805,-10.384951
1778964585203,Accelerometer,0.87495005,-18.925951,-4.215
1778964585203,Gyroscope,-1.8869125,2.025925,-2.7086124
1778964585227,Accelerometer,-8.59305,-20.202002,12.534
1778964585227,Accelerometer,-5.7630005,-14.21205,9.89505
1778964585227,Accelerometer,-1.64295,-9.885,0.29205
1778964585242,Accelerometer,0.9799501,-7.7760005,-5.5750504
1778964585266,Accelerometer,3.1879501,-6.73395,-8.46195
1778964585266,Accelerometer,4.1929502,-6.8179502,-7.4760003
1778964585275,Accelerometer,3.4800003,-8.305051,-4.06005
1778964585275,Accelerometer,2.1100502,-10.536,0.00705
1778964585276,Gyroscope,-0.8674875,0.713625,-0.825275
1778964585294,Accelerometer,1.2720001,-12.16695,1.8649501
1778964585295,Accelerometer,1.3249501,-12.43305,0.57900006
1778964585321,Accelerometer,1.67505,-11.54205,-1.9600501
1778964585321,Accelerometer,1.96695,-10.335,-3.8059502
1778964585340,Accelerometer,1.81605,-9.48495,-4.4809504
1778964585340,Accelerometer,1.5330001,-9.0379505,-4.25295
1778964585359,Accelerometer,1.2409501,-8.961,-3.3720002
1778964585359,Accelerometer,1.0189501,-9.13305,-2.388
1778964585359,Gyroscope,-0.120725,1.2078,-0.0166375
1778964585382,Accelerometer,0.94200003,-9.535951,-1.8090001
1778964585382,Accelerometer,0.74295,-9.946951,-1.9980001
1778964585400,Accelerometer,0.61395,-10.098001,-2.8290002
1778964585400,Accelerometer,0.55395,-9.856951,-3.7530003
1778964585422,Accelerometer,0.38700002,-9.459001,-4.22205
1778964585422,Accelerometer,0.10395,-9.073951,-4.215
1778964585426,Accelerometer,-0.24195,-8.82195,-3.8230503
1778964585436,Accelerometer,-0.71400005,-8.755051,-3.0319502
1778964585436,Gyroscope,-0.0738375,0.3768875,-0.350075
1778964585455,Accelerometer,-1.056,-8.797951,-2.1370502
1778964585455,Accelerometer,-0.88905007,-8.7289505,-1.8190501
1778964585480,Accelerometer,-0.31605002,-8.56095,-2.0029502
1778964585480,Accelerometer,0.34095,-8.57295,-2.388
1778964585501,Accelerometer,0.97305006,-8.83905,-2.9890501
1778964585501,Accelerometer,1.38705,-9.358951,-3.4080002
1778964585515,Accelerometer,1.4809501,-9.832951,-3.3390002
1778964585515,Accelerometer,1.2750001,-10.053,-2.6179502
1778964585516,Gyroscope,0.0177375,0.3364625,-0.518375
1778964585539,Accelerometer,0.91995007,-10.08195,-1.5670501
1778964585539,Accelerometer,0.57600003,-10.065001,-0.933
1778964585560,Accelerometer,0.48000002,-10.06995,-1.0170001
1778964585560,Accelerometer,0.46095002,-10.113001,-1.69395
1778964585580,Accelerometer,0.43395,-10.036051,-2.32905
1778964585580,Accelerometer,0.35295,-10.041,-2.60595
1778964585600,Accelerometer,0.20505,-10.266001,-2.79795
1778964585600,Accelerometer,0.25005,-10.536,-2.8890002
1778964585600,Gyroscope,0.1956625,0.2949375,-1.0032
1778964585625,Accelerometer,0.597,-10.776001,-2.8620002
1778964585625,Accelerometer,1.0860001,-10.860001,-2.661
1778964585626,Accelerometer,1.47405,-10.953,-2.33295
1778964585642,Accelerometer,1.4280001,-11.116051,-2.25705
1778964585666,Accelerometer,1.251,-11.434051,-2.463
1778964585666,Accelerometer,0.9990001,-11.797951,-2.73795
1778964585675,Accelerometer,0.88500005,-12.042001,-2.7949502
1778964585675,Accelerometer,0.86505,-12.282001,-2.56995
1778964585676,Gyroscope,0.3639625,0.7605125,-1.463275
1778964585695,Accelerometer,0.95595,-12.519001,-2.1990001
1778964585695,Accelerometer,0.90105003,-12.852,-1.8690001
1778964585720,Accelerometer,0.67395,-13.311001,-1.8330001
1778964585721,Accelerometer,0.21405001,-13.465051,-2.04405
1778964585741,Accelerometer,-0.333,-13.287001,-2.3430002
1778964585741,Accelerometer,-0.65895003,-13.074,-2.77095
1778964585756,Accelerometer,-0.84105,-13.338,-3.4609501
1778964585756,Accelerometer,-0.79995006,-14.382001,-4.38495
1778964585756,Gyroscope,0.689975,0.813725,-1.8926874
1778964585780,Accelerometer,-1.02495,-15.925951,-5.05095
1778964585780,Accelerometer,-1.3960501,-17.21895,-5.2590003
1778964585800,Accelerometer,-2.15505,-17.79795,-4.64895
1778964585800,Accelerometer,-2.943,-17.407951,-3.3750002
1778964585821,Accelerometer,-3.55095,-16.60305,-2.8840501
1778964585821,Accelerometer,-4.4029503,-15.949951,-3.1710002
1778964585830,Accelerometer,-4.8840003,-15.32505,-2.9530501
1778964585844,Accelerometer,-4.11105,-14.41695,-2.601
1778964585844,Gyroscope,0.268125,1.0289125,-2.7864375
1778964585856,Accelerometer,-3.249,-13.9459505,-3.08295
1778964585856,Accelerometer,-1.9350001,-13.872001,-3.7510502
1778964585881,Accelerometer,-0.40500003,-13.696951,-3.5850003
1778964585881,Accelerometer,0.99195004,-13.12005,-3.41595
1778964585901,Accelerometer,2.6160002,-12.208051,-3.21705
1778964585901,Accelerometer,4.5760503,-11.68095,-3.35595
1778964585915,Accelerometer,6.7120504,-10.990951,-3.0900002
1778964585916,Accelerometer,7.42605,-10.149,-3.8419502
1778964585916,Gyroscope,-0.069575,-0.1183875,-1.9097375
1778964585938,Accelerometer,3.1690502,-9.739051,-3.32205
1778964585938,Accelerometer,-0.50100005,-8.614051,-1.55505
1778964585960,Accelerometer,-2.493,-7.35195,-0.717
1778964585960,Accelerometer,-4.209,-6.4180503,-1.1410501
1778964585980,Accelerometer,-5.7970505,-5.3820004,-1.2220501
1778964585980,Accelerometer,-6.9580503,-4.077,-1.43505
1778964585999,Accelerometer,-6.6610503,-2.9610002,-2.18505
1778964585999,Accelerometer,-5.2579503,-2.29095,-3.0730503
1778964585999,Gyroscope,-0.5042125,-0.045925,1.6952375
1778964586025,Accelerometer,-3.4770002,-2.0730002,-2.97
1778964586025,Accelerometer,-1.8559501,-2.5450501,-2.45805
1778964586026,Accelerometer,-0.75705004,-3.4300501,-2.01195
1778964586042,Accelerometer,-0.34005,-4.596,-1.4500501
1778964586065,Accelerometer,-0.41205,-5.9040003,-0.62595004
1778964586065,Accelerometer,-0.64005005,-7.0740004,0.043050002
1778964586076,Accelerometer,-0.73305005,-7.8240004,0.37095
1778964586076,Accelerometer,-0.44295,-8.269051,0.024
1778964586076,Gyroscope,-0.63195,-1.5170375,4.657675
1778964586095,Accelerometer,0.027,-8.628,-0.81495005
1778964586095,Accelerometer,0.588,-8.817,-1.6290001
1778964586121,Accelerometer,0.88905007,-9.00195,-2.0320501
1778964586121,Accelerometer,0.54705,-9.531,-1.503
1778964586141,Accelerometer,0.14505,-10.60095,-0.46305
1778964586141,Accelerometer,-0.055050004,-12.294001,0.10305001
1778964586155,Accelerometer,0.022950001,-14.281051,-0.246
1778964586156,Accelerometer,0.92295,-16.25595,-1.3560001
1778964586156,Gyroscope,-0.63195,-0.1769625,6.2981873
1778964586181,Accelerometer,2.2060502,-18.06405,-1.7920501
1778964586182,Accelerometer,4.78905,-19.182001,-1.8930001
1778964586200,Accelerometer,7.6150503,-19.504951,-1.335
1778964586200,Accelerometer,8.72595,-18.95895,-0.46305
1778964586221,Accelerometer,8.27805,-17.97495,0.34995002
1778964586221,Accelerometer,7.5520506,-17.122952,0.99600005
1778964586230,Accelerometer,6.5520005,-16.87605,1.55595
1778964586241,Accelerometer,5.9430003,-17.227951,1.8079501
1778964586242,Gyroscope,-0.5148,0.576125,4.5863123
1778964586256,Accelerometer,6.49695,-17.451,1.743
1778964586256,Accelerometer,8.377951,-16.882952,1.2070501
1778964586281,Accelerometer,10.765051,-15.375001,0.12900001
1778964586282,Accelerometer,13.063951,-12.981001,-0.73200005
1778964586311,Accelerometer,14.400001,-10.40505,-0.45600003
1778964586311,Accelerometer,15.115951,-8.202001,0.76395005
1778964586316,Accelerometer,15.457951,-7.42605,1.5829501
1778964586316,Accelerometer,14.725051,-8.676001,1.3620001
1778964586316,Gyroscope,0.1584,0.490875,-0.047575
1778964586336,Accelerometer,13.320001,-11.085001,0.65400004
1778964586337,Accelerometer,11.92395,-13.599001,-0.10005
1778964586361,Accelerometer,10.429951,-15.331951,-3.70005
1778964586361,Accelerometer,6.4939504,-16.06695,-9.02295
1778964586381,Accelerometer,-4.092,-21.198002,-10.323001
1778964586381,Accelerometer,-18.723001,-25.633951,3.0360003
1778964586399,Accelerometer,-23.559002,-21.175951,12.309001
1778964586399,Accelerometer,-10.67595,-16.158,-2.6520002
1778964586399,Gyroscope,0.2041875,2.3370874,-2.97495
1778964586425,Accelerometer,-3.38595,-12.733951,-5.6920505
1778964586426,Accelerometer,-0.75000006,-10.90005,-4.9290004
1778964586426,Accelerometer,-3.3259501,-9.46605,-1.8070501
1778964586441,Accelerometer,-0.86205006,-4.70895,-1.8880501
1778964586464,Accelerometer,5.793,0.53805,2.65995
1778964586464,Accelerometer,9.319051,2.3389502,2.13105
1778964586476,Accelerometer,7.8640504,0.55995005,-2.8170002
1778964586476,Accelerometer,5.742,-2.46795,-5.8000503
1778964586477,Gyroscope,0.519475,-1.8249,-1.009525
1778964586496,Accelerometer,5.70405,-7.7299504,-9.360001
1778964586497,Accelerometer,2.8600502,-13.981951,-17.589
1778964586521,Accelerometer,-3.41895,-24.576,-16.36305
1778964586522,Accelerometer,-2.7870002,-22.134,12.523951
1778964586541,Accelerometer,-1.6380001,-15.5140505,16.73805
1778964586541,Accelerometer,-0.112950005,-10.371,-0.009000001
1778964586555,Accelerometer,-0.37605003,-6.2700005,-4.5480003
1778964586556,Accelerometer,0.29595003,-4.5799503,-7.5000005
1778964586556,Gyroscope,0.961675,0.21285,-0.73356247
1778964586580,Accelerometer,2.42595,-5.2639503,-8.676001
1778964586580,Accelerometer,3.9750001,-7.6440005,-7.8349504
1778964586600,Accelerometer,3.0990002,-9.979051,-5.38395
1778964586600,Accelerometer,-0.78300005,-11.935051,-0.51900005
1778964586621,Accelerometer,-4.6069503,-12.531,2.835
1778964586621,Accelerometer,-4.8460503,-11.17605,0.86895007
1778964586627,Accelerometer,-2.802,-9.238951,-2.637
1778964586641,Accelerometer,-0.69000006,-8.061001,-5.13
1778964586642,Gyroscope,0.2585,-0.64033747,-0.6026625
1778964586667,Accelerometer,1.2870001,-7.9240503,-6.27405
1778964586667,Accelerometer,3.0319502,-8.559,-5.8360505
1778964586684,Accelerometer,3.8050501,-9.682051,-3.7890003
1778964586684,Accelerometer,2.841,-10.717951,-0.897
1778964586708,Accelerometer,1.28205,-11.226001,0.89100003
1778964586708,Accelerometer,-0.031050002,-11.146951,0.32595003
1778964586716,Accelerometer,-0.34695002,-10.5720005,-1.8019501
1778964586716,Accelerometer,0.08205,-9.91905,-3.6210003
1778964586716,Gyroscope,0.27885,0.545325,-0.1530375
1778964586735,Accelerometer,0.48495004,-9.418051,-4.30905
1778964586735,Accelerometer,0.83895004,-9.069,-4.038
1778964586761,Accelerometer,1.107,-9.019051,-3.3319502
1778964586761,Accelerometer,1.1190001,-9.177,-2.5459502
1778964586781,Accelerometer,0.81495005,-9.342,-2.2420502
1778964586781,Accelerometer,0.37005,-9.49005,-2.4790502
1778964586797,Accelerometer,-0.034050003,-9.579,-2.8240502
1778964586797,Accelerometer,-0.21300001,-9.574051,-3.07995
1778964586798,Gyroscope,0.1296625,0.2651,-0.44275
1778964586823,Accelerometer,-0.14400001,-9.430051,-3.1260002
1778964586823,Accelerometer,0.006,-9.31305,-3.11595
1778964586826,Accelerometer,0.075,-9.33195,-3.0229502
1778964586840,Accelerometer,0.15,-9.43305,-3.1380002
1778964586864,Accelerometer,0.42705002,-9.529051,-3.0870001
1778964586864,Accelerometer,0.76995003,-9.706051,-2.874
1778964586885,Accelerometer,1.074,-9.849001,-2.97705
1778964586885,Accelerometer,1.2030001,-9.909,-3.0610502
1778964586885,Gyroscope,0.1808125,0.713625,-0.471625
1778964586896,Accelerometer,1.1530501,-9.96405,-2.86695
1778964586896,Accelerometer,0.9990001,-9.993,-2.63505
1778964586921,Accelerometer,0.80595005,-9.92805,-2.3380501
1778964586921,Accelerometer,0.64005005,-9.76095,-2.3809502
1778964586941,Accelerometer,0.36705002,-9.394051,-2.56995
1778964586941,Accelerometer,0.063,-9.229051,-2.6520002
1778964586956,Accelerometer,-0.29700002,-9.315001,-2.736
1778964586957,Accelerometer,-0.549,-9.493051,-2.79795
1778964586957,Gyroscope,0.27665,0.8190875,-1.0553125
1778964586980,Accelerometer,-0.40500003,-9.757951,-3.1590002
1778964586980,Accelerometer,0.066,-9.94005,-3.6190503
1778964587001,Accelerometer,0.72405005,-10.054951,-3.8179502
1778964587001,Accelerometer,1.4779501,-10.06005,-3.55395
1778964587021,Accelerometer,2.127,-10.11705,-3.1020002
1778964587021,Accelerometer,2.57205,-10.275001,-2.93895
1778964587027,Accelerometer,2.77605,-10.441051,-3.2740502
1778964587040,Accelerometer,2.7499502,-10.824,-3.4129503
1778964587041,Gyroscope,0.4332625,1.0778625,-1.532575
1778964587068,Accelerometer,2.5200002,-11.42895,-3.4060502
1778964587068,Accelerometer,2.39805,-12.057,-2.9490001
1778964587082,Accelerometer,2.3740501,-12.430051,-2.25405
1778964587082,Accelerometer,2.3430002,-12.460951,-1.59405
1778964587106,Accelerometer,2.2090502,-12.448951,-1.5600001
1778964587106,Accelerometer,1.914,-12.48795,-1.9099501
1778964587116,Accelerometer,1.43505,-12.712951,-2.11305
1778964587117,Accelerometer,0.83205,-13.192051,-2.18505
1778964587117,Gyroscope,0.6686625,1.218525,-2.03115
1778964587135,Accelerometer,0.19995001,-14.149051,-2.7640502
1778964587136,Accelerometer,-0.43095002,-15.538051,-3.7530003
1778964587161,Accelerometer,-1.33905,-17.202002,-4.85895
1778964587161,Accelerometer,-2.6940002,-18.81105,-5.5729504
1778964587181,Accelerometer,-3.9889503,-19.599,-5.3640003
1778964587181,Accelerometer,-4.95195,-19.018951,-4.29705
1778964587195,Accelerometer,-5.6269503,-17.803051,-3.9970503
1778964587196,Accelerometer,-6.144,-17.06805,-4.60995
1778964587196,Gyroscope,0.319275,1.9886625,-2.7000875
1778964587222,Accelerometer,-5.9209504,-16.55295,-4.96005
1778964587222,Accelerometer,-4.5349503,-15.616951,-4.54605
1778964587239,Accelerometer,-3.1890001,-15.117001,-5.06505
1778964587240,Accelerometer,-1.4899501,-14.331,-5.15595
1778964587252,Accelerometer,0.537,-13.515,-5.2210503
1778964587260,Accelerometer,3.2239501,-12.47595,-4.97895
1778964587284,Accelerometer,6.3480005,-11.190001,-5.451
1778964587284,Accelerometer,8.12205,-9.21,-3.6409502
1778964587285,Gyroscope,-0.4541625,0.38445,-2.343275
1778964587296,Accelerometer,6.4459505,-7.9459505,-2.4550502
1778964587296,Accelerometer,1.96695,-7.2060003,-0.483
1778964587321,Accelerometer,-1.1329501,-6.28905,0.62505
1778964587321,Accelerometer,-3.0360003,-5.06295,0.27105
1778964587341,Accelerometer,-4.3770003,-3.5959501,-0.62595004
1778964587341,Accelerometer,-5.47095,-2.3100002,-1.1580001
1778964587356,Accelerometer,-5.9280005,-1.1220001,-2.02905
1778964587357,Accelerometer,-5.45895,-0.04695,-3.3100502
1778964587357,Gyroscope,-0.828025,0.054175,1.7314
1778964587378,Accelerometer,-4.4419503,0.55995005,-4.122
1778964587378,Accelerometer,-3.6799502,0.11895001,-4.22205
1778964587401,Accelerometer,-3.2970002,-1.3789501,-3.9880502
1778964587401,Accelerometer,-3.1270502,-3.624,-3.384
1778964587421,Accelerometer,-2.7870002,-6.13605,-2.226
1778964587421,Accelerometer,-2.1430502,-8.578051,-0.882
1778964587427,Accelerometer,-1.2720001,-10.57695,0.558
1778964587440,Accelerometer,-0.45000002,-11.84595,0.66300005
1778964587440,Gyroscope,-1.3638625,-2.1839125,4.9655375
1778964587465,Accelerometer,0.55395,-12.31095,-0.16395001
1778964587465,Accelerometer,1.77495,-12.399,-1.84695
1778964587482,Accelerometer,2.90805,-12.196051,-3.32505
1778964587482,Accelerometer,3.1039503,-11.99505,-3.3460503
1778964587504,Accelerometer,2.12505,-12.141001,-1.43295
1778964587504,Accelerometer,0.44205,-12.94995,0.27105
1778964587516,Accelerometer,-0.73995006,-14.359951,-0.39195
1778964587516,Accelerometer,-0.42195,-16.395,-2.50305
1778964587516,Gyroscope,-0.76725,-0.76285,6.2854
1778964587535,Accelerometer,1.167,-19.00695,-4.7059503
1778964587536,Accelerometer,4.04295,-21.10905,-4.35405
1778964587561,Accelerometer,6.8509502,-22.102951,-1.5190501
1778964587562,Accelerometer,7.6099505,-21.916052,0.56700003
1778964587581,Accelerometer,7.15005,-20.307001,-0.279
1778964587582,Accelerometer,6.1129503,-18.181051,-2.0410502
1778964587595,Accelerometer,4.7250004,-16.941,-2.6899502
1778964587596,Accelerometer,3.588,-16.716002,-2.118
1778964587596,Gyroscope,-1.080475,0.0680625,4.7205124
1778964587620,Accelerometer,3.5329502,-16.921951,-0.55395
1778964587620,Accelerometer,5.1220503,-16.941,0.39495003
1778964587627,Accelerometer,7.806,-16.09095,-0.135
1778964587640,Accelerometer,10.684051,-14.547001,-1.12395
1778964587660,Accelerometer,12.68805,-12.507001,-0.59505004
1778964587660,Accelerometer,13.962001,-10.684951,0.642
1778964587682,Accelerometer,14.814001,-9.591001,1.2349501
1778964587682,Accelerometer,14.919001,-9.574051,1.0180501
1778964587682,Gyroscope,-0.32835,-0.2440625,0.1079375
1778964587709,Accelerometer,14.0140505,-10.704,0.55305004
1778964587709,Accelerometer,12.420001,-11.856001,0.45495003
1778964587726,Accelerometer,10.785001,-12.142951,0.675
1778964587726,Accelerometer,9.331051,-11.793,-0.054
1778964587749,Accelerometer,7.7869506,-11.463,-2.79795
1778964587750,Accelerometer,5.7949505,-11.418,-7.6270504
1778964587756,Accelerometer,1.12605,-11.712001,-11.482051
1778964587756,Accelerometer,-10.092,-15.22395,-3.1710002
1778964587756,Gyroscope,-0.1057375,-2.8411624,-3.2263
1778964587776,Accelerometer,-26.296051,-23.77605,13.204051
1778964587776,Accelerometer,-17.94495,-27.865952,14.19795
1778964587801,Accelerometer,-0.94095004,-21.076052,0.73005
1778964587802,Accelerometer,2.4790502,-14.21895,-4.5550504
1778964587821,Accelerometer,0.264,-8.06595,-4.584
1778964587821,Accelerometer,3.32205,-2.07795,-6.42
1778964587827,Accelerometer,6.432,0.69900006,-3.0730503
1778964587838,Accelerometer,7.215,0.31995,-2.6950502
1778964587838,Gyroscope,0.334125,-2.61855,-1.365375
1778964587866,Accelerometer,6.13005,-2.53305,-4.9960504
1778964587866,Accelerometer,6.288,-6.0400505,-7.6459503
1778964587883,Accelerometer,7.0810504,-10.507951,-10.177051
1778964587883,Accelerometer,5.604,-18.39195,-10.42605
1778964587904,Accelerometer,-1.389,-25.572,2.2699502
1778964587904,Accelerometer,-2.2680001,-17.832,13.446001
1778964587916,Accelerometer,-0.537,-10.531951,1.18305
1778964587916,Accelerometer,1.1890501,-6.3900003,-4.9120502
1778964587917,Gyroscope,1.383525,0.272525,-0.791175
1778964587936,Accelerometer,2.0070002,-4.41195,-7.7779503
1778964587936,Accelerometer,1.46895,-4.122,-8.167951
1778964587962,Accelerometer,-0.10605001,-5.98995,-6.2860503
1778964587962,Accelerometer,-2.29905,-9.232051,-2.8549502
1778964587981,Accelerometer,-3.7159503,-12.66705,0.74700004
1778964587982,Accelerometer,-2.88105,-13.764001,0.84300005
1778964587996,Accelerometer,-0.771,-11.793,-1.08405
1778964587996,Accelerometer,0.063,-9.535951,-3.28095
1778964587996,Gyroscope,0.27981248,-0.6925875,-0.6655
1778964588019,Accelerometer,-0.23295002,-8.202001,-5.15805
1778964588019,Accelerometer,-0.65205,-7.86495,-5.6779504
1778964588027,Accelerometer,-0.62805,-8.323951,-4.7590504
1778964588041,Accelerometer,-0.039,-9.226951,-3.25305
1778964588061,Accelerometer,0.61395,-10.12695,-1.77795
1778964588061,Accelerometer,0.80295,-10.504951,-1.1910001
1778964588082,Accelerometer,0.80295,-10.299001,-1.7730001
1778964588082,Accelerometer,0.85605,-9.81795,-2.7480001
1778964588083,Gyroscope,0.24475,0.41854998,-0.3287625
1778964588109,Accelerometer,0.84405005,-9.33495,-3.2620502
1778964588109,Accelerometer,0.85605,-9.01395,-3.2670002
1778964588123,Accelerometer,0.64305,-9.042001,-2.8620002
1778964588123,Accelerometer,0.19695,-9.294001,-2.463
1778964588147,Accelerometer,-0.15105,-9.579,-2.4870002
1778964588147,Accelerometer,-0.094050005,-9.660001,-2.7520502
1778964588156,Accelerometer,0.18105,-9.576,-3.0319502
1778964588156,Accelerometer,0.41805002,-9.493051,-3.1620002
1778964588157,Gyroscope,0.0583,0.342925,-0.4321625
1778964588176,Accelerometer,0.45600003,-9.37005,-3.078
1778964588176,Accelerometer,0.46605003,-9.315001,-2.8579502
1778964588201,Accelerometer,0.45795003,-9.39,-2.80695
1778964588201,Accelerometer,0.37905002,-9.591001,-2.9629502
1778964588221,Accelerometer,0.30495003,-9.79905,-3.348
1778964588222,Accelerometer,0.38895002,-9.889951,-3.732
1778964588235,Accelerometer,0.47295,-9.997951,-3.82995
1778964588235,Accelerometer,0.47295,-9.92595,-3.6019502
1778964588236,Gyroscope,0.132825,0.7605125,-0.61861247
1778964588262,Accelerometer,0.53505003,-9.715051,-3.18105
1778964588262,Accelerometer,0.657,-9.62895,-2.5080001
1778964588280,Accelerometer,0.50895,-9.576,-2.214
1778964588281,Accelerometer,0.19305001,-9.46605,-2.7550502
1778964588301,Accelerometer,-0.3,-9.411,-3.6139503
1778964588302,Accelerometer,-0.67095006,-9.43305,-3.9060001
1778964588324,Accelerometer,-0.63705003,-9.47595,-3.7390501
1778964588324,Accelerometer,-0.28305,-9.636001,-3.4969501
1778964588324,Gyroscope,0.2490125,0.950125,-1.2343374
1778964588336,Accelerometer,0.372,-9.852,-3.3049502
1778964588336,Accelerometer,1.1359501,-10.180051,-3.4750502
1778964588361,Accelerometer,1.881,-10.467001,-3.9300003
1778964588362,Accelerometer,2.3830502,-10.72305,-4.07205
1778964588381,Accelerometer,2.50095,-11.05095,-3.9930003
1778964588382,Accelerometer,2.45805,-11.470051,-3.79395
1778964588397,Accelerometer,2.25195,-11.916,-3.4710002
1778964588397,Accelerometer,1.93095,-12.306001,-2.97
1778964588397,Gyroscope,0.51315,1.401675,-1.7093999
1778964588418,Accelerometer,1.593,-12.660001,-2.56305
1778964588418,Accelerometer,1.3249501,-12.934951,-2.29695
1778964588433,Accelerometer,1.0710001,-13.386001,-2.2810502
1778964588441,Accelerometer,0.78900003,-14.358001,-2.628
1778964588461,Accelerometer,0.12105001,-15.631051,-3.315
1778964588461,Accelerometer,-0.84795004,-16.57695,-3.8800502
1778964588481,Accelerometer,-1.9440001,-17.106,-4.3879504
1778964588481,Accelerometer,-2.94,-17.44095,-4.809
1778964588481,Gyroscope,0.7709625,1.1130625,-2.4732125
1778964588507,Accelerometer,-3.8860502,-17.64705,-5.4700503
1778964588507,Accelerometer,-4.4940004,-17.331001,-5.6520004
1778964588523,Accelerometer,-5.4300003,-16.96005,-3.6169503
1778964588523,Accelerometer,-5.8330503,-16.821001,-1.8090001
1778964588546,Accelerometer,-3.6679502,-15.97395,-1.5649501
1778964588546,Accelerometer,-1.1590501,-15.484951,-3.8539503
1778964588556,Accelerometer,1.19595,-15.424951,-6.20205
1778964588556,Accelerometer,3.5779502,-15.17895,-6.5830503
1778964588557,Gyroscope,0.5313,0.83187497,-2.5562625
1778964588576,Accelerometer,5.412,-13.831051,-4.9960504
1778964588576,Accelerometer,4.72695,-12.28695,-3.5760002
1778964588602,Accelerometer,3.07995,-10.981951,-2.4480002
1778964588602,Accelerometer,0.549,-9.13305,-1.6680001
1778964588621,Accelerometer,-1.11405,-7.4670005,-3.1950002
1778964588621,Accelerometer,-2.5930502,-5.99205,-3.4080002
1778964588637,Accelerometer,-3.6390002,-4.52895,-3.0370502
1778964588638,Accelerometer,-4.56405,-3.1309502,-2.80995
1778964588638,Gyroscope,-0.185625,-0.622325,-0.3628625
1778964588662,Accelerometer,-5.5960503,-1.9920001,-2.33295
1778964588662,Accelerometer,-6.13395,-1.2730501,-2.1780002
1778964588681,Accelerometer,-5.5669503,-1.0309501,-2.42895
1778964588681,Accelerometer,-4.533,-1.266,-2.7640502
1778964588701,Accelerometer,-3.5100002,-1.7880001,-2.39295
1778964588701,Accelerometer,-2.5789502,-2.676,-1.5649501
1778964588724,Accelerometer,-1.7860501,-3.9139502,-0.58995
1778964588725,Accelerometer,-1.2550501,-5.44395,0.29205
1778964588725,Gyroscope,-1.335125,-0.9845,3.340975
1778964588736,Accelerometer,-0.91200006,-6.9259505,0.651
1778964588736,Accelerometer,-0.86895007,-8.20695,0.41400003
1778964588762,Accelerometer,-0.9580501,-9.24405,-0.171
1778964588762,Accelerometer,-0.42405003,-9.648001,-0.78405005
1778964588791,Accelerometer,0.528,-9.34395,-1.3279501
1778964588792,Accelerometer,0.55905,-9.174001,-2.0359502
1778964588796,Accelerometer,-0.109950006,-9.48495,-2.74005
1778964588796,Accelerometer,-0.95595,-10.182,-3.0949502
1778964588797,Gyroscope,-1.1125125,-1.394525,5.1082625
1778964588818,Accelerometer,-1.5589501,-11.0779505,-2.5150502
1778964588818,Accelerometer,-1.7190001,-12.247951,-1.5499501
1778964588833,Accelerometer,-1.28805,-13.927051,-0.96405005
1778964588841,Accelerometer,-0.65205,-16.089,-0.89400005
1778964588861,Accelerometer,0.363,-18.355951,-1.6030501
1778964588862,Accelerometer,1.8330001,-20.275951,-2.48895
1778964588881,Accelerometer,3.75795,-21.339,-2.7550502
1778964588881,Accelerometer,6.7549505,-21.636002,-2.3860502
1778964588881,Gyroscope,-0.82156247,0.544225,6.411075
1778964588906,Accelerometer,8.026051,-21.318,-1.0309501
1778964588906,Accelerometer,7.7970004,-20.391,0.064950004
1778964588922,Accelerometer,7.2120004,-19.153051,0.20400001
1778964588922,Accelerometer,6.2719502,-17.92695,0.15300001
1778964588944,Accelerometer,5.23005,-17.26695,-0.58095
1778964588944,Accelerometer,5.05305,-16.761002,-1.39005
1778964588956,Accelerometer,6.39405,-15.79695,-2.046
1778964588956,Accelerometer,9.288,-14.206951,-2.1750002
1778964588957,Gyroscope,-0.6864,-0.249425,3.29835
1778964588976,Accelerometer,12.74295,-12.17205,-1.4140501
1778964588977,Accelerometer,15.736051,-10.2949505,-0.22605
1778964589001,Accelerometer,17.49105,-9.106951,0.83595
1778964589002,Accelerometer,17.500051,-9.184051,1.1560501
1778964589021,Accelerometer,14.965051,-10.359,0.85995007
1778964589022,Accelerometer,11.464951,-11.566051,0.48405004
1778964589034,Accelerometer,8.53905,-12.030001,0.29700002
1778964589035,Accelerometer,6.5850005,-11.875051,-0.35595003
1778964589035,Gyroscope,0.3843125,-0.4305125,-2.6543
1778964589060,Accelerometer,5.2830005,-11.71695,-1.27995
1778964589060,Accelerometer,3.9709501,-11.55405,-3.1900501
1778964589081,Accelerometer,1.0330501,-11.643001,-6.4030504
1778964589081,Accelerometer,-6.1729503,-13.381051,-7.3399506
1778964589100,Accelerometer,-20.278952,-17.844002,-0.669
1778964589100,Accelerometer,-28.767002,-18.234001,16.42395
1778964589124,Accelerometer,-12.004951,-16.156052,5.1120005
1778964589124,Accelerometer,-3.7540503,-15.078001,-2.592
1778964589124,Gyroscope,0.4642,2.921875,-1.9512625
1778964589149,Accelerometer,-0.15405001,-13.68,-5.1199503
1778964589149,Accelerometer,2.802,-10.785001,-6.2310004
1778964589166,Accelerometer,5.71395,-7.35195,-4.63695
1778964589166,Accelerometer,8.532001,-4.905,-1.9770001
1778964589189,Accelerometer,11.06505,-4.47195,-3.078
1778964589189,Accelerometer,11.646001,-5.6569505,-6.28095
1778964589196,Accelerometer,10.693951,-7.8570004,-7.4430003
1778964589196,Accelerometer,8.304001,-10.705951,-7.9480505
1778964589197,Gyroscope,-0.3240875,-0.7522625,-2.2122376
1778964589217,Accelerometer,3.9109502,-14.491951,-6.9250503
1778964589217,Accelerometer,-3.3000002,-18.358051,-0.41295
1778964589232,Accelerometer,-7.8840003,-16.462051,9.514951
1778964589241,Accelerometer,-6.16305,-11.592001,3.7570503
1778964589261,Accelerometer,-2.8609502,-7.80705,-3.0010502
1778964589261,Accelerometer,-0.86205006,-6.1980004,-5.8429503
1778964589279,Accelerometer,1.4779501,-5.8819504,-7.3729506
1778964589279,Accelerometer,3.1690502,-7.077,-6.98505
1778964589279,Gyroscope,-0.137775,1.2313125,-0.4054875
1778964589302,Accelerometer,3.6019502,-9.1050005,-4.4209504
1778964589302,Accelerometer,2.4070501,-11.50395,-0.82500005
1778964589321,Accelerometer,0.70695,-12.753,1.5799501
1778964589321,Accelerometer,0.19500001,-12.073951,0.63705003
1778964589344,Accelerometer,0.37005,-10.58205,-1.81605
1778964589344,Accelerometer,0.39105,-9.35595,-3.9610503
1778964589356,Accelerometer,0.16395001,-8.703,-5.05305
1778964589356,Accelerometer,-0.12195001,-8.652,-5.0080504
1778964589356,Gyroscope,0.0955625,-0.05555,-0.561
1778964589376,Accelerometer,-0.17295001,-9.01095,-4.0789504
1778964589376,Accelerometer,0.27405003,-9.579,-2.946
1778964589401,Accelerometer,1.00395,-10.062,-1.93095
1778964589401,Accelerometer,1.5979501,-10.180051,-1.43295
1778964589421,Accelerometer,1.7629501,-10.038,-1.6200001
1778964589421,Accelerometer,1.4059501,-9.865951,-2.3119502
1778964589433,Accelerometer,0.813,-9.73005,-3.0870001
1778964589435,Accelerometer,0.17595,-9.540001,-3.35295
1778964589436,Gyroscope,0.219175,0.4888125,-0.386375
1778964589459,Accelerometer,-0.33795002,-9.44205,-3.4300501
1778964589459,Accelerometer,-0.642,-9.247951,-3.5059502
1778964589481,Accelerometer,-0.91695005,-9.085951,-3.4660501
1778964589481,Accelerometer,-1.008,-9.078,-3.3600001
1778964589501,Accelerometer,-0.64395005,-9.1050005,-3.42
1778964589501,Accelerometer,0.50100005,-9.258,-3.3360002
1778964589522,Accelerometer,1.8019501,-9.47595,-2.9179502
1778964589522,Accelerometer,2.6539502,-9.58605,-1.9980001
1778964589522,Gyroscope,-0.0408375,0.9106625,-0.2531375
1778964589549,Accelerometer,2.63205,-9.567,-1.074
1778964589549,Accelerometer,2.046,-9.460951,-1.0999501
1778964589563,Accelerometer,1.26495,-9.427951,-2.04795
1778964589564,Accelerometer,0.55695003,-9.460951,-3.183
1778964589585,Accelerometer,0.26895002,-9.531,-3.8610003
1778964589586,Accelerometer,-0.051000003,-9.5140505,-4.0020003
1778964589596,Accelerometer,-0.522,-9.415951,-3.52305
1778964589596,Accelerometer,-0.91200006,-9.262951,-2.8840501
1778964589597,Gyroscope,0.253275,0.5655375,-0.8327
1778964589615,Accelerometer,-1.1400001,-9.21195,-2.532
1778964589615,Accelerometer,-0.90795004,-9.238951,-2.9890501
1778964589629,Accelerometer,-0.51705,-9.397051,-3.7600503
1778964589641,Accelerometer,-0.058050003,-10.042951,-4.29405
1778964589661,Accelerometer,0.42495003,-11.140051,-4.1719503
1778964589661,Accelerometer,1.0309501,-11.965951,-3.2770503
1778964589678,Accelerometer,1.7509501,-12.133051,-1.9429501
1778964589679,Accelerometer,2.3110502,-11.925,-1.0720501
1778964589679,Gyroscope,0.5322625,1.0214875,-1.382425
1778964589704,Accelerometer,2.3760002,-11.55195,-1.491
1778964589704,Accelerometer,2.05095,-11.118001,-2.47005
1778964589721,Accelerometer,1.39005,-10.932,-3.111
1778964589721,Accelerometer,0.63600004,-11.149051,-3.0990002
1778964589742,Accelerometer,0.034950003,-11.688001,-2.94405
1778964589742,Accelerometer,-0.13005,-12.49995,-3.04695
1778964589766,Accelerometer,0.06795,-13.3279505,-3.2569501
1778964589766,Accelerometer,0.34095,-13.797001,-3.08505
1778964589766,Gyroscope,0.9211125,0.55275,-2.1173625
1778964589776,Accelerometer,0.24300002,-13.93395,-2.6850002
1778964589776,Accelerometer,-0.201,-14.359951,-2.9970002
1778964589802,Accelerometer,-0.61095005,-15.34395,-3.966
1778964589802,Accelerometer,-1.25205,-16.611,-4.8690004
1778964589821,Accelerometer,-2.16,-17.57805,-4.8690004
1778964589822,Accelerometer,-3.0030003,-18.054,-4.3879504
1778964589833,Accelerometer,-3.65595,-17.962952,-3.7459502
1778964589836,Accelerometer,-4.09005,-17.38095,-3.07605
1778964589836,Gyroscope,0.61325,1.02575,-2.4050124
1778964589858,Accelerometer,-4.1929502,-16.459951,-2.8620002
1778964589858,Accelerometer,-4.1610003,-16.14105,-3.32205
1778964589881,Accelerometer,-3.7999501,-16.129051,-3.3960001
1778964589881,Accelerometer,-2.43,-15.547951,-4.0740004
1778964589901,Accelerometer,0.48000002,-14.403001,-5.2450504
1778964589901,Accelerometer,4.32495,-12.43305,-6.729
1778964589921,Accelerometer,7.3369503,-9.74205,-7.07595
1778964589921,Accelerometer,7.0540504,-7.0620003,-4.79505
1778964589921,Gyroscope,0.0551375,-0.40713748,-3.0537374
1778964589947,Accelerometer,4.821,-6.13395,-3.41595
1778964589948,Accelerometer,2.3110502,-5.90805,-1.23405
1778964589963,Accelerometer,-0.59205,-6.2700005,-0.078
1778964589964,Accelerometer,-3.3019502,-5.8650002,-0.46800002
1778964589987,Accelerometer,-5.18895,-4.45305,-1.7950501
1778964589987,Accelerometer,-6.9,-2.77395,-2.18205
1778964589996,Accelerometer,-8.62395,-1.3279501,-2.2470002
1778964589996,Accelerometer,-9.37605,-0.33,-2.84805
1778964589997,Gyroscope,-0.7896625,0.5314375,1.5642
1778964590016,Accelerometer,-8.466001,-0.03795,-3.8029501
1778964590016,Accelerometer,-6.7230005,-0.64095,-3.8149502
1778964590030,Accelerometer,-4.9009504,-2.0389502,-3.04005
1778964590041,Accelerometer,-3.6160502,-4.11,-2.19405
1778964590061,Accelerometer,-2.69595,-6.6270003,-1.0189501
1778964590061,Accelerometer,-1.3750501,-9.16005,0.67800003
1778964590076,Accelerometer,-0.43605003,-11.173051,2.21895
1778964590077,Accelerometer,-0.028950002,-12.03495,2.43
1778964590077,Gyroscope,-1.4713875,-1.74295,4.8356
1778964590102,Accelerometer,-0.12705001,-11.97795,1.2
1778964590102,Accelerometer,-0.003,-11.800951,-0.54495
1778964590120,Accelerometer,0.39405003,-11.932051,-1.6840501
1778964590120,Accelerometer,0.33900002,-12.378,-1.4790001
1778964590142,Accelerometer,-0.23505001,-13.242001,0.024
1778964590142,Accelerometer,-1.1539501,-14.4529505,2.04195
1778964590166,Accelerometer,-2.124,-16.16805,2.1690001
1778964590167,Accelerometer,-2.124,-18.528002,0.47895002
1778964590167,Gyroscope,-0.8152375,-1.380775,6.3589625
1778964590176,Accelerometer,-0.83595,-21.454052,-1.014
1778964590177,Accelerometer,2.0770502,-23.803051,-1.26795
1778964590202,Accelerometer,5.12505,-24.580952,0.064950004
1778964590202,Accelerometer,8.170051,-24.03495,0.795
1778964590233,Accelerometer,7.4929504,-22.11495,0.92205006
1778964590233,Accelerometer,6.09,-19.789951,0.84495
1778964590233,Accelerometer,4.1290503,-18.532951,1.45095
1778964590236,Accelerometer,3.2280002,-18.004051,0.84000003
1778964590237,Gyroscope,-0.1909875,-0.485925,4.504225
1778964590258,Accelerometer,4.48995,-16.86,-1.1530501
1778964590258,Accelerometer,8.302051,-15.804001,-2.4079502
1778964590281,Accelerometer,13.303051,-14.868001,-1.9740001
1778964590281,Accelerometer,17.080952,-13.074,0.91005003
1778964590301,Accelerometer,18.184952,-10.371,1.8220501
1778964590301,Accelerometer,17.10495,-8.688001,1.6110001
1778964590319,Accelerometer,15.063001,-9.222,0.62295
1778964590320,Accelerometer,13.561951,-11.022,-0.55395
1778964590320,Gyroscope,0.4481125,0.408925,-0.724075
1778964590343,Accelerometer,14.031001,-14.09895,0.63705003
1778964590343,Accelerometer,17.23905,-18.246,1.5010501
1778964590362,Accelerometer,17.80005,-20.854952,-5.7949505
1778964590362,Accelerometer,9.4129505,-21.307951,-15.729001
1778964590386,Accelerometer,-3.8170502,-25.407001,-13.828051
1778964590386,Accelerometer,-14.64105,-21.729,3.7399502
1778964590396,Accelerometer,-17.32695,-15.861001,5.5069504
1778964590397,Accelerometer,-7.1899505,-11.935051,-1.55505
1778964590397,Gyroscope,-1.0932626,2.3593626,-4.1179876
1778964590416,Accelerometer,-7.10895,-8.68305,4.6470003
1778964590416,Accelerometer,-8.380051,-3.8179502,0.93105006
1778964590428,Accelerometer,-3.4669502,2.35995,-2.7949502
1778964590441,Accelerometer,2.6749501,4.905,-0.564
1778964590461,Accelerometer,6.59205,2.4079502,-3.7549503
1778964590462,Accelerometer,8.845051,-1.5970501,-7.1070004
1778964590475,Accelerometer,12.465,-7.24905,-8.08395
1778964590475,Accelerometer,13.79895,-13.987051,-10.404
1778964590476,Gyroscope,-1.331825,2.8653624,-1.1682
1778964590501,Accelerometer,7.4280005,-27.768002,-7.8139505
1778964590501,Accelerometer,-1.4970001,-30.162,16.19205
1778964590521,Accelerometer,0.72195005,-16.773,10.306951
1778964590521,Accelerometer,0.44895002,-9.366,-4.21995
1778964590540,Accelerometer,-3.489,-5.406,-8.38095
1778964590541,Accelerometer,-6.5340004,-3.4450502,-9.408
1778964590562,Accelerometer,-8.227051,-3.4399502,-7.5649505
1778964590562,Accelerometer,-6.8359504,-5.49195,-5.2330503
1778964590562,Gyroscope,-0.42955,0.562375,-0.5578375
1778964590589,Accelerometer,-3.6319501,-8.319,-3.9019501
1778964590589,Accelerometer,0.98700005,-11.182951,-3.04395
1778964590605,Accelerometer,5.8720503,-13.42395,-0.564
1778964590605,Accelerometer,7.35405,-13.483951,2.0659502
1778964590628,Accelerometer,6.0340505,-11.875051,0.9289501
1778964590628,Accelerometer,3.86505,-10.455001,-2.08395
1778964590630,Accelerometer,1.7509501,-9.373051,-3.9570003
1778964590636,Accelerometer,0.049050003,-8.77005,-4.0360503
1778964590636,Gyroscope,0.27981248,-0.0097624995,-0.5493125
1778964590656,Accelerometer,-1.21695,-8.748,-2.9940002
1778964590656,Accelerometer,-1.9609501,-9.363001,-1.81605
1778964590681,Accelerometer,-1.7839501,-9.997951,-1.2559501
1778964590682,Accelerometer,-1.22595,-10.40505,-1.383
1778964590701,Accelerometer,-0.53205,-10.357051,-1.9450501
1778964590701,Accelerometer,0.40095,-10.05,-2.7160501
1778964590718,Accelerometer,1.3969501,-9.76605,-3.2740502
1778964590718,Accelerometer,1.9279501,-9.59595,-3.3010502
1778964590718,Gyroscope,0.097625,0.2756875,-0.24365
1778964590744,Accelerometer,1.7389501,-9.538051,-2.874
1778964590744,Accelerometer,1.098,-9.411,-2.4750001
1778964590760,Accelerometer,0.324,-9.27705,-2.4480002
1778964590761,Accelerometer,-0.36195,-9.262951,-2.55795
1778964590783,Accelerometer,-0.77805007,-9.19305,-2.6800501
1778964590783,Accelerometer,-0.85695004,-9.114,-2.673
1778964590796,Accelerometer,-0.75900006,-9.165,-2.5510502
1778964590796,Accelerometer,-0.42900002,-9.21195,-2.3719501
1778964590796,Gyroscope,0.1265,0.5335,-0.37785
1778964590815,Accelerometer,0.087000005,-9.232051,-2.0959501
1778964590815,Accelerometer,0.67395,-9.505051,-1.7730001
1778964590826,Accelerometer,0.99705005,-9.912001,-1.9480501
1778964590850,Accelerometer,1.0519501,-10.231951,-2.6160002
1778964590862,Accelerometer,1.2580501,-10.552951,-3.1570501
1778964590862,Accelerometer,1.4059501,-10.68,-2.80305
1778964590876,Accelerometer,1.5259501,-10.687051,-1.9099501
1778964590876,Accelerometer,1.65495,-10.510051,-1.143
1778964590877,Gyroscope,0.2585,0.75941247,-0.4758875
1778964590901,Accelerometer,1.5840001,-10.05795,-1.01205
1778964590901,Accelerometer,1.18605,-9.50895,-1.6099501
1778964590922,Accelerometer,0.528,-9.186001,-2.56305
1778964590922,Accelerometer,-0.83805007,-9.117001,-3.0589502
1778964590941,Accelerometer,-2.63205,-9.47595,-3.2650502
1778964590941,Accelerometer,-4.0009503,-10.026,-3.1980002
1778964590962,Accelerometer,-3.9,-10.563001,-3.1669502
1778964590962,Accelerometer,-2.22705,-11.142,-3.042
1778964590962,Gyroscope,0.455675,0.68475,-1.4718
1778964590987,Accelerometer,-0.20595,-11.71395,-2.32905
1778964590988,Accelerometer,1.6789501,-11.998951,-1.40205
1778964591004,Accelerometer,3.1710002,-12.162001,-1.0360501
1778964591004,Accelerometer,3.8770502,-12.121051,-1.42095
1778964591026,Accelerometer,3.79605,-12.097051,-2.02395
1778964591026,Accelerometer,2.7880502,-12.32295,-2.388
1778964591029,Accelerometer,1.7370001,-12.616951,-2.1709502
1778964591036,Accelerometer,1.02795,-13.060051,-1.62495
1778964591037,Gyroscope,0.9370625,1.1748,-2.0194626
1778964591056,Accelerometer,0.597,-13.5720005,-1.3920001
1778964591057,Accelerometer,0.324,-14.149051,-1.8780001
1778964591081,Accelerometer,0.15405001,-14.57295,-2.5200002
1778964591082,Accelerometer,-0.18495001,-14.829,-2.8549502
1778964591102,Accelerometer,-0.91005003,-15.361051,-3.3679502
1778964591102,Accelerometer,-2.0640001,-16.44495,-4.34205
1778964591116,Accelerometer,-3.5130002,-17.515951,-5.3310003
1778964591116,Accelerometer,-4.7959504,-17.68095,-5.7499504
1778964591116,Gyroscope,1.094775,0.4472875,-2.5722125
1778964591143,Accelerometer,-5.979,-17.386051,-5.8840504
1778964591143,Accelerometer,-6.525,-17.13195,-6.1590004
1778964591161,Accelerometer,-6.10995,-16.67295,-5.1730504
1778964591161,Accelerometer,-5.3629503,-16.21095,-4.749
1778964591183,Accelerometer,-4.224,-15.793951,-4.7059503
1778964591183,Accelerometer,-2.77005,-15.088051,-5.17995
1778964591204,Accelerometer,-0.38295,-13.73295,-6.6499505
1778964591204,Accelerometer,3.35295,-12.250951,-8.20395
1778964591205,Gyroscope,0.22013749,-0.0609125,-2.6340876
1778964591217,Accelerometer,8.09595,-10.12695,-8.20395
1778964591217,Accelerometer,9.793051,-7.8310504,-4.242
1778964591230,Accelerometer,6.88005,-8.16405,-2.52495
1778964591249,Accelerometer,1.8210001,-9.04695,-0.010950001
1778964591261,Accelerometer,-2.2080002,-8.511001,0.80895007
1778964591262,Accelerometer,-4.3980002,-6.60795,-0.58095
1778964591276,Accelerometer,-6.04995,-4.4380503,-2.04405
1778964591276,Accelerometer,-7.8370504,-2.5210502,-3.0370502
1778964591277,Gyroscope,-0.203775,0.0765875,0.473275
1778964591297,Accelerometer,-8.928,-0.84195006,-4.23
1778964591297,Accelerometer,-8.500051,0.56205004,-5.4700503
1778964591321,Accelerometer,-7.28595,1.1850001,-5.7120004
1778964591322,Accelerometer,-5.8350005,0.50505,-5.01
1778964591341,Accelerometer,-4.6860003,-1.4580001,-4.19805
1778964591341,Accelerometer,-3.9600003,-4.2709503,-3.5520003
1778964591362,Accelerometer,-3.1680002,-7.4689503,-2.39595
1778964591363,Accelerometer,-1.8030001,-10.23495,-0.507
1778964591363,Gyroscope,-2.0392625,-1.8803124,4.8621373
1778964591388,Accelerometer,-0.57705003,-12.16005,1.128
1778964591388,Accelerometer,0.53295004,-13.237051,1.164
1778964591403,Accelerometer,1.4950501,-13.375951,-0.14505
1778964591403,Accelerometer,2.49795,-13.10805,-2.0629501
1778964591426,Accelerometer,2.3740501,-12.67905,-2.9220002
1778964591426,Accelerometer,1.3080001,-12.354001,-1.6990501
1778964591426,Accelerometer,-0.45795003,-12.847051,0.32295
1778964591436,Accelerometer,-2.05695,-14.274001,0.76905006
1778964591436,Gyroscope,-1.0165375,-1.6556375,6.1788373
1778964591456,Accelerometer,-2.35395,-16.57905,-0.57600003
1778964591456,Accelerometer,-1.31505,-19.716002,-2.6130002
1778964591482,Accelerometer,1.15695,-22.96005,-3.6880503
1778964591482,Accelerometer,4.1020503,-24.784052,-2.5200002
1778964591501,Accelerometer,7.9999504,-24.871052,-0.67905
1778964591502,Accelerometer,10.617001,-23.33595,-0.372
1778964591516,Accelerometer,10.31295,-20.674051,-0.74595004
1778964591516,Accelerometer,9.109051,-18.52605,-0.777
1778964591517,Gyroscope,-0.87065,-0.449625,4.8877125
1778964591540,Accelerometer,8.65095,-17.809952,-0.15900001
1778964591540,Accelerometer,9.54405,-17.629951,0.025950002
1778964591561,Accelerometer,11.460001,-16.62,0.23205002
1778964591561,Accelerometer,13.954051,-14.647051,1.2210001
1778964591583,Accelerometer,16.569,-12.77505,1.7329501
1778964591583,Accelerometer,18.978,-11.458051,1.6500001
1778964591605,Accelerometer,21.652052,-10.788,1.5010501
1778964591605,Accelerometer,23.139002,-11.20905,1.164
1778964591606,Gyroscope,0.1573,0.297,-0.4577375
1778964591629,Accelerometer,21.786001,-12.61005,0.79995006
1778964591629,Accelerometer,18.53895,-15.076051,-0.33195
1778964591629,Accelerometer,11.491051,-17.41695,-6.2449503
1778964591647,Accelerometer,0.40305,-21.669,-10.054951
1778964591669,Accelerometer,-20.44395,-31.534052,2.907
1778964591669,Accelerometer,-25.45305,-24.619051,17.92095
1778964591676,Accelerometer,-11.358001,-16.692001,0.04605
1778964591676,Accelerometer,-3.8839502,-11.611051,-6.1420503
1778964591676,Gyroscope,-0.36465,2.0739124,-4.282025
1778964591697,Accelerometer,-3.45795,-8.52105,-0.99705005
1778964591697,Accelerometer,-6.9289503,-5.4490504,-0.94005007
1778964591722,Accelerometer,-1.8510001,-1.3810501,-3.52305
1778964591722,Accelerometer,6.4099503,1.20105,0.15795001
1778964591741,Accelerometer,9.384001,1.3260001,-0.717
1778964591741,Accelerometer,7.8829503,-0.47400004,-4.13595
1778964591759,Accelerometer,6.05595,-3.2340002,-5.9490004
1778964591759,Accelerometer,5.826,-8.248051,-7.5649505
1778964591759,Gyroscope,-0.254925,0.4728625,-1.18635
1778964591785,Accelerometer,3.8700001,-16.09605,-14.994
1778964591785,Accelerometer,-1.2910501,-29.041052,-14.2560005
1778964591801,Accelerometer,5.4550505,-22.077002,16.93905
1778964591802,Accelerometer,3.8410501,-14.959051,12.30405
1778964591823,Accelerometer,3.65895,-10.302,-2.1750002
1778964591823,Accelerometer,2.2470002,-7.3399506,-5.25705
1778964591827,Accelerometer,-1.96395,-6.1050005,-6.0540004
1778964591836,Accelerometer,-3.8569503,-6.28905,-7.5840006
1778964591837,Gyroscope,0.4332625,0.440825,-1.0883125
1778964591856,Accelerometer,-3.3790503,-7.11495,-6.9540005
1778964591856,Accelerometer,-1.9519501,-8.544001,-5.925
1778964591882,Accelerometer,-0.51705,-9.993,-4.2340503
1778964591882,Accelerometer,0.31995,-11.157001,-1.83105
1778964591901,Accelerometer,0.25500003,-11.604,0.031050002
1778964591902,Accelerometer,0.279,-11.299951,0.19395001
1778964591916,Accelerometer,0.52095,-10.740001,-1.23195
1778964591916,Accelerometer,1.5169501,-10.06995,-2.97705
1778964591916,Gyroscope,0.4268,-0.5339125,-0.318175
1778964591939,Accelerometer,2.9599502,-9.43995,-3.8110502
1778964591940,Accelerometer,4.0399504,-9.01395,-3.82695
1778964591963,Accelerometer,4.06605,-9.10995,-3.21195
1778964591963,Accelerometer,2.84805,-9.636001,-2.1349502
1778964591981,Accelerometer,1.32,-10.218,-1.45905
1778964591981,Accelerometer,0.13305001,-10.42605,-1.5600001
1778964592004,Accelerometer,-0.45000002,-10.174951,-2.367
1778964592004,Accelerometer,-0.43395,-9.61905,-3.2770503
1778964592004,Gyroscope,0.4684625,0.54202497,0.034375
1778964592029,Accelerometer,-0.19695,-9.153001,-3.729
1778964592029,Accelerometer,-0.097950004,-8.913,-3.7699502
1778964592030,Accelerometer,-0.132,-8.941951,-3.38895
1778964592044,Accelerometer,-0.33795002,-9.10005,-2.60595
1778964592067,Accelerometer,-0.582,-9.351001,-1.8780001
1778964592067,Accelerometer,-0.58905005,-9.529051,-1.43505
1778964592076,Accelerometer,-0.41700003,-9.579,-1.4280001
1778964592076,Accelerometer,0.09195001,-9.4810505,-1.7830501
1778964592076,Gyroscope,0.2638625,0.3876125,-0.1093125
1778964592096,Accelerometer,0.49905002,-9.46395,-2.16105
1778964592096,Accelerometer,0.81000006,-9.579,-2.7910502
1778964592121,Accelerometer,0.95205003,-9.6,-3.10905
1778964592122,Accelerometer,0.882,-9.687,-2.7550502
1778964592141,Accelerometer,0.67905,-9.79395,-2.2690501
1778964592141,Accelerometer,0.68295,-9.73005,-1.8139501
1778964592159,Accelerometer,0.80805004,-9.706051,-1.4280001
1778964592159,Accelerometer,1.014,-9.769951,-1.5769501
1778964592159,Gyroscope,0.396,0.9766625,-0.1573
1778964592183,Accelerometer,0.49905002,-9.703051,-2.0650501
1778964592183,Accelerometer,-0.52005005,-9.49995,-2.53695
1778964592201,Accelerometer,-1.7310001,-9.40905,-3.078
1778964592201,Accelerometer,-3.1609502,-9.214951,-3.7459502
1778964592222,Accelerometer,-4.9750504,-9.32505,-3.9970503
1778964592222,Accelerometer,-6.5290504,-10.149,-3.5760002
1778964592227,Accelerometer,-5.8489504,-11.0130005,-2.7880502
1778964592246,Accelerometer,-2.9020503,-11.512951,-2.2710001
1778964592246,Gyroscope,0.3991625,0.6826875,-1.3770624
1778964592256,Accelerometer,0.36495003,-11.458051,-1.368
1778964592257,Accelerometer,3.456,-11.269051,-0.44400004
1778964592282,Accelerometer,5.18205,-11.37405,-0.56205004
1778964592282,Accelerometer,5.472,-11.81295,-1.78005
1778964592301,Accelerometer,3.58995,-12.619051,-3.2359502
1778964592301,Accelerometer,1.2220501,-13.35,-4.1119504
1778964592317,Accelerometer,-0.77400005,-14.335951,-4.5100503
1778964592317,Accelerometer,-1.9300501,-15.673951,-4.1070004
1778964592317,Gyroscope,1.08735,0.7156875,-2.2281876
1778964592337,Accelerometer,-2.5210502,-16.974,-3.3319502
1778964592338,Accelerometer,-2.4160502,-17.42205,-2.01
1778964592361,Accelerometer,-1.8199501,-17.08695,-0.88500005
1778964592362,Accelerometer,-1.485,-16.69905,-0.57795
1778964592381,Accelerometer,-1.9519501,-16.90995,-0.81495005
1778964592381,Accelerometer,-3.153,-17.616001,-1.383
1778964592401,Accelerometer,-5.04495,-18.47295,-2.331
1778964592401,Accelerometer,-6.6660004,-18.65295,-2.90805
1778964592401,Gyroscope,1.08735,1.133275,-2.393325
1778964592426,Accelerometer,-6.6730504,-16.98405,-2.127
1778964592426,Accelerometer,-5.71995,-15.351001,-2.50605
1778964592426,Accelerometer,-5.301,-15.262951,-5.118
1778964592445,Accelerometer,-5.2650003,-15.649951,-7.6009502
1778964592466,Accelerometer,-4.05795,-14.91495,-9.96405
1778964592466,Accelerometer,-1.3080001,-12.922951,-11.22105
1778964592477,Accelerometer,2.56305,-10.515,-12.16905
1778964592477,Accelerometer,6.288,-7.5270004,-9.63105
1778964592477,Gyroscope,-0.573375,-0.300575,-3.033525
1778964592496,Accelerometer,7.72695,-5.7049503,-5.6610003
1778964592496,Accelerometer,8.331,-6.162,-2.6850002
1778964592521,Accelerometer,5.8000503,-7.49805,-0.078
1778964592522,Accelerometer,1.6390501,-8.178,0.54105
1778964592542,Accelerometer,-2.04495,-7.5679502,-0.17400001
1778964592542,Accelerometer,-3.65595,-5.7790504,-1.23
1778964592557,Accelerometer,-4.86495,-3.9499502,-2.32095
1778964592557,Accelerometer,-5.9760003,-2.26005,-3.1210501
1778964592557,Gyroscope,0.049775,-0.636075,0.5053125
1778964592579,Accelerometer,-6.9,-1.0390501,-3.6720002
1778964592579,Accelerometer,-7.1899505,-0.00405,-4.335
1778964592601,Accelerometer,-6.5530505,0.55995005,-4.6990504
1778964592601,Accelerometer,-5.0950503,0.23205002,-4.1269503
1778964592620,Accelerometer,-3.6870003,-1.0030501,-2.874
1778964592620,Accelerometer,-2.8180501,-2.7510002,-1.6680001
1778964592626,Accelerometer,-2.1790502,-4.7449503,-0.57105005
1778964592641,Accelerometer,-1.794,-6.8830504,0.096
1778964592641,Gyroscope,-0.876975,-1.7919,4.472325
1778964592655,Accelerometer,-1.57305,-8.899051,0.15300001
1778964592656,Accelerometer,-1.06305,-10.453051,-0.22200002
1778964592682,Accelerometer,0.006,-11.106001,-1.0500001
1778964592682,Accelerometer,1.6390501,-11.094001,-2.28495
1778964592715,Accelerometer,2.1319501,-10.76595,-3.0300002
1778964592716,Accelerometer,0.90105003,-10.797001,-2.63505
1778964592717,Accelerometer,-0.80700004,-11.602051,-1.6650001
1778964592717,Accelerometer,-2.112,-13.477051,-0.87495005
1778964592717,Gyroscope,-0.574475,-2.51735,5.9200625
1778964592741,Accelerometer,-2.69595,-16.396952,-1.0309501
1778964592741,Accelerometer,-2.25105,-19.972052,-2.661
1778964592761,Accelerometer,-0.32805002,-23.283,-4.6320004
1778964592761,Accelerometer,3.1930501,-24.763052,-5.355
1778964592781,Accelerometer,7.6270504,-24.37005,-5.2330503
1778964592781,Accelerometer,12.451051,-23.08695,-4.6750503
1778964592801,Accelerometer,15.190051,-20.55105,-3.696
1778964592801,Accelerometer,14.560051,-18.207,-2.9610002
1778964592801,Gyroscope,-0.52648747,-3.0127625,3.93965
1778964592825,Accelerometer,13.236001,-16.393051,-2.709
1778964592825,Accelerometer,12.516001,-14.908051,-3.4420502
1778964592826,Accelerometer,13.594951,-12.562051,-4.7590504
1778964592843,Accelerometer,16.36095,-10.077001,-5.36205
1778964592866,Accelerometer,20.116951,-8.734051,-4.44
1778964592866,Accelerometer,23.209951,-8.28405,-2.499
1778964592877,Accelerometer,24.384,-8.122951,-0.44400004
1778964592877,Accelerometer,21.19695,-8.908051,0.402
1778964592877,Gyroscope,-0.1463,0.8850875,-1.48885
1778964592896,Accelerometer,16.07295,-10.60095,-0.14295001
1778964592896,Accelerometer,10.758,-12.19095,-1.608
1778964592922,Accelerometer,6.1129503,-12.658051,-3.006
1778964592922,Accelerometer,2.2999501,-11.875051,-5.1109505
1778964592942,Accelerometer,-4.71,-12.21195,-4.1509504
1778964592942,Accelerometer,-22.354952,-18.160051,3.084
1778964592956,Accelerometer,-38.140053,-22.357052,21.532951
1778964592956,Accelerometer,-21.12195,-18.907051,8.85105
1778964592956,Gyroscope,0.8806875,2.5906374,-0.69107497
1778964592981,Accelerometer,-4.9830003,-14.259001,-2.05305
1778964592982,Accelerometer,0.67095006,-13.062,-4.3369503
1778964593001,Accelerometer,5.4289503,-13.05,-6.8490005
1778964593001,Accelerometer,10.902,-12.907051,-4.17705
1778964593020,Accelerometer,12.40095,-10.522051,-0.49005002
1778964593021,Accelerometer,11.863951,-8.443951,-0.78195006
1778964593031,Accelerometer,10.995001,-7.5720005,-3.2929502
1778964593043,Accelerometer,9.4800005,-7.4119506,-5.56995
1778964593043,Gyroscope,-0.220825,-1.094225,-1.6401
1778964593065,Accelerometer,7.8040504,-8.319,-6.26205
1778964593065,Accelerometer,5.2920003,-10.359,-6.5730004
1778964593124,Accelerometer,1.7080501,-12.748951,-6.4680004
1778964593124,Accelerometer,-2.5549502,-15.045001,-4.13595
1778964593124,Accelerometer,-5.169,-14.437051,1.25205
1778964593124,Accelerometer,-6.2899504,-12.220051,4.7959504
1778964593124,Accelerometer,-4.75005,-10.467001,1.8000001
1778964593125,Accelerometer,-2.8950002,-9.3490505,-1.8859501
1778964593125,Gyroscope,0.65381247,1.0406,-0.6356625
1778964593146,Accelerometer,-0.49395,-8.590051,-4.85895
1778964593146,Accelerometer,2.8600502,-8.21205,-6.5880003
1778964593161,Accelerometer,5.814,-8.544001,-5.5080004
1778964593161,Accelerometer,7.0590005,-9.76305,-2.637
1778964593181,Accelerometer,5.40495,-11.307,0.53895
1778964593181,Accelerometer,2.9650502,-11.99205,1.899
1778964593196,Accelerometer,1.047,-11.746051,1.01505
1778964593196,Accelerometer,-0.10305001,-11.05395,-0.57405
1778964593197,Gyroscope,0.268125,-0.7170625,-0.6835125
1778964593217,Accelerometer,-0.63495004,-10.35,-1.74705
1778964593218,Accelerometer,-0.69495004,-9.721951,-2.532
1778964593256,Accelerometer,-0.44805002,-9.241051,-2.97
1778964593257,Accelerometer,0.03705,-9.00195,-2.98005
1778964593270,Accelerometer,0.59505004,-9.05895,-2.5200002
1778964593271,Accelerometer,1.0900501,-9.37005,-1.797
1778964593288,Accelerometer,1.23405,-9.721951,-1.08405
1778964593289,Accelerometer,1.07805,-10.074,-1.0380001
1778964593290,Gyroscope,0.0231,0.8509875,0.02585
1778964593327,Accelerometer,1.04295,-10.17,-1.1910001
1778964593329,Accelerometer,0.906,-10.042951,-1.3300501
1778964593329,Accelerometer,0.71205,-9.78495,-1.51005
1778964593330,Accelerometer,0.55395,-9.448951,-1.725
1778964593359,Accelerometer,0.123,-9.20505,-2.0629501
1778964593400,Accelerometer,-0.40005,-9.04695,-2.47005
1778964593401,Accelerometer,-0.75000006,-8.917951,-2.77395
1778964593401,Accelerometer,-0.88905007,-8.95905,-2.62995
1778964593402,Accelerometer,-0.75195,-9.2029505,-2.25195
1778964593402,Accelerometer,-0.29205,-9.505051,-2.0770502
1778964593413,Accelerometer,0.28395,-9.688951,-1.7989501
1778964593413,Accelerometer,0.80805004,-9.900001,-1.4670001
1778964593414,Gyroscope,0.1530375,0.323675,-0.31501248
1778964593455,Accelerometer,1.0210501,-10.06995,-1.368
1778964593456,Accelerometer,0.86805004,-10.033951,-1.3759501
1778964593457,Accelerometer,0.70305,-10.012051,-1.491
1778964593457,Accelerometer,0.49395,-10.077001,-1.8040501
1778964593457,Accelerometer,0.39405003,-10.198951,-1.9530001
1778964593458,Accelerometer,0.38205,-10.222951,-1.8589501
1778964593458,Gyroscope,0.4961,-0.095975,-0.468325
1778964593493,Accelerometer,0.513,-10.390051,-1.3470001
1778964593494,Accelerometer,0.57105005,-10.70895,-0.61695004
1778964593505,Accelerometer,0.6,-10.812,-0.15495001
1778964593505,Accelerometer,0.63795,-10.60095,-0.22905001
1778964593523,Accelerometer,0.60405004,-10.338,-0.80805004
1778964593523,Accelerometer,0.42705002,-10.134001,-1.5499501
1778964593524,Gyroscope,0.6857125,0.2096875,-0.773025
1778964593537,Accelerometer,0.34800002,-10.192051,-2.3359501
1778964593537,Accelerometer,-0.027,-10.30395,-2.77095
1778964593562,Accelerometer,-0.66405004,-10.42605,-2.4460502
1778964593563,Accelerometer,-1.389,-10.728001,-1.46895
1778964593585,Accelerometer,-1.4460001,-11.21205,-0.44205
1778964593586,Accelerometer,-0.924,-11.821951,-0.25995
1778964593608,Accelerometer,-0.25905,-12.39,-0.56205004
1778964593611,Accelerometer,0.18300001,-13.041,-0.86295
1778964593611,Gyroscope,0.88275,0.022275,-1.4623125
1778964593631,Accelerometer,0.11400001,-13.780951,-1.04505
1778964593631,Accelerometer,-0.48405004,-14.401051,-1.1530501
1778964593643,Accelerometer,-1.21395,-14.7960005,-1.3399501
1778964593643,Accelerometer,-2.05005,-15.199951,-1.47105
1778964593663,Accelerometer,-2.91405,-15.768001,-1.5960001
1778964593664,Accelerometer,-3.2950501,-16.37595,-1.845
1778964593678,Accelerometer,-3.6490502,-17.04195,-2.17995
1778964593678,Accelerometer,-4.02495,-17.413052,-2.6089501
1778964593680,Gyroscope,1.3738999,0.48565,-2.1429374
1778964593698,Accelerometer,-4.3980002,-17.125051,-3.6090002
1778964593699,Accelerometer,-4.635,-16.383001,-4.65105
1778964593728,Accelerometer,-5.3710504,-16.098001,-5.60895
1778964593729,Accelerometer,-6.2590504,-16.146,-5.7379503
1778964593744,Accelerometer,-6.34005,-15.535951,-3.52095
1778964593745,Accelerometer,-4.7959504,-15.009001,-2.81205
1778964593762,Accelerometer,-3.4699502,-14.578051,-4.5930004
1778964593762,Accelerometer,-2.98305,-13.9480505,-6.8509502
1778964593763,Gyroscope,1.5646125,-1.8547375,-2.866325
1778964593784,Accelerometer,-1.8460501,-12.648001,-6.89895
1778964593785,Accelerometer,-0.75900006,-11.644951,-5.26905
1778964593809,Accelerometer,0.31995,-11.431951,-5.1319504
1778964593809,Accelerometer,3.1639502,-11.42205,-7.69605
1778964593825,Accelerometer,9.183001,-10.93605,-8.74995
1778964593826,Accelerometer,12.015,-9.43305,-5.2540503
1778964593842,Accelerometer,7.8780003,-7.86705,-1.491
1778964593843,Accelerometer,4.0620003,-7.3159504,-0.49005002
1778964593843,Gyroscope,1.312025,-3.8809376,-1.6966125
1778964593860,Accelerometer,0.48000002,-7.668,-0.70005006
1778964593861,Accelerometer,-2.11905,-7.3690505,-0.624
1778964593882,Accelerometer,-3.76395,-6.40395,-1.6510501
1778964593883,Accelerometer,-4.6330504,-5.202,-3.90405
1778964593902,Accelerometer,-4.5370502,-3.9240003,-5.61105
1778964593903,Accelerometer,-3.8089502,-2.94,-6.7579503
1778964593917,Accelerometer,-3.108,-2.631,-7.3660502
1778964593918,Accelerometer,-2.5840502,-2.607,-7.8540006
1778964593918,Gyroscope,1.8011125,-3.335475,2.21925
1778964593937,Accelerometer,-2.5140002,-2.8459501,-8.017051
1778964593938,Accelerometer,-2.505,-3.5530503,-8.316
1778964593963,Accelerometer,-2.09505,-4.50105,-8.484
1778964593963,Accelerometer,-0.924,-5.4150004,-9.018001
1778964593982,Accelerometer,1.167,-6.29895,-9.396001
1778964593983,Accelerometer,3.4440002,-6.945,-9.83205
1778964593997,Accelerometer,5.21595,-7.00995,-9.87705
1778964593997,Accelerometer,5.5579505,-6.7900505,-9.45405
1778964593998,Gyroscope,1.076625,-2.3373625,4.6459875
1778964594017,Accelerometer,4.359,-6.6790504,-8.613001
1778964594018,Accelerometer,2.3140502,-7.005,-8.368951
1778964594042,Accelerometer,0.45600003,-7.7209506,-8.56305
1778964594043,Accelerometer,-0.381,-8.808001,-9.04905
1778964594062,Accelerometer,-0.18900001,-10.158001,-9.61905
1778964594062,Accelerometer,0.46605003,-11.64,-10.122001
1778964594077,Accelerometer,1.5139501,-13.498051,-10.845
1778964594077,Accelerometer,3.042,-15.478051,-11.39805
1778964594078,Gyroscope,-0.56485,-1.4851375,6.1895623
1778964594097,Accelerometer,4.65105,-16.833,-10.356001
1778964594098,Accelerometer,6.4459505,-17.458052,-8.05095
1778964594122,Accelerometer,8.27505,-17.592001,-5.9770503
1778964594123,Accelerometer,9.477,-17.542051,-5.4100504
1778964594142,Accelerometer,10.02105,-17.544,-5.80695
1778964594142,Accelerometer,10.155001,-17.52795,-5.8219504
1778964594157,Accelerometer,10.17195,-17.383951,-5.2540503
1778964594157,Accelerometer,10.588051,-16.797,-4.227
1778964594157,Gyroscope,-0.576675,-0.19085,4.438225
1778964594177,Accelerometer,11.125051,-15.910951,-3.3340502
1778964594177,Accelerometer,11.737051,-14.614051,-3.14295
1778964594203,Accelerometer,12.604051,-12.883051,-3.6409502
1778964594203,Accelerometer,13.789051,-10.705951,-4.09305
1778964594224,Accelerometer,15.373951,-9.10995,-4.02105
1778964594225,Accelerometer,16.686,-8.52795,-2.3430002
1778964594241,Accelerometer,16.58805,-9.19095,0.42405003
1778964594241,Accelerometer,15.022051,-10.683001,2.976
1778964594242,Gyroscope,-0.9260625,-0.242,-0.9722625
1778964594259,Accelerometer,12.71895,-12.153001,3.5790002
1778964594259,Accelerometer,10.66695,-12.7560005,2.085
1778964594282,Accelerometer,9.27105,-12.363001,0.56295
1778964594283,Accelerometer,8.331,-11.587951,0.055050004
1778964594302,Accelerometer,7.5430503,-11.161051,0.52395004
1778964594303,Accelerometer,6.2239504,-11.085001,0.24705002
1778964594324,Accelerometer,1.84695,-11.214001,-3.5020502
1778964594324,Accelerometer,-18.996,-17.44095,0.42900002
1778964594325,Gyroscope,0.1956625,-4.632925,-3.304125
1778964594343,Accelerometer,-57.09495,-39.232952,16.948952
1778964594343,Accelerometer,-40.369053,-27.094952,24.65805
1778964594362,Accelerometer,-1.197,-14.116051,1.8580501
1778964594362,Accelerometer,3.9970503,-15.631051,-2.29305
1778964594384,Accelerometer,2.56005,-13.287001,-1.5480001
1778964594385,Accelerometer,9.646951,-6.7440004,-3.1639502
1778964594397,Accelerometer,16.267052,-2.8129501,-1.4310001
1778964594397,Accelerometer,15.118051,-4.17495,-5.2540503
1778964594398,Gyroscope,0.199925,-3.97045,-1.2045
1778964594417,Accelerometer,13.002001,-5.7840004,-8.661
1778964594418,Accelerometer,13.416,-6.36105,-10.498051
1778964594444,Accelerometer,11.680051,-6.61005,-8.79
1778964594445,Accelerometer,6.834,-10.098001,-4.0360503
1778964594462,Accelerometer,-3.8239503,-18.516,1.7329501
1778964594462,Accelerometer,-11.266951,-20.37405,9.11505
1778964594477,Accelerometer,-6.37095,-14.44095,3.381
1778964594477,Accelerometer,-1.365,-10.62495,-3.384
1778964594477,Gyroscope,1.2056,1.2313125,0.2102375
1778964594497,Accelerometer,1.845,-8.50605,-7.3009505
1778964594497,Accelerometer,3.6210003,-7.2640505,-8.52705
1778964594524,Accelerometer,3.6139503,-7.0360503,-5.2180505
1778964594525,Accelerometer,0.78195006,-8.48505,1.743
1778964594542,Accelerometer,-1.8390001,-10.398001,4.31895
1778964594542,Accelerometer,-2.1049502,-10.88595,-0.126
1778964594563,Accelerometer,-1.25205,-10.180051,-3.4440002
1778964594564,Accelerometer,-0.47895002,-9.330001,-4.3830004
1778964594564,Gyroscope,0.10835,-0.7852625,-0.6622
1778964594582,Accelerometer,-0.22800002,-8.99205,-4.0950003
1778964594582,Accelerometer,0.01995,-9.42105,-2.9989502
1778964594602,Accelerometer,0.3,-10.156051,-1.31805
1778964594602,Accelerometer,0.56895,-10.44795,-0.34605002
1778964594624,Accelerometer,1.1190001,-10.207951,-0.73395
1778964594625,Accelerometer,1.7299501,-9.66495,-1.8349501
1778964594637,Accelerometer,1.8900001,-9.22395,-2.838
1778964594637,Accelerometer,1.5169501,-9.052051,-3.52605
1778964594637,Gyroscope,0.165825,0.8009375,-0.20735
1778964594658,Accelerometer,0.66405004,-9.081,-3.3700502
1778964594658,Accelerometer,-0.3,-9.14805,-2.6130002
1778964594682,Accelerometer,-0.9990001,-9.229051,-1.9020001
1778964594682,Accelerometer,-1.22595,-9.379951,-1.62495
1778964594703,Accelerometer,-1.3120501,-9.387,-1.9120501
1778964594704,Accelerometer,-1.1710501,-9.379951,-2.463
1778964594717,Accelerometer,-0.58395004,-9.43305,-2.709
1778964594717,Accelerometer,-0.10095,-9.59805,-2.4720001
1778964594717,Gyroscope,-0.0664125,0.071225,-0.2371875
1778964594737,Accelerometer,0.22905001,-9.81105,-2.2020001
1778964594737,Accelerometer,0.45405003,-10.06005,-1.8930001
1778964594763,Accelerometer,0.66195005,-10.27095,-1.74195
1778964594763,Accelerometer,0.80805004,-10.299001,-1.9380001
1778964594784,Accelerometer,0.91800004,-10.158001,-2.18505
1778964594784,Accelerometer,0.74595004,-10.101001,-2.2350001
1778964594802,Accelerometer,0.42495003,-10.137,-2.01705
1778964594803,Accelerometer,0.23805001,-10.14105,-1.95
1778964594803,Gyroscope,0.2542375,0.626175,-0.3821125
1778964594820,Accelerometer,0.03195,-10.000051,-1.8070501
1778964594821,Accelerometer,-0.36405003,-9.74205,-1.58595
1778964594843,Accelerometer,-0.84300005,-9.58395,-1.7680501
1778964594843,Accelerometer,-1.1880001,-9.61695,-2.25405
1778964594862,Accelerometer,-1.3270501,-9.688951,-2.7480001
1778964594862,Accelerometer,-0.84300005,-9.74895,-3.3460503
1778964594886,Accelerometer,-0.65400004,-9.663,-3.5160003
1778964594886,Accelerometer,-0.61995006,-9.868051,-3.0349503
1778964594886,Gyroscope,0.4609,0.0243375,-1.0638375
1778964594904,Accelerometer,-0.16305001,-10.575001,-2.25405
1778964594904,Accelerometer,0.537,-10.9789505,-1.3560001
1778964594924,Accelerometer,1.3630501,-10.857,-0.81105006
1778964594924,Accelerometer,2.019,-10.61295,-0.85095006
1778964594944,Accelerometer,2.12205,-10.584001,-1.3660501
1778964594944,Accelerometer,1.67505,-10.69005,-1.67505
1778964594957,Accelerometer,0.95595,-10.864051,-1.8280501
1778964594957,Accelerometer,0.40305,-10.957951,-1.8400501
1778964594958,Gyroscope,0.8273375,0.423775,-1.4623125
1778964594977,Accelerometer,0.28095,-11.026951,-1.7730001
1778964594977,Accelerometer,0.50895,-11.173051,-1.6890001
1778964595005,Accelerometer,0.95595,-11.44095,-1.4929501
1778964595005,Accelerometer,1.26495,-11.953951,-1.2970501
1778964595024,Accelerometer,1.23405,-12.658051,-1.266
1778964595024,Accelerometer,0.78900003,-13.2300005,-1.5820501
1778964595037,Accelerometer,0.14505,-13.692,-2.118
1778964595037,Accelerometer,-0.59400004,-14.274001,-2.73795
1778964595038,Gyroscope,1.1928124,-0.2132625,-1.9171625
1778964595057,Accelerometer,-1.3050001,-15.04695,-3.2650502
1778964595057,Accelerometer,-1.6020001,-15.65295,-3.729
1778964595083,Accelerometer,-1.434,-15.946951,-4.3759503
1778964595083,Accelerometer,-2.184,-16.227001,-4.29195
1778964595102,Accelerometer,-3.0169501,-16.395,-3.9780002
1778964595102,Accelerometer,-3.8359501,-16.96005,-4.27005
1778964595118,Accelerometer,-4.35795,-17.57295,-5.10795
1778964595118,Accelerometer,-3.8500502,-16.83105,-4.9090505
1778964595118,Gyroscope,0.73039997,1.21,-2.3901625
1778964595137,Accelerometer,-2.907,-15.198001,-3.9760501
1778964595137,Accelerometer,-2.76795,-14.56095,-3.9540002
1778964595162,Accelerometer,-3.039,-14.628,-4.584
1778964595163,Accelerometer,-2.8950002,-14.485051,-6.0199504
1778964595184,Accelerometer,-1.5799501,-13.498051,-7.7899504
1778964595184,Accelerometer,0.83205,-11.997001,-9.283951
1778964595203,Accelerometer,4.31295,-10.1320505,-9.946951
1778964595204,Accelerometer,7.3060503,-8.125051,-7.2730503
1778964595204,Gyroscope,-0.2336125,-0.3196875,-2.43705
1778964595220,Accelerometer,8.23695,-7.6470003,-4.359
1778964595221,Accelerometer,5.8570504,-9.31305,-1.536
1778964595244,Accelerometer,2.42595,-9.591001,0.19605
1778964595244,Accelerometer,-1.1689501,-9.354,-0.52605003
1778964595263,Accelerometer,-3.8190002,-8.311951,-2.0680501
1778964595263,Accelerometer,-5.8060503,-6.5839505,-3.3750002
1778964595285,Accelerometer,-8.20005,-4.17705,-4.7179503
1778964595286,Accelerometer,-10.08195,-1.83105,-5.1540003
1778964595286,Gyroscope,-0.2453,-1.853775,-0.19139999
1778964595304,Accelerometer,-10.477051,-0.22905001,-5.30205
1778964595305,Accelerometer,-9.53205,0.23205002,-5.37405
1778964595322,Accelerometer,-7.7170506,-0.651,-5.2780504
1778964595322,Accelerometer,-5.57595,-2.3410501,-4.6750503
1778964595849,Accelerometer,-3.594,-4.374,-3.62595
1778964595849,Accelerometer,0.24495001,-6.426,-7.3780503
1778964595858,Accelerometer,1.1359501,-6.7180505,-6.885
1778964595863,Accelerometer,2.12505,-8.43,-4.407
1778964595864,Gyroscope,-0.623425,1.4400375,-0.8113875
1778964595888,Accelerometer,2.9239502,-10.59195,-0.29295
1778964595889,Accelerometer,2.7469501,-11.734051,2.63805
1778964595908,Accelerometer,2.63505,-11.535001,1.21395
1778964595908,Accelerometer,2.21805,-10.85505,-1.3470001
1778964595927,Accelerometer,1.179,-10.192051,-2.8530002
1778964595928,Accelerometer,-0.08895,-9.639001,-3.6790502
1778964595941,Accelerometer,-1.008,-9.271951,-4.0069504
1778964595942,Accelerometer,-1.06305,-9.13095,-3.4780502
1778964595944,Gyroscope,0.1104125,0.14795,-0.487575
1778964596138,Accelerometer,-0.22095,-9.177,-2.63505
1778964596139,Accelerometer,0.96405005,-9.32295,-2.02905
1778964596163,Accelerometer,0.786,-10.036051,-2.1990001
1778964596164,Accelerometer,0.40605003,-10.038,-2.2380002
1778964596180,Accelerometer,-0.031050002,-10.137,-2.39595
1778964596180,Accelerometer,-0.67095006,-10.465051,-2.604
1778964596198,Accelerometer,-1.30005,-10.88595,-2.53695
1778964596198,Accelerometer,-1.8649501,-11.23305,-1.9480501
1778964596199,Gyroscope,0.521675,0.68585,-1.4515874
1778964596217,Accelerometer,-1.7890501,-11.38605,-1.14795
1778964596217,Accelerometer,-1.0030501,-11.48505,-0.933
1778964596238,Accelerometer,-0.132,-11.647051,-1.419
1778964596238,Accelerometer,0.55905,-11.887051,-2.08395
1778964596259,Accelerometer,0.99705005,-12.18795,-2.56095
1778964596259,Accelerometer,1.0900501,-12.523951,-2.5900502
1778964596274,Accelerometer,0.76995003,-12.979051,-2.2380002
1778964596274,Accelerometer,0.16605,-13.479001,-1.8589501
1778964596275,Gyroscope,1.0021,0.7434625,-2.2207625
1778964596299,Accelerometer,-0.58905005,-14.118001,-2.0770502
1778964596300,Accelerometer,-1.4059501,-14.71695,-2.9250002
1778964596317,Accelerometer,-2.3059502,-15.088051,-3.7339501
1778964596317,Accelerometer,-3.3310502,-15.583051,-4.6990504
1778964596337,Accelerometer,-4.221,-16.37595,-5.8890004
1778964596338,Accelerometer,-4.70505,-16.97895,-7.0330505
1778964596352,Accelerometer,-5.1550503,-16.929,-6.7270503
1778964596352,Accelerometer,-5.4570003,-16.66605,-5.75505
1778964596353,Gyroscope,0.571725,1.3345749,-2.4880624
1778964596377,Accelerometer,-5.10195,-16.42095,-4.3900504
1778964596378,Accelerometer,-4.12995,-15.849001,-3.08295
1778964596401,Accelerometer,-4.01805,-16.54095,-3.2620502
1778964596402,Accelerometer,-3.18,-16.948051,-4.572
1778964596417,Accelerometer,-0.50295,-15.583051,-5.58195
1778964596418,Accelerometer,2.70405,-13.984051,-7.02405
1778964596435,Accelerometer,6.288,-12.114,-7.071
1778964596436,Accelerometer,9.37395,-9.967051,-3.2290502
1778964596436,Gyroscope,-0.3081375,0.45265,-2.5744126
1778964596457,Accelerometer,7.26,-9.11205,-0.028050002
1778964596458,Accelerometer,2.6920502,-9.019051,-1.1580001
1778964596479,Accelerometer,-0.201,-8.274,-1.881
1778964596479,Accelerometer,-2.7799501,-7.1410503,-2.70705
1778964596501,Accelerometer,-4.59705,-5.25495,-3.2959502
1778964596502,Accelerometer,-6.3160505,-2.97795,-3.8850002
1778964596520,Accelerometer,-7.4869504,-1.1730001,-4.0810504
1778964596520,Accelerometer,-7.5919504,-0.22005,-4.24905
1778964596521,Gyroscope,-0.9079125,-2.0167124,0.7907625
1778964596537,Accelerometer,-6.7110004,-0.26505002,-4.25805
1778964596537,Accelerometer,-5.478,-1.35195,-4.0069504
1778964596559,Accelerometer,-4.3980002,-3.07395,-3.765
1778964596559,Accelerometer,-3.25605,-4.9080005,-3.0229502
1778964596577,Accelerometer,-1.233,-6.8899503,-1.86405
1778964596577,Accelerometer,1.00905,-8.99505,0.34005
1778964596592,Accelerometer,2.877,-11.08695,2.8560002
1778964596593,Accelerometer,3.7699502,-12.220051,3.8620503
1778964596593,Gyroscope,-0.8237625,-1.5809749,4.5874124
1778964596618,Accelerometer,3.8940003,-12.150001,2.35605
1778964596618,Accelerometer,2.84805,-11.367001,0.08400001
1778964596637,Accelerometer,1.7700001,-10.486051,-1.4239501
1778964596637,Accelerometer,0.537,-9.885,-1.7920501
1778964596659,Accelerometer,-1.0030501,-9.877951,-1.4670001
1778964596659,Accelerometer,-2.49495,-10.510051,-0.96405005
1778964596674,Accelerometer,-3.69495,-11.868001,-0.67395
1778964596674,Accelerometer,-3.96705,-14.082001,-0.65505004
1778964596674,Gyroscope,-1.07415,-1.1633875,6.326925
1778964596698,Accelerometer,-3.07395,-17.259,-1.6489501
1778964596698,Accelerometer,-1.6980001,-20.920052,-1.59105
1778964596719,Accelerometer,0.753,-23.946001,-0.62895006
1778964596719,Accelerometer,4.44,-25.14105,0.08400001
1778964596737,Accelerometer,8.115001,-24.310051,-0.279
1778964596737,Accelerometer,10.650001,-22.16295,-1.1410501
1778964596752,Accelerometer,9.99705,-20.053051,-1.2750001
1778964596752,Accelerometer,8.52705,-18.54705,-0.35295
1778964596753,Gyroscope,-0.8855,-1.1826375,4.757775
1778964596777,Accelerometer,7.6480503,-18.154951,0.18195
1778964596778,Accelerometer,8.161051,-18.028051,-0.34605002
1778964596800,Accelerometer,10.36995,-17.13495,-1.107
1778964596800,Accelerometer,13.420951,-15.291,-1.4790001
1778964596820,Accelerometer,16.75605,-12.64605,-0.94905007
1778964596820,Accelerometer,20.06895,-10.09395,-0.25995
1778964596836,Accelerometer,22.035002,-8.80305,0.24195
1778964596836,Accelerometer,22.705051,-8.113951,0.51195
1778964596837,Gyroscope,0.1945625,-0.0746625,-0.3458125
1778964596857,Accelerometer,20.352001,-9.150001,-0.079950005
1778964596857,Accelerometer,16.05705,-11.431951,-1.3090501
1778964596877,Accelerometer,11.047951,-13.1959505,-2.5819502
1778964596878,Accelerometer,6.7770004,-13.321051,-3.9829502
1778964596898,Accelerometer,3.5830503,-13.081051,-6.5929503
1778964596898,Accelerometer,-3.85995,-15.157051,-7.1119504
1778964596921,Accelerometer,-18.522001,-22.203001,-5.2180505
1778964596921,Accelerometer,-22.660952,-21.913952,10.56795
1778964596922,Gyroscope,0.2308625,0.2085875,-1.480325
1778964596940,Accelerometer,-11.908951,-19.58205,4.17105
1778964596940,Accelerometer,-3.4669502,-15.768001,-3.111
1778964596957,Accelerometer,-1.044,-12.010951,-4.22205
1778964596957,Accelerometer,0.11595,-8.908051,-2.77605
1778964596977,Accelerometer,-1.01505,-5.8939505,-0.66195005
1778964596978,Accelerometer,1.09305,-3.1020002,-1.28205
1778964596992,Accelerometer,3.9829502,-1.8100501,-2.22105
1778964596992,Accelerometer,5.1010504,-2.358,-4.026
1778964596993,Gyroscope,0.3298625,-1.260325,-0.98395
1778964597020,Accelerometer,5.6200504,-4.5820503,-6.27405
1778964597020,Accelerometer,6.09705,-8.72595,-7.3009505
1778964597039,Accelerometer,6.2089505,-14.92695,-9.23295
1778964597040,Accelerometer,5.0940003,-20.448002,-8.983951
1778964597057,Accelerometer,4.191,-18.39195,1.1209501
1778964597057,Accelerometer,2.3500502,-13.49295,6.9529505
1778964597076,Accelerometer,0.81495005,-10.60095,2.9659503
1778964597076,Accelerometer,-1.10595,-9.220051,-1.44
1778964597077,Gyroscope,0.58341247,-1.0025125,-2.1503625
1778964597097,Accelerometer,-3.3949502,-7.7160006,-1.9290001
1778964597097,Accelerometer,-3.7690501,-6.5790005,-4.51695
1778964597120,Accelerometer,-1.5370501,-6.885,-5.769
1778964597120,Accelerometer,0.95400006,-8.437051,-5.7070503
1778964597145,Accelerometer,2.70195,-9.84195,-4.7710505
1778964597145,Accelerometer,3.62805,-10.872001,-2.7880502
1778964597152,Accelerometer,3.25005,-11.580001,-0.351
1778964597152,Accelerometer,1.9240501,-11.767051,1.14195
1778964597152,Gyroscope,-0.19525,0.2608375,-0.754875
1778964597180,Accelerometer,0.846,-11.458051,0.39705002
1778964597180,Accelerometer,0.45105,-10.72305,-1.4760001
1778964597200,Accelerometer,0.54495,-9.889951,-3.2359502
1778964597201,Accelerometer,0.77895004,-9.294001,-4.0669503
1778964597219,Accelerometer,0.786,-9.082951,-4.18905
1778964597219,Accelerometer,0.64005005,-9.177,-3.86595
1778964597234,Accelerometer,0.47505003,-9.3820505,-3.0949502
1778964597234,Accelerometer,0.50595003,-9.49995,-2.163
1778964597234,Gyroscope,-0.05995,0.813725,-0.350075
1778964597260,Accelerometer,0.72405005,-9.49995,-1.3420501
1778964597260,Accelerometer,0.90105003,-9.52095,-0.85605
1778964597277,Accelerometer,0.91095006,-9.604951,-1.1149501
1778964597278,Accelerometer,0.94200003,-9.694051,-2.09205
1778964597297,Accelerometer,0.94200003,-9.696,-3.2740502
1778964597297,Accelerometer,0.777,-9.615001,-4.155
1778964597312,Accelerometer,0.47805002,-9.46905,-4.4089503
1778964597312,Accelerometer,0.042000003,-9.291,-3.9400501
1778964597313,Gyroscope,0.0242,0.58575,-0.4577375
1778964597338,Accelerometer,-0.3,-9.232051,-2.9850001
1778964597338,Accelerometer,-0.46500003,-9.32295,-2.0680501
1778964597363,Accelerometer,-0.177,-9.366,-1.35195
1778964597363,Accelerometer,0.324,-9.303,-1.0669501
1778964597381,Accelerometer,0.822,-9.226951,-1.4980501
1778964597381,Accelerometer,1.2559501,-9.32505,-2.2690501
1778964597397,Accelerometer,1.5810001,-9.61005,-3.1260002
1778964597397,Accelerometer,1.677,-9.969001,-3.624
1778964597397,Gyroscope,0.17435,0.92235,-0.3075875
1778964597417,Accelerometer,1.45905,-10.29195,-3.5350502
1778964597417,Accelerometer,1.1190001,-10.359,-3.3769503
1778964597439,Accelerometer,0.68295,-10.146001,-3.5160003
1778964597439,Accelerometer,-0.11505,-9.76605,-3.55395
1778964597458,Accelerometer,-1.059,-9.523951,-3.2569501
1778964597458,Accelerometer,-1.9080001,-9.48795,-2.83395
1778964597472,Accelerometer,-2.6509502,-9.745951,-2.6209502
1778964597473,Accelerometer,-3.144,-10.210951,-2.6419501
1778964597473,Gyroscope,0.4065875,0.729575,-1.347225
1778964597498,Accelerometer,-2.493,-10.75695,-3.0679502
1778964597499,Accelerometer,-1.3410001,-11.20695,-3.5419502
1778964597517,Accelerometer,-0.08400001,-11.458051,-3.79395
1778964597518,Accelerometer,1.24395,-11.511001,-3.6120002
1778964597538,Accelerometer,2.2350001,-11.628,-3.01095
1778964597538,Accelerometer,2.7589502,-11.877001,-2.46
1778964597552,Accelerometer,2.6230502,-12.175951,-2.2039502
1778964597553,Accelerometer,2.0770502,-12.52095,-2.1319501
1778964597553,Gyroscope,0.7624375,0.997975,-1.8893875
1778964597585,Accelerometer,1.43805,-12.997951,-2.388
1778964597585,Accelerometer,0.82500005,-13.399951,-2.7120001
1778964597598,Accelerometer,0.123,-13.668,-2.60595
1778964597598,Accelerometer,-0.75000006,-14.35305,-2.5459502
1778964597617,Accelerometer,-2.02605,-15.567,-2.8579502
1778964597617,Accelerometer,-3.83295,-17.322,-3.4990501
1778964597632,Accelerometer,-5.361,-18.72495,-4.419
1778964597633,Accelerometer,-6.8929505,-19.177052,-4.91895
1778964597633,Gyroscope,1.1235125,0.695475,-2.8109124
1778964597658,Accelerometer,-8.33205,-18.41805,-3.966
1778964597659,Accelerometer,-9.655951,-16.953001,-2.39595
1778964597677,Accelerometer,-8.610001,-14.925001,-1.7040001
1778964597677,Accelerometer,-5.67,-13.489051,-2.8650002
1778964597697,Accelerometer,-4.767,-14.07705,-5.544
1778964597698,Accelerometer,-3.1680002,-15.691051,-7.8739505
1778964597713,Accelerometer,0.36705002,-16.612951,-7.2319503
1778964597713,Accelerometer,5.6059504,-16.00695,-5.5920005
1778964597713,Gyroscope,0.641025,-1.0781375,-2.3986876
1778964597738,Accelerometer,7.5690002,-14.809951,-3.8389502
1778964597738,Accelerometer,7.8829503,-13.687051,-3.4420502
1778964597759,Accelerometer,5.742,-11.968051,-1.8019501
1778964597759,Accelerometer,1.2720001,-10.495951,-1.0020001
1778964597778,Accelerometer,-1.6980001,-8.953951,-2.3860502
1778964597778,Accelerometer,-1.9300501,-6.6990004,-2.56995
1778964597794,Accelerometer,-1.9950001,-4.80705,-2.7480001
1778964597795,Accelerometer,-2.6509502,-3.49305,-3.1570501
1778964597795,Gyroscope,0.8998,-0.8853625,0.1249875
1778964597819,Accelerometer,-3.2710502,-2.2840502,-3.7080002
1778964597819,Accelerometer,-3.8260503,-1.491,-4.0360503
1778964597837,Accelerometer,-4.07805,-1.005,-4.392
1778964597838,Accelerometer,-4.2000003,-0.89505005,-4.677
1778964597859,Accelerometer,-4.42005,-1.3260001,-4.716
1778964597859,Accelerometer,-4.52295,-2.23305,-4.3710003
1778964597878,Accelerometer,-4.0680003,-3.6000001,-4.131
1778964597879,Accelerometer,-3.31395,-5.169,-3.8800502
1778964597879,Gyroscope,-0.0418,-2.1594374,4.017475
1778964597898,Accelerometer,-2.5450501,-6.91905,-3.48495
1778964597899,Accelerometer,-1.437,-8.511001,-3.2719502
1778964597924,Accelerometer,-0.075,-9.8230505,-3.4129503
1778964597924,Accelerometer,1.42305,-10.668,-4.11495
1778964597942,Accelerometer,2.8140001,-11.125051,-5.2180505
1778964597942,Accelerometer,3.8700001,-11.06295,-6.0400505
1778964597959,Accelerometer,3.6520503,-10.8810005,-6.0349503
1778964597959,Accelerometer,2.33295,-10.89105,-4.9690504
1778964597960,Gyroscope,-0.46365,-2.0315626,5.6739373
1778964597977,Accelerometer,0.46305,-11.487,-4.19805
1778964597978,Accelerometer,-0.99405,-12.688951,-4.572
1778964597998,Accelerometer,-1.23105,-14.908051,-6.15705
1778964597998,Accelerometer,-0.32595003,-18.018002,-7.9860005
1778964598018,Accelerometer,2.0650501,-20.872051,-8.319
1778964598018,Accelerometer,5.577,-22.480951,-7.071
1778964598028,Accelerometer,9.69495,-22.821001,-4.809
1778964598032,Accelerometer,12.25695,-21.838951,-2.35995
1778964598033,Gyroscope,-1.47785,0.2000625,6.26725
1778964598057,Accelerometer,11.4210005,-20.29005,-1.02405
1778964598058,Accelerometer,9.604051,-19.371,-0.52305
1778964598077,Accelerometer,8.43105,-19.35,-0.19800001
1778964598078,Accelerometer,8.710951,-19.678051,0.47895002
1778964598098,Accelerometer,9.934951,-18.796051,1.10595
1778964598098,Accelerometer,11.673,-16.704,0.86700004
1778964598101,Accelerometer,13.873051,-13.843051,-0.30105
1778964598112,Accelerometer,16.71705,-10.88805,-1.31295
1778964598113,Gyroscope,-0.5116375,0.0402875,2.28745
1778964598137,Accelerometer,19.62405,-8.50605,-0.56205004
1778964598138,Accelerometer,21.372002,-8.149051,0.66105
1778964598160,Accelerometer,20.347052,-9.556951,2.2459502
1778964598160,Accelerometer,16.77705,-12.09,3.084
1778964598179,Accelerometer,12.682951,-14.145,1.9060501
1778964598180,Accelerometer,9.35295,-14.434051,-0.18105
1778964598182,Accelerometer,7.7149506,-13.323001,-1.7520001
1778964598192,Accelerometer,7.01805,-12.265051,-2.7499502
1778964598193,Gyroscope,0.2734875,-0.6914875,-3.7003999
1778964598217,Accelerometer,6.3619504,-11.42205,-2.70195
1778964598218,Accelerometer,4.5600004,-10.43805,-2.0050502
1778964598240,Accelerometer,0.873,-9.670051,-4.68195
1778964598240,Accelerometer,-9.28695,-11.83905,-15.202051
1778964598261,Accelerometer,-33.009003,-21.43995,-11.211
1778964598261,Accelerometer,-57.171,-28.05495,27.271952
1778964598262,Accelerometer,-14.409,-19.660952,4.80795
1778964598277,Accelerometer,0.49395,-15.65505,-0.27405003
1778964598278,Gyroscope,0.10835,4.693425,-2.3698125
1778964598297,Accelerometer,1.9450501,-15.643051,-4.44
1778964598298,Accelerometer,10.64595,-10.98705,-5.4240003
1778964598319,Accelerometer,16.12095,-3.2320502,0.20595
1778964598319,Accelerometer,14.452051,-1.05495,0.76605004
1778964598338,Accelerometer,11.556001,-2.0389502,-1.6369501
1778964598338,Accelerometer,7.8210006,-5.0610003,-4.36095
1778964598342,Accelerometer,4.122,-7.3710003,-8.2570505
1778964598362,Accelerometer,-1.296,-9.883051,-8.127001
1778964598363,Gyroscope,-1.0538,0.0829125,-2.5999875
1778964598381,Accelerometer,-7.9420505,-15.643051,-6.8970003
1778964598381,Accelerometer,-10.291051,-20.26905,0.17205001
1778964598397,Accelerometer,-4.20195,-15.361051,6.01695
1778964598398,Accelerometer,-0.97005004,-10.642051,1.02195
1778964598419,Accelerometer,1.6990501,-8.133,-3.5830503
1778964598419,Accelerometer,5.7499504,-7.0579505,-6.9229503
1778964598429,Accelerometer,7.5259504,-6.50895,-6.0490503
1778964598432,Accelerometer,5.1130505,-7.2010503,-2.6089501
1778964598432,Gyroscope,-0.2921875,0.41745,-0.74745
1778964598460,Accelerometer,1.2889501,-9.397051,-0.07095
1778964598460,Accelerometer,-1.7310001,-11.764951,0.51000005
1778964598478,Accelerometer,-2.742,-12.61005,-0.68895006
1778964598479,Accelerometer,-2.08605,-11.70495,-2.63295
1778964598497,Accelerometer,-0.513,-10.074,-3.8419502
1778964598497,Accelerometer,0.79800004,-9.066,-4.23705
1778964598502,Accelerometer,1.5960001,-8.941951,-4.02105
1778964598512,Accelerometer,2.0410502,-9.165,-3.21405
1778964598513,Gyroscope,-0.0834625,0.0658625,-0.436425
1778964598537,Accelerometer,2.15805,-9.33195,-2.2399502
1778964598538,Accelerometer,2.0340002,-9.47805,-1.39995
1778964598564,Accelerometer,1.7200501,-9.71805,-1.35405
1778964598564,Accelerometer,1.22895,-10.137,-1.96905
1778964598579,Accelerometer,0.61605,-10.27995,-2.76195
1778964598580,Accelerometer,0.11100001,-9.993,-3.3030002
1778964598582,Accelerometer,-0.32805002,-9.59595,-3.4110003
1778964598597,Accelerometer,-0.9289501,-9.21,-3.2050502
1778964598597,Gyroscope,0.00605,0.2651,-0.54505
1778964598618,Accelerometer,-1.40295,-9.01395,-3.04905
1778964598618,Accelerometer,-1.36695,-9.1050005,-3.0229502
1778964598637,Accelerometer,-0.57495004,-9.346951,-3.147
1778964598638,Accelerometer,0.52995,-9.568951,-3.3289502
1778964598658,Accelerometer,1.5790501,-9.696,-3.1900501
1778964598658,Accelerometer,2.091,-9.7560005,-2.4480002
1778964598662,Accelerometer,1.9260001,-9.7890005,-1.58895
1778964598672,Accelerometer,1.4449501,-9.672001,-1.3660501
1778964598674,Gyroscope,0.082775,0.9788625,-0.486475
1778964598698,Accelerometer,0.85095006,-9.46605,-2.082
1778964598699,Accelerometer,0.384,-9.34395,-3.28905
1778964598720,Accelerometer,0.16395001,-9.342,-4.21995
1778964598720,Accelerometer,-0.28995,-9.318001,-4.1940002
1778964598738,Accelerometer,-0.64395005,-9.43995,-3.5659502
1778964598738,Accelerometer,-0.74295,-9.64095,-2.8530002
1778964598748,Accelerometer,-0.33795002,-9.868051,-2.8819501
1778964598752,Accelerometer,0.22095,-9.969001,-3.2290502
1778964598753,Gyroscope,0.38953748,0.6975375,-0.8465875
1778964598780,Accelerometer,0.82500005,-10.042951,-3.3769503
1778964598780,Accelerometer,1.2529501,-10.395,-2.9340003
1778964598797,Accelerometer,1.31595,-10.96695,-2.223
1778964598797,Accelerometer,1.22895,-11.431951,-1.7299501
1778964598819,Accelerometer,0.83400005,-11.628,-1.7920501
1778964598819,Accelerometer,0.52500004,-11.619,-2.6110501
1778964598821,Accelerometer,0.35505003,-11.677951,-3.45405
1778964598832,Accelerometer,0.27405003,-11.71905,-3.9090002
1778964598833,Gyroscope,0.7187125,0.895675,-1.6198875
1778964598860,Accelerometer,0.25500003,-11.623051,-3.8110502
1778964598860,Accelerometer,0.39600003,-11.51805,-3.41595
1778964598879,Accelerometer,0.61200005,-11.644951,-2.8650002
1778964598879,Accelerometer,0.89895004,-12.045001,-2.664
1778964598897,Accelerometer,1.11405,-12.763051,-2.8150501
1778964598897,Accelerometer,0.98505,-13.93605,-3.3289502
1778964598901,Accelerometer,0.40995002,-15.4470005,-4.026
1778964598912,Accelerometer,-0.75900006,-16.749,-4.5430503
1778964598913,Gyroscope,0.94888747,1.4049749,-2.3304875
1778964598937,Accelerometer,-2.36295,-17.37,-4.4809504
1778964598938,Accelerometer,-4.0300503,-17.616001,-4.05705
1778964598958,Accelerometer,-5.10195,-17.851051,-4.19805
1778964598958,Accelerometer,-5.87295,-17.608952,-3.75795
1778964598979,Accelerometer,-6.1270504,-16.55295,-2.53005
1778964598980,Accelerometer,-4.638,-15.366001,-2.3689501
1778964598982,Accelerometer,-2.87295,-15.241051,-3.6120002
1778964598996,Accelerometer,-1.3960501,-16.101,-4.926
1778964598996,Gyroscope,1.1075625,1.604075,-2.576475
1778964599017,Accelerometer,0.52500004,-16.951052,-5.73495
1778964599018,Accelerometer,3.0229502,-16.050001,-5.6590505
1778964599038,Accelerometer,4.806,-14.062951,-5.9269505
1778964599038,Accelerometer,5.3880005,-12.339001,-5.175
1778964599058,Accelerometer,3.93195,-10.908001,-2.04405
1778964599058,Accelerometer,1.83,-9.318001,-1.17495
1778964599062,Accelerometer,0.87000006,-8.104051,-0.93495005
1778964599079,Accelerometer,-0.65205,-7.089,-0.669
1778964599080,Gyroscope,0.6974,-0.772475,-1.3952125
1778964599097,Accelerometer,-1.8559501,-5.6400003,-0.80595005
1778964599097,Accelerometer,-2.66505,-3.9600003,-1.6339501
1778964599118,Accelerometer,-3.8929503,-2.5519502,-2.3500502
1778964599118,Accelerometer,-4.97805,-1.2919501,-2.6209502
1778964599140,Accelerometer,-5.4540005,-0.32505003,-2.9920502
1778964599140,Accelerometer,-5.14305,0.18900001,-3.3130503
1778964599142,Accelerometer,-4.4490004,-0.034950003,-3.4969501
1778964599154,Accelerometer,-3.6109502,-0.99300003,-3.1519501
1778964599155,Gyroscope,-0.5031125,-2.036925,2.62405
1778964599178,Accelerometer,-2.64105,-2.52795,-2.3410501
1778964599179,Accelerometer,-1.52295,-4.54605,-0.77205
1778964599197,Accelerometer,-0.49395,-7.0909505,1.7479501
1778964599197,Accelerometer,-0.13695,-10.161,3.8929503
1778964599219,Accelerometer,-0.34695002,-12.319951,4.1779504
1778964599219,Accelerometer,-0.055050004,-11.965951,2.286
1778964599221,Accelerometer,0.63600004,-10.39995,-1.0210501
1778964599234,Accelerometer,1.914,-9.39,-3.72705
1778964599234,Gyroscope,0.76559997,-2.005025,5.2031374
1778964599258,Accelerometer,2.8549502,-9.507001,-4.2730503
1778964599258,Accelerometer,2.4430501,-10.306951,-2.9530501
1778964599280,Accelerometer,0.71895003,-11.142,-1.404
1778964599281,Accelerometer,-0.216,-12.378,-1.8210001
1778964599297,Accelerometer,0.57600003,-14.535001,-3.6810002
1778964599298,Accelerometer,3.4420502,-17.472,-5.84595
1778964599302,Accelerometer,9.537001,-19.633951,-7.5529504
1778964599314,Accelerometer,12.489,-19.158,-5.9560504
1778964599314,Gyroscope,0.135025,-1.2890625,5.9200625
1778964599337,Accelerometer,12.111001,-17.568,-4.2990003
1778964599338,Accelerometer,10.21695,-16.03395,-4.54995
1778964599358,Accelerometer,7.9830003,-14.643001,-5.8770003
1778964599358,Accelerometer,6.14895,-13.543951,-7.1940002
1778964599382,Accelerometer,5.75895,-13.072051,-7.7869506
1778964599383,Accelerometer,7.3230004,-13.663051,-7.4400005
1778964599383,Accelerometer,11.041051,-16.024052,-7.5070505
1778964599398,Accelerometer,14.613001,-16.63005,-7.1580005
1778964599399,Gyroscope,-0.583,-0.9950875,3.240875
1778964599417,Accelerometer,17.39505,-15.330001,-4.4430003
1778964599417,Accelerometer,18.778952,-13.3279505,-1.383
1778964599437,Accelerometer,18.12795,-11.0460005,-1.3920001
1778964599438,Accelerometer,17.091002,-8.944051,-2.5560002
1778964599460,Accelerometer,14.674951,-7.2370505,-4.06395
1778964599460,Accelerometer,12.589951,-6.5140505,-4.431
1778964599462,Accelerometer,11.08905,-7.4140506,-4.0950003
1778964599472,Accelerometer,10.288951,-9.74895,-1.3249501
1778964599473,Gyroscope,-0.6128375,2.23795,-0.587675
1778964599500,Accelerometer,9.066,-14.437051,7.6639504
1778964599500,Accelerometer,6.2119503,-22.243952,15.459001
1778964599519,Accelerometer,0.78405005,-25.266,5.6340003
1778964599520,Accelerometer,-8.184,-22.91205,3.012
1778964599537,Accelerometer,-15.417001,-16.98195,3.7230003
1778964599538,Accelerometer,-14.743951,-10.453051,3.4669502
1778964599548,Accelerometer,-8.776951,-7.1370006,0.864
1778964599554,Accelerometer,-5.4469504,-5.35305,-0.72
1778964599554,Gyroscope,-0.3411375,-1.9889375,-2.5818374
1778964599580,Accelerometer,-2.9910002,-4.6660504,-2.2399502
1778964599580,Accelerometer,-0.80505,-4.7260504,-3.1230001
1778964599600,Accelerometer,1.1220001,-5.4199505,-3.3289502
1778964599600,Accelerometer,2.2710001,-7.0410004,-3.48705
1778964599617,Accelerometer,3.1900501,-9.33705,-4.605
1778964599618,Accelerometer,4.0810504,-11.51805,-6.52995
1778964599622,Accelerometer,5.29005,-12.913951,-7.0069504
1778964599634,Accelerometer,5.92395,-12.718051,-3.8250003
1778964599635,Gyroscope,-0.3177625,0.25547498,-2.2281876
1778964600433,Accelerometer,3.7860003,-11.82705,2.322
1778964600434,Accelerometer,-5.5960503,-13.80195,4.374
1778964600460,Accelerometer,-4.0350003,-15.67905,3.7849503
1778964600460,Accelerometer,-2.02095,-17.484001,3.5100002
1778964600475,Accelerometer,0.33405003,-18.976051,3.4740002
1778964600475,Accelerometer,2.8260002,-19.64895,3.28005
1778964600493,Accelerometer,5.6269503,-19.42905,3.04305
1778964600494,Accelerometer,7.8880506,-18.52605,2.8830001
1778964600494,Gyroscope,0.354475,-0.3069,4.31365
1778964600511,Accelerometer,9.075001,-17.341051,3.072
1778964600512,Accelerometer,8.44305,-15.636001,3.084
1778964600533,Accelerometer,7.6189504,-13.2630005,1.88205
1778964600533,Accelerometer,6.8509502,-11.121,-0.64500004
1778964600708,Accelerometer,7.0210505,-9.568951,-2.63295
1778964600709,Accelerometer,-9.349951,-13.345051,-0.80295
1778964600723,Accelerometer,-35.56905,-27.406052,13.153951
1778964600723,Accelerometer,-30.13095,-27.004051,12.346951
1778964600724,Gyroscope,1.3036375,3.3053625,0.3966875
1778964600745,Accelerometer,-4.55205,-15.562051,-6.3079505
1778964600745,Accelerometer,3.35805,-10.654051,-7.806
1778964600768,Accelerometer,4.37505,-10.536,-4.50495
1778964600768,Accelerometer,4.7059503,-7.9480505,-3.042
1778964600789,Accelerometer,6.4410005,-4.86,1.79595
1778964600789,Accelerometer,6.0370502,-3.114,1.5280501
1778964600805,Accelerometer,5.17005,-3.72495,-1.93305
1778964600805,Accelerometer,5.1150002,-5.93205,-5.8170004
1778964600805,Gyroscope,-0.2591875,-1.412675,-1.5602125
1778964600824,Accelerometer,5.9340005,-8.743051,-10.014001
1778964600825,Accelerometer,5.9269505,-11.401051,-10.684051
1778964600850,Accelerometer,1.4830501,-16.570051,-6.16905
1778964600850,Accelerometer,-4.83405,-18.591002,4.1059504
1778964600868,Accelerometer,-5.67,-14.259001,7.7760005
1778964600868,Accelerometer,-3.0600002,-9.65505,1.79595
1778964600885,Accelerometer,-0.735,-7.209,-3.55395
1778964600885,Accelerometer,3.0559502,-6.282,-7.6699505
1778964600885,Gyroscope,0.4758875,1.3794,-0.1115125
1778964600904,Accelerometer,5.62995,-7.005,-8.53905
1778964600905,Accelerometer,5.103,-8.734051,-5.50995
1778964602009,Accelerometer,-30.427952,-20.01795,3.21105
1778964602009,Accelerometer,-45.112053,-21.12795,26.44905
1778964602027,Accelerometer,-17.181002,-16.990952,-0.13305001
1778964602027,Accelerometer,-2.22495,-13.201051,-7.3080006
1778964602045,Accelerometer,2.39295,-13.9480505,-9.769951
1778964602045,Accelerometer,7.18095,-13.648951,-10.31805
1778964602046,Gyroscope,-1.2467124,1.319725,-2.9983249
1778964602071,Accelerometer,13.356001,-11.08695,-5.8669505
1778964602071,Accelerometer,15.367051,-8.00805,2.6860502
1778964602088,Accelerometer,11.71605,-6.2359505,3.18195
1778964602088,Accelerometer,9.097051,-4.8190503,-1.7080501
1778964602268,Accelerometer,6.1710005,-4.9009504,-4.8109503
1778964602268,Accelerometer,0.9799501,-9.33705,-2.973
1778964602283,Accelerometer,0.65505004,-9.36795,-2.26395
1778964602284,Accelerometer,0.897,-9.45405,-2.3500502
1778964602284,Gyroscope,0.0466125,0.90749997,-0.031625
1778964602311,Accelerometer,1.2529501,-9.49995,-2.7589502
1778964602311,Accelerometer,1.3660501,-9.64605,-3.21195
1778964602328,Accelerometer,1.26495,-9.80595,-3.6070502
1778964602328,Accelerometer,0.82500005,-9.801001,-3.7669501
1778964602347,Accelerometer,0.279,-9.67695,-3.2929502
1778964602347,Accelerometer,-0.45495003,-9.45705,-2.6539502
1778964602363,Accelerometer,-1.04205,-9.15495,-2.13
1778964602363,Accelerometer,-1.33605,-8.997001,-1.9789501
1778964602364,Gyroscope,-0.02805,0.55165,-0.35227498
1778964602390,Accelerometer,-1.17795,-8.94705,-2.5489502
1778964602391,Accelerometer,-0.58005005,-8.917951,-3.35295
1778964602409,Accelerometer,-0.01905,-8.96805,-3.8869503
1778964602410,Accelerometer,0.33900002,-9.106951,-3.86595
1778964602427,Accelerometer,0.37500003,-9.177,-3.2959502
1778964602427,Accelerometer,0.252,-9.033,-2.77095
1778964602443,Accelerometer,0.00795,-8.80305,-2.6590502
1778964602443,Accelerometer,-0.10305001,-9.049951,-2.9610002
1778964602443,Gyroscope,0.166925,0.51975,-0.6015625
1778964602467,Accelerometer,0.049050003,-9.81105,-3.4129503
1778964602468,Accelerometer,0.46605003,-10.55595,-3.4420502
1778964602658,Accelerometer,0.96405005,-10.642051,-2.73105
1778964602659,Accelerometer,-0.25395,-13.030951,-3.5419502
1778964602668,Accelerometer,-0.32595003,-13.548,-3.2740502
1778964602685,Accelerometer,-0.80205005,-14.595,-3.4129503
1778964602692,Accelerometer,-1.743,-15.8880005,-4.2390003
1778964602693,Accelerometer,-2.4090002,-16.87605,-5.7670503
1778964602693,Gyroscope,1.2087625,1.032075,-2.2378125
1778964602720,Accelerometer,-3.7069502,-17.635052,-6.885
1778964602720,Accelerometer,-5.42805,-17.757,-6.91095
1778964602739,Accelerometer,-7.0969505,-17.118,-5.781
1778964602740,Accelerometer,-8.1,-15.871051,-4.26795
1778964602750,Accelerometer,-6.9079504,-14.962951,-4.0020003
1778964602757,Accelerometer,-5.775,-14.764951,-4.9410005
1778964602775,Accelerometer,-4.97805,-15.32505,-5.7910504
1778964602775,Accelerometer,-3.6420002,-15.319951,-5.9890504
1778964602775,Gyroscope,0.8050625,-0.49225,-2.7245624
1778964602799,Accelerometer,-1.8970501,-14.298,-5.7070503
1778964602800,Accelerometer,-0.16800001,-13.35,-5.8120503
1778964602817,Accelerometer,1.74405,-12.504001,-5.46
1778964602818,Accelerometer,4.31295,-11.116051,-4.84005
1778964602832,Accelerometer,5.9290504,-9.936001,-4.965
1778964602840,Accelerometer,4.2169504,-9.0709505,-2.50605
1778964602852,Accelerometer,1.2049501,-7.6710005,-0.61695004
1778964602853,Accelerometer,-0.57000005,-6.4999504,-0.82995003
1778964602853,Gyroscope,0.6367625,-1.5692875,-0.6356625
1778964602880,Accelerometer,-2.301,-5.4100504,-1.5769501
1778964602881,Accelerometer,-3.89805,-4.30905,-2.02905
1778964602899,Accelerometer,-5.2840505,-3.2029502,-2.4820502
1778964602900,Accelerometer,-5.9160004,-2.1090002,-2.7810001
1778964602908,Accelerometer,-6.2130003,-1.6009501,-3.17805
1778964602918,Accelerometer,-6.0430503,-1.51995,-3.4680002
1778964602933,Accelerometer,-5.55495,-2.0629501,-3.7720501
1778964602933,Accelerometer,-4.75995,-3.08295,-3.9970503
1778964602934,Gyroscope,-0.20693749,-1.94645,3.7574625
1778964602957,Accelerometer,-3.9100502,-4.5270004,-3.9589503
1778964602958,Accelerometer,-3.0310502,-6.40395,-3.56205
1778964602979,Accelerometer,-2.02305,-8.31,-3.111
1778964602979,Accelerometer,-0.91995007,-10.078951,-2.8150501
1778964602988,Accelerometer,0.66405004,-11.5990505,-3.042
1778964603002,Accelerometer,2.232,-12.64605,-3.528
1778964603018,Accelerometer,3.2740502,-13.012051,-4.3830004
1778964603018,Accelerometer,3.2209501,-12.77295,-4.65105
1778964603019,Gyroscope,-0.2154625,-2.0433874,5.7677126
1778964603039,Accelerometer,2.70195,-12.550051,-3.8779502
1778964603039,Accelerometer,1.9069501,-13.102951,-3.21405
1778964603059,Accelerometer,1.21305,-14.379001,-3.55905
1778964603060,Accelerometer,1.38495,-16.077002,-4.7920504
1778964603069,Accelerometer,2.63895,-18.102001,-6.6480002
1778964603077,Accelerometer,5.0410504,-19.95795,-7.4710503
1778964603095,Accelerometer,8.637,-20.890951,-5.4529505
1778964603095,Accelerometer,10.732051,-20.84295,-1.4929501
1778964603096,Gyroscope,-1.082675,0.0638,6.6529374
1778964603118,Accelerometer,11.235001,-19.83105,0.87600005
1778964603119,Accelerometer,10.665001,-19.024052,-0.28395
1778964603138,Accelerometer,10.47795,-19.126951,-2.70195
1778964603138,Accelerometer,11.658001,-19.681952,-4.12395
1778964603151,Accelerometer,13.906951,-19.29,-3.006
1778964603157,Accelerometer,15.966001,-17.25,-0.69795
1778964603173,Accelerometer,17.68005,-14.109,-0.10395
1778964603173,Accelerometer,18.939001,-10.515,-1.026
1778964603173,Gyroscope,-0.4019125,-0.3207875,2.0296376
1778964603199,Accelerometer,19.911001,-7.5720005,-1.4860501
1778964603199,Accelerometer,20.85,-6.8110504,-0.83895004
1778964603220,Accelerometer,21.954,-8.905951,0.32805002
1778964603220,Accelerometer,20.698952,-12.813001,1.55595
1778964603228,Accelerometer,15.5130005,-15.23595,-1.3920001
1778964603237,Accelerometer,10.777051,-15.169051,-8.235001
1778964603253,Accelerometer,2.529,-15.421051,-12.868051
1778964603253,Accelerometer,-25.58505,-30.708002,-3.423
1778964603253,Gyroscope,0.3128125,-3.4249876,-2.9898
1778964603277,Accelerometer,-36.498,-31.56495,27.007051
1778964603278,Accelerometer,-9.831,-22.326,3.8400002
1778964603298,Accelerometer,-0.558,-15.670051,-4.4040003
1778964603299,Accelerometer,0.73095006,-11.415001,-2.50095
1778964603309,Accelerometer,2.43405,-5.8369503,-4.6320004
1778964603320,Accelerometer,5.26095,-0.92595005,-1.58595
1778964603335,Accelerometer,6.2310004,1.6129501,-1.3780501
1778964603336,Accelerometer,5.70405,1.1890501,-5.7619505
1778964603336,Gyroscope,0.4855125,-2.779425,-1.4196875
1778964603358,Accelerometer,5.2440004,-1.31895,-8.73495
1778964603358,Accelerometer,5.9599504,-4.64895,-10.917001
1778964603378,Accelerometer,5.6730003,-9.009001,-11.866951
1778964603379,Accelerometer,2.42205,-19.54095,-12.111001
1778964603391,Accelerometer,-3.5629501,-28.689001,4.269
1778964603402,Accelerometer,-0.855,-17.832,19.31895
1778964603418,Accelerometer,0.588,-10.419001,2.1670501
1778964603418,Accelerometer,1.8370501,-6.327,-3.8490002
1778964603419,Gyroscope,1.55705,0.0265375,-1.1149875
1778964603438,Accelerometer,1.7989501,-4.683,-7.8949504
1778964603439,Accelerometer,0.882,-4.6080003,-8.91705
1778964603458,Accelerometer,-0.69495004,-6.39405,-7.5000005
1778964603459,Accelerometer,-2.04705,-9.43305,-4.464
1778964603472,Accelerometer,-1.64505,-12.106951,-0.34095
1778964603484,Accelerometer,0.34095,-12.80895,1.863
1778964603500,Accelerometer,2.45295,-11.68605,0.591
1778964603501,Accelerometer,3.8920503,-9.957001,-2.2110002
1778964603501,Gyroscope,0.2979625,-0.6254875,-0.7858125
1778964603522,Accelerometer,4.1860504,-8.755051,-4.2850504
1778964603522,Accelerometer,3.4819503,-8.607,-5.0389504
1778964603538,Accelerometer,2.02905,-9.294001,-4.78305
1778964603538,Accelerometer,1.248,-9.859051,-3.6000001
1778964603551,Accelerometer,1.2390001,-10.15305,-2.3740501
1778964603559,Accelerometer,1.4760001,-10.180051,-1.81605
1778964603572,Accelerometer,1.6030501,-10.10295,-2.0340002
1778964603573,Accelerometer,1.677,-10.00695,-2.9179502
1778964603573,Gyroscope,0.219175,0.9607125,-0.0347875
1778964603600,Accelerometer,1.644,-9.97605,-3.3750002
1778964603600,Accelerometer,1.35405,-9.832951,-3.423
1778964603620,Accelerometer,0.95205003,-9.535951,-3.246
1778964603621,Accelerometer,0.44205,-9.262951,-2.9850001
1778964603636,Accelerometer,-0.3,-9.397051,-2.6520002
1778964603639,Accelerometer,-1.02495,-9.739051,-2.56995
1778964603652,Accelerometer,-1.1730001,-9.916051,-2.70405
1778964603653,Accelerometer,-0.55605,-9.74205,-3.0180001
1778964603653,Gyroscope,0.0039875,0.41635,-0.471625
1778964603678,Accelerometer,0.44400004,-9.27495,-3.423
1778964603678,Accelerometer,1.4280001,-8.805,-3.6790502
1778964603699,Accelerometer,1.96905,-8.463,-3.8440502
1778964603700,Accelerometer,1.9879501,-8.563951,-3.9280503
1778964603709,Accelerometer,1.84905,-8.95905,-3.8370001
1778964603718,Accelerometer,1.6789501,-9.32295,-3.2569501
1778964603735,Accelerometer,1.5000001,-9.495001,-2.3449502
1778964603735,Accelerometer,1.4970001,-9.636001,-1.917
1778964603735,Gyroscope,0.084975,1.05655,-0.3724875
1778964603758,Accelerometer,1.31295,-9.708,-2.3719501
1778964603758,Accelerometer,0.97800004,-9.873,-3.348
1778964603778,Accelerometer,0.966,-10.149,-4.27995
1778964603779,Accelerometer,0.57795,-10.345051,-4.38
1778964603792,Accelerometer,-0.079050004,-10.41195,-3.7339501
1778964603802,Accelerometer,-0.76605004,-10.48095,-2.532
1778964603817,Accelerometer,-0.87705004,-10.6390505,-1.764
1778964603817,Accelerometer,-0.18,-11.0130005,-1.9789501
1778964603818,Gyroscope,0.3213375,1.0011375,-1.1298375
1778964603837,Accelerometer,0.597,-11.463,-2.8459501
1778964603837,Accelerometer,1.1910001,-11.86005,-3.3700502
1778964603858,Accelerometer,1.24395,-12.16695,-3.2670002
1778964603858,Accelerometer,0.72195005,-12.74205,-3.08505
1778964603870,Accelerometer,0.18495001,-13.18395,-3.0589502
1778964603886,Accelerometer,-0.312,-13.548,-3.21705
1778964603892,Accelerometer,-0.87405,-14.01,-3.7819502
1778964603893,Accelerometer,-1.521,-14.755051,-4.263
1778964603893,Gyroscope,0.8316,0.4866125,-2.0587876
1778964603920,Accelerometer,-2.2699502,-15.04695,-4.09305
1778964603920,Accelerometer,-2.4420002,-15.271951,-4.1509504
1778964603937,Accelerometer,-3.048,-16.201052,-4.965
1778964603938,Accelerometer,-3.69495,-17.26905,-6.1330504
1778964603952,Accelerometer,-4.5610504,-18.05895,-6.5950503
1778964603957,Accelerometer,-5.5210505,-18.222,-6.03
1778964603973,Accelerometer,-7.1470504,-18.535051,-4.9960504
1778964603973,Accelerometer,-9.055051,-18.6,-2.7949502
1778964603973,Gyroscope,0.403425,1.3803625,-2.8843374
1778964604000,Accelerometer,-8.751,-17.46795,-0.31500003
1778964604000,Accelerometer,-6.64905,-16.512001,-1.488
1778964604020,Accelerometer,-6.6270003,-17.209051,-6.3910503
1778964604020,Accelerometer,-3.69195,-16.986,-8.091001
1778964604036,Accelerometer,1.3300501,-15.889951,-7.5979505
1778964604038,Accelerometer,5.17995,-14.04405,-7.0639505
1778964604053,Accelerometer,6.3619504,-12.363001,-6.76695
1778964604053,Accelerometer,5.4240003,-10.785001,-4.833
1778964604053,Gyroscope,-0.66934997,-0.923725,-3.3712249
1778964604077,Accelerometer,2.4859502,-10.017,-4.06395
1778964604078,Accelerometer,-1.9230001,-9.529051,-3.35805
1778964604100,Accelerometer,-4.05105,-8.40795,-1.24905
1778964604100,Accelerometer,-4.6789503,-6.7369504,-0.123
1778964604112,Accelerometer,-4.8559504,-5.20905,-0.31005
1778964604122,Accelerometer,-5.67495,-4.36905,-0.77895004
1778964604138,Accelerometer,-6.37095,-3.7920003,-0.65505004
1778964604139,Accelerometer,-5.76795,-3.555,-0.79905003
1778964604139,Gyroscope,-0.7992875,0.912725,2.25225
1778964604158,Accelerometer,-4.6639504,-3.519,-0.85605
1778964604158,Accelerometer,-3.66105,-3.7540503,-0.25995
1778964604180,Accelerometer,-2.6839502,-4.4220004,0.076950006
1778964604180,Accelerometer,-1.8270001,-5.53305,0.043050002
1778964604190,Accelerometer,-1.3429501,-6.7540503,0.771
1778964604203,Accelerometer,-1.26405,-8.002951,1.9110001
1778964604222,Accelerometer,-1.2409501,-9.14505,2.5789502
1778964604222,Accelerometer,-1.485,-10.28295,2.71005
1778964604223,Gyroscope,-0.8471375,-1.3668875,5.4055376
1778964604239,Accelerometer,-1.8889501,-11.382001,2.5450501
1778964604239,Accelerometer,-1.7860501,-12.142951,2.0350502
1778964604258,Accelerometer,-0.89595,-12.592951,1.4269501
1778964604258,Accelerometer,0.26205,-13.072051,1.5970501
1778964604270,Accelerometer,0.47505003,-14.062951,2.63595
1778964604279,Accelerometer,-0.13005,-15.339001,3.1339502
1778964604295,Accelerometer,-0.81195,-17.437052,1.8940501
1778964604295,Accelerometer,-0.24705002,-20.251951,0.081
1778964604296,Gyroscope,-0.019524999,-1.1750749,6.9256
1778964604318,Accelerometer,1.8589501,-22.905,-0.63600004
1778964604319,Accelerometer,7.51905,-24.41805,0.81900007
1778964604339,Accelerometer,13.138051,-24.406052,2.0329502
1778964604339,Accelerometer,15.790951,-22.270052,1.03695
1778964604355,Accelerometer,14.071951,-20.319,0.24195
1778964604357,Accelerometer,12.06795,-19.49805,-0.28395
1778964604372,Accelerometer,11.544001,-19.045052,-1.845
1778964604373,Accelerometer,13.309951,-17.080051,-3.2599502
1778964604375,Gyroscope,0.76353747,-1.516075,3.4837
1778964604398,Accelerometer,16.05195,-14.499001,-3.9900002
1778964604399,Accelerometer,18.49905,-11.67405,-4.05195
1778964604421,Accelerometer,19.76295,-9.02805,-4.1740503
1778964604422,Accelerometer,19.73895,-7.9750504,-4.1620502
1778964604438,Accelerometer,20.056952,-8.04195,-4.66305
1778964604438,Accelerometer,20.50995,-9.153001,-5.1780005
1778964604457,Accelerometer,18.56295,-10.6710005,-5.38395
1778964604457,Accelerometer,15.127951,-11.455951,-5.6520004
1778964604457,Gyroscope,0.087037496,0.61765,-2.94195
1778964604478,Accelerometer,11.706,-11.566051,-6.3120003
1778964604478,Accelerometer,8.958,-10.90305,-7.3350005
1778964604498,Accelerometer,6.0030003,-9.74205,-9.66405
1778964604499,Accelerometer,0.657,-9.861,-13.78995
1778964604512,Accelerometer,-15.77805,-17.013,-11.686951
1778964604523,Accelerometer,-50.56605,-32.259003,25.969952
1778964604540,Accelerometer,-26.24805,-24.44205,14.76
1778964604540,Accelerometer,-1.6380001,-13.005001,-2.32605
1778964604540,Gyroscope,0.27775,4.8585625,-2.0758374
1778964604824,Accelerometer,3.2050502,-10.75695,-6.04395
1778964604825,Accelerometer,4.8829503,-8.578051,-6.813
1778964604831,Accelerometer,2.043,-10.58205,-1.1149501
1778964604843,Accelerometer,1.8570001,-10.357051,-1.6800001
1778964604863,Accelerometer,1.5310501,-10.122001,-2.50095
1778964604864,Accelerometer,0.71205,-9.691051,-3.186
1778964604885,Accelerometer,-0.17505,-9.361051,-3.3679502
1778964604886,Accelerometer,-0.91695005,-9.262951,-3.0919502
1778964604886,Gyroscope,0.082775,0.4547125,-0.2883375
1778964604903,Accelerometer,-1.1590501,-9.32505,-2.769
1778964604903,Accelerometer,-1.0320001,-9.423,-2.4790502
1778964604916,Accelerometer,-0.55605,-9.571951,-2.5420501
1778964604923,Accelerometer,0.62100005,-10.137,-3.1950002
1778964604943,Accelerometer,1.9159501,-10.9459505,-3.66
1778964604944,Accelerometer,2.7499502,-11.632951,-3.7030501
1778964605149,Accelerometer,-4.15695,-15.238951,-4.737
1778964605149,Accelerometer,-5.373,-16.182001,-6.25995
1778964605149,Gyroscope,1.3409,-0.45925,-2.495625
1778964605179,Accelerometer,-6.8569503,-17.178001,-7.5790505
1778964605179,Accelerometer,-8.31795,-17.712,-7.938
1778964605193,Accelerometer,-8.731951,-17.056051,-6.9469504
1778964605193,Accelerometer,-8.101951,-15.721951,-5.8219504
1778964605213,Accelerometer,-6.4170003,-14.142,-4.53795
1778964605214,Accelerometer,-4.97805,-13.591051,-3.5500503
1778964605228,Accelerometer,-3.7570503,-14.40795,-3.7410002
1778964605228,Accelerometer,-1.14495,-15.387001,-3.2340002
1778964605229,Gyroscope,0.41195,1.6179625,-2.39965
1778964605254,Accelerometer,2.6920502,-15.648001,-2.66595
1778964605254,Accelerometer,5.29005,-14.980051,-4.0360503
1778964605274,Accelerometer,7.34595,-13.251,-4.9500003
1778964605275,Accelerometer,8.09805,-11.868001,-6.4230003
1778964605293,Accelerometer,6.0420003,-10.43805,-6.88005
1778964605293,Accelerometer,2.1319501,-9.14505,-4.998
1778964605308,Accelerometer,-1.4610001,-8.391001,-3.3769503
1778964605308,Accelerometer,-4.1350503,-7.563,-2.4169502
1778964605309,Gyroscope,0.31185,-1.7983625,-1.1544499
1778964605333,Accelerometer,-5.8660502,-6.37095,-1.6129501
1778964605334,Accelerometer,-6.7879505,-4.82595,-1.35405
1778964605357,Accelerometer,-6.25395,-3.4950001,-1.7400001
1778964605358,Accelerometer,-4.6210504,-2.844,-2.8579502
1778964605373,Accelerometer,-2.87595,-2.43,-3.8820002
1778964605373,Accelerometer,-1.15005,-2.46795,-4.1790004
1778964605389,Accelerometer,0.20895001,-2.9850001,-3.7530003
1778964605389,Accelerometer,0.549,-3.9049501,-2.63505
1778964605390,Gyroscope,-0.7162375,-1.566125,3.56895
1778964605413,Accelerometer,0.078,-4.9680004,-1.04505
1778964605413,Accelerometer,-0.69000006,-6.04995,0.10095
1778964605433,Accelerometer,-1.2379501,-7.122,0.26295
1778964605433,Accelerometer,-1.401,-7.9819503,-0.41805002
1778964606364,Accelerometer,-1.10595,-8.51805,-1.62195
1778964606364,Accelerometer,-2.22195,-15.816001,-4.644
1778964606378,Accelerometer,-3.7039502,-16.704,-5.31195
1778964606379,Accelerometer,-5.4760504,-18.069,-6.0799503
1778964606379,Gyroscope,1.42175,0.4686,-2.545675
1778964606406,Accelerometer,-5.7130504,-18.844051,-7.227
1778964606406,Accelerometer,-5.991,-18.14505,-6.6190505
1778964606423,Accelerometer,-6.9409504,-17.259,-5.24205
1778964606424,Accelerometer,-6.6990004,-16.969952,-3.32205
1778964606440,Accelerometer,-6.28305,-17.48895,-3.5710502
1778964606442,Accelerometer,-6.0430503,-17.845951,-5.6920505
1778964606458,Accelerometer,-4.281,-17.496,-8.299951
1778964606458,Accelerometer,-0.31605002,-16.44795,-11.2900505
1778964606458,Gyroscope,1.3952125,0.494175,-2.26765
1778964607601,Accelerometer,5.517,-14.0130005,-11.778001
1778964607601,Accelerometer,-5.952,-18.934952,-5.13495
1778964607619,Accelerometer,-6.85305,-19.483952,-6.1540504
1778964607620,Accelerometer,-7.4890504,-19.29405,-6.4230003
1778964607637,Accelerometer,-8.290951,-18.018002,-4.464
1778964607638,Accelerometer,-9.03405,-17.01,-2.83095
1778964607660,Accelerometer,-6.9409504,-16.201052,-2.73795
1778964607660,Accelerometer,-6.2800503,-16.636951,-4.4760003
1778964607660,Gyroscope,1.0979375,1.9215624,-2.7608626
1778964607678,Accelerometer,-5.3149505,-17.46495,-7.2769504
1778964607678,Accelerometer,-1.72905,-16.752,-8.70405
1778964607698,Accelerometer,3.4030502,-15.126,-8.41695
1778964607699,Accelerometer,7.0420504,-13.975051,-8.99205
1778964608836,Accelerometer,-5.01405,-17.431952,-5.4529505
1778964608836,Accelerometer,-6.12195,-17.88405,-6.4129505
1778964608839,Accelerometer,-7.3699503,-17.587051,-5.77605
1778964608849,Accelerometer,-8.65305,-16.720951,-4.119
1778964608849,Gyroscope,0.6004625,1.152525,-2.8919
1778964608874,Accelerometer,-9.17205,-15.859051,-2.67105
1778964608874,Accelerometer,-7.3030505,-14.961,-2.32395
1778964608896,Accelerometer,-6.97695,-15.526051,-4.6129503
1778964608896,Accelerometer,-5.196,-16.060051,-7.8349504
1778964608915,Accelerometer,-0.97005004,-15.282001,-8.323951
1778964608915,Accelerometer,3.5779502,-13.45995,-7.1460004
1778964608918,Accelerometer,5.2780504,-12.04695,-5.0869503
1778964610053,Accelerometer,-7.4149504,-15.226951,-3.7200003
1778964610054,Gyroscope,1.144825,1.638175,-2.7916625
1778964610081,Accelerometer,-6.31395,-16.29495,-6.0349503
1778964610082,Accelerometer,-3.5149503,-15.933001,-7.3969502
1778964610098,Accelerometer,0.432,-14.250001,-7.8450003
1778964610099,Accelerometer,3.11595,-12.663001,-7.182
1778964610119,Accelerometer,4.1410503,-11.170951,-5.81895
1778964610119,Accelerometer,4.0069504,-10.053,-4.91895
1778964610133,Accelerometer,2.5819502,-8.901,-5.3880005
1778964610133,Accelerometer,-0.80205005,-8.178,-4.9360504
1778964610134,Gyroscope,0.44605,-2.61855,-1.804275
1778964610158,Accelerometer,-2.6149502,-7.27995,-2.697
1778964610159,Accelerometer,-3.663,-5.98005,-1.6560001
1778964610894,Accelerometer,2.1340501,-9.708,-1.77795
1778964610895,Accelerometer,2.5200002,-10.146001,-0.60195005
1778964610922,Accelerometer,1.9480501,-10.27095,0.055050004
1778964610923,Accelerometer,1.33905,-10.10805,-0.49005002
1778964610924,Accelerometer,1.0330501,-9.74205,-1.70595
1778964610928,Accelerometer,0.86295,-9.46605,-3.0900002
1778964610928,Gyroscope,0.2404875,0.543125,-0.48014998
1778964610954,Accelerometer,0.693,-9.28905,-3.6499503
1778964610954,Accelerometer,0.45600003,-9.21195,-3.3769503
1778964610976,Accelerometer,0.22395001,-9.220051,-2.604
1778964610976,Accelerometer,0.034950003,-9.507001,-1.9720501
1778964610993,Accelerometer,-0.031050002,-9.79695,-1.8330001
1778964610994,Accelerometer,0.08505,-10.173,-1.8570001
1778964611163,Accelerometer,0.01305,-10.431001,-2.367
1778964611164,Accelerometer,-5.2819505,-18.16695,-4.4160004
1778964611166,Gyroscope,1.3184875,0.36313748,-2.6085124
1778964611190,Accelerometer,-6.1270504,-18.88005,-5.62995
1778964611190,Accelerometer,-7.3840504,-19.309052,-6.2650504
1778964611208,Accelerometer,-8.41395,-18.28395,-5.4480004
1778964611209,Accelerometer,-9.333,-16.65105,-4.21005
1778964611228,Accelerometer,-9.196051,-15.397051,-3.3649502
1778964611229,Accelerometer,-7.90395,-14.877001,-3.042
1778964611243,Accelerometer,-7.26,-15.871051,-4.43505
1778964611244,Accelerometer,-5.7990003,-16.969952,-7.48605
1778964611244,Gyroscope,1.5294125,1.0852875,-2.33475
1778964611269,Accelerometer,-1.6480501,-15.768001,-8.75205
1778964611269,Accelerometer,2.8290002,-13.761001,-8.532001
1778964611291,Accelerometer,5.2249503,-11.980051,-6.9919505
1778964611291,Accelerometer,6.1039505,-10.333051,-5.484
1778964611309,Accelerometer,5.3569503,-9.234,-4.9620004
1778964611309,Accelerometer,0.71895003,-8.77005,-4.53405
1778964611325,Accelerometer,-2.3779502,-8.001,-2.877
1778964611325,Accelerometer,-3.8839502,-6.5929503,-2.1010501
1778964611325,Gyroscope,0.69313747,-2.7560499,-0.7038625
1778964611348,Accelerometer,-4.7910004,-4.8120003,-2.02395
1778964611348,Accelerometer,-6.1150503,-3.49305,-2.3689501
1778964611368,Accelerometer,-7.3309503,-2.3479502,-2.22795
1778964611369,Accelerometer,-7.7580004,-1.52505,-2.3050501
1778964612419,Accelerometer,-8.98095,-15.4800005,-2.7949502
1778964612420,Accelerometer,-8.895,-16.986,-4.99305
1778964612436,Accelerometer,-6.9220505,-17.72595,-7.6770005
1778964612437,Accelerometer,-2.088,-16.266,-9.64305
1778964612437,Gyroscope,1.4526875,0.6474875,-2.038575
1778964612449,Accelerometer,3.45405,-14.118001,-10.47105
1778964612461,Accelerometer,6.94395,-11.3550005,-7.9530005
1778964612478,Accelerometer,7.4710503,-9.438001,-4.9120502
1778964612479,Accelerometer,4.63605,-8.97795,-3.79905
1778964612499,Accelerometer,-0.91200006,-8.785951,-3.7390501
1778964612499,Accelerometer,-4.1950502,-8.379001,-3.1279502
1778964612513,Accelerometer,-5.7460504,-6.78,-2.6899502
1778964612514,Accelerometer,-6.663,-4.4929504,-2.83095
1778964612516,Gyroscope,0.3383875,-2.6697,-0.2574
1778964613650,Accelerometer,3.8560503,-7.5150003,-4.4380503
1778964613650,Accelerometer,0.13800001,-7.2109504,-5.0869503
1778964613679,Accelerometer,-2.29605,-6.7249503,-4.06005
1778964613679,Accelerometer,-3.31905,-5.28105,-2.28795
1778964613694,Accelerometer,-4.1730003,-3.8760002,-1.47105
1778964613694,Accelerometer,-5.2050004,-2.87505,-1.45905
1778964613711,Accelerometer,-5.88,-2.0710502,-1.47105
1778964613712,Accelerometer,-5.775,-1.4269501,-2.19405
1778964613712,Gyroscope,-0.1579875,-0.1599125,2.5782626
1778964613731,Accelerometer,-5.0950503,-0.97200006,-3.7770002
1778964613732,Accelerometer,-4.4610004,-0.771,-4.5600004
1778964614870,Accelerometer,-4.21395,-1.3590001,-4.65105
1778964614870,Accelerometer,-7.1590505,-3.5070002,-1.89795
1778964614898,Accelerometer,-8.080951,-2.4150002,-1.9380001
1778964614898,Accelerometer,-8.33895,-1.7760001,-2.7499502
1778964614903,Accelerometer,-7.6789503,-1.3950001,-3.66195
1778964614904,Accelerometer,-6.4669504,-1.6680001,-4.24905
1778964614904,Gyroscope,0.07315,-1.37115,3.9524374
1778964614930,Accelerometer,-4.72905,-2.868,-4.7590504
1778964614930,Accelerometer,-2.8300502,-4.56495,-4.833
1778964614948,Accelerometer,-1.3240501,-6.40605,-4.10295
1778964614949,Accelerometer,-0.86700004,-8.205,-3.05205
1778964614968,Accelerometer,-0.75705004,-10.017,-1.9069501
1778964614969,Accelerometer,-0.40005,-11.841001,-1.335
1778964616534,Accelerometer,19.03305,-9.816001,-0.21900001
1778964616534,Accelerometer,12.682951,-8.67105,0.393
1778964616536,Gyroscope,-0.4764375,-2.0519125,-2.931225
1778964616563,Accelerometer,9.24495,-8.415,-0.957
1778964616563,Accelerometer,4.2510004,-9.00405,-3.3409503
1778964616579,Accelerometer,-4.7530503,-11.166,-2.6520002
1778964616579,Accelerometer,-13.069951,-12.739051,0.20595
1778964616599,Accelerometer,-12.012001,-12.042001,0.90300006
1778964616599,Accelerometer,-6.9270005,-10.58205,-0.31500003
1778964616613,Accelerometer,-2.01105,-10.189051,-1.8190501
1778964616613,Accelerometer,4.833,-11.19705,-3.0280502
1778964616615,Gyroscope,-0.061049998,3.0933375,-0.1029875
1778964617319,Accelerometer,10.597951,-11.73795,-1.194
1778964617320,Accelerometer,9.98505,-11.038951,1.233
1778964617334,Accelerometer,-1.389,-9.856951,1.2739501
1778964617335,Accelerometer,-1.12995,-11.722051,1.64505
1778964617360,Accelerometer,-0.97005004,-12.825001,1.7689501
1778964617361,Accelerometer,-0.48900002,-13.125001,0.67005
1778964617380,Accelerometer,-0.252,-12.865951,-0.957
1778964617380,Accelerometer,-0.63000005,-12.907051,-1.4430001
1778964617380,Gyroscope,-0.60115,-2.0252376,6.2459373
1778964617401,Accelerometer,-0.69900006,-13.681951,-0.93495005
1778964617401,Accelerometer,-0.68295,-15.399001,0.031050002
1778964617414,Accelerometer,-0.73995006,-17.713951,0.081
1778964617415,Accelerometer,-0.441,-20.57295,-1.23195
1778964618650,Accelerometer,-0.66795003,-23.724,-2.76705
1778964618650,Accelerometer,7.7650504,-28.34505,-2.01195
1778964618664,Accelerometer,11.854951,-26.788052,-0.14295001
1778964618665,Accelerometer,12.39795,-24.379951,1.60905
1778964618665,Gyroscope,-1.2029876,0.014712499,5.18925
1778964618692,Accelerometer,11.500051,-21.85605,2.09505
1778964618692,Accelerometer,10.35795,-19.25595,1.09395
1778964618697,Accelerometer,10.287001,-16.80405,-0.54195005
1778964618710,Accelerometer,12.468,-14.133,-1.9020001
1778964618731,Accelerometer,17.299051,-12.02295,-2.1660001
1778964618731,Accelerometer,23.967001,-10.98705,-0.71505004
1778964618744,Accelerometer,28.368002,-11.092051,1.21095
1778964618744,Accelerometer,29.620052,-11.06595,2.59095
1778964618744,Gyroscope,0.236225,0.0732875,-0.824175
1778964618938,Accelerometer,23.68695,-12.35595,2.1000001
1778964618944,Accelerometer,-4.0939503,-13.029,-3.6690001
1778964618964,Accelerometer,-10.5060005,-17.31705,-2.8170002
1778964618964,Accelerometer,-8.28705,-16.33995,0.915
1778964618986,Accelerometer,-2.598,-12.65505,2.09505
1778964618986,Accelerometer,0.897,-10.318951,-1.0500001
1778964618999,Accelerometer,4.1839504,-9.246,-4.5100503
1778964618999,Accelerometer,7.5790505,-8.611951,-6.4030504
1778964619000,Gyroscope,0.2564375,1.42945,-0.4129125
1778964619017,Accelerometer,8.845051,-8.04195,-4.80705
1778964619030,Accelerometer,7.2649503,-8.51595,-1.8900001
1778964619046,Accelerometer,4.677,-9.672001,-0.564
1778964619047,Accelerometer,2.391,-10.73505,-0.94905007
1778964619066,Accelerometer,0.513,-11.262,-2.127
1778964619067,Accelerometer,-1.1710501,-11.3220005,-3.255
1778964619079,Accelerometer,-2.1649501,-10.833,-3.8820002
1778964619080,Accelerometer,-2.5500002,-9.90705,-3.966
1778964619080,Gyroscope,0.251075,-0.0490875,-0.57915
1778964619097,Accelerometer,-2.6749501,-9.16005,-3.801
1778964619104,Accelerometer,-2.49705,-8.69295,-3.6360002
1778964619126,Accelerometer,-1.7550001,-8.431951,-3.38895
1778964619127,Accelerometer,-0.53895,-8.571,-3.4060502
1778964619147,Accelerometer,0.37695003,-8.985001,-2.9320502
1778964619147,Accelerometer,1.0519501,-9.576,-2.3050501
1778964619163,Accelerometer,1.3729501,-9.9210005,-1.368
1778964619164,Accelerometer,1.3420501,-9.94305,-1.08105
1778964619164,Gyroscope,0.04015,0.7827875,-0.4939
1778964619181,Accelerometer,1.3369501,-9.651,-1.5790501
1778964619183,Accelerometer,1.3590001,-9.246,-2.26395
1778964619204,Accelerometer,1.3369501,-8.899051,-2.87205
1778964619204,Accelerometer,1.2409501,-8.71905,-3.4470003
1778964619225,Accelerometer,1.2100501,-8.703,-3.3940501
1778964619225,Accelerometer,0.90105003,-8.877001,-2.9989502
1778964619248,Accelerometer,0.26205,-9.330001,-2.496
1778964619248,Accelerometer,-0.51495004,-9.912001,-2.0269501
1778964619248,Gyroscope,0.2052875,1.151425,-0.992475
1778964619265,Accelerometer,-1.15005,-10.56795,-2.2020001
1778964619265,Accelerometer,-1.401,-11.05605,-2.94105
1778964619284,Accelerometer,-1.33905,-11.307,-3.5380502
1778964619285,Accelerometer,-1.4749501,-11.27595,-3.79605
1778964619304,Accelerometer,-1.2090001,-11.19705,-3.83205
1778964619304,Accelerometer,-0.549,-11.343,-3.387
1778964619319,Accelerometer,0.18105,-11.671051,-2.6490002
1778964619319,Accelerometer,0.81000006,-12.17205,-2.05605
1778964619319,Gyroscope,0.57915,0.980925,-1.8425
1778964619338,Accelerometer,1.1190001,-12.885,-1.96695
1778964619344,Accelerometer,1.1770501,-13.540951,-2.7640502
1778964619364,Accelerometer,1.00905,-13.927051,-3.7050002
1778964619364,Accelerometer,0.513,-14.382001,-4.1530504
1778964619386,Accelerometer,-0.18,-14.803051,-4.2319503
1778964619387,Accelerometer,-0.88395005,-15.166951,-3.79605
1778964619399,Accelerometer,-1.6020001,-15.940051,-3.37995
1778964619399,Accelerometer,-2.6509502,-17.094,-3.9280503
1778964619400,Gyroscope,1.1352,1.067275,-2.6563625
1778964619418,Accelerometer,-3.8740501,-18.10695,-4.6920004
1778964619428,Accelerometer,-5.3250003,-18.98295,-5.367
1778964619446,Accelerometer,-6.129,-19.333052,-7.0590005
1778964619446,Accelerometer,-7.4560504,-19.327951,-6.9540005
1778964619464,Accelerometer,-8.884951,-18.331951,-5.1919503
1778964619464,Accelerometer,-9.45495,-16.45305,-3.183
1778964619480,Accelerometer,-7.8169503,-14.920051,-3.1669502
1778964619480,Accelerometer,-6.9580503,-14.817,-4.5480003
1778964619481,Gyroscope,1.1246125,2.7077875,-2.6852374
1778964619499,Accelerometer,-6.168,-16.285051,-7.452
1778964619499,Accelerometer,-4.2499504,-17.04405,-10.65795
1778964619526,Accelerometer,1.4089501,-14.7310505,-9.44205
1778964619526,Accelerometer,5.2710004,-12.912001,-8.04105
1778964619549,Accelerometer,7.1910005,-11.566051,-5.2590003
1778964619549,Accelerometer,7.9470005,-10.299001,-2.3740501
1778964619566,Accelerometer,2.8960502,-9.624001,-2.23005
1778964619567,Accelerometer,-1.56105,-8.382,-2.08695
1778964619568,Gyroscope,0.5344625,-2.425775,-1.733875
1778964619583,Accelerometer,-3.3400502,-6.885,-2.0629501
1778964619584,Accelerometer,-4.55205,-4.932,-2.7139502
1778964619624,Accelerometer,-6.1530004,-3.1720502,-3.4350002
1778964619624,Accelerometer,-7.662,-1.45305,-3.7750502
1778964619625,Accelerometer,-8.33205,-0.32805002,-3.8440502
1778964619625,Accelerometer,-8.02095,0.22005,-4.11
1778964619639,Accelerometer,-6.8760004,0.21495001,-4.29705
1778964619640,Accelerometer,-5.7300005,-0.99105006,-4.11495
1778964619640,Gyroscope,-0.995225,-2.6302376,3.879975
1778964619669,Accelerometer,-4.6399503,-2.9970002,-4.0480504
1778964619669,Accelerometer,-3.6990001,-5.478,-3.0970502
1778964619688,Accelerometer,-2.2410002,-7.7500505,-1.7730001
1778964619688,Accelerometer,-0.87705004,-10.06995,-0.0010500001
1778964619704,Accelerometer,0.025050001,-12.32295,1.8529501
1778964619705,Accelerometer,0.60405004,-14.07495,2.361
1778964619719,Accelerometer,1.31595,-14.812951,1.14405
1778964619720,Accelerometer,1.9570501,-14.57295,-0.93495005
1778964619720,Gyroscope,-0.406175,-1.6204375,6.380275
1778964619739,Accelerometer,1.383,-14.070001,-2.30205
1778964619739,Accelerometer,0.372,-13.855051,-1.845
1778964619764,Accelerometer,-1.0200001,-14.656951,-1.23195
1778964619765,Accelerometer,-2.3160002,-16.417051,-1.09605
1778964619784,Accelerometer,-2.5450501,-19.407001,-2.28495
1778964619785,Accelerometer,-1.49205,-23.472002,-3.9250503
1778964619799,Accelerometer,0.51105005,-27.562052,-4.29195
1778964619799,Accelerometer,5.3190002,-29.707052,-2.22795
1778964619799,Gyroscope,-0.928125,-0.13653749,7.8161874
1778964619819,Accelerometer,10.762951,-29.074951,-0.19500001
1778964619819,Accelerometer,11.922001,-26.04795,0.89295006
1778964619846,Accelerometer,10.794001,-22.857,1.2229501
1778964619846,Accelerometer,9.690001,-20.748001,0.49095002
1778964619864,Accelerometer,10.200001,-19.000051,-0.432
1778964619864,Accelerometer,12.642,-17.13705,-1.4929501
1778964619879,Accelerometer,16.425001,-14.190001,-1.0309501
1778964619879,Accelerometer,21.601952,-11.652,-0.528
1778964619879,Gyroscope,-0.3240875,-1.2986875,2.4717
1778964619899,Accelerometer,27.046051,-11.01795,0.08400001
1778964619899,Accelerometer,31.171051,-10.44495,1.422
1778964619927,Accelerometer,30.673052,-10.564951,1.3620001
1778964619927,Accelerometer,23.814001,-11.985001,0.79305005
1778964619944,Accelerometer,16.84395,-14.475,-0.186
1778964619944,Accelerometer,11.352,-16.16295,-1.5190501
1778964619960,Accelerometer,8.17695,-15.616951,-6.09705
1778964619961,Accelerometer,4.6579504,-13.483951,-14.568001
1778964619961,Gyroscope,0.671825,-1.9624,-4.4312124
1778964619979,Accelerometer,-9.32295,-15.118951,-16.015951
1778964619979,Accelerometer,-33.54795,-20.59695,13.71195
1778964620005,Accelerometer,-37.491,-19.560001,21.361052
1778964620005,Accelerometer,-12.040951,-20.475,-4.6530004
1778964620029,Accelerometer,-1.2859501,-18.028051,-7.9140005
1778964620029,Accelerometer,5.1060004,-13.471951,-7.9120502
1778964620045,Accelerometer,9.489,-11.154,-3.7200003
1778964620046,Accelerometer,12.604051,-7.0150504,1.3579501
1778964620046,Gyroscope,-0.169675,-1.30405,-2.7575624
1778964620066,Accelerometer,16.05705,-3.4330502,1.779
1778964620066,Accelerometer,15.09405,-1.70895,-2.4769502
1778964620084,Accelerometer,11.521951,-2.63595,-4.71105
1778964620084,Accelerometer,8.16495,-5.8320003,-5.2780504
1778964620104,Accelerometer,4.3900504,-10.843051,-6.5929503
1778964620105,Accelerometer,-3.8550003,-19.065,-5.5150504
1778964620119,Accelerometer,-12.687,-23.09205,3.1009502
1778964620119,Accelerometer,-6.6060004,-14.479951,7.0249505
1778964620119,Gyroscope,0.388575,-0.1876875,-0.9989375
1778964620139,Accelerometer,-2.6550002,-9.957001,-0.32505003
1778964620139,Accelerometer,-1.14495,-8.358001,-5.1270003
1778964620164,Accelerometer,1.3039501,-7.7809505,-8.035951
1778964620164,Accelerometer,4.9159503,-7.4140506,-7.66305
1778964620186,Accelerometer,7.3080006,-7.8,-4.44
1778964620186,Accelerometer,7.0999503,-9.0400505,-0.72195005
1778964620199,Accelerometer,4.959,-10.6060505,1.386
1778964620199,Accelerometer,2.283,-11.70705,0.58695
1778964620199,Gyroscope,0.132825,-0.0438625,-0.6846125
1778964620219,Accelerometer,-0.043050002,-11.899051,-1.7299501
1778964620219,Accelerometer,-1.6830001,-11.302951,-3.6859503
1778964620245,Accelerometer,-2.1409502,-10.1320505,-4.4929504
1778964620246,Accelerometer,-1.9279501,-9.10995,-4.06395
1778964620266,Accelerometer,-1.6140001,-8.587951,-3.4129503
1778964620266,Accelerometer,-0.94395006,-8.446051,-3.01605
1778964620281,Accelerometer,-0.201,-8.51595,-2.94405
1778964620281,Accelerometer,0.16605,-8.84895,-3.183
1778964620281,Gyroscope,0.0017875,1.0533875,-0.234025
1778964620299,Accelerometer,0.15,-9.27705,-3.0349503
1778964620299,Accelerometer,-0.27795002,-9.69795,-2.84295
1778964620325,Accelerometer,-0.72105,-9.96405,-2.9340003
1778964620326,Accelerometer,-0.73095006,-9.883051,-3.0540001
1778964620344,Accelerometer,-0.55095005,-9.564,-2.8150501
1778964620344,Accelerometer,-0.132,-9.339001,-2.80305
1778964620359,Accelerometer,0.53505003,-9.189,-2.70195
1778964620359,Accelerometer,1.1190001,-8.98995,-2.436
1778964620360,Gyroscope,0.014575,0.95755,-0.58025
1778964620379,Accelerometer,1.0500001,-8.932051,-2.26095
1778964620379,Accelerometer,0.63600004,-9.1380005,-2.4720001
1778964620405,Accelerometer,0.19005,-9.579,-2.98005
1778964620406,Accelerometer,-0.0049500004,-9.946951,-3.6880503
1778964620428,Accelerometer,-0.81195,-9.832951,-4.0069504
1778964620428,Accelerometer,-1.8970501,-9.835051,-3.7890003
1778964620444,Accelerometer,-2.7940502,-10.255951,-3.6979501
1778964620444,Accelerometer,-2.8930502,-10.62495,-3.6210003
1778964620444,Gyroscope,0.420475,0.65174997,-1.42505
1778964620462,Accelerometer,-1.899,-10.68,-3.9469502
1778964620462,Accelerometer,-0.43605003,-10.693951,-3.933
1778964620486,Accelerometer,1.04505,-10.86705,-3.657
1778964620486,Accelerometer,2.1990001,-11.266951,-2.8579502
1778964620506,Accelerometer,2.5510502,-11.99205,-2.1349502
1778964620506,Accelerometer,2.0959501,-12.937951,-2.11305
1778964620519,Accelerometer,1.5409501,-13.929001,-2.53395
1778964620519,Accelerometer,1.023,-14.812951,-2.97
1778964620520,Gyroscope,0.891275,1.0054,-2.0939875
1778964620539,Accelerometer,0.38700002,-15.253051,-3.0559502
1778964620540,Accelerometer,-0.22095,-15.406051,-2.6920502
1778964620564,Accelerometer,-1.011,-15.507001,-2.4460502
1778964620565,Accelerometer,-1.6500001,-15.579,-2.6110501
1778964620584,Accelerometer,-2.32305,-16.05705,-3.4510503
1778964620585,Accelerometer,-3.0550501,-16.84995,-4.3969502
1778964620599,Accelerometer,-4.056,-17.437052,-5.0940003
1778964620599,Accelerometer,-4.79295,-18.117,-6.5400004
1778964620600,Gyroscope,1.18855,0.47808748,-2.797025
1778964620619,Accelerometer,-6.73005,-19.467001,-7.9290004
1778964620619,Accelerometer,-8.205,-19.53405,-7.6249504
1778964620646,Accelerometer,-9.706051,-18.739052,-6.2410502
1778964620646,Accelerometer,-10.5400505,-17.58,-4.3710003
1778964620664,Accelerometer,-8.890051,-16.174952,-2.6089501
1778964620664,Accelerometer,-8.083051,-16.06905,-3.82695
1778964620679,Accelerometer,-8.016001,-17.496,-9.636001
1778964620679,Accelerometer,-3.5839503,-15.885001,-10.857
1778964620680,Gyroscope,1.2183875,0.79873747,-2.138675
1778964620699,Accelerometer,2.295,-13.186951,-8.965051
1778964620699,Accelerometer,5.4019504,-11.590051,-7.5859504
1778964620726,Accelerometer,6.22095,-10.342951,-5.86005
1778964620726,Accelerometer,4.5090003,-9.604951,-3.0040503
1778964620745,Accelerometer,-1.4130001,-9.426001,-1.713
1778964620745,Accelerometer,-4.36005,-8.587951,-0.41805002
1778964620763,Accelerometer,-5.8570504,-6.76095,-1.2870001
1778964620763,Accelerometer,-6.6270003,-4.347,-2.7930002
1778964620764,Gyroscope,0.3735875,-1.816375,0.324225
1778964620781,Accelerometer,-8.04705,-2.42295,-3.2980502
1778964620781,Accelerometer,-9.46905,-1.12695,-3.59295
1778964620804,Accelerometer,-10.149,-0.162,-3.6880503
1778964620805,Accelerometer,-9.8550005,0.294,-3.9229503
1778964620825,Accelerometer,-8.49495,-0.51000005,-3.42
1778964620825,Accelerometer,-7.0200005,-2.5879502,-2.9340003
1778964620848,Accelerometer,-5.4040504,-5.3479505,-2.9530501
1778964620849,Accelerometer,-3.65595,-8.18295,-2.15595
1778964620849,Gyroscope,-1.0676875,-1.617275,5.823125
1778964620866,Accelerometer,-1.26195,-10.692,-1.1509501
1778964620866,Accelerometer,0.54705,-12.72,0.453
1778964620885,Accelerometer,1.3590001,-14.274001,0.85995007
1778964620885,Accelerometer,1.71105,-15.163951,-0.49905002
1778964620906,Accelerometer,1.524,-15.5140505,-2.5849502
1778964620906,Accelerometer,0.80295,-15.49005,-2.9179502
1778964620919,Accelerometer,-0.09105001,-15.880051,-2.7859502
1778964620919,Accelerometer,-0.93405,-17.03895,-2.5780501
1778964620919,Gyroscope,-0.573375,-1.397825,7.355975
1778964620939,Accelerometer,-1.2550501,-19.050001,-3.01605
1778964620939,Accelerometer,-0.47400004,-22.14105,-4.7059503
1778964620966,Accelerometer,0.29295,-25.797,-6.3289504
1778964620966,Accelerometer,3.3030002,-28.728,-6.1540504
1778964620986,Accelerometer,8.115001,-30.111002,-4.5
1778964620986,Accelerometer,13.35105,-29.175001,-2.127
1778964620999,Accelerometer,14.42895,-26.95395,-0.36495003
1778964620999,Accelerometer,13.404,-23.350052,0.42105
1778964621000,Gyroscope,-1.114575,-0.281325,4.71515
1778964621019,Accelerometer,12.307051,-18.94305,-0.054
1778964621019,Accelerometer,13.17405,-15.00195,-1.7850001
1778964621047,Accelerometer,16.987951,-11.865001,-3.0229502
1778964621047,Accelerometer,23.649002,-10.419001,-2.805
1778964621064,Accelerometer,31.459051,-11.22105,-0.37995002
1778964621065,Accelerometer,35.586002,-10.972051,3.4069502
1778964621079,Accelerometer,31.767002,-11.04405,4.62795
1778964621080,Accelerometer,23.524052,-12.540001,2.7150002
1778964621080,Gyroscope,0.5313,1.2205875,-3.27745
1778964621100,Accelerometer,16.56705,-15.136051,-0.07305
1778964621100,Accelerometer,11.61495,-16.536001,-1.7080501
1778964621125,Accelerometer,8.10495,-15.385051,-9.030001
1778964621125,Accelerometer,1.0669501,-12.80895,-23.413952
1778964621146,Accelerometer,-36.829952,-25.641,-8.029051
1778964621146,Accelerometer,-67.48095,-24.76995,49.692
1778964621163,Accelerometer,-16.40295,-17.83905,-2.6779501
1778964621163,Accelerometer,1.00695,-15.303,-6.9949503
1778964621163,Gyroscope,0.4855125,2.8611,-2.5425124
1778964621180,Accelerometer,6.49905,-15.4129505,-7.0690503
1778964621181,Accelerometer,10.332001,-14.748001,-5.7400503
1778964621205,Accelerometer,14.395051,-10.77105,-3.2719502
1778964621206,Accelerometer,21.886051,-5.892,-2.8240502
1778964621228,Accelerometer,22.578001,-4.611,-2.877
1778964621229,Accelerometer,17.505001,-3.7350001,-3.5329502
1778964621245,Accelerometer,11.733001,-4.6990504,-1.9909501
1778964621245,Accelerometer,5.6779504,-8.925,-1.93605
1778964621246,Gyroscope,-0.9846375,0.65505,-3.5545125
1778964621263,Accelerometer,-3.3949502,-15.361051,-3.3010502
1778964621263,Accelerometer,-11.241,-19.65405,-2.53695
1778964621286,Accelerometer,-8.02305,-16.945951,1.389
1778964621286,Accelerometer,-1.47,-12.44505,1.64205
1778964621304,Accelerometer,0.57600003,-10.1320505,-2.32095
1778964621305,Accelerometer,0.88695,-9.246,-5.0560503
1778964621320,Accelerometer,1.3750501,-8.85105,-6.42495
1778964621320,Accelerometer,3.147,-8.35095,-5.7520504
1778964621321,Gyroscope,-0.09405,1.6159,-0.31075
1778964621339,Accelerometer,5.046,-8.31,-3.07095
1778964621340,Accelerometer,5.11695,-8.78205,-0.71205
1778964621364,Accelerometer,4.0090504,-9.3490505,-0.162
1778964621365,Accelerometer,2.0770502,-9.913951,-1.18605
1778964621384,Accelerometer,-0.38805002,-10.687051,-2.7550502
1778964621384,Accelerometer,-2.5810502,-11.109,-3.7699502
1778964621399,Accelerometer,-3.525,-10.804951,-3.8850002
1778964621399,Accelerometer,-3.1680002,-9.94305,-3.38895
1778964621399,Gyroscope,0.2937,0.055275,-0.3884375
1778964621419,Accelerometer,-1.8529501,-9.076051,-2.9890501
1778964621419,Accelerometer,-0.132,-8.69505,-2.9920502
1778964621447,Accelerometer,1.2870001,-8.743051,-3.1950002
1778964621447,Accelerometer,2.532,-9.033,-2.9290502
1778964621467,Accelerometer,2.5440001,-9.556951,-2.058
1778964621467,Accelerometer,1.65495,-10.000051,-0.96900004
1778964621482,Accelerometer,0.83205,-10.15305,-0.78195006
1778964621483,Accelerometer,0.42495003,-10.026,-1.7160001
1778964621483,Gyroscope,0.2937,0.8361375,-0.469425
1778964621502,Accelerometer,0.37695003,-9.78705,-3.1309502
1778964621503,Accelerometer,0.55905,-9.592951,-4.086
1778964621526,Accelerometer,0.94905007,-9.45405,-4.4160004
1778964621526,Accelerometer,0.837,-9.009001,-3.1690502
1778964621546,Accelerometer,0.17595,-8.785951,-1.08105
1778964621546,Accelerometer,-0.71895003,-9.0070505,-0.006
1778964621559,Accelerometer,-1.044,-9.427951,-1.3780501
1778964621559,Accelerometer,-0.93195003,-9.97395,-3.387
1778964621560,Gyroscope,0.5632,0.7508875,-0.95301247
1778964621579,Accelerometer,-1.1040001,-10.704,-4.419
1778964621580,Accelerometer,-1.9399501,-11.311951,-4.25295
1778964621606,Accelerometer,-3.0529501,-11.350051,-3.3630002
1778964621607,Accelerometer,-3.0649502,-11.01795,-3.0679502
1778964621626,Accelerometer,-1.6500001,-10.869,-3.4440002
1778964621626,Accelerometer,-0.07005,-11.21895,-3.3439503
1778964621639,Accelerometer,1.251,-12.03495,-2.6449502
1778964621639,Accelerometer,1.9810501,-13.204051,-1.7040001
1778964621639,Gyroscope,0.724075,0.94682497,-1.9342124
1778964621659,Accelerometer,1.9909501,-14.64,-1.3399501
1778964621660,Accelerometer,1.5790501,-15.739051,-1.8709501
1778964621687,Accelerometer,0.94005007,-16.084051,-2.7210002
1778964621687,Accelerometer,-0.120000005,-15.913951,-3.28905
1778964621706,Accelerometer,-1.3240501,-15.70995,-3.4950001
1778964621706,Accelerometer,-2.65995,-15.828001,-3.5140502
1778964621721,Accelerometer,-4.0350003,-16.639051,-4.2769504
1778964621721,Accelerometer,-5.3299503,-17.805,-5.62995
1778964621722,Gyroscope,1.49105,0.2299,-2.816275
1778964621739,Accelerometer,-5.9550004,-19.074001,-7.5600004
1778964621739,Accelerometer,-7.4560504,-19.73295,-8.059951
1778964621767,Accelerometer,-8.821051,-19.18905,-6.5400004
1778964621767,Accelerometer,-10.068001,-18.006,-4.50495
1778964621784,Accelerometer,-9.5460005,-16.71405,-3.0919502
1778964621784,Accelerometer,-7.4149504,-15.660001,-2.8650002
1778964621799,Accelerometer,-6.88605,-16.32105,-3.9420002
1778964621799,Accelerometer,-6.70905,-17.970001,-7.7970004
1778964621799,Gyroscope,2.1610875,1.521025,-2.2633874
1778964621819,Accelerometer,-3.28305,-16.855051,-11.889001
1778964621819,Accelerometer,3.0300002,-14.11095,-13.861051
1778964621844,Accelerometer,7.9930506,-11.06805,-11.283001
1778964621845,Accelerometer,10.191001,-8.748,-4.3639503
1778964621867,Accelerometer,4.41795,-8.95905,0.03795
1778964621868,Accelerometer,-0.10305001,-9.981001,0.093
1778964621883,Accelerometer,-2.7850502,-9.358951,-1.2220501
1778964621884,Accelerometer,-4.3050003,-7.0960503,-2.66895
1778964621884,Gyroscope,0.521675,-2.9860876,-0.909425
1778964621902,Accelerometer,-6.02895,-4.458,-3.8230503
1778964621902,Accelerometer,-7.971,-1.9030501,-4.07595
1778964621924,Accelerometer,-9.529051,-0.14295001,-3.9850502
1778964621925,Accelerometer,-9.706051,1.0390501,-3.765
1778964621947,Accelerometer,-8.59305,1.302,-4.1410503
1778964621947,Accelerometer,-6.9220505,0.38700002,-4.1070004
1778964621967,Accelerometer,-5.3869505,-1.4980501,-4.131
1778964621968,Accelerometer,-3.8380501,-3.52905,-3.9019501
1778964621968,Gyroscope,-1.231725,-2.1157124,4.726975
1778964621986,Accelerometer,-2.39505,-5.7070503,-2.9149501
1778964621986,Accelerometer,-0.89100003,-7.9339504,-1.59105
1778964622004,Accelerometer,0.303,-9.777,0.21795002
1778964622004,Accelerometer,1.1740501,-11.44095,2.01795
1778964622026,Accelerometer,1.7680501,-12.744,2.38695
1778964622026,Accelerometer,2.4550502,-13.479001,0.98205006
1778964622039,Accelerometer,2.32305,-13.536,-1.45905
1778964622039,Accelerometer,1.023,-12.98595,-2.53005
1778964622040,Gyroscope,-0.4934875,-1.227325,6.4761124
1778964622059,Accelerometer,-0.77595,-12.703051,-1.86405
1778964622059,Accelerometer,-2.7540002,-13.73295,-1.5190501
1778964622085,Accelerometer,-4.0939503,-15.997951,-2.13
1778964622085,Accelerometer,-4.54005,-19.504951,-3.21195
1778964622105,Accelerometer,-3.7210503,-24.322052,-4.33995
1778964622106,Accelerometer,-0.71895003,-29.041052,-4.8570004
1778964622119,Accelerometer,4.227,-30.964052,-4.43295
1778964622119,Accelerometer,10.066051,-29.548952,-3.11595
1778964622120,Gyroscope,-1.4554375,0.1181125,6.4548
1778964622139,Accelerometer,13.52805,-26.51295,-1.55805
1778964622139,Accelerometer,13.453951,-23.02905,-0.109050006
1778964622165,Accelerometer,12.55395,-19.51995,0.915
1778964622165,Accelerometer,11.689951,-17.281052,0.46905002
1778964622186,Accelerometer,12.151951,-15.112051,-0.78900003
1778964622186,Accelerometer,14.814001,-12.727051,-1.8229501
1778964622202,Accelerometer,21.247051,-11.238001,-1.9770001
1778964622202,Accelerometer,27.91995,-10.92405,-0.70995003
1778964622203,Gyroscope,0.049775,-0.1706375,1.6663625
1778964622222,Accelerometer,32.75595,-10.27995,1.7380501
1778964622223,Accelerometer,29.902052,-11.470051,3.3640501
1778964622245,Accelerometer,21.991951,-14.106001,2.1049502
1778964622245,Accelerometer,13.404,-16.00995,-2.7190502
1778964622264,Accelerometer,6.8700004,-15.265051,-8.89605
1778964622265,Accelerometer,0.43905002,-14.479951,-15.160951
1778964622288,Accelerometer,-21.81405,-24.77205,-7.0210505
1778964622288,Accelerometer,-43.792953,-32.22105,32.829002
1778964622288,Gyroscope,0.6655,-0.940775,-1.89695
1778964622306,Accelerometer,-17.392052,-24.645,7.6900506
1778964622306,Accelerometer,-1.5280501,-17.66205,-4.24905
1778964622325,Accelerometer,2.94405,-13.546051,-6.26205
1778964622325,Accelerometer,5.12505,-9.868051,-4.65105
1778964622344,Accelerometer,6.2190003,-4.00005,-4.2730503
1778964622345,Accelerometer,8.994,1.09605,-1.69395
1778964622359,Accelerometer,10.05405,1.9080001,-3.6139503
1778964622359,Accelerometer,9.456,-0.72705,-7.63395
1778964622360,Gyroscope,0.2627625,-2.6580124,-1.8799
1778964622379,Accelerometer,8.677951,-3.73005,-7.0360503
1778964622380,Accelerometer,8.509951,-9.44505,-6.3559504
1778964622404,Accelerometer,6.4890003,-18.556952,-6.8940005
1778964622404,Accelerometer,-1.7910001,-27.202951,-0.97095007
1778964622425,Accelerometer,-2.5410001,-19.924051,13.198951
1778964622426,Accelerometer,0.38205,-12.519001,5.0830503
1778964622439,Accelerometer,1.8610501,-8.784,-3.7099502
1778964622439,Accelerometer,1.38495,-6.8689504,-6.7579503
1778964622440,Gyroscope,1.009525,0.1533125,-1.530375
1778964622459,Accelerometer,0.22605,-5.6520004,-7.66305
1778964622459,Accelerometer,-0.12495001,-5.75505,-6.32205
1778964622485,Accelerometer,0.68100005,-7.209,-4.155
1778964622485,Accelerometer,2.39805,-9.265051,-1.9720501
1778964622506,Accelerometer,4.1020503,-11.406,-0.57405
1778964622506,Accelerometer,4.3819504,-12.628951,-0.21705002
1778964622521,Accelerometer,3.0250502,-12.31095,-0.98505
1778964622521,Accelerometer,1.34895,-11.281051,-2.1030002
1778964622522,Gyroscope,0.235125,-0.6744375,-0.8795875
1778964622541,Accelerometer,-0.048,-10.36905,-3.0010502
1778964622541,Accelerometer,-0.675,-9.67695,-3.7339501
1778964622564,Accelerometer,-0.36195,-9.05895,-4.203
1778964622565,Accelerometer,0.753,-8.64,-4.347
1778964622584,Accelerometer,1.7920501,-8.58495,-3.9900002
1778964622585,Accelerometer,2.02905,-8.868,-3.0660002
1778964623087,Accelerometer,1.46595,-9.28695,-2.14905
1778964623088,Accelerometer,-8.50695,-2.2690501,-4.0810504
1778964623088,Gyroscope,-0.421025,-1.2423126,4.4319
1778964623101,Accelerometer,-6.8359504,-4.3570504,-4.8499503
1778964623117,Accelerometer,-4.49895,-6.6870003,-5.0290504
1778964623129,Accelerometer,-2.14995,-8.96595,-4.479
1778964623129,Accelerometer,-0.558,-11.499001,-3.3990002
1778964623151,Accelerometer,0.28395,-14.338051,-1.3279501
1778964623151,Accelerometer,1.6200001,-16.639051,0.14595
1778964623164,Accelerometer,3.4459503,-16.623001,0.093
1778964623164,Accelerometer,4.0090504,-15.466051,-1.371
1778964623166,Gyroscope,-0.356125,-1.0206625,6.328025
1778964623181,Accelerometer,3.6330001,-14.58495,-2.5780501
1778964623196,Accelerometer,2.2729502,-14.283001,-3.1279502
1778964624285,Accelerometer,0.52995,-14.841001,-3.17805
1778964624286,Accelerometer,-2.73,-9.96405,-1.2250501
1778964624303,Accelerometer,-1.3120501,-11.904,-0.88500005
1778964624303,Accelerometer,0.20505,-13.608001,-1.1410501
1778964624320,Accelerometer,1.5310501,-14.827051,-2.094
1778964624320,Accelerometer,2.28795,-15.0060005,-2.3860502
1778964624320,Gyroscope,-0.1984125,-1.801525,6.697625
1778964624345,Accelerometer,1.31805,-15.162001,-1.146
1778964624345,Accelerometer,-0.096,-16.101,-0.60705
1778964624366,Accelerometer,-1.245,-18.094952,-1.44
1778964624366,Accelerometer,-1.23105,-21.387001,-3.348
1778964624383,Accelerometer,-1.45605,-25.486052,-5.70405
1778964624383,Accelerometer,1.9480501,-28.500002,-7.0330505
1778964625825,Accelerometer,8.21805,-29.17995,-6.33405
1778964625826,Accelerometer,19.64595,-5.964,-6.32205
1778964625826,Gyroscope,0.6334625,-3.8820374,-1.6902875
1778964625853,Accelerometer,20.626951,-5.53305,-6.05205
1778964625854,Accelerometer,16.82505,-4.833,-5.7499504
1778964625869,Accelerometer,10.65495,-5.19,-6.0199504
1778964625869,Accelerometer,1.7920501,-8.71695,-3.6810002
1778964625889,Accelerometer,-9.352051,-16.797,-0.98100007
1778964625890,Accelerometer,-10.566001,-18.39195,5.50005
1778964625904,Accelerometer,-3.8929503,-14.793001,4.1200504
1778964625904,Accelerometer,-0.01905,-11.773951,-0.897
1778964625905,Gyroscope,1.1661375,1.49435,-0.3287625
1778964627050,Accelerometer,1.8730501,-9.63405,-6.123
1778964627051,Accelerometer,2.48895,-8.35095,-8.224951
1778964627076,Accelerometer,-13.36995,-15.610051,-2.214
1778964627076,Accelerometer,-11.16195,-16.126951,2.05695
1778964627092,Accelerometer,-4.89195,-12.84195,2.01795
1778964627092,Accelerometer,-1.33605,-10.55805,-2.6130002
1778964627108,Accelerometer,1.797,-9.562051,-6.0280504
1778964627108,Accelerometer,5.6989503,-9.10995,-7.3660502
1778964627109,Gyroscope,0.2308625,1.1087999,-0.20845
1778964627129,Accelerometer,8.943001,-8.391001,-4.57695
1778964627129,Accelerometer,8.295,-8.19705,-0.23805001
1778964627152,Accelerometer,5.7900004,-9.02805,1.29795
1778964627152,Accelerometer,2.9940002,-10.321051,-0.657
1778964628275,Accelerometer,0.44595003,-11.299951,-2.9650502
1778964628276,Accelerometer,4.33005,-5.9350505,-9.38895
1778964628290,Accelerometer,4.3320003,-5.8650002,-6.90105
1778964628290,Accelerometer,2.9580002,-7.563,-3.00795
1778964628290,Gyroscope,-0.4818,0.6337375,-0.69313747
1778964628310,Accelerometer,1.6360501,-10.15305,-0.26205
1778964628310,Accelerometer,0.90105003,-12.15705,0.27795002
1778964628337,Accelerometer,0.47805002,-12.399,-1.146
1778964628338,Accelerometer,0.015000001,-11.49705,-2.59695
1778964628355,Accelerometer,-0.36900002,-10.41195,-3.6430502
1778964628355,Accelerometer,-0.38295,-9.732,-4.3879504
1778964628371,Accelerometer,0.030000001,-9.339001,-4.668
1778964628371,Accelerometer,0.813,-8.986951,-4.48605
1778964628372,Gyroscope,0.2052875,0.5707625,-0.251075
1778964629723,Accelerometer,-0.024,-9.50205,-3.5779502
1778964629723,Accelerometer,-0.86895007,-10.015051,-3.9640503
1778964629740,Accelerometer,-1.60695,-10.45995,-3.97305
1778964629741,Accelerometer,-1.91295,-10.58895,-3.7699502
1778964629752,Accelerometer,-1.38405,-10.510051,-3.5760002
1778964629766,Accelerometer,-0.64395005,-10.54395,-3.5020502
1778964629782,Accelerometer,0.16095,-10.821,-3.5140502
1778964629782,Accelerometer,0.822,-11.335951,-3.2910001
1778964629782,Gyroscope,0.4833125,1.1087999,-1.65935
1778964629802,Accelerometer,1.095,-12.186001,-2.94405
1778964629802,Accelerometer,1.12905,-13.137001,-2.90595
1778964629819,Accelerometer,1.11405,-13.930951,-3.04395
1778964629819,Accelerometer,1.1020501,-14.443951,-3.111
1778964630536,Accelerometer,0.75495005,-14.54205,-2.9580002
1778964630536,Accelerometer,17.95005,-6.5119505,-3.6139503
1778964630551,Accelerometer,12.994051,-6.8950505,-4.7710505
1778964630551,Accelerometer,7.9500003,-7.9270506,-5.841
1778964630551,Gyroscope,-0.6171,-0.199375,-3.3584375
1778964630575,Accelerometer,1.4970001,-10.42905,-6.1639504
1778964630576,Accelerometer,-7.11105,-15.102001,-3.7030501
1778964630596,Accelerometer,-10.64295,-16.91505,1.56105
1778964630596,Accelerometer,-6.22305,-13.630051,3.9240003
1778964630614,Accelerometer,-2.06205,-10.540951,0.081
1778964630615,Accelerometer,0.51105005,-9.03495,-3.3820503
1778964630630,Accelerometer,3.5730002,-8.63805,-5.0989504
1778964630630,Accelerometer,5.23995,-8.583,-3.9469502
1778964630632,Gyroscope,-0.1302125,1.5146999,-0.44494998
1778964631757,Accelerometer,-9.58695,-15.817951,1.79295
1778964631767,Accelerometer,-3.82905,-11.904,1.36695
1778964631785,Accelerometer,-0.70695,-9.648001,-1.8280501
1778964631785,Accelerometer,2.3040001,-8.71695,-4.9020004
1778964631805,Accelerometer,5.7949505,-8.319,-6.681
1778964631805,Accelerometer,8.082001,-7.8409505,-5.29005
1778964631820,Accelerometer,7.7080503,-8.290951,-2.0959501
1778964631820,Accelerometer,5.328,-9.49005,-0.022950001
1778964631820,Gyroscope,-0.171875,0.727375,-0.570625
1778964631836,Accelerometer,2.80905,-10.8,-0.21405001
1778964631849,Accelerometer,0.786,-11.494051,-1.4119501
1778964633085,Accelerometer,-0.9289501,-11.51595,-2.6160002
1778964633086,Accelerometer,-2.1690001,-10.869,-3.35805
1778964633111,Accelerometer,-0.87405,-9.406051,-3.01605
1778964633111,Accelerometer,-1.5799501,-9.7890005,-3.4660501
1778964633119,Accelerometer,-1.7479501,-9.900001,-3.2380502
1778964633120,Accelerometer,-1.5300001,-9.8880005,-2.331
1778964633122,Gyroscope,0.0199375,0.728475,-0.3746875
1778964633145,Accelerometer,-0.81195,-9.933001,-1.78005
1778964633146,Accelerometer,-0.04605,-9.856951,-1.74405
1778964633165,Accelerometer,0.79800004,-9.828,-2.16105
1778964633165,Accelerometer,1.7200501,-9.682051,-2.6250002
1778964633185,Accelerometer,2.292,-9.330001,-2.35995
1778964633185,Accelerometer,2.3089502,-9.165,-2.1420002
1778964633199,Accelerometer,1.6320001,-8.89395,-2.63295
1778964633199,Accelerometer,0.65205,-8.89605,-3.5110502
1778964633202,Gyroscope,0.462,1.12365,-1.01695
1778964633416,Accelerometer,-0.65400004,-9.26805,-3.9880502
1778964633417,Accelerometer,-9.213,-18.36795,-6.0990005
1778964633444,Accelerometer,-9.40005,-18.181051,-4.3039503
1778964633445,Accelerometer,-7.0969505,-16.765951,-2.8980002
1778964633445,Accelerometer,-6.2730002,-16.279951,-3.6739502
1778964633461,Accelerometer,-5.8279505,-16.986,-6.4540505
1778964633470,Accelerometer,-3.45495,-16.584002,-9.432
1778964633470,Accelerometer,2.0070002,-15.081,-10.720051
1778964633471,Gyroscope,0.5259375,1.3228875,-2.03225
1778964633497,Accelerometer,8.224951,-12.933001,-9.255
1778964633498,Accelerometer,12.352951,-10.003051,-1.6560001
1778964633517,Accelerometer,6.3580503,-9.4140005,2.394
1778964633517,Accelerometer,2.331,-8.712001,-0.92295
1778964633519,Accelerometer,-0.74295,-7.8499503,-2.98005
1778964633535,Accelerometer,-4.0729504,-6.3150005,-4.605
1778964633552,Accelerometer,-7.3720503,-3.9049501,-5.0790005
1778964633552,Accelerometer,-10.147051,-1.2540001,-4.668
1778964633552,Gyroscope,-0.963325,-0.82995,0.2805
1778964633577,Accelerometer,-11.98305,0.87795,-4.07595
1778964633578,Accelerometer,-12.393001,2.23305,-3.4969501
1778964633595,Accelerometer,-10.611,1.86195,-3.4630501
1778964633595,Accelerometer,-8.611951,-0.39705002,-3.4320002
1778964633599,Accelerometer,-6.7590003,-3.282,-3.6090002
1778964633615,Accelerometer,-4.8289504,-6.4450502,-2.6470501
1778964634321,Accelerometer,1.5000001,-9.50895,-2.4079502
1778964634330,Accelerometer,1.45395,-9.435,-2.4750001
1778964634330,Gyroscope,0.2745875,1.19075,-0.417175
1778964634355,Accelerometer,1.04295,-9.17895,-2.73105
1778964634356,Accelerometer,0.19695,-9.19995,-2.9680502
1778964634376,Accelerometer,-1.10595,-9.397051,-3.1879501
1778964634376,Accelerometer,-2.60805,-9.715051,-3.4440002
1778964634397,Accelerometer,-4.15395,-10.168051,-3.4369502
1778964634397,Accelerometer,-5.3179502,-10.55805,-3.28605
1778964634401,Accelerometer,-4.80105,-10.704,-2.9530501
1778964634413,Accelerometer,-2.5549502,-10.89105,-3.4510503
1778964634414,Gyroscope,0.519475,0.880825,-1.6369375
1778964635756,Accelerometer,-0.13395001,-11.05605,-3.3820503
1778964635756,Accelerometer,1.95,-11.53695,-2.4840002
1778964635763,Accelerometer,-8.6310005,-19.789951,-7.5649505
1778964635783,Accelerometer,-10.76895,-18.736952,-5.3689504
1778964635799,Accelerometer,-11.776951,-16.962,-2.7450001
1778964635799,Accelerometer,-9.405001,-15.271951,-2.7210002
1778964635815,Accelerometer,-7.6309505,-14.467951,-3.86805
1778964635815,Accelerometer,-6.912,-16.35,-7.1940002
1778964635815,Gyroscope,1.061775,2.3018875,-2.526425
1778964635835,Accelerometer,-4.104,-17.75505,-10.44705
1778964635835,Accelerometer,2.7829502,-16.435951,-10.126051
1778964635847,Accelerometer,8.200951,-14.71695,-8.826
1778964635857,Accelerometer,11.326051,-12.94305,-5.8360505
1778964636881,Accelerometer,9.231001,-11.68095,-1.66305
1778964636881,Accelerometer,-1.79595,-15.271951,-3.7170002
1778964636885,Accelerometer,-2.634,-15.442051,-3.37995
1778964636895,Accelerometer,-2.8570502,-15.078001,-3.4660501
1778964636896,Gyroscope,1.0126874,0.8669375,-2.139775
1778964636921,Accelerometer,-2.667,-14.58705,-4.07205
1778964636921,Accelerometer,-2.35095,-14.547001,-4.7200503
1778964636940,Accelerometer,-2.60805,-15.114,-4.9669504
1778964636940,Accelerometer,-3.3430502,-15.958951,-4.98105
1778964636960,Accelerometer,-4.36005,-16.560001,-4.2010503
1778964636960,Accelerometer,-5.56395,-16.56705,-3.18105
1778964636965,Accelerometer,-6.6510005,-16.239,-3.3030002
1778964636975,Accelerometer,-7.4749503,-15.595051,-3.969
1778964636976,Gyroscope,1.0074625,1.276,-2.949375
1778964637156,Accelerometer,-8.080951,-15.076051,-4.27995
1778964637156,Accelerometer,-7.1350503,-0.354,-3.5970001
1778964637183,Accelerometer,-6.405,-0.24900001,-3.7870502
1778964637184,Accelerometer,-5.3370004,-0.91395,-3.6670501
1778964637199,Accelerometer,-3.936,-2.12295,-3.5659502
1778964637199,Accelerometer,-2.5860002,-3.65595,-3.2650502
1778964637206,Accelerometer,-1.56105,-5.3479505,-2.7210002
1778964637216,Accelerometer,-0.855,-7.0789504,-2.25
1778964637216,Gyroscope,-0.36245,-1.3541,5.1242123
1778964637235,Accelerometer,-0.333,-8.734051,-1.713
1778964637235,Accelerometer,0.47505003,-10.134001,-1.7350501
1778964637257,Accelerometer,1.70595,-11.34105,-2.56995
1778964637257,Accelerometer,3.00795,-12.085951,-4.182
1778964637276,Accelerometer,3.0349503,-11.92695,-5.0149503
1778964637276,Accelerometer,1.8210001,-11.21205,-4.26795
1778964637288,Accelerometer,-0.06705,-11.226001,-3.5140502
1778964637289,Accelerometer,-1.56105,-12.483001,-3.6169503
1778964637289,Gyroscope,-0.97295,-1.23805,6.5559998
1778964637316,Accelerometer,-2.5530002,-14.901001,-4.04505
1778964637316,Accelerometer,-2.90895,-17.95395,-4.23705
1778964637335,Accelerometer,-2.16195,-21.636002,-5.0790005
1778964637336,Accelerometer,0.04695,-25.294052,-5.75505
1778964638006,Accelerometer,4.2510004,-27.516,-4.1790004
1778964638006,Accelerometer,9.634951,-27.739052,-0.68100005
1778964638021,Accelerometer,-0.24195,-11.544001,-3.6090002
1778964638021,Accelerometer,1.5120001,-11.803051,-2.6569502
1778964638021,Gyroscope,0.40974998,1.1567875,-1.720125
1778964638046,Accelerometer,2.62995,-12.294001,-1.69395
1778964638046,Accelerometer,2.7109501,-12.84405,-1.5000001
1778964638065,Accelerometer,2.0050502,-13.369051,-2.13
1778964638065,Accelerometer,1.023,-13.849951,-3.01605
1778964638085,Accelerometer,0.126,-14.23305,-3.7080002
1778964638086,Accelerometer,-0.58005005,-14.56095,-4.04295
1778964638102,Accelerometer,-1.14195,-14.788951,-3.9160502
1778964638102,Accelerometer,-1.60695,-15.231001,-4.04505
1778964638102,Gyroscope,0.9967375,1.0767624,-2.458225
1778964639241,Accelerometer,-2.052,-15.871051,-4.3489504
1778964639241,Accelerometer,2.0740502,-13.672951,-1.2199501
1778964639266,Accelerometer,2.628,-13.644001,-1.1359501
1778964639267,Accelerometer,2.0700002,-13.62495,-1.95
1778964639283,Accelerometer,0.91800004,-13.893001,-2.8240502
1778964639283,Accelerometer,-0.264,-14.286,-3.3289502
1778964639289,Accelerometer,-1.248,-14.590051,-3.3270001
1778964639300,Accelerometer,-1.9950001,-14.932051,-3.1020002
1778964639300,Gyroscope,0.98614997,0.8243125,-2.326225
1778964639320,Accelerometer,-2.5740001,-15.516001,-3.3030002
1778964639321,Accelerometer,-3.2730002,-16.126951,-3.9570003
1778964639340,Accelerometer,-3.5680501,-16.69005,-5.367
1778964639340,Accelerometer,-5.0620503,-17.724,-6.5850005
1778964640573,Accelerometer,-7.2330003,-18.91905,-7.4880004
1778964640573,Accelerometer,-7.8460503,-15.706051,-3.28905
1778964640590,Accelerometer,-7.9110003,-17.86005,-7.2030005
1778964640590,Accelerometer,-3.8140502,-17.17305,-8.89305
1778964640591,Gyroscope,1.582625,1.0300125,-2.03225
1778964640616,Accelerometer,1.9570501,-15.439951,-9.102
1778964640616,Accelerometer,6.98505,-13.467001,-8.22105
1778964640635,Accelerometer,8.39805,-10.977,-7.4280005
1778964640636,Accelerometer,7.8420005,-8.96805,-5.02395
1778964640652,Accelerometer,2.59395,-8.262,-4.81395
1778964640652,Accelerometer,-1.3549501,-8.63805,-2.8909502
1778964640670,Accelerometer,-3.8260503,-7.872,-1.3470001
1778964640671,Accelerometer,-5.1220503,-5.9490004,-0.99705005
1778964640673,Gyroscope,0.5515125,-2.035825,-0.2127125
1778964640846,Accelerometer,-0.57495004,-13.27095,-4.287
1778964640847,Accelerometer,-2.1379502,-14.190001,-3.4710002
1778964640872,Accelerometer,-3.3400502,-16.171951,-3.2380502
1778964640872,Accelerometer,-3.7999501,-19.31805,-4.26105
1778964640888,Accelerometer,-3.28005,-23.854952,-6.1140003
1778964640889,Accelerometer,-1.81305,-29.082,-7.1119504
1778964640892,Accelerometer,3.7429502,-32.362053,-5.5300503
1778964640905,Accelerometer,10.8490505,-31.972052,-3.3750002
1778964640906,Gyroscope,-1.2637625,0.7668375,7.5541124
1778964640925,Accelerometer,15.501,-29.182951,-1.9219501
1778964640926,Accelerometer,15.741001,-24.499052,0.9889501
1778964640945,Accelerometer,14.055,-20.08695,2.73195
1778964640945,Accelerometer,12.031951,-18.08295,0.49605003
1778964640965,Accelerometer,11.092951,-16.462051,-2.661
1778964640966,Accelerometer,12.987,-14.106001,-4.3440003
1778964640974,Accelerometer,18.19695,-12.15495,-5.2210503
1778964640979,Accelerometer,25.794,-11.140051,-3.693
1778964640980,Gyroscope,-0.7162375,0.2204125,2.3610125
1778964641006,Accelerometer,30.223051,-10.243951,1.16805
1778964641006,Accelerometer,30.01695,-10.098001,3.4720502
1778964641025,Accelerometer,23.40405,-11.95905,2.4850502
1778964641026,Accelerometer,16.15995,-14.611051,-0.46800002
1778964641206,Accelerometer,9.7890005,-16.77795,-1.44
1778964641206,Accelerometer,5.64405,-16.723051,-1.14795
1778964641213,Accelerometer,-11.916,-15.540001,7.3120503
1778964641220,Accelerometer,-6.1459503,-11.274,0.72795004
1778964641220,Gyroscope,1.2386,1.958825,-0.403425
1778964641249,Accelerometer,-2.87805,-8.950951,-5.04405
1778964641249,Accelerometer,-1.092,-7.9170003,-9.435
1778964641265,Accelerometer,0.291,-7.3380003,-9.432
1778964641265,Accelerometer,1.11405,-7.48395,-6.102
1778964641288,Accelerometer,1.3110001,-8.47995,-1.77795
1778964641288,Accelerometer,1.9950001,-9.39,1.28295
1778964641298,Accelerometer,2.70195,-10.05795,1.2570001
1778964641300,Accelerometer,2.565,-10.41705,-0.67905
1778964641300,Gyroscope,0.234025,-1.2252625,-1.0467875
1778964641326,Accelerometer,1.6339501,-10.72605,-2.32095
1778964641326,Accelerometer,0.60705,-10.929001,-3.0370502
1778964641348,Accelerometer,0.39105,-10.849951,-2.97705
1778964641348,Accelerometer,1.011,-10.43805,-2.6880002
1778964641365,Accelerometer,2.0029502,-9.864,-2.4870002
1778964641366,Accelerometer,2.4460502,-9.3490505,-2.046
1778964641373,Accelerometer,2.2420502,-9.057,-1.69395
1778964641382,Accelerometer,1.41795,-9.057,-1.4620501
1778964641383,Gyroscope,0.1359875,1.539175,-0.1263625
1778964641405,Accelerometer,0.68595004,-9.30105,-2.01705
1778964641406,Accelerometer,0.11400001,-9.66495,-3.1039503
1778964641426,Accelerometer,-0.46995002,-10.078951,-4.3230004
1778964641426,Accelerometer,-1.30005,-10.23495,-4.479
1778964641450,Accelerometer,-2.1360002,-9.997951,-3.31695
1778964641450,Accelerometer,-2.6149502,-9.660001,-1.866
1778964641453,Accelerometer,-1.98705,-9.415951,-1.404
1778964641465,Accelerometer,0.015000001,-9.64605,-2.26605
1778964641466,Gyroscope,0.1018875,0.678425,-0.429
1778964641486,Accelerometer,2.09805,-10.01895,-2.5129502
1778964641486,Accelerometer,3.28605,-10.09395,-1.77495
1778964641507,Accelerometer,2.4769502,-9.78195,-0.91395
1778964641507,Accelerometer,0.58500004,-9.415951,-1.5790501
1778964641527,Accelerometer,-0.34995002,-9.550051,-3.9130502
1778964641527,Accelerometer,-1.5520501,-9.93795,-5.4889503
1778964641536,Accelerometer,-3.048,-10.72605,-6.11595
1778964641540,Accelerometer,-4.3120503,-11.3550005,-4.926
1778964641540,Gyroscope,0.3587375,0.8072625,-1.92995
1778964641568,Accelerometer,-4.14195,-11.74995,-2.709
1778964641568,Accelerometer,-2.00895,-12.097051,-1.74705
1778964641587,Accelerometer,0.40605003,-12.448951,-1.725
1778964641587,Accelerometer,2.2759502,-12.8539505,-2.21595
1778964641605,Accelerometer,3.07995,-13.630051,-2.84805
1778964641606,Accelerometer,2.7520502,-14.443951,-3.3130503
1778964641621,Accelerometer,1.50195,-14.860051,-3.10695
1778964642751,Accelerometer,1.2580501,-14.346001,-2.1079502
1778964642753,Gyroscope,0.85195,0.865975,-2.1078749
1778964642780,Accelerometer,1.00395,-14.259001,-3.4369502
1778964642780,Accelerometer,0.24795002,-14.038951,-4.143
1778964642797,Accelerometer,-0.61995006,-13.867051,-4.41405
1778964642797,Accelerometer,-1.3909501,-14.271001,-4.39995
1778964642816,Accelerometer,-2.2080002,-15.409051,-4.68195
1778964642816,Accelerometer,-3.2059503,-16.86705,-5.058
1778964642830,Accelerometer,-4.5280504,-18.504002,-5.49795
1778964642830,Accelerometer,-5.9479504,-19.96005,-6.74805
1778964642831,Gyroscope,1.0404625,1.065075,-2.779975
1778964642856,Accelerometer,-8.04705,-20.628,-6.6240005
1778964642857,Accelerometer,-10.410001,-19.728,-4.80705
1778964643939,Accelerometer,0.94905007,-14.487,-3.5500503
1778964643951,Accelerometer,0.33600003,-14.944051,-3.6430502
1778964643971,Accelerometer,-0.52695,-15.0379505,-3.17805
1778964643971,Accelerometer,-1.3429501,-14.74995,-2.7880502
1778964643985,Accelerometer,-1.9009501,-14.3220005,-2.9149501
1778964643986,Accelerometer,-2.3419502,-14.374051,-3.25005
1778964643986,Gyroscope,1.18635,1.0192875,-2.477475
1778964644011,Accelerometer,-2.9479501,-15.4129505,-3.6430502
1778964644011,Accelerometer,-4.11105,-17.24295,-4.2510004
1778964644018,Accelerometer,-5.1049504,-19.203001,-5.9890504
1778964644030,Accelerometer,-7.10895,-20.611052,-6.9349504
1778964644050,Accelerometer,-8.30595,-19.678051,-6.18795
1778964644051,Accelerometer,-9.678,-17.767052,-4.98105
1778964644226,Accelerometer,-10.257001,-15.928051,-4.23
1778964644227,Accelerometer,-5.6599503,0.55995005,-3.7549503
1778964644227,Gyroscope,-0.53295,-2.441725,3.6084125
1778964644254,Accelerometer,-4.164,-0.82605004,-3.76305
1778964644254,Accelerometer,-2.5740001,-2.8939502,-4.31295
1778964644258,Accelerometer,-0.91005003,-5.466,-3.9810002
1778964644270,Accelerometer,1.27995,-7.8910503,-3.15
1778964644291,Accelerometer,2.565,-9.912001,-1.08105
1778964644291,Accelerometer,2.1769502,-12.04695,1.1730001
1778964644306,Accelerometer,1.524,-14.31,2.334
1778964644306,Accelerometer,1.69605,-15.01605,0.87600005
1778964644306,Gyroscope,-0.252725,-0.671275,6.395125
1778964644332,Accelerometer,2.0700002,-13.825951,-1.7490001
1778964644333,Accelerometer,1.42095,-12.238951,-2.77905
1778964644340,Accelerometer,-0.43605003,-11.68095,-2.7520502
1778964644350,Accelerometer,-2.56905,-12.813001,-3.2410502
1778964644372,Accelerometer,-4.446,-15.4800005,-3.8610003
1778964644372,Accelerometer,-5.9329505,-19.98195,-4.53105
1778964644385,Accelerometer,-4.77405,-25.591051,-4.833
1778964644386,Accelerometer,-0.822,-29.958002,-3.4080002
1778964644386,Gyroscope,-1.37445,-0.5550875,8.1314745
1778964644410,Accelerometer,5.14095,-30.874952,-1.572
1778964644411,Accelerometer,10.26,-29.038952,-0.75600004
1778964644421,Accelerometer,12.472051,-25.768051,-0.79095006
1778964645171,Accelerometer,11.32995,-21.841951,-0.21000001
1778964645199,Accelerometer,-1.53495,-14.724001,-3.6360002
1778964645199,Accelerometer,-1.8409501,-15.978001,-4.4209504
1778964645206,Accelerometer,-3.072,-17.62305,-5.3260503
1778964645206,Accelerometer,-4.87305,-19.000051,-6.576
1778964645206,Gyroscope,1.2854875,0.76147497,-2.63725
1778964645220,Accelerometer,-6.5599504,-19.741951,-7.52895
1778964645230,Accelerometer,-7.97805,-19.198952,-6.9660006
1778964645250,Accelerometer,-9.364051,-17.463001,-5.17995
1778964645251,Accelerometer,-10.129951,-15.703051,-3.3769503
1778964645272,Accelerometer,-8.208,-14.4199505,-2.7910502
1778964645273,Accelerometer,-6.80205,-14.128051,-3.2959502
1778964646396,Accelerometer,-5.66295,-15.79695,-6.5329504
1778964646397,Accelerometer,-10.00605,-19.258951,-5.7240005
1778964646398,Gyroscope,0.85195,0.45045,-3.1486125
1778964646426,Accelerometer,-11.743951,-16.824001,-3.7840502
1778964646427,Accelerometer,-10.972951,-15.061951,-2.5560002
1778964646440,Accelerometer,-8.59095,-13.92405,-2.6089501
1778964646441,Accelerometer,-7.662,-14.89395,-4.83795
1778964646461,Accelerometer,-6.0940504,-17.08695,-8.2900505
1778964646462,Accelerometer,-1.5690001,-17.271,-8.78295
1778964646478,Accelerometer,4.497,-15.871051,-7.5000005
1778964646478,Accelerometer,8.14395,-14.38395,-6.1069503
1778964646478,Gyroscope,-0.3262875,-0.534875,-2.4913626
1778964646501,Accelerometer,9.943951,-12.93105,-2.8290002
1778964646502,Accelerometer,6.4870505,-12.528001,-2.3760002
1778964647742,Accelerometer,0.147,-11.049001,-1.4830501
1778964647742,Accelerometer,-10.23795,-0.60795003,-2.4169502
1778964647768,Accelerometer,-9.970051,-0.031050002,-3.07605
1778964647768,Accelerometer,-8.65305,-0.21495001,-4.03305
1778964647775,Accelerometer,-6.6270003,-1.36905,-3.969
1778964647776,Accelerometer,-4.30695,-3.2629502,-3.7240503
1778964647776,Gyroscope,-0.6736125,-0.7926875,5.067837
1778964647787,Accelerometer,-2.2410002,-5.7000003,-2.9490001
1778964647800,Accelerometer,-0.68700004,-8.370001,-1.368
1778964647821,Accelerometer,0.40995002,-11.08695,0.216
1778964647822,Accelerometer,0.633,-13.251,1.10595
1778964647841,Accelerometer,0.717,-14.623051,0.57900006
1778964647841,Accelerometer,0.57795,-14.619,-1.2420001
1778964648971,Accelerometer,0.25005,-13.96695,-1.9650002
1778964648972,Accelerometer,-1.9249501,-3.5719502,-4.4500504
1778964648973,Gyroscope,-0.3581875,-1.91125,5.0017
1778964648987,Accelerometer,-1.60695,-6.0139503,-4.20795
1778964648999,Accelerometer,-1.72905,-8.500951,-3.0349503
1778964649017,Accelerometer,-2.3850002,-10.857,-1.263
1778964649018,Accelerometer,-2.2339501,-12.66705,-0.38895002
1778964649037,Accelerometer,-0.75705004,-13.5390005,-0.90405005
1778964649038,Accelerometer,0.74100006,-13.872001,-1.5769501
1778964649050,Accelerometer,1.1340001,-14.118001,-2.2380002
1778964649051,Accelerometer,0.81795,-14.817,-2.5800002
1778964649051,Gyroscope,-0.5957875,-1.3211,6.882975
1778964649067,Accelerometer,0.20205002,-16.60305,-3.3030002
1778964649776,Accelerometer,0.123,-19.239,-4.3060503
1778964649789,Accelerometer,-2.39505,-10.975051,-3.6880503
1778964649802,Accelerometer,-0.91200006,-11.319,-3.9210002
1778964649818,Accelerometer,0.48495004,-11.82705,-3.32205
1778964649818,Accelerometer,1.4449501,-12.579,-2.118
1778964649835,Accelerometer,1.572,-13.383,-1.3470001
1778964649835,Accelerometer,1.07805,-13.975051,-1.89795
1778964649835,Gyroscope,0.826375,0.8083625,-2.1003125
1778964649856,Accelerometer,0.573,-14.170951,-3.0280502
1778964649856,Accelerometer,-0.08895,-14.104051,-3.8029501
1778964649869,Accelerometer,-0.855,-13.96695,-3.9160502
1778964649876,Accelerometer,-1.5520501,-13.89105,-3.8370001
1778964651147,Accelerometer,-2.1769502,-14.21895,-4.038
1778964651147,Accelerometer,-9.208051,-19.147951,-5.5680003
1778964651150,Accelerometer,-10.59,-17.41695,-2.6950502
1778964651161,Accelerometer,-9.819,-15.82995,-1.7490001
1778964651161,Gyroscope,0.538725,2.4520376,-2.983475
1778964651186,Accelerometer,-7.1569505,-14.548951,-2.25405
1778964651186,Accelerometer,-6.1770005,-14.83905,-4.19595
1778964651207,Accelerometer,-4.8370504,-16.266,-7.2460504
1778964651207,Accelerometer,-0.89595,-16.147951,-7.9530005
1778964651226,Accelerometer,4.3660502,-14.973001,-8.52705
1778964651226,Accelerometer,8.41005,-13.1629505,-8.946
1778964651231,Accelerometer,9.892051,-10.335,-6.0079503
1778964651240,Accelerometer,6.0990005,-8.973001,-3.5400002
1778964651241,Gyroscope,-0.2228875,-1.193225,-3.100625
1778964652346,Accelerometer,-0.18900001,-9.088051,-2.8819501
1778964652347,Accelerometer,-6.6540003,-15.784951,-4.083
1778964652372,Accelerometer,-5.76795,-17.358002,-6.42705
1778964652373,Accelerometer,-3.4770002,-17.428951,-9.48495
1778964652388,Accelerometer,1.485,-14.87205,-10.215
1778964652388,Accelerometer,5.9430003,-12.564,-9.40305
1778964652405,Accelerometer,8.017051,-10.323001,-6.7170005
1778964652406,Accelerometer,7.45905,-8.619,-3.9760501
1778964652406,Gyroscope,-0.5190625,-0.8492,-3.14435
1778964652426,Accelerometer,1.3110001,-9.22395,-2.118
1778964652426,Accelerometer,-2.15505,-9.28005,-0.26505002
1778964652446,Accelerometer,-4.05105,-7.8430505,-0.71505004
1778964652446,Accelerometer,-5.2530003,-5.4220505,-2.0650501
1778964653577,Accelerometer,6.111,-14.470051,-7.833
1778964653577,Accelerometer,7.07805,-13.206,-5.7949505
1778964653605,Accelerometer,7.2840004,-11.901001,-4.0480504
1778964653606,Accelerometer,3.7120502,-11.3550005,-3.6910503
1778964653606,Gyroscope,-0.120725,-1.5362875,-3.1614
1778964653623,Accelerometer,-1.8769501,-10.110001,-2.9320502
1778964653624,Accelerometer,-3.7860003,-8.037001,-1.7370001
1778964653637,Accelerometer,-4.43205,-5.841,-1.5499501
1778964653637,Accelerometer,-5.23605,-3.9120002,-2.0410502
1778964653656,Accelerometer,-6.3780003,-2.502,-2.50605
1778964653656,Accelerometer,-7.0320005,-1.33095,-2.7520502
1778964654897,Accelerometer,-7.1059504,-0.675,-3.5400002
1778964654897,Accelerometer,-1.6159501,-5.51595,-3.59505
1778964654898,Gyroscope,-0.625625,-2.190375,5.0263124
1778964654924,Accelerometer,-0.84795004,-7.55805,-3.423
1778964654924,Accelerometer,-0.043050002,-9.507001,-3.0870001
1778964654938,Accelerometer,0.91095006,-11.037001,-2.76705
1778964654938,Accelerometer,1.9720501,-11.925,-2.66895
1778964654956,Accelerometer,2.082,-12.361051,-2.94405
1778964654956,Accelerometer,1.608,-12.53295,-3.0640502
1778964654978,Accelerometer,0.95595,-12.876,-2.32605
1778964654978,Accelerometer,-0.036000002,-13.993951,-1.11705
1778964654979,Gyroscope,-0.7151375,-1.74185,6.57415
1778964654996,Accelerometer,-1.3240501,-15.897,-1.43505
1778964654996,Accelerometer,-1.82895,-18.660002,-3.1350002
1778964656132,Accelerometer,-0.97695005,-22.27305,-5.5030503
1778964656132,Accelerometer,1.47105,-13.957951,-2.9580002
1778964656159,Accelerometer,1.0639501,-13.528951,-3.07995
1778964656159,Accelerometer,0.17805001,-13.704,-1.71105
1778964656176,Accelerometer,-1.2790501,-14.820001,-0.94905007
1778964656176,Accelerometer,-2.4160502,-16.73295,-1.6609501
1778964656177,Gyroscope,-0.8226625,-2.04545,7.2675624
1778964656194,Accelerometer,-2.5170002,-20.31405,-3.5760002
1778964656195,Accelerometer,-2.6170502,-25.44,-5.92005
1778964656212,Accelerometer,1.4640001,-29.329052,-5.89095
1778964656212,Accelerometer,8.982,-30.552002,-3.348
1778964656233,Accelerometer,15.583051,-28.39005,0.24195
1778964656233,Accelerometer,13.758,-24.334051,1.4320501
1778964656253,Accelerometer,10.34895,-20.982,0.75900006
1778964656254,Accelerometer,7.5210004,-19.80705,-0.83205
1778964656254,Gyroscope,-0.83545,-1.0302875,4.269925
1778964656278,Accelerometer,6.26205,-18.95895,-2.3689501
1778964656278,Accelerometer,7.9240503,-17.415,-2.91
1778964656291,Accelerometer,12.59895,-14.757001,-2.02395
1778964656292,Accelerometer,18.66105,-12.745951,-1.1050501
1778964656310,Accelerometer,25.58295,-12.44505,-0.052050002
1778964656311,Accelerometer,32.565002,-11.788951,1.21605
1778964656332,Accelerometer,34.899002,-11.269051,1.21905
1778964656333,Accelerometer,28.767002,-11.36505,0.54405004
1778964656333,Gyroscope,0.249975,0.391875,-2.5488374
1778964656351,Accelerometer,20.907001,-12.567,-0.84195006
1778964656352,Accelerometer,14.0140505,-14.39805,-2.46
1778964656377,Accelerometer,9.17595,-14.769001,-7.7419505
1778964656377,Accelerometer,4.71495,-13.254001,-17.830952
1778964656395,Accelerometer,-15.330001,-18.793951,-17.43795
1778964656395,Accelerometer,-53.290054,-31.96005,36.00405
1778964656412,Accelerometer,-26.823002,-27.19095,16.752
1778964656413,Accelerometer,-0.975,-20.056051,-2.77095
1778964656413,Gyroscope,0.94985,4.4697123,-2.5147374
1778964656433,Accelerometer,5.80695,-15.262951,-5.43405
1778964656433,Accelerometer,7.7539506,-11.632951,-3.8230503
1778964656440,Accelerometer,8.647051,-5.7310505,-4.038
1778964656453,Accelerometer,13.405951,-0.87600005,-2.36205
1778964656473,Accelerometer,14.92695,-0.47100002,-6.1189504
1778964656473,Accelerometer,14.769001,-1.8139501,-9.396001
1778964656491,Accelerometer,12.633,-4.0410004,-7.2559505
1778964656491,Accelerometer,9.5130005,-8.464951,-5.1390004
1778964656492,Gyroscope,-1.3457125,0.24805,-3.3946
1778964656517,Accelerometer,4.938,-17.06295,-4.35405
1778964656517,Accelerometer,-8.394,-27.930002,2.361
1778964656520,Accelerometer,-7.6429505,-19.42395,11.314951
1778964656530,Accelerometer,-1.26705,-11.84595,2.6140501
1778964656551,Accelerometer,0.83205,-8.53695,-4.32105
1778964656551,Accelerometer,1.7560501,-6.8040004,-8.211
1778964660332,Accelerometer,-2.871,-12.133051,-3.0010502
1778964660332,Accelerometer,-3.41895,-12.379951,-1.677
1778964660333,Gyroscope,0.4588375,1.7479,-1.8159624
1778964660362,Accelerometer,-2.12205,-12.580951,-1.8229501
1778964660363,Accelerometer,-0.59595,-12.768001,-2.4079502
1778964660367,Accelerometer,0.47805002,-13.266001,-2.42205
1778964660377,Accelerometer,0.528,-14.11305,-2.5180502
1778964660391,Accelerometer,-0.14595,-14.875051,-2.9610002
1778964660391,Accelerometer,-1.0489501,-15.670051,-3.7150502
1778964660413,Accelerometer,-2.112,-16.62705,-4.5259504
1778964660413,Accelerometer,-3.34695,-17.72595,-5.23005
1778964660414,Gyroscope,1.162975,1.4465,-2.90895
1778964660431,Accelerometer,-4.638,-19.206001,-6.2860503
1778964660432,Accelerometer,-7.1470504,-21.516,-7.6410003
1778964660609,Accelerometer,-10.40295,-23.182951,-7.0210505
1778964660610,Accelerometer,-7.4800506,-2.1660001,-3.7240503
1778964660635,Accelerometer,-7.36005,-1.31895,-3.9420002
1778964660635,Accelerometer,-6.3900003,-0.9670501,-4.07595
1778964660651,Accelerometer,-5.60295,-1.3980001,-3.9229503
1778964660652,Accelerometer,-4.65705,-2.6140501,-3.834
1778964660652,Gyroscope,-0.709775,-1.512775,4.5106874
1778964660671,Accelerometer,-3.5629501,-4.6200004,-3.5640001
1778964660671,Accelerometer,-2.67195,-7.1610003,-2.6539502
1778964660689,Accelerometer,-2.1670501,-9.74895,-1.4260501
1778964660689,Accelerometer,-1.61205,-11.89395,-0.77205
1778964660711,Accelerometer,-0.69495004,-13.548,-1.34895
1778964660711,Accelerometer,0.73905003,-14.524951,-2.70195
1778964660735,Accelerometer,2.2470002,-14.653951,-3.5710502
1778964660735,Accelerometer,2.9320502,-14.604001,-3.41595
1778964660735,Gyroscope,-0.9218,-0.96415,6.683875
1778964660755,Accelerometer,2.0700002,-14.929951,-2.6800501
1778964660755,Accelerometer,0.96405005,-15.919051,-2.01
1778964660768,Accelerometer,0.10605001,-17.772001,-2.52195
1778964660769,Accelerometer,0.15405001,-20.235,-3.9709501
1778964660793,Accelerometer,1.2919501,-22.764002,-5.4960003
1778964660793,Accelerometer,2.9599502,-24.625952,-5.721
1778964660806,Accelerometer,4.8450003,-25.597952,-4.24905
1778964660806,Accelerometer,5.7850504,-25.558052,-2.283
1778964660806,Gyroscope,-1.5588375,-0.0694375,7.1685624
1778964661009,Accelerometer,5.8050003,-25.03305,-0.82995003
1778964661010,Accelerometer,-2.2480502,-19.065,-8.69505
1778964661035,Accelerometer,5.7330003,-18.160051,-12.099001
1778964661035,Accelerometer,11.425951,-15.801001,-12.82995
1778964661051,Accelerometer,14.958001,-11.50905,-3.5110502
1778964661051,Accelerometer,23.650951,-4.9750504,1.45305
1778964661067,Accelerometer,27.12705,-1.5630001,0.043050002
1778964661067,Accelerometer,21.337952,1.0170001,-3.9780002
1778964661068,Gyroscope,0.302225,-1.6577,-2.9451125
1778964661088,Accelerometer,12.654,-1.67595,-3.4780502
1778964661089,Accelerometer,6.4300504,-7.2709503,-3.45405
1778964661112,Accelerometer,-2.8249502,-15.889951,-6.0400505
1778964661112,Accelerometer,-14.370001,-23.875051,-4.62195
1778964661136,Accelerometer,-9.856951,-19.873951,3.8239503
1778964661137,Accelerometer,-0.20400001,-13.053,4.4029503
1778964661155,Accelerometer,2.2060502,-10.359,-2.86995
1778964661156,Accelerometer,1.6150501,-9.1050005,-6.50895
1778964661156,Gyroscope,0.5014625,1.469875,-1.4271125
1778964661166,Accelerometer,0.67905,-8.47305,-8.19705
1778964661167,Accelerometer,2.9509501,-7.8289504,-7.1650505
1778964661212,Accelerometer,1.9549501,-10.693951,-3.01095
1778964661227,Gyroscope,0.24475,-0.469975,-0.7357625
1778964661251,Accelerometer,-2.35605,-10.173,-2.0410502
1778964661293,Accelerometer,1.2409501,-8.71695,-3.0990002
1778964661306,Gyroscope,0.0017875,0.7519875,-0.3608
1778964661331,Accelerometer,0.15405001,-9.871051,-1.62495
1778964661374,Accelerometer,2.505,-9.33495,-2.6590502
1778964661390,Gyroscope,0.1797125,1.081025,-0.8177125
1778964661413,Accelerometer,-1.5780001,-8.67105,-4.2850504
1778964661452,Accelerometer,-4.3890004,-11.764951,-2.46
1778964661468,Gyroscope,0.388575,1.370875,-1.6869875
1778964661491,Accelerometer,3.8130002,-12.133051,-2.367
1778964661533,Accelerometer,0.52095,-15.615001,-3.387
1778964661547,Gyroscope,1.08625,1.1471624,-2.4624875
1778964661571,Accelerometer,-4.04895,-17.26695,-5.1270003
1778964661614,Accelerometer,-11.062051,-19.14405,-6.35295
1778964661628,Gyroscope,0.5941375,1.688225,-3.3009624
1778964661651,Accelerometer,-7.9279504,-15.418051,-5.84595
1778964661694,Accelerometer,9.657001,-13.94295,-4.87605
1778964661709,Gyroscope,-0.16335,-1.4414124,-3.032425
1778964661733,Accelerometer,-4.58505,-7.8810005,-2.8150501
1778964661774,Accelerometer,-11.634001,0.59295005,-3.2070003
1778964661788,Gyroscope,-1.115675,-0.9046125,3.661625
1778964661811,Accelerometer,-6.03105,-4.16295,-3.4630501
1778964661852,Accelerometer,-0.060000002,-15.997951,2.0730002
1778964661866,Gyroscope,-1.0665874,-1.3902625,6.342875
1778964661891,Accelerometer,1.8930001,-15.5140505,-1.27005
1778964661934,Accelerometer,-1.1590501,-22.488,-1.95
1778964661948,Gyroscope,-1.0858375,0.2693625,7.861975
1778964661974,Accelerometer,9.640051,-25.797,-0.957
1778964662014,Accelerometer,11.259001,-17.491951,0.33795002
1778964662029,Gyroscope,-0.826925,-0.9387125,3.5391126
1778964662051,Accelerometer,29.82105,-11.418,4.2450004
1778964662094,Accelerometer,13.39395,-14.73795,0.89505005
1778964662108,Gyroscope,0.5174125,-1.40305,-4.59195
1778964662132,Accelerometer,-45.138,-29.922,0.615
1778964662174,Accelerometer,7.4040003,-15.361051,-5.0560503
1778964662191,Gyroscope,0.3619,-2.2435875,-2.645775
1778964662211,Accelerometer,24.32895,-3.282,-9.250051
1778964662254,Accelerometer,-10.824,-23.743052,-0.89400005
1778964662268,Gyroscope,0.61545,-0.4742375,-0.976525
1778964662294,Accelerometer,0.32700002,-8.23305,-5.95095
1778964662334,Accelerometer,7.5810003,-9.69795,0.19605
1778964662351,Gyroscope,0.115775,0.1159125,-0.3480125
1778964662371,Accelerometer,-0.14205001,-10.963051,-4.4209504
1778964662414,Accelerometer,-2.871,-8.70705,-3.2260501
1778964662428,Gyroscope,0.30855,1.5423375,-0.0881375
1778964662451,Accelerometer,-0.31395,-9.009001,-3.41805
1778964662494,Accelerometer,1.4809501,-10.318951,-1.6150501
1778964662514,Gyroscope,0.24365,0.4654375,-0.4577375
1778964662531,Accelerometer,2.0700002,-8.7289505,-2.83095
1778964662574,Accelerometer,-1.7670001,-9.385051,-4.23705
1778964662588,Gyroscope,0.4514125,0.359975,-1.8052375
1778964662611,Accelerometer,-3.2320502,-12.49695,-3.08295
1778964662654,Accelerometer,2.90805,-13.989,-3.28605
1778964662669,Gyroscope,1.008425,0.9362375,-2.3230624
1778964662693,Accelerometer,-1.5280501,-15.021001,-2.77605
1778964662734,Accelerometer,-3.4360502,-15.483001,-4.82805
1778964662748,Gyroscope,1.2940125,2.2933624,-2.612775
1778964662774,Accelerometer,-9.472051,-18.792002,-6.3150005
1778964662812,Accelerometer,-7.5799503,-16.29705,-10.564951
1778964662830,Gyroscope,0.638825,0.49307498,-2.2515626
1778964662852,Accelerometer,8.491051,-13.093051,-5.62095
1778964662892,Accelerometer,-4.08195,-7.3570504,-0.492
1778964663207,Gyroscope,0.504625,0.0732875,1.014475
1778964663234,Accelerometer,22.483051,-11.99505,-0.384
1778964663272,Accelerometer,9.463051,-13.681951,-0.20205002
1778964663288,Gyroscope,0.51094997,-2.039125,-4.7496624
1778964664426,Accelerometer,-46.117054,-32.202,29.961002
1778964664469,Accelerometer,8.721001,-9.358951,-8.710951
1778964664487,Gyroscope,-0.50105,-5.3339,-2.7097125
1778964664506,Accelerometer,9.705001,-1.8960001,-5.4100504
1778964665274,Accelerometer,1.8900001,-10.833,0.132
1778964665287,Gyroscope,-0.658625,-1.30405,5.73045
1778964665312,Accelerometer,-0.22500001,-12.291,-3.1380002
1778964665354,Accelerometer,-1.82895,-17.06295,-1.7920501
1778964665367,Gyroscope,-1.4799125,-0.3762,7.6404624
1778964665392,Accelerometer,7.0519505,-27.456001,-1.23
1778964665592,Accelerometer,-21.685051,-18.933,7.0650005
1778964665607,Gyroscope,0.385275,3.3959749,-2.6181376
1778964665634,Accelerometer,12.550951,-10.306951,-3.5520003
1778964665672,Accelerometer,12.592051,-4.149,-6.0709505
1778964665687,Gyroscope,-1.132725,0.5548125,-3.6322
1778964665711,Accelerometer,-11.710051,-19.663052,4.18995
1778964665754,Accelerometer,1.6870501,-8.00805,-7.82805
1778964665768,Gyroscope,-0.2932875,0.864875,-0.133925
1778964666982,Accelerometer,-0.16095,-11.87205,-1.04295
1778964667024,Accelerometer,-1.7740501,-9.31305,-3.89895
1778964667044,Gyroscope,0.1445125,1.2887875,-0.10615
1778964667063,Accelerometer,0.96795005,-8.67405,-2.8189502
1778964668632,Accelerometer,7.3900504,-14.283001,-8.017051
1778964668647,Gyroscope,-0.2165625,-1.0781375,-2.8248
1778964668672,Accelerometer,-4.43205,-8.773951,-1.3399501
1778964668712,Accelerometer,-11.265,-0.39900002,-1.8540001
1778964668726,Gyroscope,-0.73425,-0.2739,3.3111374
1778964668907,Accelerometer,11.754001,-27.495,1.269
1778964668950,Accelerometer,7.8160505,-18.202951,-0.15495001
1778964668973,Gyroscope,-0.5468375,-1.143175,3.5476375
1778964668987,Accelerometer,20.590952,-11.626051,0.651
1778964669029,Accelerometer,22.2,-10.644,-1.2199501
1778964669043,Gyroscope,0.0785125,-0.1280125,-3.521375
1778964669066,Accelerometer,5.6730003,-12.937951,-12.04905
1778964670057,Accelerometer,-3.6660001,-22.888052,-5.9680505
1778964670073,Gyroscope,-1.097525,-0.4390375,8.087888
1778964670097,Accelerometer,13.465951,-26.587051,-1.8570001
1778964670137,Accelerometer,6.2190003,-16.029001,-1.4119501
1778964670152,Gyroscope,-0.90255,-0.3229875,3.1493
1778964671703,Accelerometer,2.6950502,-10.828951,0.49995002
1778964671742,Accelerometer,0.30495003,-10.764001,-3.48495
1778964671765,Gyroscope,0.0785125,-0.1417625,-0.1604625
1778964671784,Accelerometer,1.3270501,-9.66495,-1.7869501
1778964821450,Accelerometer,-0.11805001,-9.63105,0.87195003
1778964821450,Accelerometer,0.04695,-9.559951,0.804
1778964821451,Accelerometer,0.15,-9.49695,0.76605004
1778964821451,Accelerometer,0.25500003,-9.5119505,0.73995006
1778964821452,Accelerometer,0.33900002,-9.555,0.70605004
1778964821452,Accelerometer,0.31005,-9.612,0.65595
1778964821455,Accelerometer,0.312,-9.651,0.555
1778964821456,Accelerometer,0.25695002,-9.703051,0.49095002
1778964821456,Accelerometer,0.21195,-9.733951,0.43800002
1778964821457,Accelerometer,0.18495001,-9.757951,0.45000002
1778964821457,Accelerometer,0.20505,-9.828,0.63705003
1778964821458,Accelerometer,0.24300002,-9.969001,0.72795004
1778964821464,Accelerometer,0.24105,-9.97095,0.73995006
1778964821466,Accelerometer,0.37005,-9.757951,0.66795003
1778964821466,Accelerometer,0.47295,-9.78495,0.61305004
1778964821466,Accelerometer,0.08505,-10.15095,0.61995006
1778964821467,Gyroscope,-0.001375,0.0595375,-0.0848375
1778964821467,Gyroscope,-0.0088,0.039325,-0.0796125
1778964821467,Gyroscope,-0.016224999,0.018975,-0.07205
1778964821467,Gyroscope,-0.0226875,-1.375E-4,-0.0625625
1778964821467,Gyroscope,-0.0312125,-0.02035,-0.0561
1778964821467,Gyroscope,-0.036575,-0.0385,-0.0507375
1778964821468,Gyroscope,-0.0408375,-0.056649998,-0.0444125
1778964821468,Gyroscope,-0.0482625,-0.0757625,-0.0422125
1778964821468,Gyroscope,-0.0545875,-0.0928125,-0.0444125
1778964821468,Gyroscope,-0.0567875,-0.1067,-0.049775
1778964821468,Gyroscope,-0.053625,-0.114125,-0.0572
1778964821469,Gyroscope,-0.044,-0.1120625,-0.065725
1778964821470,Gyroscope,-0.035475,-0.104499996,-0.0688875
1778964821470,Gyroscope,-0.0290125,-0.0842875,-0.07425
1778964821471,Gyroscope,-0.02695,-0.062975,-0.1051875
1778964821471,Gyroscope,-0.0301125,-0.0427625,-0.1254
1778964821472,Gyroscope,-0.02805,-0.031075,-0.0902
1778964821473,Accelerometer,-0.28995,-10.065001,0.73305005
1778964821636,Accelerometer,0.043950003,-9.66495,0.74895006
1778964821636,Accelerometer,0.30795002,-9.77295,0.651
1778964821636,Accelerometer,0.075,-10.026,0.64905006
1778964821636,Accelerometer,-0.072000004,-9.9210005,0.68505
1778964821636,Accelerometer,0.16605,-9.639001,0.61800003
1778964821636,Accelerometer,0.51600003,-9.576,0.47895002
1778964821636,Accelerometer,0.49695003,-9.724951,0.40905002
1778964821636,Accelerometer,0.28800002,-9.769951,0.45495003
1778964821636,Accelerometer,0.20700002,-9.70995,0.57705003
1778964821636,Accelerometer,0.22395001,-9.64095,0.67005
1778964821636,Accelerometer,0.24495001,-9.636001,0.67305005
1778964821636,Accelerometer,0.12795001,-9.733951,0.66105
1778964821636,Accelerometer,-0.075,-9.859051,0.65400004
1778964821636,Accelerometer,-0.28005,-9.91905,0.65400004
1778964821636,Accelerometer,-0.39105,-9.901951,0.642
1778964821636,Accelerometer,-0.36195,-9.849001,0.67005
1778964821636,Accelerometer,-0.321,-9.78195,0.62295
1778964821636,Accelerometer,-0.27600002,-9.691051,0.55305004
1778964821636,Accelerometer,-0.201,-9.663,0.46905002
1778964821636,Accelerometer,-0.33105,-9.48795,0.35700002
1778964821636,Accelerometer,-0.22995001,-9.547951,0.23205002
1778964821636,Accelerometer,0.13005,-9.64305,0.18405001
1778964821636,Accelerometer,0.39900002,-9.715051,0.22695
1778964821636,Accelerometer,0.53505003,-9.78705,0.36900002
1778964821636,Accelerometer,0.55395,-9.8230505,0.57000005
1778964821637,Accelerometer,0.51795,-9.835051,0.73695004
1778964821637,Accelerometer,0.49395,-9.825001,0.79005
1778964821637,Accelerometer,0.45105,-9.792001,0.74205005
1778964821637,Accelerometer,0.38700002,-9.74895,0.63000005
1778964821637,Accelerometer,0.28095,-9.67905,0.59895
1778964821637,Accelerometer,0.21195,-9.660001,0.64395005
1778964821637,Accelerometer,0.025050001,-9.670051,0.67995006
1778964821637,Accelerometer,-0.13695,-9.700951,0.67800003
1778964821637,Gyroscope,-0.019524999,-0.0193875,-0.0529375
1778964821637,Gyroscope,-0.014162499,-0.0066,-0.065725
1778964821637,Gyroscope,-0.014162499,0.014712499,-0.0710875
1778964821637,Gyroscope,-0.018424999,0.036025,-0.0433125
1778964821637,Gyroscope,-0.014162499,0.0488125,-0.0177375
1778964821637,Gyroscope,-0.013062499,0.0488125,-0.0336875
1778964821637,Gyroscope,-0.015262499,0.0402875,-0.066825
1778964821637,Gyroscope,-0.0226875,0.0402875,-0.081675
1778964821637,Gyroscope,-0.02475,0.039325,-0.082775
1778964821637,Gyroscope,-0.0204875,0.0297,-0.0891
1778964821637,Gyroscope,-0.015262499,0.0180125,-0.10615
1778964821637,Gyroscope,-0.013062499,0.0158125,-0.1274625
1778964821637,Gyroscope,-0.015262499,0.0297,-0.1381875
1778964821637,Gyroscope,-0.018424999,0.0488125,-0.130625
1778964821637,Gyroscope,-0.0204875,0.0680625,-0.114675
1778964821637,Gyroscope,-0.019524999,0.0732875,-0.0955625
1778964821638,Gyroscope,-0.016224999,0.070125,-0.07315
1778964821638,Gyroscope,-0.0119624995,0.0584375,-0.0518375
1778964821638,Gyroscope,-0.0067375,0.04675,-0.032725
1778964821638,Gyroscope,-0.001375,0.0254375,-0.012375
1778964821638,Gyroscope,6.875E-4,0.01045,0.013062499
1778964821638,Gyroscope,-0.0056375,-1.375E-4,0.02585
1778964821638,Gyroscope,-0.0119624995,-0.0097624995,0.0215875
1778964821638,Gyroscope,-0.017324999,-0.02035,0.014162499
1778964821638,Gyroscope,-0.011,-0.02365,2.75E-4
1778964821638,Gyroscope,-0.002475,-0.028875,-0.00715
1778964821638,Gyroscope,0.0092124995,-0.02365,-0.015675
1778964821638,Gyroscope,0.013475,-0.011825,-0.0242
1778964821638,Gyroscope,0.0103124995,0.0094875,-0.039049998
1778964821638,Gyroscope,0.0039875,0.0275,-0.047575
1778964821638,Gyroscope,-0.0045375,0.0488125,-0.0561
1778964821638,Gyroscope,-0.011,0.0584375,-0.0561
1778964821638,Gyroscope,-0.013062499,0.0584375,-0.048675
1778964821638,Gyroscope,-0.011,0.04455,-0.0369875
1778964821638,Accelerometer,-0.17295001,-9.74895,0.651
1778964821654,Accelerometer,-0.16995001,-9.76095,0.546
1778964821654,Accelerometer,-0.16605,-9.76305,0.43305
1778964821654,Accelerometer,-0.109950006,-9.71805,0.381
1778964821654,Gyroscope,-0.0099,0.0180125,-0.0209
1778964821654,Gyroscope,-0.0099,-0.0097624995,-0.0039875
1778964821655,Gyroscope,-0.015262499,-0.0438625,0.0045375
1778964821696,Accelerometer,-0.04605,-9.64095,0.402
1778964821697,Accelerometer,0.0010500001,-9.571951,0.45000002
1778964821697,Accelerometer,0.03195,-9.5119505,0.47895002
1778964821697,Accelerometer,0.049050003,-9.505051,0.49605003
1778964821700,Accelerometer,0.003,-9.47295,0.49995002
1778964821700,Accelerometer,-0.010050001,-9.47595,0.52005005
1778964821700,Accelerometer,0.003,-9.5449505,0.546
1778964821700,Accelerometer,0.10395,-9.65295,0.58395004
1778964821700,Gyroscope,-0.0226875,-0.0746625,0.0121
1778964821701,Gyroscope,-0.02585,-0.1056,0.0163625
1778964821701,Gyroscope,-0.0290125,-0.1291125,0.015262499
1778964821701,Gyroscope,-0.0290125,-0.1417625,0.015262499
1778964821701,Gyroscope,-0.0323125,-0.1408,0.014162499
1778964821701,Gyroscope,-0.036575,-0.1183875,0.017324999
1778964821701,Gyroscope,-0.0471625,-0.082225,0.0215875
1778964821701,Gyroscope,-0.0493625,-0.0501875,0.0215875
1778964821701,Gyroscope,-0.0493625,-0.029975,0.0237875
1778964821701,Accelerometer,0.24300002,-9.780001,0.63000005
1778964821709,Accelerometer,0.35505003,-9.883051,0.642
1778964821710,Accelerometer,0.44895002,-9.933001,0.68205005
1778964821711,Gyroscope,-0.0418,-0.0182875,0.0226875
1778964821711,Gyroscope,-0.033275,-0.02145,0.020624999
1778964821738,Accelerometer,0.549,-9.979051,0.75405
1778964821738,Accelerometer,0.55395,-10.003051,0.82395005
1778964821738,Accelerometer,0.47505003,-9.997951,0.804
1778964821738,Accelerometer,0.363,-9.98805,0.74895006
1778964821738,Accelerometer,0.28800002,-9.94995,0.73305005
1778964821738,Accelerometer,0.24495001,-9.94005,0.67800003
1778964821739,Gyroscope,-0.02475,-0.0279125,0.013062499
1778964821739,Gyroscope,-0.013062499,-0.0246125,0.0045375
1778964821739,Gyroscope,-0.0056375,-0.0023375,-0.00715
1778964821739,Gyroscope,0.0017875,0.0308,-0.015675
1778964821739,Gyroscope,0.00715,0.070125,-0.0166375
1778964821739,Gyroscope,0.0092124995,0.11385,-0.0177375
1778964821743,Accelerometer,0.24495001,-9.897,0.63000005
1778964821743,Gyroscope,0.00825,0.14795,-0.0166375
1778964821759,Accelerometer,0.26895002,-9.876,0.60300004
1778964821759,Accelerometer,0.30495003,-9.873,0.615
1778964821760,Accelerometer,0.33405003,-9.900001,0.65400004
1778964821760,Gyroscope,0.00495,0.1744875,-0.0114124995
1778964821760,Gyroscope,0.0017875,0.1852125,-0.0092124995
1778964821760,Gyroscope,0.00495,0.189475,-0.0081124995
1778964821762,Accelerometer,0.32700002,-9.889951,0.68205005
1778964821762,Gyroscope,0.00715,0.18727499,-0.0028875
1778964821773,Accelerometer,0.303,-9.876,0.72300005
1778964821773,Accelerometer,0.24795002,-9.859051,0.73995006
1778964821773,Gyroscope,0.0092124995,0.18095,-0.0017875
1778964821773,Gyroscope,0.0103124995,0.171325,0.001375
1778964821779,Accelerometer,0.19995001,-9.813001,0.70605004
1778964821780,Gyroscope,0.00605,0.1639,0.001375
1778964821790,Accelerometer,0.171,-9.74205,0.642
1778964821790,Accelerometer,0.13995,-9.691051,0.57000005
1778964821790,Gyroscope,0.0028875,0.1618375,-0.0039875
1778964821790,Gyroscope,-0.001375,0.15853749,-0.0114124995
1778964821793,Accelerometer,0.11805001,-9.61905,0.555
1778964821794,Gyroscope,-0.0099,0.14795,-0.0166375
1778964821807,Accelerometer,0.075,-9.547951,0.52005005
1778964821807,Accelerometer,0.03705,-9.47805,0.46005002
1778964821807,Gyroscope,-0.014162499,0.12979999,-0.022
1778964821807,Gyroscope,-0.014162499,0.0988625,-0.0231
1778964821807,Gyroscope,-0.018424999,0.055275,-0.0188375
1778964821808,Accelerometer,0.027,-9.427951,0.39000002
1778964821822,Accelerometer,0.0,-9.399,0.34500003
1778964821822,Accelerometer,-0.027,-9.399,0.333
1778964821822,Gyroscope,-0.0237875,0.01375,-0.0114124995
1778964821822,Gyroscope,-0.035475,-0.02365,2.75E-4
1778964821823,Accelerometer,-0.052950002,-9.47295,0.333
1778964821823,Gyroscope,-0.0429,-0.047025,0.019524999
1778964821840,Accelerometer,-0.063,-9.562051,0.40905002
1778964821840,Accelerometer,0.034950003,-9.75405,0.57195
1778964821840,Accelerometer,0.11400001,-9.873,0.41895002
1778964821840,Gyroscope,-0.050325,-0.056649998,0.0429
1778964821840,Gyroscope,-0.050325,-0.02145,0.071775
1778964821840,Gyroscope,-0.0482625,0.022275,0.103675
1778964821845,Accelerometer,0.31695002,-10.01895,0.40500003
1778964821845,Gyroscope,-0.050325,0.0243375,0.1260875
1778964821857,Accelerometer,0.55200005,-10.1320505,0.44295
1778964821857,Gyroscope,-0.0482625,0.022275,0.135575
1778964821885,Accelerometer,0.73095006,-10.23495,0.52005005
1778964821885,Accelerometer,0.82905006,-10.28295,0.61995006
1778964821885,Gyroscope,-0.0451,0.020075,0.1313125
1778964821885,Gyroscope,-0.0375375,0.0286,0.1164625
1778964821885,Gyroscope,-0.02585,0.045649998,0.09295
1778964821885,Gyroscope,-0.013062499,0.0754875,0.068475
1778964821885,Gyroscope,-2.75E-4,0.1073875,0.0471625
1778964821885,Gyroscope,0.0125124995,0.1309,0.037675
1778964821885,Gyroscope,0.0188375,0.139425,0.036575
1778964821886,Accelerometer,0.88695,-10.287001,0.70605004
1778964821886,Accelerometer,0.846,-10.24905,0.73995006
1778964821886,Accelerometer,0.72705,-10.158001,0.72495
1778964821886,Accelerometer,0.56100005,-10.01895,0.68505
1778964821886,Accelerometer,0.40305,-9.8539505,0.651
1778964821888,Accelerometer,0.26895002,-9.732,0.63705003
1778964821888,Gyroscope,0.0231,0.1425875,0.044
1778964821893,Accelerometer,0.13800001,-9.612,0.56295
1778964821893,Gyroscope,0.022,0.1414875,0.05995
1778964821905,Accelerometer,0.109050006,-9.5449505,0.53595
1778964821905,Accelerometer,0.109050006,-9.517051,0.57495004
1778964821906,Gyroscope,0.0188375,0.1351625,0.0760375
1778964821906,Gyroscope,0.014575,0.1266375,0.09295
1778964821910,Accelerometer,0.13995,-9.526051,0.60105
1778964821911,Gyroscope,0.0092124995,0.122375,0.102575
1778964821913,Accelerometer,0.16395001,-9.556951,0.615
1778964821913,Gyroscope,0.00495,0.11495,0.11
1778964821924,Gyroscope,-0.002475,0.1010625,0.1142625
1778964821924,Gyroscope,-0.0067375,0.089375,0.11
1778964821924,Accelerometer,0.15405001,-9.624001,0.66300005
1778964821924,Accelerometer,0.12105001,-9.694051,0.68700004
1778964821938,Accelerometer,0.08505,-9.768001,0.69195
1778964821938,Accelerometer,0.034950003,-9.837001,0.70905006
1778964821938,Gyroscope,-0.011,0.0829125,0.102575
1778964821938,Gyroscope,-0.017324999,0.08085,0.0983125
1778964821939,Accelerometer,-0.003,-9.883051,0.74505
1778964821939,Gyroscope,-0.0226875,0.0818125,0.088825
1778964821944,Accelerometer,-0.031050002,-9.897,0.771
1778964821944,Gyroscope,-0.02475,0.0840125,0.077
1778964821955,Accelerometer,-0.04095,-9.877951,0.76905006
1778964821955,Accelerometer,-0.055050004,-9.84195,0.72300005
1778964821956,Gyroscope,-0.02585,0.0851125,0.070675
1778964821956,Gyroscope,-0.02475,0.0840125,0.0642125
1778964821958,Accelerometer,-0.060000002,-9.79695,0.60795003
1778964821958,Gyroscope,-0.0237875,0.07755,0.06215
1778964821962,Accelerometer,-0.036000002,-9.733951,0.48795003
1778964821963,Gyroscope,-0.02695,0.0669625,0.0642125
1778964821973,Accelerometer,-0.04605,-9.66705,0.37605003
1778964821974,Accelerometer,-0.043050002,-9.648001,0.201
1778964821974,Gyroscope,-0.02805,0.053075,0.061049998
1778964821974,Gyroscope,-0.0323125,0.04455,0.0642125
1778964821977,Accelerometer,-0.06705,-9.651,0.025950002
1778964821978,Gyroscope,-0.034375,0.037125,0.061049998
1778964821986,Accelerometer,-0.051000003,-9.66495,-0.079950005
1778964821987,Gyroscope,-0.0408375,0.0297,0.0578875
1778964821988,Accelerometer,-0.051000003,-9.696,-0.06795
1778964821988,Gyroscope,-0.0375375,0.0243375,0.052525
1778964821992,Accelerometer,-0.036000002,-9.696,0.02205
1778964821993,Gyroscope,-0.033275,0.0180125,0.0482625
1778964822003,Accelerometer,-0.0049500004,-9.724951,0.177
1778964822003,Gyroscope,-0.02475,0.01045,0.0419375
1778964822004,Accelerometer,0.034950003,-9.744,0.321
1778964822004,Gyroscope,-0.0119624995,-1.375E-4,0.035475
1778964822008,Accelerometer,0.051000003,-9.79695,0.41400003
1778964822008,Gyroscope,6.875E-4,-0.0097624995,0.034375
1778964822024,Accelerometer,0.08205,-9.8230505,0.40695003
1778964822025,Accelerometer,0.13005,-9.82995,0.40695003
1778964822025,Accelerometer,0.18495001,-9.80895,0.37800002
1778964822025,Gyroscope,0.0103124995,-0.0108624995,0.0334125
1778964822025,Gyroscope,0.0125124995,-0.0023375,0.0323125
1778964822026,Gyroscope,0.0125124995,0.0083875,0.0323125
1778964822036,Accelerometer,0.18300001,-9.736951,0.40005
1778964822036,Accelerometer,0.18495001,-9.67695,0.46695003
1778964822037,Gyroscope,0.015675,0.022275,0.0323125
1778964822037,Gyroscope,0.0231,0.036025,0.0323125
1778964822038,Accelerometer,0.16905001,-9.591001,0.58395004
1778964822038,Gyroscope,0.033825,0.0435875,0.0323125
1778964822042,Accelerometer,0.15705001,-9.562051,0.64605004
1778964822043,Gyroscope,0.047575,0.04675,0.0323125
1778964822052,Accelerometer,0.15195,-9.5449505,0.63705003
1778964822052,Gyroscope,0.0540375,0.0488125,0.0334125
1778964822054,Accelerometer,0.12795001,-9.571951,0.58395004
1778964822055,Gyroscope,0.0540375,0.0488125,0.02695
1778964822057,Accelerometer,0.09,-9.60795,0.54105
1778964822058,Gyroscope,0.048675,0.0488125,0.0215875
1778964822068,Accelerometer,0.04695,-9.64095,0.52905005
1778964822068,Accelerometer,-0.012,-9.696,0.52905005
1778964822068,Gyroscope,0.04235,0.0435875,0.015262499
1778964822069,Gyroscope,0.0347875,0.036025,0.0078375
1778964822072,Accelerometer,-0.027,-9.727051,0.48600003
1778964822073,Gyroscope,0.0284625,0.0232375,0.003575
1778964822087,Accelerometer,-0.034050003,-9.78495,0.49305
1778964822087,Accelerometer,-0.051000003,-9.813001,0.51705
1778964822087,Gyroscope,0.0253,0.0083875,0.0045375
1778964822087,Gyroscope,0.0231,-0.0033,0.002475
1778964822087,Accelerometer,-0.04605,-9.837001,0.57900006
1778964822088,Gyroscope,0.0253,-0.02035,0.0078375
1778964822093,Accelerometer,0.010950001,-9.84,0.64905006
1778964822093,Gyroscope,0.0253,-0.0331375,0.013062499
1778964822102,Accelerometer,0.09195001,-9.852,0.675
1778964822102,Gyroscope,0.0253,-0.0374,0.018424999
1778964822103,Accelerometer,0.18795002,-9.81795,0.675
1778964822103,Gyroscope,0.0210375,-0.031075,0.019524999
1778964822107,Accelerometer,0.23295002,-9.801001,0.69000006
1778964822108,Gyroscope,0.014575,-0.02035,0.018424999
1778964822118,Accelerometer,0.264,-9.780001,0.73695004
1778964822118,Accelerometer,0.30495003,-9.77505,0.71295005
1778964822118,Gyroscope,0.013475,-0.0097624995,0.0215875
1778964822118,Gyroscope,0.013475,-0.0055,0.0237875
1778964822122,Accelerometer,0.34305,-9.780001,0.642
1778964822123,Gyroscope,0.014575,-1.375E-4,0.02805
1778964822134,Accelerometer,0.35505003,-9.792001,0.546
1778964822134,Accelerometer,0.34800002,-9.816001,0.43095002
1778964822134,Gyroscope,0.014575,0.005225,0.0312125
1778964822134,Gyroscope,0.014575,0.01155,0.034375
1778964822137,Accelerometer,0.37695003,-9.79695,0.33
1778964822138,Gyroscope,0.014575,0.01375,0.0386375
1778964822142,Accelerometer,0.36495003,-9.84195,0.30600002
1778964822143,Gyroscope,0.0188375,0.01265,0.044
1778964822151,Gyroscope,0.0242,0.0083875,0.0471625
1778964822151,Accelerometer,0.32205,-9.847051,0.35700002
1778964822152,Accelerometer,0.264,-9.889951,0.462
1778964822153,Gyroscope,0.0369875,0.0061875,0.054725
1778964822157,Accelerometer,0.21405001,-9.89505,0.62295
1778964822158,Gyroscope,0.049775,0.01155,0.06215
1778964822167,Accelerometer,0.21900001,-9.892051,0.72795004
1778964822167,Gyroscope,0.0636625,0.022275,0.0653125
1778964822167,Accelerometer,0.22605,-9.873,0.75705004
1778964822167,Gyroscope,0.0721875,0.0413875,0.071775
1778964822172,Accelerometer,0.252,-9.84,0.73995006
1778964822173,Gyroscope,0.0774125,0.0584375,0.0749375
1778964822184,Accelerometer,0.28095,-9.80895,0.69705003
1778964822184,Accelerometer,0.21900001,-9.780001,0.61095005
1778964822184,Gyroscope,0.0785125,0.07975,0.077
1778964822184,Gyroscope,0.0699875,0.0925375,0.0812625
1778964822188,Accelerometer,0.11100001,-9.769951,0.651
1778964822188,Gyroscope,0.0594,0.095699996,0.0845625
1778964822201,Accelerometer,-0.043050002,-9.84195,0.69900006
1778964822201,Accelerometer,-0.22995001,-9.91905,0.60795003
1778964822201,Gyroscope,0.047575,0.095699996,0.086625
1778964822201,Gyroscope,0.0369875,0.0988625,0.0845625
1778964822202,Accelerometer,-0.33795002,-9.993,0.43800002
1778964822203,Gyroscope,0.0231,0.1084875,0.0812625
1778964822208,Accelerometer,-0.41700003,-10.015051,0.402
1778964822208,Gyroscope,0.0092124995,0.121275,0.068475
1778964822217,Accelerometer,-0.56805,-10.077001,0.462
1778964822217,Gyroscope,0.0028875,0.1340625,0.0567875
1778964822218,Accelerometer,-0.63495004,-10.14105,0.46395
1778964822218,Gyroscope,0.00605,0.1351625,0.0493625
1778964822222,Accelerometer,-0.62805,-10.231951,0.42600003
1778964822223,Gyroscope,0.0177375,0.1287,0.0462
1778964822234,Accelerometer,-0.549,-10.299001,0.34500003
1778964822234,Accelerometer,-0.36705002,-10.354951,0.34005
1778964822234,Gyroscope,0.0284625,0.120175,0.051425
1778964822234,Gyroscope,0.0380875,0.12773749,0.0653125
1778964822237,Accelerometer,-0.16305001,-10.42605,0.38505003
1778964822238,Gyroscope,0.049775,0.1533125,0.0834625
1778964822251,Accelerometer,0.075,-10.386001,0.45495003
1778964822251,Accelerometer,0.291,-10.219951,0.63000005
1778964822251,Gyroscope,0.0688875,0.188375,0.104775
1778964822251,Gyroscope,0.0933625,0.22893749,0.1313125
1778964822252,Accelerometer,0.492,-9.885,0.77295005
1778964822253,Gyroscope,0.1296625,0.2693625,0.1505625
1778964822258,Accelerometer,0.69105005,-9.373051,0.82605004
1778964822258,Gyroscope,0.165825,0.2992,0.16335
1778964822267,Accelerometer,0.80805004,-8.83695,0.80205005
1778964822267,Gyroscope,0.19139999,0.3045625,0.16445
1778964822267,Accelerometer,0.777,-8.37405,0.71805006
1778964822268,Gyroscope,0.201025,0.289575,0.1505625
1778964822272,Accelerometer,0.58305,-8.070001,0.56505
1778964822273,Gyroscope,0.186175,0.264,0.12815
1778964822282,Accelerometer,0.31995,-7.977,0.42600003
1778964822282,Gyroscope,0.148775,0.241725,0.102575
1778964822282,Accelerometer,0.03195,-8.08695,0.29700002
1778964822282,Gyroscope,0.0933625,0.2204125,0.0727375
1778964822287,Accelerometer,-0.37905002,-8.38605,0.16005
1778964822287,Gyroscope,0.0358875,0.18727499,0.0429
1778964822299,Accelerometer,-0.795,-8.911051,0.19395001
1778964822299,Accelerometer,-1.2859501,-9.63105,0.26595002
1778964822299,Gyroscope,-0.0078375,0.132,0.0226875
1778964822299,Gyroscope,-0.0290125,0.04675,0.013062499
1778964822302,Accelerometer,-1.72905,-10.398001,0.38295
1778964822303,Gyroscope,-0.0301125,-0.0523875,0.0163625
1778964822308,Accelerometer,-1.8510001,-10.975051,0.47400004
1778964822308,Gyroscope,-0.019524999,-0.1417625,0.0301125
1778964822315,Accelerometer,-1.6500001,-11.21895,0.47205
1778964822316,Gyroscope,-0.011,-0.2014375,0.0301125
1778964822317,Accelerometer,-1.28805,-11.142,0.47205
1778964822318,Gyroscope,-0.0067375,-0.2292125,0.018424999
1778964822323,Accelerometer,-0.84495,-10.833,0.53400004
1778964822323,Gyroscope,-0.0078375,-0.2355375,-0.00605
1778964822332,Accelerometer,-0.45795003,-10.41705,0.61995006
1778964822332,Gyroscope,-0.0067375,-0.23127499,-0.0358875
1778964822332,Accelerometer,-0.10305001,-9.98295,0.64395005
1778964822332,Gyroscope,-0.003575,-0.22385,-0.065725
1778964822337,Accelerometer,0.16395001,-9.61905,0.642
1778964822338,Gyroscope,-0.001375,-0.215325,-0.0891
1778964822348,Accelerometer,0.32895002,-9.351001,0.67995006
1778964822348,Accelerometer,0.40605003,-9.17205,0.72795004
1778964822348,Gyroscope,-0.002475,-0.2036375,-0.1029875
1778964822348,Gyroscope,-0.0045375,-0.1876875,-0.1040875
1778964822352,Accelerometer,0.42495003,-9.10995,0.855
1778964822353,Gyroscope,-0.0078375,-0.1588125,-0.0924
1778964822364,Accelerometer,0.363,-9.17895,0.97695005
1778964822364,Accelerometer,0.31695002,-9.31095,1.06305
1778964822364,Gyroscope,-0.0119624995,-0.1194875,-0.07205
1778964822364,Gyroscope,-0.015262499,-0.0726,-0.0444125
1778964822368,Accelerometer,0.29805002,-9.493051,1.0890001
1778964822368,Gyroscope,-0.014162499,-0.02145,-0.0188375
1778964822373,Accelerometer,0.3,-9.715051,1.0819501
1778964822373,Gyroscope,-0.011,0.0254375,0.003575
1778964822381,Accelerometer,0.324,-9.916051,0.96000004
1778964822381,Gyroscope,-0.003575,0.0680625,0.013062499
1778964822382,Accelerometer,0.29595003,-10.10595,0.855
1778964822382,Gyroscope,0.00605,0.106425,0.017324999
1778964822387,Accelerometer,0.22395001,-10.207951,0.75705004
1778964822388,Gyroscope,0.015675,0.1329625,0.013062499
1778964822398,Accelerometer,0.11100001,-10.22805,0.67800003
1778964822398,Accelerometer,0.00795,-10.198951,0.60300004
1778964822398,Gyroscope,0.0284625,0.154275,0.0045375
1778964822398,Gyroscope,0.039049998,0.1670625,-0.00715
1778964822402,Accelerometer,-0.11805001,-10.122001,0.56700003
1778964822403,Gyroscope,0.050875,0.172425,-0.0188375
1778964822414,Accelerometer,-0.22995001,-10.000051,0.49995002
1778964822414,Accelerometer,-0.31605002,-9.852,0.402
1778964822414,Gyroscope,0.0561,0.172425,-0.0336875
1778964822415,Gyroscope,0.0603625,0.1670625,-0.0455125
1778964822417,Accelerometer,-0.36705002,-9.688951,0.33495003
1778964822418,Gyroscope,0.0572,0.154275,-0.0561
1778964822422,Accelerometer,-0.39105,-9.576,0.34005
1778964822423,Gyroscope,0.048675,0.1351625,-0.064625
1778964822430,Accelerometer,-0.393,-9.4810505,0.35895002
1778964822430,Gyroscope,0.04235,0.1084875,-0.07205
1778964822432,Accelerometer,-0.40305,-9.426001,0.393
1778964822433,Gyroscope,0.033825,0.070125,-0.0774125
1778964822438,Accelerometer,-0.40695003,-9.423,0.42600003
1778964822438,Gyroscope,0.0284625,0.0297,-0.080575
1778964822447,Accelerometer,-0.41505003,-9.46395,0.46395
1778964822447,Gyroscope,0.0242,-0.0086624995,-0.080575
1778964822447,Gyroscope,0.016775,-0.0364375,-0.0785125
1778964822448,Accelerometer,-0.40305,-9.567,0.441
1778964822452,Accelerometer,-0.36705002,-9.672001,0.43800002
1778964822453,Gyroscope,0.0103124995,-0.0512875,-0.07535
1778964822463,Accelerometer,-0.29505002,-9.75105,0.46905002
1778964822463,Accelerometer,-0.16995001,-9.81105,0.53595
1778964822463,Gyroscope,0.0028875,-0.0587125,-0.07315
1778964822463,Gyroscope,0.0028875,-0.061875,-0.07205
1778964822467,Accelerometer,-0.04605,-9.864,0.63000005
1778964822468,Gyroscope,6.875E-4,-0.064075,-0.0688875
1778964822472,Accelerometer,0.08205,-9.892051,0.66795003
1778964822473,Gyroscope,0.00715,-0.0694375,-0.063525
1778964822479,Accelerometer,0.20700002,-9.877951,0.70605004
1778964822480,Gyroscope,0.0103124995,-0.0694375,-0.0614625
1778964822483,Accelerometer,0.303,-9.828,0.73995006
1778964822483,Gyroscope,0.013475,-0.0661375,-0.0572
1778964822488,Accelerometer,0.31695002,-9.76605,0.771
1778964822488,Gyroscope,0.014575,-0.0598125,-0.0518375
1778964822496,Accelerometer,0.32700002,-9.715051,0.80205005
1778964822496,Gyroscope,0.013475,-0.044825,-0.041249998
1778964822497,Accelerometer,0.303,-9.663,0.79695004
1778964822498,Gyroscope,0.014575,-0.0193875,-0.0284625
1778964822502,Accelerometer,0.29805002,-9.63105,0.79695004
1778964822503,Gyroscope,0.015675,0.0072875,-0.0177375
1778964822513,Accelerometer,0.26700002,-9.64095,0.81600004
1778964822513,Accelerometer,0.22395001,-9.66495,0.84300005
1778964822513,Gyroscope,0.0188375,0.0317625,-0.00605
1778964822513,Gyroscope,0.0231,0.0521125,0.002475
1778964822517,Accelerometer,0.18105,-9.724951,0.85005003
1778964822518,Gyroscope,0.0262625,0.0669625,0.011
1778964822530,Accelerometer,0.11805001,-9.77505,0.82095003
1778964822530,Accelerometer,0.087000005,-9.844951,0.81195
1778964822530,Gyroscope,0.030524999,0.07865,0.0163625
1778964822530,Gyroscope,0.031625,0.087175,0.0237875
1778964822532,Accelerometer,0.063,-9.859051,0.81900007
1778964822533,Gyroscope,0.030524999,0.0925375,0.02585
1778964822537,Accelerometer,0.051000003,-9.871051,0.79995006
1778964822538,Gyroscope,0.033825,0.091437496,0.02805
1778964822545,Accelerometer,0.043950003,-9.828,0.73995006
1778964822545,Gyroscope,0.033825,0.0925375,0.02585
1778964822548,Accelerometer,0.030000001,-9.77295,0.66300005
1778964822548,Gyroscope,0.0295625,0.086075,0.0237875
1778964822552,Accelerometer,0.0010500001,-9.70995,0.63900006
1778964822553,Gyroscope,0.0253,0.0743875,0.020624999
1778964822562,Accelerometer,-0.051000003,-9.672001,0.65400004
1778964822562,Gyroscope,0.0253,0.056375,0.019524999
1778964822562,Gyroscope,0.0231,0.0350625,0.018424999
1778964822563,Accelerometer,-0.13695,-9.682051,0.73005
1778964822567,Accelerometer,-0.21795002,-9.694051,0.73305005
1778964822568,Gyroscope,0.022,0.0180125,0.0163625
1778964822578,Accelerometer,-0.23505001,-9.733951,0.702
1778964822578,Accelerometer,-0.23700002,-9.76095,0.65595
1778964822579,Gyroscope,0.013475,0.0083875,0.013062499
1778964822579,Gyroscope,0.00605,9.625E-4,0.0078375
1778964822582,Accelerometer,-0.22995001,-9.78495,0.59895
1778964822582,Gyroscope,-0.001375,-0.0086624995,-6.875E-4
1778964822587,Accelerometer,-0.21795002,-9.77505,0.60105
1778964822588,Gyroscope,-0.0078375,-0.02145,-0.0114124995
1778964822595,Accelerometer,-0.20400001,-9.745951,0.675
1778964822595,Gyroscope,-0.0088,-0.0353375,-0.022
1778964822597,Accelerometer,-0.20400001,-9.73005,0.67305005
1778964822598,Gyroscope,-0.0056375,-0.0523875,-0.0242
1778964822602,Accelerometer,-0.16800001,-9.712951,0.59895
1778964822603,Gyroscope,-0.001375,-0.0587125,-0.0251625
1778964822611,Accelerometer,-0.10095,-9.732,0.51495004
1778964822611,Gyroscope,-0.002475,-0.064075,-0.022
1778964822612,Accelerometer,-0.048,-9.77295,0.49305
1778964822612,Gyroscope,-0.0067375,-0.0661375,-0.0177375
1778964822617,Accelerometer,0.003,-9.832951,0.53595
1778964822618,Gyroscope,-0.0088,-0.056649998,-0.0114124995
1778964822628,Accelerometer,0.079950005,-9.865951,0.64395005
1778964822628,Accelerometer,0.12105001,-9.868051,0.71295005
1778964822628,Gyroscope,-0.0088,-0.047025,-0.00495
1778964822628,Gyroscope,-0.0056375,-0.032175,-0.00605
1778964822632,Accelerometer,0.15405001,-9.871051,0.78105
1778964822632,Gyroscope,6.875E-4,-0.0182875,-0.0028875
1778964822637,Accelerometer,0.17805001,-9.856951,0.86700004
1778964822638,Gyroscope,0.00605,-0.0055,-0.00605
1778964822644,Accelerometer,0.18300001,-9.80895,0.90000004
1778964822645,Gyroscope,0.015675,0.003025,-0.0092124995
1778964822647,Accelerometer,0.13305001,-9.75105,0.83295006
1778964822648,Gyroscope,0.0210375,0.01155,-0.0081124995
1778964822652,Accelerometer,0.094050005,-9.694051,0.73695004
1778964822653,Gyroscope,0.0242,0.022275,-0.00605
1778964822661,Accelerometer,0.08205,-9.627001,0.60105
1778964822661,Gyroscope,0.022,0.0275,-0.0039875
1778964822662,Accelerometer,0.08505,-9.58605,0.51000005
1778964822662,Gyroscope,0.0188375,0.0297,0.002475
1778964822667,Accelerometer,0.030000001,-9.564,0.48600003
1778964822668,Gyroscope,0.014575,0.0243375,0.011
1778964822677,Accelerometer,-0.04605,-9.576,0.49305
1778964822677,Accelerometer,-0.10305001,-9.636001,0.55995005
1778964822677,Gyroscope,0.0125124995,0.0169125,0.0163625
1778964822677,Gyroscope,0.014575,0.0094875,0.0215875
1778964822682,Accelerometer,-0.11805001,-9.715051,0.60795003
1778964822682,Gyroscope,0.0177375,0.003025,0.02915
1778964822688,Accelerometer,-0.10605001,-9.792001,0.642
1778964822688,Gyroscope,0.0177375,0.001925,0.034375
1778964822695,Accelerometer,-0.060000002,-9.865951,0.60795003
1778964822695,Gyroscope,0.0177375,-0.0012375,0.035475
1778964822697,Accelerometer,-0.02205,-9.93795,0.58695
1778964822698,Gyroscope,0.0177375,-0.0012375,0.034375
1778964822702,Accelerometer,0.015000001,-9.95505,0.59595
1778964822703,Gyroscope,0.014575,-0.0075625,0.0334125
1778964822711,Accelerometer,-0.00705,-9.92805,0.65400004
1778964822711,Gyroscope,0.0103124995,-0.0108624995,0.02805
1778964822712,Accelerometer,-0.028950002,-9.880051,0.78300005
1778964822712,Gyroscope,0.0103124995,-0.0171875,0.019524999
1778964822717,Accelerometer,-0.08595,-9.832951,0.88305
1778964822718,Gyroscope,0.0103124995,-0.015125,0.013062499
1778964822727,Accelerometer,-0.11505,-9.78495,0.915
1778964822727,Gyroscope,0.0125124995,-0.011825,0.0056375
1778964822727,Accelerometer,-0.14400001,-9.744,0.89295006
1778964822728,Gyroscope,0.00825,-0.0066,0.001375
1778964822732,Accelerometer,-0.12195001,-9.715051,0.87900007
1778964822733,Gyroscope,0.00495,-0.0012375,-0.0017875
1778964822744,Accelerometer,-0.096,-9.687,0.83100003
1778964822744,Accelerometer,-0.052950002,-9.691051,0.771
1778964822744,Gyroscope,-0.001375,0.0061875,-0.0028875
1778964822744,Gyroscope,-0.0078375,0.0094875,-0.0028875
1778964822747,Accelerometer,-0.024,-9.696,0.71295005
1778964822748,Gyroscope,-0.014162499,0.01045,-0.0017875
1778964822752,Accelerometer,0.03705,-9.688951,0.64905006
1778964822753,Gyroscope,-0.015262499,0.0061875,0.003575
1778964822760,Accelerometer,0.078,-9.66495,0.651
1778964822761,Gyroscope,-0.0119624995,-0.0023375,0.0067375
1778964822762,Accelerometer,0.07095,-9.688951,0.64605004
1778964822763,Gyroscope,-0.0088,-0.0075625,0.0078375
1778964822771,Accelerometer,-0.04095,-9.64605,0.50505
1778964822771,Gyroscope,6.875E-4,0.0169125,0.0121
1778964822782,Accelerometer,-0.156,-9.63405,0.40500003
1778964822782,Accelerometer,-0.16605,-9.78705,0.52395004
1778964822782,Gyroscope,0.0103124995,0.04455,0.0215875
1778964822782,Gyroscope,0.0114124995,0.036025,0.0312125
1778964822782,Accelerometer,-0.10095,-9.8880005,0.71805006
1778964822782,Gyroscope,0.00825,0.0243375,0.036575
1778964822796,Accelerometer,0.01305,-9.92595,0.77295005
1778964822796,Accelerometer,0.09195001,-9.91905,0.78105
1778964822796,Gyroscope,0.0039875,0.018975,0.036575
1778964822796,Gyroscope,-2.75E-4,0.022275,0.0323125
1778964822797,Accelerometer,0.11595,-9.94305,0.81195
1778964822797,Gyroscope,-2.75E-4,0.0232375,0.020624999
1778964822802,Accelerometer,0.07095,-9.93105,0.79305005
1778964822803,Gyroscope,0.0017875,0.021175,0.014162499
1778964822816,Accelerometer,0.058950003,-9.889951,0.81405
1778964822816,Accelerometer,0.039,-9.871051,0.78105
1778964822816,Gyroscope,0.0039875,0.021175,0.0045375
1778964822816,Gyroscope,0.00495,0.0243375,0.001375
1778964822817,Accelerometer,0.01305,-9.84195,0.735
1778964822818,Gyroscope,0.0039875,0.0275,-6.875E-4
1778964822828,Accelerometer,-0.02205,-9.76095,0.64905006
1778964822828,Accelerometer,-0.10305001,-9.63405,0.54795
1778964822828,Gyroscope,0.0017875,0.0275,-6.875E-4
1778964822828,Gyroscope,6.875E-4,0.0297,0.001375
1778964822832,Accelerometer,-0.192,-9.523951,0.50505
1778964822833,Gyroscope,0.0028875,0.0265375,0.0056375
1778964822843,Accelerometer,-0.28500003,-9.48495,0.47400004
1778964822843,Accelerometer,-0.32595003,-9.559951,0.44805002
1778964822843,Gyroscope,0.0028875,0.020075,0.0121
1778964822843,Gyroscope,0.00495,0.01375,0.0248875
1778964822848,Accelerometer,-0.31395,-9.694051,0.45495003
1778964822848,Gyroscope,0.00495,0.01155,0.0334125
1778964822855,Accelerometer,-0.264,-9.804001,0.48795003
1778964822855,Gyroscope,6.875E-4,0.0072875,0.044
1778964822858,Accelerometer,-0.18495001,-9.859051,0.58695
1778964822858,Gyroscope,6.875E-4,0.003025,0.0504625
1778964822866,Accelerometer,-0.063,-9.8880005,0.69705003
1778964822866,Gyroscope,6.875E-4,-0.0044,0.0462
1778964822867,Accelerometer,0.00795,-9.892051,0.74505
1778964822868,Gyroscope,0.0028875,-0.0066,0.0429
