timestamp,sensor,x,y,z
1778964580050,Accelerometer,-1.8550501,-9.502951,0.09705
1778964580058,Accelerometer,-2.11605,-9.748051,0.09195001
1778964580083,Accelerometer,-2.29605,-9.805051,0.16800001
1778964580083,Gyroscope,0.01705,0.0911625,0.0169125
1778964580107,Accelerometer,-2.36295,-9.56595,0.075
1778964580128,Accelerometer,-2.6140501,-9.41205,0.034050003
1778964580149,Accelerometer,-2.4750001,-9.585,0.15195
1778964580161,Accelerometer,-2.20005,-9.70905,0.19995001
1778964580161,Gyroscope,0.00605,-0.0334125,-0.0441375
1778964580186,Accelerometer,-1.9939501,-9.65205,0.16800001
1778964580205,Accelerometer,-2.21895,-9.633,0.06795
1778964580225,Accelerometer,-2.3389502,-9.658951,0.279
1778964580239,Accelerometer,-1.9270501,-9.67605,0.14895001
1778964580240,Gyroscope,0.0012375,-0.0408375,-0.02695
1778964580263,Accelerometer,-2.2069502,-9.592051,0.20700002
1778964580282,Accelerometer,-2.11395,-9.609,0.09705
1778964580299,Accelerometer,-2.1349502,-9.604051,0.12105001
1778964580317,Accelerometer,-2.4150002,-9.561001,0.171
1778964580317,Gyroscope,-0.0268125,0.0411125,-0.0061875
1778964580341,Accelerometer,-2.6590502,-9.42,0.26700002
1778964580360,Accelerometer,-2.5830002,-9.585,0.38205
1778964580379,Accelerometer,-2.427,-9.573001,0.35505003
1778964580399,Accelerometer,-2.5159502,-9.58695,0.33600003
1778964580399,Gyroscope,-0.14533749,-0.2314125,-0.1639
1778964580419,Accelerometer,-2.6809502,-9.858001,0.09705
1778964580438,Accelerometer,-2.322,-9.778951,0.01995
1778964580457,Accelerometer,-1.491,-9.673051,0.08205
1778964580473,Accelerometer,-2.18805,-10.083,0.13305001
1778964580473,Gyroscope,-0.19305,-0.070125,-0.360525
1778964580496,Accelerometer,-2.1060002,-9.918,0.058050003
1778964580516,Accelerometer,-1.6990501,-9.352051,-0.058050003
1778964580535,Accelerometer,-1.4599501,-9.07995,0.147
1778964580554,Accelerometer,-1.6540501,-9.633,-0.25395
1778964580554,Gyroscope,-0.18933749,0.0996875,-0.275
1778964580574,Accelerometer,-2.2480502,-10.389001,-0.50805
1778964580594,Accelerometer,-1.848,-10.16895,-0.62505
1778964580613,Accelerometer,-1.67295,-9.45495,-0.669
1778964580633,Accelerometer,-1.6369501,-9.325951,-0.00795
1778964580633,Gyroscope,-0.1442375,-0.3119875,-0.352
1778964580652,Accelerometer,-0.68700004,-10.255051,-0.36195
1778964580671,Accelerometer,-0.59595,-9.858001,-0.52695
1778964580690,Accelerometer,-1.3120501,-9.927,-0.26595002
1778964580708,Accelerometer,-0.85395,-9.642,-0.57000005
1778964580708,Gyroscope,-0.096525,-0.1714625,-0.086899996
1778964580730,Accelerometer,-1.47405,-9.460051,-0.20895001
1778964580749,Accelerometer,-1.18005,-9.70695,-0.043950003
1778964580768,Accelerometer,0.06705,-10.96605,-0.453
1778964580784,Accelerometer,-0.35595003,-10.450951,-0.77205
1778964580784,Gyroscope,0.013475,0.062975,0.058575
1778964580807,Accelerometer,-1.6369501,-9.22095,-0.441
1778964580828,Accelerometer,-2.0350502,-8.731951,-0.53895
1778964580846,Accelerometer,-2.46105,-10.368,-0.34305
1778964580863,Accelerometer,-0.95205003,-10.552051,-0.62100005
1778964580864,Gyroscope,0.0367125,-0.147125,0.0193875
1778964580885,Accelerometer,0.32505003,-9.97305,-0.513
1778964580904,Accelerometer,-0.49500003,-9.691951,-1.13505
1778964580924,Accelerometer,-2.0299501,-9.360001,0.01305
1778964580942,Accelerometer,-1.812,-9.36705,-0.52305
1778964580942,Gyroscope,0.1038125,0.1082125,0.2369125
1778964580963,Accelerometer,-1.8529501,-10.01805,0.03195
1778964580984,Accelerometer,-2.4060001,-10.111051,-0.32595003
1778964581002,Accelerometer,-1.02705,-9.606001,-0.61095005
1778964581016,Accelerometer,-0.30105,-10.39395,-0.321
1778964581016,Gyroscope,0.061049998,-0.3267,0.3040125
1778964581041,Accelerometer,-0.21495001,-10.609051,0.147
1778964581060,Accelerometer,-0.50205004,-10.51395,-0.64500004
1778964581080,Accelerometer,-1.01205,-10.34895,-0.69705003
1778964581100,Accelerometer,-1.9009501,-10.552051,-0.786
1778964581100,Gyroscope,0.0427625,-0.1276,0.7756375
1778964581118,Accelerometer,-1.8430501,-10.97595,-0.73095006
1778964581138,Accelerometer,-1.0890001,-11.221951,-0.25395
1778964581157,Accelerometer,-0.61995006,-11.356951,0.10095
1778964581175,Accelerometer,-0.83505005,-10.51095,-0.77205
1778964581175,Gyroscope,-0.18205,-0.0994125,1.0162625
1778964581196,Accelerometer,-2.559,-9.004951,-2.1409502
1778964581215,Accelerometer,-3.933,-7.68795,-2.50005
1778964581235,Accelerometer,-3.7060502,-7.38,-0.80295
1778964581249,Accelerometer,-0.97905004,-7.116,-1.4250001
1778964581250,Gyroscope,-0.5069625,-0.5465625,-0.1577125
1778964581273,Accelerometer,-0.20295002,-6.7380004,-1.69305
1778964581293,Accelerometer,-1.3950001,-7.0990505,-0.94200003
1778964581313,Accelerometer,-4.33995,-7.9110003,-0.04095
1778964581332,Accelerometer,-5.3200502,-8.93295,1.011
1778964581332,Gyroscope,-0.62425,-1.15005,-0.6208125
1778964581346,Accelerometer,-4.362,-8.802,1.2390001
1778964581371,Accelerometer,-4.11,-8.491051,1.12905
1778964581390,Accelerometer,-4.3450503,-8.541,0.69495004
1778964581406,Accelerometer,-4.64895,-8.536051,0.112950005
1778964581407,Gyroscope,-0.4263875,0.194975,0.0121
1778964581422,Accelerometer,-5.5609503,-7.93695,-2.184
1778964581449,Accelerometer,-5.04405,-9.75,0.40305
1778964581468,Accelerometer,-1.5370501,-9.084001,-0.46005002
1778964581483,Accelerometer,-2.32005,-9.304951,-0.384
1778964581483,Gyroscope,-0.1918125,-0.0408375,-0.1381875
1778964581502,Accelerometer,0.46905002,-12.59895,2.433
1778964581526,Accelerometer,0.11895001,-14.610001,0.41700003
1778964581546,Accelerometer,-1.7070001,-9.108001,-2.39205
1778964581565,Accelerometer,-5.47305,-7.6840506,-1.50195
1778964581566,Gyroscope,-0.24805,1.1968,0.38225
1778964581582,Accelerometer,-6.2920504,-9.063001,-2.163
1778964581604,Accelerometer,-4.11,-9.87195,-2.5099502
1778964581627,Accelerometer,-2.9230502,-9.592051,-1.8780001
1778964581647,Accelerometer,-1.47405,-9.609,-1.0639501
1778964581647,Gyroscope,-0.187,-0.0248875,-0.0759
1778964581664,Accelerometer,-1.1730001,-9.834001,-1.6140001
1778964581681,Accelerometer,-1.3759501,-10.056001,-1.983
1778964581701,Accelerometer,-2.181,-9.790951,-1.6810501
1778964581715,Accelerometer,-2.94405,-9.439051,-2.433
1778964581716,Gyroscope,-0.1502875,0.2732125,0.401775
1778964581740,Accelerometer,-3.864,-8.92905,-2.232
1778964581760,Accelerometer,-4.00005,-8.85,-1.9660501
1778964581778,Accelerometer,-3.2389503,-9.348001,-2.0640001
1778964581795,Accelerometer,-2.1760502,-9.87705,-1.9950001
1778964581795,Gyroscope,-0.1172875,-0.0688875,0.3114375
1778964581817,Accelerometer,-1.5460501,-9.670951,-1.899
1778964581837,Accelerometer,-0.85695004,-10.03005,-2.0719502
1778964581860,Accelerometer,-2.2450502,-9.451051,-2.5240502
1778964581878,Accelerometer,-3.4999502,-8.25105,-1.96395
1778964581878,Gyroscope,-0.0537625,0.043449998,0.9944
1778964581897,Accelerometer,-4.2520504,-8.98095,-1.44
1778964581915,Accelerometer,-2.7889502,-9.99195,-2.11995
1778964581934,Accelerometer,-1.1370001,-10.894051,-2.7799501
1778964581949,Accelerometer,-3.52905,-7.2259502,-2.73495
1778964581949,Gyroscope,-0.02805,-0.1079375,1.44265
1778964581973,Accelerometer,-5.58795,-6.9289503,-2.3370001
1778964581983,Accelerometer,-6.0259504,-9.70005,-1.72695
1778964582012,Accelerometer,-2.427,-12.252001,-2.9220002
1778964582027,Accelerometer,-4.00005,-10.071,-2.421
1778964582027,Gyroscope,0.0232375,-0.3829375,1.798225
1778964582051,Accelerometer,-4.5919504,-6.6610503,-2.388
1778964582063,Accelerometer,-9.391951,-3.62505,-0.36705002
1778964582090,Accelerometer,-6.162,-6.6570005,-1.99995
1778964582109,Accelerometer,-5.34105,-11.116951,-2.7280502
1778964582109,Gyroscope,-0.068475,-0.6626125,1.2277375
1778964582131,Accelerometer,-6.14295,-8.698951,-2.53095
1778964582143,Accelerometer,-6.4900503,-6.9799504,-1.8030001
1778964582167,Accelerometer,-8.190001,-7.8300004,-2.12205
1778964582182,Accelerometer,-5.964,-8.361,-1.5280501
1778964582182,Gyroscope,0.0598125,-0.78113747,1.4744124
1778964582206,Accelerometer,-6.28905,-7.9759502,-2.25105
1778964582226,Accelerometer,-6.76095,-6.7710004,-1.9660501
1778964582245,Accelerometer,-7.2850504,-10.80105,-2.562
1778964582260,Accelerometer,-7.5919504,-14.170051,-2.835
1778964582261,Gyroscope,0.3884375,-0.64556247,1.55265
1778964582279,Accelerometer,-5.6740503,-17.055,-2.94105
1778964582304,Accelerometer,-4.83405,-12.760051,-1.9039501
1778964582325,Accelerometer,-5.841,-7.83195,-1.2409501
1778964582343,Accelerometer,-7.4290504,-3.46005,-0.38595003
1778964582343,Gyroscope,0.6169625,-0.1703625,1.0822625
1778964582362,Accelerometer,-4.8019505,0.54,2.9980502
1778964582381,Accelerometer,9.736951,5.70405,4.57905
1778964582400,Accelerometer,14.7630005,8.989051,-3.22305
1778964582415,Accelerometer,8.21205,1.9210501,-4.78905
1778964582415,Gyroscope,0.2101,1.2005125,-2.6805625
1778964582440,Accelerometer,3.14295,-7.293,-3.5299501
1778964582461,Accelerometer,-7.5319505,-16.95705,3.11595
1778964582478,Accelerometer,-5.91795,-6.3640504,-1.88205
1778964582492,Accelerometer,-5.2930503,-4.58505,-2.26305
1778964582492,Gyroscope,0.5314375,0.3928375,-4.6426873
1778964582517,Accelerometer,-5.4679503,-8.526,-3.456
1778964582540,Accelerometer,-6.14295,-14.412001,-2.1340501
1778964582557,Accelerometer,-10.29705,-15.23805,-0.112950005
1778964582574,Accelerometer,-13.07505,-10.99695,-1.0210501
1778964582575,Gyroscope,0.077,0.4588375,-4.0183
1778964582595,Accelerometer,-11.439,-9.975,-1.5139501
1778964582614,Accelerometer,-12.415951,-11.332951,-4.308
1778964582623,Accelerometer,-10.692,-13.293,-2.0329502
1778964582648,Accelerometer,-6.663,-13.519051,-2.53395
1778964582648,Gyroscope,0.218625,-0.01155,-1.9205999
1778964582673,Accelerometer,-5.985,-10.51095,-1.5619501
1778964582692,Accelerometer,-7.2450004,-7.65495,-0.432
1778964582707,Accelerometer,-5.85795,-7.34805,-1.26495
1778964582726,Accelerometer,-5.2980003,-9.204,-2.43105
1778964582726,Gyroscope,-0.43614998,-0.291225,-0.451
1778964582750,Accelerometer,-5.025,-10.96395,-1.8679501
1778964582774,Accelerometer,-3.9379501,-9.5779505,-2.4480002
1778964582791,Accelerometer,-3.9550502,-8.19795,-0.94200003
1778964582805,Accelerometer,-7.8739505,-6.4120502,-6.4099503
1778964582805,Gyroscope,-0.6474875,-0.6100875,1.5514125
1778964582827,Accelerometer,1.05795,-9.142051,0.528
1778964582847,Accelerometer,-3.9400501,-14.713051,6.33405
1778964582865,Accelerometer,2.0989501,-15.07995,3.3739502
1778964582890,Accelerometer,6.7540503,-10.830001,-5.3710504
1778964582890,Gyroscope,-0.5278625,0.9145125,1.32055
1778964582911,Accelerometer,9.91905,-14.364,-12.349951
1778964582925,Accelerometer,3.4810503,-16.087952,-2.9190001
1778964582944,Accelerometer,-10.58895,-16.116001,2.70195
1778964582959,Accelerometer,0.37095,-20.53605,0.21195
1778964582959,Gyroscope,-0.29205,0.5773625,1.7664624
1778964582984,Accelerometer,-6.4069505,-10.96605,-5.09595
1778964583007,Accelerometer,-7.8889503,0.58995,-2.8470001
1778964583025,Accelerometer,-7.8019505,-0.028950002,-4.0470004
1778964583038,Accelerometer,-3.3660002,-9.453,-1.7080501
1778964583038,Gyroscope,-0.013475,-1.0329,1.3583624
1778964583063,Accelerometer,3.38295,-23.08905,-0.77205
1778964583080,Accelerometer,-7.6080003,-8.55,-2.7439501
1778964583104,Accelerometer,-2.6239502,-2.4550502,-2.115
1778964583123,Accelerometer,-6.6940503,-7.9930506,-2.7180002
1778964583123,Gyroscope,0.168575,0.09845,1.01145
1778964583144,Accelerometer,-6.4540505,-11.34,-2.184
1778964583158,Accelerometer,-4.24695,-8.39505,-2.1360002
1778964583177,Accelerometer,-4.3639503,-8.883,-2.69895
1778964583192,Accelerometer,-4.50105,-10.023001,-2.4829502
1778964583192,Gyroscope,0.1307625,-0.3927,1.3143625
1778964583217,Accelerometer,-6.234,-9.54195,-1.8510001
1778964583238,Accelerometer,-5.2380004,-7.6000504,-5.3920503
1778964583256,Accelerometer,-5.997,-11.257951,-1.437
1778964583272,Accelerometer,-6.4830003,-12.67605,0.02205
1778964583272,Gyroscope,0.1318625,-0.95094997,1.7029375
1778964583294,Accelerometer,-5.44605,-9.903001,-1.4490001
1778964583314,Accelerometer,-5.5950003,-9.010051,-2.4480002
1778964583338,Accelerometer,-5.3910003,-10.62405,-2.29905
1778964583345,Accelerometer,-6.2029505,-12.811951,-2.706
1778964583355,Gyroscope,0.1148125,-0.95094997,2.2710874
1778964583372,Accelerometer,-6.0280504,-12.811951,-2.2680001
1778964583391,Accelerometer,-6.26805,-11.96895,-1.6980001
1778964583411,Accelerometer,-5.2330503,-9.819,-1.62405
1778964583425,Accelerometer,-5.7580504,-5.7780004,-0.85995007
1778964583425,Gyroscope,0.5632,-0.4598,1.5379375
1778964583450,Accelerometer,-5.853,-1.5780001,-0.92205006
1778964583472,Accelerometer,-2.23305,3.82695,0.20205002
1778964583489,Accelerometer,8.896951,8.391001,0.74805003
1778964583504,Accelerometer,17.161951,7.5360003,-4.46805
1778964583504,Gyroscope,-0.011,1.5706625,-2.254175
1778964583527,Accelerometer,9.382951,0.669,-5.1649504
1778964583547,Accelerometer,1.8139501,-6.0820503,-4.53795
1778964583570,Accelerometer,-6.70305,-12.937051,-1.7580001
1778964583588,Accelerometer,-7.7380505,-9.05805,-4.329
1778964583588,Gyroscope,0.0867625,0.4662625,-4.257825
1778964583606,Accelerometer,-7.9080005,-5.637,-4.36305
1778964583624,Accelerometer,-5.82,-9.096001,-2.7829502
1778964583644,Accelerometer,-9.165,-13.119,1.15995
1778964583658,Accelerometer,-9.41895,-12.09405,2.7610502
1778964583658,Gyroscope,-0.8795875,-1.4078625,-5.0909376
1778964583683,Accelerometer,-9.65295,-11.301001,2.12205
1778964583703,Accelerometer,-10.017,-11.95995,2.60295
1778964583721,Accelerometer,-10.281,-13.272,-1.0159501
1778964583737,Accelerometer,-10.89795,-14.677051,-0.91995007
1778964583737,Gyroscope,0.019524999,1.3068,-1.82655
1778964583760,Accelerometer,-12.559951,-12.420001,-0.82695
1778964583780,Accelerometer,-10.054951,-7.96605,-1.2720001
1778964583804,Accelerometer,-8.104051,-7.2720003,-2.18205
1778964583820,Accelerometer,-6.76095,-8.79705,-1.42005
1778964583820,Gyroscope,-0.4984375,-1.2808125,-0.685575
1778964583839,Accelerometer,-1.8409501,-10.861051,-1.7359501
1778964583858,Accelerometer,-3.3060002,-10.65705,-1.9230001
1778964583877,Accelerometer,-7.4410505,-8.73495,-0.67605
1778964583891,Accelerometer,-6.7920003,-13.07295,-0.597
1778964583892,Gyroscope,-0.162525,-0.313225,1.8568
1778964583909,Accelerometer,7.7040005,-18.762001,1.9260001
1778964583935,Accelerometer,6.3799505,-13.135051,4.131
1778964583955,Accelerometer,9.76095,-10.78905,-5.89095
1778964583969,Accelerometer,6.2440505,-15.013051,-3.999
1778964583969,Gyroscope,-0.3493875,0.576125,2.3626626
1778964583989,Accelerometer,-9.675,-17.088001,-0.75195
1778964584013,Accelerometer,-6.5740504,-17.734951,-1.6980001
1778964584036,Accelerometer,-3.318,-12.051001,-5.09805
1778964584052,Accelerometer,-5.8320003,-4.6000504,-2.93805
1778964584052,Gyroscope,-0.168575,-0.3425125,1.401125
1778964584073,Accelerometer,-7.5820503,-4.25295,-4.3770003
1778964584091,Accelerometer,-2.6950502,-8.874001,-4.47795
1778964584110,Accelerometer,-2.14995,-12.463051,-2.505
1778964584125,Accelerometer,-4.1460004,-10.222051,-2.9980502
1778964584125,Gyroscope,-0.09405,-0.2044625,1.2142625
1778964584147,Accelerometer,-6.0400505,-5.84205,-2.2420502
1778964584168,Accelerometer,-4.5750003,-4.46595,-2.29695
1778964584188,Accelerometer,-5.7310505,-7.8180003,-3.2740502
1778964584202,Accelerometer,-4.3570504,-8.60805,-2.8189502
1778964584202,Gyroscope,-0.096525,-0.307175,1.1642125
1778964584227,Accelerometer,-3.8040001,-10.291051,-3.2929502
1778964584250,Accelerometer,-5.8060503,-9.82695,-3.0580502
1778964584267,Accelerometer,-3.8590503,-8.43795,-2.9479501
1778964584284,Accelerometer,-5.7390003,-7.011,-2.7199502
1778964584284,Gyroscope,-0.1747625,-0.7041375,1.8580375
1778964584304,Accelerometer,-5.9950504,-5.9430003,-2.7439501
1778964584324,Accelerometer,-6.6390004,-3.5730002,-2.1700501
1778964584343,Accelerometer,-6.1860003,-12.697051,-2.6440501
1778964584358,Accelerometer,-7.2850504,-15.985051,-4.35795
1778964584358,Gyroscope,-0.2688125,-0.8336625,2.0670376
1778964584382,Accelerometer,-4.72095,-13.585951,-6.2899504
1778964584402,Accelerometer,-7.11495,-13.264951,-4.69605
1778964584421,Accelerometer,-7.0290003,-16.320002,-3.17805
1778964584435,Accelerometer,-5.23605,-14.091001,-2.0020502
1778964584436,Gyroscope,-0.4728625,-1.3638625,2.0755625
1778964584460,Accelerometer,-3.897,-8.689051,-1.593
1778964584482,Accelerometer,-4.32105,-2.9170501,-0.47505003
1778964584500,Accelerometer,-4.644,2.97195,1.7340001
1778964584516,Accelerometer,6.97695,6.4129505,8.7949505
1778964584516,Gyroscope,0.714725,0.659175,-0.66715
1778964584537,Accelerometer,19.312052,3.762,-0.92205006
1778964584548,Accelerometer,13.788001,-2.4829502,-6.45795
1778964584577,Accelerometer,-0.63900006,-7.1470504,0.44595003
1778964584600,Accelerometer,-7.4890504,-13.902,1.96395
1778964584600,Gyroscope,0.4324375,1.61095,-3.495525
1778964584621,Accelerometer,-5.0080504,-5.70795,-2.289
1778964584632,Accelerometer,-5.025,-5.4880505,-1.42305
1778964584654,Accelerometer,-1.5990001,-8.41395,-2.73
1778964584668,Accelerometer,-1.9150501,-12.609,-1.6140001
1778964584669,Gyroscope,-0.39214998,-0.721325,-5.8130875
1778964584693,Accelerometer,-7.27995,-15.727951,0.78900003
1778964584714,Accelerometer,-9.31995,-15.3810005,0.23295002
1778964584732,Accelerometer,-10.198951,-15.123001,-0.64695
1778964584749,Accelerometer,-11.24295,-16.641,-1.81095
1778964584750,Gyroscope,-0.112475,0.4393125,-4.368925
1778964584771,Accelerometer,-10.134001,-16.36095,-3.9490502
1778964584788,Accelerometer,-9.76605,-13.602,-2.562
1778964584810,Accelerometer,-12.012001,-9.130051,-3.07995
1778964584833,Accelerometer,-13.324051,-6.67995,-2.1079502
1778964584834,Gyroscope,-0.460625,-1.6839625,-0.9592
1778964584853,Accelerometer,-9.382951,-7.3030505,-1.7389501
1778964584868,Accelerometer,-6.1650004,-8.565001,-2.29905
1778964584887,Accelerometer,-5.9160004,-8.668051,-1.4899501
1778964584902,Accelerometer,-8.22105,-6.135,-8.60805
1778964584902,Gyroscope,-0.5924875,-2.6162124,1.7615125
1778964584926,Accelerometer,-5.8680005,-6.7519503,-10.96395
1778964584947,Accelerometer,2.2810502,-22.612051,-18.08205
1778964584965,Accelerometer,29.217001,-34.621952,-1.32
1778964584981,Accelerometer,-2.67405,-31.401001,20.49105
1778964584981,Gyroscope,-0.4569125,1.050225,5.4462376
1778964585004,Accelerometer,5.5300503,-6.94395,-1.7080501
1778964585023,Accelerometer,-8.16195,-3.834,-4.7460003
1778964585047,Accelerometer,-18.775051,3.8170502,-5.6460004
1778964585066,Accelerometer,-18.643951,0.11100001,-3.18705
1778964585066,Gyroscope,-0.284625,-1.3858625,0.4640625
1778964585083,Accelerometer,-5.57805,-6.73995,-4.36305
1778964585101,Accelerometer,-0.73695004,-12.89805,-4.143
1778964585120,Accelerometer,0.109950006,-18.18,-1.2720001
1778964585135,Accelerometer,-1.05795,-10.035001,-2.28495
1778964585135,Gyroscope,0.2248125,0.21573749,0.7316375
1778964585160,Accelerometer,-1.16295,-7.5660005,-2.60805
1778964585178,Accelerometer,-6.4540505,-6.90105,-2.01705
1778964585197,Accelerometer,-8.928,-6.8770504,-3.4750502
1778964585212,Accelerometer,-5.7070503,-8.163,-4.1860504
1778964585212,Gyroscope,-0.11605,-1.089,-0.5853375
1778964585236,Accelerometer,-4.03905,-9.369,-3.5149503
1778964585256,Accelerometer,-2.0059502,-8.9740505,-1.9879501
1778964585269,Accelerometer,-0.64095,-8.3560505,-2.1360002
1778964585290,Accelerometer,-0.84195006,-8.160001,-2.505
1778964585290,Gyroscope,-0.033,-0.257125,0.0988625
1778964585319,Accelerometer,-2.535,-7.93305,-2.60805
1778964585333,Accelerometer,-3.2719502,-8.23005,-3.07995
1778964585348,Accelerometer,-3.9550502,-9.606001,-2.4739501
1778964585367,Accelerometer,-3.83295,-10.593,-1.983
1778964585367,Gyroscope,0.0402875,-0.4549875,0.4250125
1778964585392,Accelerometer,-3.2410502,-10.143001,-1.3270501
1778964585411,Accelerometer,-2.3790002,-9.7240505,-2.3689501
1778964585428,Accelerometer,-0.43800002,-10.578,-2.3490002
1778964585445,Accelerometer,-1.0669501,-11.902051,-3.0960002
1778964585445,Gyroscope,0.2028125,-0.098175,1.2802625
1778964585469,Accelerometer,-2.9299502,-12.148951,-3.52305
1778964585489,Accelerometer,-4.5079503,-11.946,-3.3289502
1778964585509,Accelerometer,-4.1989503,-11.78505,-3.3310502
1778964585528,Accelerometer,-1.5820501,-13.894051,-4.3390503
1778964585528,Gyroscope,0.2809125,-1.091475,1.5294125
1778964585549,Accelerometer,1.9699501,-17.02395,-4.9420505
1778964585567,Accelerometer,5.3200502,-17.26605,-4.2910504
1778964585586,Accelerometer,5.643,-16.987951,-3.2209501
1778964585601,Accelerometer,3.7489502,-17.112001,-1.83
1778964585601,Gyroscope,-0.3861,-1.7254875,2.7988124
1778964585625,Accelerometer,0.126,-17.895,-2.778
1778964585644,Accelerometer,-5.2189503,-16.219051,-5.30205
1778964585664,Accelerometer,-6.4810505,-13.911,-3.7789502
1778964585679,Accelerometer,-6.8089504,-11.481001,-3.0919502
1778964585679,Gyroscope,-0.21505,0.1241625,2.6497624
1778964585703,Accelerometer,-2.35305,-8.24205,-1.365
1778964585727,Accelerometer,2.0040002,-6.36705,-1.46595
1778964585745,Accelerometer,1.58895,-5.2270503,-2.3470502
1778964585759,Accelerometer,0.08595,-4.533,-1.30305
1778964585760,Gyroscope,-0.681725,-0.1238875,-1.3013
1778964585781,Accelerometer,0.34695002,-4.15005,0.29505002
1778964585800,Accelerometer,1.2760501,-4.46295,-0.28305
1778964585821,Accelerometer,-0.23205002,-5.637,-0.48195
1778964585829,Accelerometer,-0.92100006,-6.9559503,-0.85800004
1778964585834,Gyroscope,0.1038125,1.4436125,-4.4496374
1778964585859,Accelerometer,-1.503,-8.41395,-1.4299501
1778964585879,Accelerometer,-3.423,-8.754001,-1.368
1778964585897,Accelerometer,-3.588,-10.38405,-2.1720002
1778964585911,Accelerometer,-3.8569503,-13.16205,-2.59095
1778964585912,Gyroscope,-0.0122375,0.8289875,-5.8240876
1778964585937,Accelerometer,-6.14295,-14.75205,-2.4120002
1778964585961,Accelerometer,-6.4879503,-14.95995,-2.43105
1778964585977,Accelerometer,-7.5490503,-15.799951,-2.8570502
1778964585993,Accelerometer,-13.045951,-15.558001,-2.7109501
1778964585994,Gyroscope,-0.0097624995,1.823525,-4.3921623
1778964586014,Accelerometer,-14.370001,-13.21695,-2.89995
1778964586033,Accelerometer,-14.401051,-12.12705,-2.93595
1778964586053,Accelerometer,-14.788951,-9.798,-2.0380502
1778964586067,Accelerometer,-13.25205,-8.34195,-2.33505
1778964586067,Gyroscope,0.312675,0.6763625,-1.077725
1778964586091,Accelerometer,-12.253051,-8.922001,-2.25405
1778964586110,Accelerometer,-13.647,-9.154051,-3.0340502
1778964586130,Accelerometer,-17.868,-10.807951,-6.8190002
1778964586145,Accelerometer,-3.4950001,-18.171001,-4.3390503
1778964586146,Gyroscope,-0.07095,1.128325,2.9258626
1778964586170,Accelerometer,13.168051,-30.562952,-2.3850002
1778964586192,Accelerometer,-1.79805,-12.361951,1.8319501
1778964586210,Accelerometer,7.5990005,2.7280502,-1.8589501
1778964586226,Accelerometer,-2.60205,4.25805,-3.5149503
1778964586226,Gyroscope,-0.135575,0.6469375,1.197075
1778964586247,Accelerometer,-17.025002,-8.517,-3.4339502
1778964586266,Accelerometer,-2.14695,-24.429,1.96395
1778964586286,Accelerometer,-3.21495,-14.163001,-2.26605
1778964586309,Accelerometer,-0.009000001,-2.76795,-4.2769504
1778964586310,Gyroscope,-0.339625,0.078925,1.5709375
1778964586330,Accelerometer,-0.17895001,-5.24205,-1.9260001
1778964586344,Accelerometer,-5.05905,-12.92205,-1.6309501
1778964586364,Accelerometer,-4.905,-12.241951,-1.64295
1778964586378,Accelerometer,-1.10595,-7.7170506,-1.9470001
1778964586378,Gyroscope,-0.2003375,-0.224125,0.4323
1778964586402,Accelerometer,0.29205,-8.46195,-2.1030002
1778964586421,Accelerometer,-1.70895,-10.332001,-3.2209501
1778964586441,Accelerometer,-4.21605,-10.38,-2.70405
1778964586455,Accelerometer,-3.83505,-8.91705,-2.6250002
1778964586455,Gyroscope,-0.0037125,-0.47575,-0.0319
1778964586475,Accelerometer,-2.01495,-9.1060505,-3.0679502
1778964586500,Accelerometer,-1.52205,-9.549001,-2.4810002
1778964586520,Accelerometer,-1.5150001,-10.092,-2.4550502
1778964586536,Accelerometer,-0.40395,-9.7879505,-2.7469501
1778964586536,Gyroscope,-0.0182875,-0.4415125,-0.00385
1778964586555,Accelerometer,-0.54300004,-9.252001,-2.4090002
1778964586577,Accelerometer,-1.6279501,-9.4150505,-2.12205
1778964586596,Accelerometer,-1.5439501,-9.736051,-2.35395
1778964586611,Accelerometer,-1.029,-9.811951,-2.4120002
1778964586611,Gyroscope,-0.07095,-0.6040375,0.34553748
1778964586630,Accelerometer,-1.5960001,-9.7570505,-2.00895
1778964586655,Accelerometer,-1.5820501,-9.931951,-2.3850002
1778964586676,Accelerometer,-0.91200006,-10.144951,-2.77095
1778964586692,Accelerometer,-1.0189501,-10.20495,-2.4829502
1778964586692,Gyroscope,0.1282875,-0.34141248,0.75116247
1778964586711,Accelerometer,-1.5700501,-9.901051,-1.8540001
1778964586733,Accelerometer,-1.6510501,-9.754951,-2.388
1778964586756,Accelerometer,-2.1709502,-11.03295,-1.677
1778964586773,Accelerometer,-2.19705,-10.927951,-2.01405
1778964586774,Gyroscope,0.2101,-0.5918,1.368125
1778964586794,Accelerometer,-2.1330001,-11.233951,-2.8930502
1778964586811,Accelerometer,-2.1760502,-12.175051,-3.58695
1778964586830,Accelerometer,-2.76495,-13.18095,-3.8700001
1778964586844,Accelerometer,-2.53305,-12.90795,-2.7880502
1778964586845,Gyroscope,0.5302,-0.47079998,1.8030375
1778964586869,Accelerometer,-2.463,-12.396001,-1.389
1778964586889,Accelerometer,-1.4310001,-13.222051,-2.66295
1778964586908,Accelerometer,-0.67905,-16.243052,-4.605
1778964586924,Accelerometer,0.39900002,-16.497002,-5.3569503
1778964586924,Gyroscope,0.416625,-0.9559,2.251425
1778964586947,Accelerometer,1.02195,-15.300001,-4.77705
1778964586966,Accelerometer,2.4780002,-15.966001,-3.039
1778964586989,Accelerometer,1.8790501,-15.682951,-2.90505
1778964587004,Accelerometer,1.779,-16.771952,-2.4520502
1778964587005,Gyroscope,0.9956375,-1.0487125,2.69005
1778964587024,Accelerometer,-2.5470002,-14.15505,-1.50405
1778964587044,Accelerometer,-5.2600503,-9.834001,-1.96905
1778964587063,Accelerometer,-1.194,-5.8159504,-2.4499502
1778964587078,Accelerometer,3.5790002,-4.8970504,-3.52005
1778964587078,Gyroscope,0.996875,2.7006376,0.5753
1778964587102,Accelerometer,3.1030502,-3.7879503,-4.95405
1778964587112,Accelerometer,0.342,-3.42705,-4.8300004
1778964587141,Accelerometer,-0.37305,-3.51795,-2.0329502
1778964587160,Accelerometer,0.62205005,-3.4699502,-0.45105
1778964587160,Gyroscope,0.19305,1.5632375,-2.5950375
1778964587180,Accelerometer,0.61995006,-5.2180505,-1.1550001
1778964587192,Accelerometer,-0.186,-7.9879503,-1.9399501
1778964587219,Accelerometer,-1.1220001,-8.979,-2.90505
1778964587240,Accelerometer,-2.94195,-8.78505,-3.1920002
1778964587240,Gyroscope,0.6622,1.35685,-5.3389874
1778964587258,Accelerometer,-3.4639502,-9.73995,-3.46005
1778964587271,Accelerometer,-2.094,-13.578001,-3.7740002
1778964587296,Accelerometer,-4.56495,-17.28,-3.7930503
1778964587311,Accelerometer,-7.209,-15.793051,-4.0609503
1778964587311,Gyroscope,0.560725,1.7587625,-5.72385
1778964587336,Accelerometer,-7.1269503,-14.257951,-4.36305
1778964587360,Accelerometer,-8.94705,-14.251051,-4.30305
1778964587374,Accelerometer,-10.07205,-14.998051,-4.52295
1778964587388,Accelerometer,-12.019051,-13.20705,-5.0790005
1778964587388,Gyroscope,0.461725,1.595,-3.170475
1778964587413,Accelerometer,-14.650051,-9.321,-5.1790504
1778964587436,Accelerometer,-14.62905,-7.21005,-5.1000004
1778964587455,Accelerometer,-12.868951,-9.00105,-3.3090003
1778964587472,Accelerometer,-10.9800005,-10.566001,-1.4970001
1778964587472,Gyroscope,-0.250525,-0.616275,0.4873
1778964587493,Accelerometer,-8.614051,-10.405951,-0.41505003
1778964587510,Accelerometer,-7.2660003,-9.39105,-0.61800003
1778964587529,Accelerometer,-6.1260004,-9.37905,-0.97695005
1778964587544,Accelerometer,-5.7670503,-8.200951,-1.7869501
1778964587544,Gyroscope,-0.4093375,1.05875,2.9013875
1778964587569,Accelerometer,13.9150505,-9.666,6.9540005
1778964587589,Accelerometer,10.2640505,-26.61795,-8.25105
1778964587607,Accelerometer,-7.3759503,-33.70695,-6.7210503
1778964587621,Accelerometer,4.93695,-11.6970005,4.1119504
1778964587622,Gyroscope,-0.786775,0.465025,4.3186
1778964587646,Accelerometer,-9.75405,5.46,-0.61800003
1778964587670,Accelerometer,-8.88,-0.855,-5.3370004
1778964587687,Accelerometer,1.86195,-9.870001,-6.432
1778964587702,Accelerometer,1.8049501,-19.084951,-0.63000005
1778964587702,Gyroscope,-0.2248125,-1.1012375,1.5783625
1778964587723,Accelerometer,-4.3380003,-11.578951,-4.02495
1778964587743,Accelerometer,-6.8689504,-5.9100003,-1.41795
1778964587763,Accelerometer,-2.4439502,-8.412001,-0.26205
1778964587777,Accelerometer,-1.1509501,-9.949051,-1.4749501
1778964587777,Gyroscope,-0.2651,0.0226875,0.8586875
1778964587802,Accelerometer,-3.82995,-10.16205,-2.6440501
1778964587822,Accelerometer,-5.1210003,-9.22605,-2.5770001
1778964587839,Accelerometer,-3.52395,-9.09195,-2.32305
1778964587855,Accelerometer,-1.9800001,-9.159,-2.2420502
1778964587855,Gyroscope,-0.140525,-0.6565625,0.2124375
1778964587879,Accelerometer,-1.644,-9.526951,-2.3370001
1778964587901,Accelerometer,-2.32395,-10.284,-1.7050501
1778964587920,Accelerometer,-1.6320001,-9.819,-2.0329502
1778964587936,Accelerometer,-1.8409501,-8.634001,-2.56695
1778964587936,Gyroscope,-0.1857625,-0.19965,0.3554375
1778964587956,Accelerometer,-3.3439503,-8.44305,-2.3830502
1778964587976,Accelerometer,-3.486,-9.123,-1.6000501
1778964587993,Accelerometer,-2.7499502,-9.592051,-2.352
1778964588010,Accelerometer,-1.2229501,-10.143001,-2.95005
1778964588010,Gyroscope,-0.2052875,-0.75185,0.484825
1778964588041,Accelerometer,-0.91200006,-9.999001,-3.039
1778964588054,Accelerometer,-2.21895,-9.982051,-2.4070501
1778964588073,Accelerometer,-2.391,-9.774,-3.18
1778964588088,Accelerometer,-2.18295,-9.915001,-3.2590501
1778964588088,Gyroscope,0.0427625,-0.6908,0.9222125
1778964588113,Accelerometer,-2.463,-10.97595,-2.325
1778964588136,Accelerometer,-2.83905,-11.838,-1.44
1778964588151,Accelerometer,-1.7380501,-11.560051,-1.74405
1778964588167,Accelerometer,-1.4260501,-11.436001,-3.051
1778964588167,Gyroscope,0.21505,-0.5429875,1.561175
1778964588191,Accelerometer,-2.3080502,-12.36705,-3.3409503
1778964588209,Accelerometer,-2.5470002,-13.47105,-3.1680002
1778964588234,Accelerometer,-0.84900004,-15.07005,-3.55395
1778964588253,Accelerometer,1.64205,-16.810951,-4.71
1778964588253,Gyroscope,0.45815,-0.86913747,2.2746625
1778964588270,Accelerometer,2.94495,-17.076,-4.18305
1778964588287,Accelerometer,3.3319502,-17.84505,-3.28095
1778964588306,Accelerometer,0.47400004,-17.838001,-2.90505
1778964588321,Accelerometer,-0.20805001,-18.937052,-2.196
1778964588321,Gyroscope,0.3421,-1.223475,3.06515
1778964588346,Accelerometer,-2.49195,-16.72005,-1.7890501
1778964588367,Accelerometer,-4.1010003,-13.36995,-3.01005
1778964588385,Accelerometer,-1.917,-8.9740505,-2.388
1778964588400,Accelerometer,-0.27195,-4.3560004,-2.9239502
1778964588401,Gyroscope,0.5082,1.062325,1.362075
1778964588423,Accelerometer,1.9600501,-3.7879503,-2.5170002
1778964588443,Accelerometer,1.86195,-3.3960001,-2.9910002
1778964588467,Accelerometer,1.3279501,-3.45495,-1.9450501
1778964588474,Accelerometer,1.0200001,-3.1200001,-0.123
1778964588485,Gyroscope,0.141625,0.55055,-2.2309375
1778964588500,Accelerometer,1.62495,-3.27795,-0.31695002
1778964588520,Accelerometer,0.85200006,-5.7559505,-1.4830501
1778964588540,Accelerometer,-0.112050004,-7.6530004,-2.4190502
1778964588554,Accelerometer,-1.00695,-8.043,-3.1920002
1778964588555,Gyroscope,0.95411247,1.508375,-5.24865
1778964588579,Accelerometer,-2.80305,-8.359051,-2.874
1778964588599,Accelerometer,-3.1189501,-10.044001,-3.3120003
1778964588617,Accelerometer,-2.87505,-14.260951,-3.6180003
1778964588633,Accelerometer,-5.6020503,-17.92605,-3.798
1778964588634,Gyroscope,0.6084375,1.37885,-6.355525
1778964588656,Accelerometer,-7.9080005,-17.33295,-4.2979503
1778964588676,Accelerometer,-7.59705,-17.124,-5.2110004
1778964588701,Accelerometer,-9.5449505,-17.04495,-5.8639503
1778964588716,Accelerometer,-12.64395,-15.058051,-6.57
1778964588716,Gyroscope,0.593725,2.276725,-3.391575
1778964588735,Accelerometer,-15.538051,-10.405951,-6.5989504
1778964588753,Accelerometer,-16.258951,-6.7549505,-6.6780005
1778964588772,Accelerometer,-15.214951,-7.557,-4.782
1778964588786,Accelerometer,-13.58205,-9.71205,-3.015
1778964588787,Gyroscope,-0.36905,-0.4329875,0.3969625
1778964588811,Accelerometer,-11.34105,-10.19295,-1.9039501
1778964588831,Accelerometer,-9.562051,-9.61095,-1.9470001
1778964588850,Accelerometer,-8.20005,-8.995951,-2.93805
1778964588865,Accelerometer,6.46395,-11.119051,4.8300004
1778964588865,Gyroscope,0.1843875,1.0074625,1.875225
1778964588889,Accelerometer,18.691952,-22.633951,-0.15105
1778964588908,Accelerometer,-6.3799505,-22.116001,-3.4840503
1778964588928,Accelerometer,0.23895001,-13.035001,-4.26195
1778964588943,Accelerometer,-6.5550003,-8.26305,1.7680501
1778964588943,Gyroscope,-0.35805,0.97679996,2.322375
1778964588966,Accelerometer,-9.687,-3.4669502,-3.46005
1778964588987,Accelerometer,-4.39305,-6.8700004,-5.39505
1778964589006,Accelerometer,1.57305,-12.159,-2.3160002
1778964589021,Accelerometer,-0.010950001,-12.472051,-3.1590002
1778964589021,Gyroscope,-0.1918125,-1.2027125,1.2362624
1778964589045,Accelerometer,-3.5860503,-7.9690504,-3.2970002
1778964589067,Accelerometer,-4.53195,-8.95695,-0.171
1778964589083,Accelerometer,-0.27705002,-10.650001,-0.52500004
1778964589098,Accelerometer,-0.32700002,-10.401,-2.2030501
1778964589098,Gyroscope,-0.25905,0.3562625,0.8306375
1778964589118,Accelerometer,-3.39,-9.25905,-2.838
1778964589142,Accelerometer,-4.70895,-8.74905,-2.42805
1778964589163,Accelerometer,-2.74305,-8.991,-2.43105
1778964589181,Accelerometer,-1.371,-9.417001,-2.493
1778964589181,Gyroscope,-0.179575,-0.660275,0.2552
1778964589205,Accelerometer,-0.96000004,-9.891001,-1.8679501
1778964589219,Accelerometer,-0.71295005,-10.308001,-1.6860001
1778964589239,Accelerometer,-0.39195,-9.68805,-2.49105
1778964589254,Accelerometer,-2.15205,-8.88105,-2.60595
1778964589254,Gyroscope,-0.1918125,-0.081125,0.5680125
1778964589275,Accelerometer,-4.197,-9.084001,-2.301
1778964589297,Accelerometer,-3.21,-9.4150505,-2.08095
1778964589317,Accelerometer,-2.32905,-9.42,-2.1750002
1778964589331,Accelerometer,-1.6300501,-9.597,-2.3850002
1778964589331,Gyroscope,-0.2321,-0.545325,0.58134997
1778964589356,Accelerometer,-1.659,-10.068001,-2.3850002
1778964589379,Accelerometer,-2.2429502,-10.2619505,-3.0700502
1778964589394,Accelerometer,-2.7169502,-9.96105,-3.1369503
1778964589413,Accelerometer,-2.56905,-9.60105,-2.7610502
1778964589413,Gyroscope,0.003575,-0.556325,0.8844
1778964589435,Accelerometer,-1.7539501,-9.906,-2.2060502
1778964589453,Accelerometer,-1.89795,-11.29395,-2.24895
1778964589472,Accelerometer,-2.25705,-11.578951,-2.70405
1778964589487,Accelerometer,-2.9250002,-11.09805,-3.4360502
1778964589487,Gyroscope,0.09405,-0.49774998,1.4964125
1778964589512,Accelerometer,-3.2320502,-11.227051,-3.4390502
1778964589531,Accelerometer,-3.1360502,-12.076951,-3.7189503
1778964589550,Accelerometer,-2.46105,-13.963951,-3.6210003
1778964589564,Accelerometer,-0.46605003,-14.212951,-3.11295
1778964589565,Gyroscope,0.3334375,-1.0071875,1.975325
1778964589589,Accelerometer,0.62895006,-15.25905,-3.2760003
1778964589612,Accelerometer,2.40105,-16.839,-3.35505
1778964589629,Accelerometer,2.66205,-17.542952,-2.7160501
1778964589645,Accelerometer,1.9030501,-16.89195,-2.433
1778964589645,Gyroscope,-0.1698125,-1.792725,2.6558125
1778964589667,Accelerometer,-1.2559501,-16.116001,-2.4790502
1778964589686,Accelerometer,-2.4510002,-16.168951,-1.9020001
1778964589706,Accelerometer,-5.7169504,-13.22595,-2.124
1778964589729,Accelerometer,-5.6860504,-8.91705,-3.8220003
1778964589729,Gyroscope,0.1563375,0.8314625,3.206775
1778964589751,Accelerometer,-3.7489502,-3.6160502,-2.40405
1778964589760,Accelerometer,1.314,-2.98095,-2.5890002
1778964589783,Accelerometer,2.0680501,-2.811,-1.815
1778964589797,Accelerometer,0.87105006,-2.77305,-1.3630501
1778964589798,Gyroscope,-0.061049998,-0.318175,-1.601875
1778964589822,Accelerometer,0.89505005,-1.9519501,-0.015000001
1778964589843,Accelerometer,1.9890001,-1.8870001,0.17295001
1778964589861,Accelerometer,1.7860501,-3.7789502,-1.19295
1778964589879,Accelerometer,0.83505005,-6.0030003,-1.76505
1778964589879,Gyroscope,0.2723875,1.749,-4.1955376
1778964589899,Accelerometer,-1.16805,-7.6189504,-2.3850002
1778964589916,Accelerometer,-2.12595,-8.23695,-2.6820002
1778964589939,Accelerometer,-2.6950502,-9.028951,-1.4130001
1778964589963,Accelerometer,-4.51305,-11.72805,-2.33505
1778964589963,Gyroscope,0.1428625,0.9719875,-5.3757
1778964589984,Accelerometer,-3.68895,-14.505001,-3.252
1778964589996,Accelerometer,-8.382,-15.87495,-2.2030501
1778964590017,Accelerometer,-8.724,-15.39105,-1.5450001
1778964590031,Accelerometer,-7.8,-16.54305,-1.7530501
1778964590031,Gyroscope,-0.11605,0.7814125,-5.0751247
1778964590055,Accelerometer,-10.101001,-19.497002,-1.2529501
1778964590077,Accelerometer,-13.642051,-14.731951,-2.3490002
1778964590094,Accelerometer,-14.680951,-9.49905,-3.85995
1778964590111,Accelerometer,-15.900001,-7.3369503,-5.256
1778964590111,Gyroscope,-0.0867625,1.13685,-1.270775
1778964590133,Accelerometer,-14.608951,-8.434951,-4.33395
1778964590152,Accelerometer,-14.341051,-12.108001,-2.55795
1778964590176,Accelerometer,-13.257001,-15.37905,-0.89100003
1778964590191,Accelerometer,28.935001,-20.008951,1.593
1778964590191,Gyroscope,1.184975,-0.2534125,0.4555375
1778964590215,Accelerometer,-2.913,-23.812052,-2.53095
1778964590230,Accelerometer,4.8360004,-10.815001,2.115
1778964590249,Accelerometer,0.19605,-4.6260004,-3.693
1778964590264,Accelerometer,-6.53595,1.5259501,-5.184
1778964590264,Gyroscope,-0.65725,0.946275,2.1011374
1778964590289,Accelerometer,-8.52105,-2.8879502,-6.4630504
1778964590308,Accelerometer,-9.900001,-17.12895,-1.75995
1778964590327,Accelerometer,-1.029,-18.247051,-1.746
1778964590343,Accelerometer,-2.937,-7.8109503,-2.3760002
1778964590343,Gyroscope,-0.124575,-0.9241375,1.1385
1778964590366,Accelerometer,-0.51405,-6.5800505,-1.27695
1778964590386,Accelerometer,-1.48905,-8.989051,0.07305
1778964590397,Accelerometer,-2.72895,-10.404,-1.8970501
1778964590420,Accelerometer,-2.226,-10.81305,-2.5459502
1778964590420,Gyroscope,-0.088,0.4125,0.754875
1778964590448,Accelerometer,-1.4620501,-9.975,-2.33295
1778964590463,Accelerometer,-2.841,-9.08205,-2.26605
1778964590477,Accelerometer,-4.644,-8.95005,-2.8900502
1778964590497,Accelerometer,-3.7849503,-9.12705,-2.32305
1778964590497,Gyroscope,-0.0402875,-0.6688,0.0584375
1778964590522,Accelerometer,-2.2450502,-9.52005,-1.84395
1778964590542,Accelerometer,-0.63900006,-9.654,-2.3760002
1778964590560,Accelerometer,-0.34395,-9.754951,-1.57605
1778964590574,Accelerometer,-1.20105,-9.657001,-1.88205
1778964590575,Gyroscope,-0.033,-0.095837496,0.329725
1778964590599,Accelerometer,-2.2759502,-9.23295,-2.433
1778964590619,Accelerometer,-3.153,-9.142051,-2.256
1778964590641,Accelerometer,-2.64,-9.501,-2.1360002
1778964590660,Accelerometer,-1.5990001,-9.46695,-1.9849501
1778964590660,Gyroscope,-0.0842875,-0.8630875,0.3724875
1778964590677,Accelerometer,-0.68700004,-10.17105,-2.28495
1778964590696,Accelerometer,-0.43995002,-10.717051,-2.4859502
1778964590716,Accelerometer,-0.27195,-9.894,-2.052
1778964590730,Accelerometer,-0.70305,-10.26,-1.66005
1778964590731,Gyroscope,0.179575,-0.1813625,1.2692626
1778964590755,Accelerometer,-1.764,-10.878,-1.7700001
1778964590776,Accelerometer,-2.8219502,-11.268001,-2.598
1778964590793,Accelerometer,-2.63595,-11.40705,-3.3090003
1778964590809,Accelerometer,-2.12805,-12.57495,-3.5010002
1778964590809,Gyroscope,0.5154875,-0.4280375,1.8629875
1778964590832,Accelerometer,-1.5679501,-15.0390005,-3.01005
1778964590855,Accelerometer,-0.88095003,-14.899951,-2.5459502
1778964590874,Accelerometer,-0.62895006,-14.574,-3.4720502
1778964590891,Accelerometer,0.26295,-15.973051,-4.959
1778964590891,Gyroscope,0.4434375,-1.1587125,2.2490876
1778964590910,Accelerometer,2.25495,-16.461,-4.7509503
1778964590929,Accelerometer,3.2410502,-15.618001,-4.0470004
1778964590949,Accelerometer,-0.28695002,-15.73305,-2.9020503
1778964590964,Accelerometer,-4.0150504,-17.055,-3.11595
1778964590964,Gyroscope,0.830775,-1.952775,3.2740126
1778964590988,Accelerometer,-2.43405,-17.754002,-2.35905
1778964591008,Accelerometer,-6.5209503,-13.270051,-3.2380502
1778964591027,Accelerometer,-1.3930501,-7.9810505,-2.7919502
1778964591040,Accelerometer,4.5150003,-5.91405,-2.26095
1778964591041,Gyroscope,0.4654375,1.917575,0.914925
1778964591065,Accelerometer,4.0290003,-4.0399504,-3.42705
1778964591088,Accelerometer,2.3119502,-3.35505,-2.5530002
1778964591107,Accelerometer,1.89795,-3.2730002,0.56595004
1778964591124,Accelerometer,1.149,-3.285,1.6309501
1778964591124,Gyroscope,-0.46667498,2.03115,-2.3617
1778964591144,Accelerometer,0.35595003,-3.97005,1.31505
1778964591163,Accelerometer,-0.16005,-5.1550503,0.52995
1778964591182,Accelerometer,-0.30105,-7.0950003,0.51600003
1778964591197,Accelerometer,-1.66305,-8.44995,0.78405005
1778964591197,Gyroscope,0.49225,1.0990375,-5.588275
1778964591221,Accelerometer,-2.6239502,-9.68295,0.633
1778964591240,Accelerometer,-2.19495,-12.754951,-0.72105
1778964591260,Accelerometer,-4.75005,-16.573952,-1.3369501
1778964591274,Accelerometer,-8.08005,-17.41905,-1.61205
1778964591274,Gyroscope,0.2688125,1.0049875,-6.2882876
1778964591299,Accelerometer,-8.889001,-17.56995,-1.8370501
1778964591321,Accelerometer,-10.25205,-17.23695,-1.4950501
1778964591339,Accelerometer,-12.526051,-16.306051,-2.043
1778964591355,Accelerometer,-14.563951,-12.61095,-2.96895
1778964591355,Gyroscope,0.6340125,0.957275,-2.9139
1778964591376,Accelerometer,-15.31095,-7.2049503,-4.37295
1778964591396,Accelerometer,-15.043051,-6.6109505,-4.65495
1778964591415,Accelerometer,-13.816951,-9.04395,-3.384
1778964591440,Accelerometer,-12.730051,-9.754951,-2.979
1778964591440,Gyroscope,-0.0427625,-0.3389375,1.357125
1778964591460,Accelerometer,-12.094951,-9.40995,-3.0870001
1778964591473,Accelerometer,-7.79295,-8.75895,-2.8930502
1778964591493,Accelerometer,18.558,-13.971001,12.901051
1778964591507,Accelerometer,6.9690003,-23.955002,3.4290001
1778964591507,Gyroscope,0.775775,-2.29735,-0.36781248
1778964591532,Accelerometer,-1.56105,-15.646951,-11.61495
1778964591555,Accelerometer,-7.6369505,-22.33905,-9.393001
1778964591573,Accelerometer,-2.42505,-12.168,3.7890003
1778964591588,Accelerometer,-5.7910504,2.4810002,-6.6160502
1778964591588,Gyroscope,-0.4654375,0.471075,1.6088874
1778964591609,Accelerometer,-7.5010505,-0.86205006,-6.5940003
1778964591629,Accelerometer,-1.8720001,-11.95695,0.702
1778964591654,Accelerometer,-1.932,-16.71705,-2.66805
1778964591672,Accelerometer,-1.55295,-11.1,-3.5989501
1778964591673,Gyroscope,-0.1698125,-1.1207625,0.65835
1778964591689,Accelerometer,-4.36905,-9.352051,0.31005
1778964591706,Accelerometer,-1.59195,-8.69205,-0.07005
1778964591726,Accelerometer,-1.5409501,-8.674951,-2.6149502
1778964591740,Accelerometer,-3.4999502,-9.538951,-2.8900502
1778964591741,Gyroscope,-0.201575,0.47355,0.4433
1778964591760,Accelerometer,-4.06005,-9.999001,-2.7829502
1778964591785,Accelerometer,-3.0349503,-9.592051,-2.697
1778964591805,Accelerometer,-2.1090002,-8.874001,-2.697
1778964591820,Accelerometer,-1.36905,-9.12495,-1.7410501
1778964591820,Gyroscope,-0.1172875,-0.660275,0.075625
1778964591841,Accelerometer,-0.44205,-10.04205,-1.2529501
1778964591862,Accelerometer,-0.36105,-9.943951,-1.7989501
1778964591889,Accelerometer,-1.9699501,-8.989051,-2.3419502
1778964591904,Accelerometer,-4.15605,-8.838,-2.2030501
1778964591905,Gyroscope,-0.173525,-0.0188375,0.3125375
1778964591924,Accelerometer,-3.99795,-8.874001,-2.1460502
1778964591939,Accelerometer,-2.085,-8.658,-2.4520502
1778964591959,Accelerometer,-0.43005002,-9.69705,-2.8620002
1778964591974,Accelerometer,0.08295,-10.554001,-2.562
1778964591974,Gyroscope,-0.12705,-0.7616125,0.55935
1778964591998,Accelerometer,-0.74895006,-10.03695,-2.0310001
1778964592020,Accelerometer,-0.423,-9.348001,-2.3089502
1778964592039,Accelerometer,-0.63600004,-10.309951,-2.5819502
1778964592051,Accelerometer,-0.64605004,-11.61705,-3.4339502
1778964592051,Gyroscope,0.1441,-0.280225,1.5148375
1778964592076,Accelerometer,-0.92805004,-11.75205,-3.96795
1778964592095,Accelerometer,-1.6110001,-11.871,-3.73305
1778964592121,Accelerometer,-2.32395,-12.57495,-3.07995
1778964592137,Accelerometer,-2.229,-13.092001,-2.24895
1778964592137,Gyroscope,0.51425,-0.429275,2.140325
1778964592156,Accelerometer,-1.8210001,-14.646001,-3.1560001
1778964592173,Accelerometer,-0.47805002,-17.425951,-4.07805
1778964592192,Accelerometer,1.3240501,-18.039001,-3.5350502
1778964592207,Accelerometer,3.9210002,-16.87095,-3.1350002
1778964592207,Gyroscope,0.0342375,-1.9820625,2.025375
1778964592231,Accelerometer,4.3240504,-16.192951,-3.2260501
1778964592250,Accelerometer,0.32295,-17.28705,-2.0020502
1778964592269,Accelerometer,-3.0900002,-17.69205,-3.4669502
1778964592284,Accelerometer,-5.7000003,-15.027,-1.7869501
1778964592284,Gyroscope,0.2981,1.050225,3.6906376
1778964592308,Accelerometer,-6.9289503,-9.502951,-4.011
1778964592320,Accelerometer,0.91695005,-6.7210503,-2.04795
1778964592347,Accelerometer,2.80095,-5.84205,-2.256
1778964592365,Accelerometer,-0.057000004,-4.30305,-1.81095
1778964592366,Gyroscope,0.0378125,-0.2179375,-1.0899625
1778964592387,Accelerometer,0.126,-2.3110502,-0.21795002
1778964592401,Accelerometer,2.41995,-0.72105,0.51795
1778964592425,Accelerometer,3.1620002,-1.7170501,0.669
1778964592440,Accelerometer,1.218,-3.9169502,0.49605003
1778964592440,Gyroscope,0.0292875,0.92193747,-3.8864374
1778964592464,Accelerometer,0.55695003,-5.6680503,0.40305
1778964592484,Accelerometer,-1.7809501,-7.5019503,0.666
1778964592503,Accelerometer,-2.25705,-8.29695,1.5480001
1778964592517,Accelerometer,-0.78195006,-10.341001,0.16095
1778964592517,Gyroscope,0.3091,1.1405625,-5.6005125
1778964592542,Accelerometer,-2.868,-13.401001,-1.4440501
1778964592557,Accelerometer,-7.6039505,-15.853051,-2.6179502
1778964592581,Accelerometer,-8.547,-16.77,-3.04395
1778964592603,Accelerometer,-10.2949505,-18.112951,-3.5110502
1778964592603,Gyroscope,0.1087625,1.0428,-4.9615498
1778964592621,Accelerometer,-14.571001,-18.01995,-1.52295
1778964592639,Accelerometer,-19.173,-13.873051,-3.42705
1778964592659,Accelerometer,-18.222,-7.4419503,-3.6450002
1778964592673,Accelerometer,-19.903051,-6.9220505,-5.0599504
1778964592673,Gyroscope,0.0452375,-0.086075,-0.5853375
1778964592698,Accelerometer,-18.924002,-10.05405,-8.44995
1778964592717,Accelerometer,-25.017002,-18.645,-4.7320504
1778964592736,Accelerometer,7.9750504,-19.80105,1.488
1778964592750,Accelerometer,6.01905,-16.58595,-1.1880001
1778964592751,Gyroscope,0.1808125,-2.36445,0.495825
1778964592775,Accelerometer,2.29605,-6.111,-1.06095
1778964592801,Accelerometer,4.158,-3.58695,-0.10395
1778964592816,Accelerometer,-5.3050504,-5.22195,-5.1220503
1778964592832,Accelerometer,-8.311951,-11.074051,-2.7610502
1778964592832,Gyroscope,-0.151525,1.5401375,2.378475
1778964592852,Accelerometer,-6.6169505,-14.79195,-0.78795004
1778964592872,Accelerometer,-4.8910503,-10.600051,-2.67
1778964592891,Accelerometer,-4.1010003,-7.9570503,-2.15805
1778964592906,Accelerometer,-3.7230003,-10.39605,-0.55605
1778964592906,Gyroscope,-0.1942875,-0.7140375,0.771925
1778964592930,Accelerometer,-2.9490001,-10.38195,-2.32995
1778964592950,Accelerometer,-2.52795,-9.30195,-2.7540002
1778964592966,Accelerometer,-2.4180002,-8.589001,-1.9900501
1778964592984,Accelerometer,-3.0859501,-8.7630005,-2.26095
1778964592984,Gyroscope,-0.12705,0.1852125,0.578875
1778964593008,Accelerometer,-4.149,-9.39795,-2.598
1778964593031,Accelerometer,-4.1989503,-9.118051,-2.7180002
1778964593048,Accelerometer,-3.34905,-8.644051,-2.5549502
1778964593064,Accelerometer,-2.50095,-8.95995,-2.232
1778964593064,Gyroscope,-0.1612875,-0.412225,0.0303875
1778964593086,Accelerometer,-2.0350502,-9.526951,-2.45895
1778964593105,Accelerometer,-1.9339501,-9.616051,-2.3110502
1778964593122,Accelerometer,-1.9990501,-9.505951,-2.1079502
1778964593141,Accelerometer,-2.25,-9.07995,-2.93805
1778964593141,Gyroscope,-0.1747625,-0.2253625,0.29425
1778964593168,Accelerometer,-2.9899502,-8.89305,-2.7229502
1778964593183,Accelerometer,-3.22005,-8.898001,-2.04495
1778964593202,Accelerometer,-2.64,-9.22305,-2.6820002
1778964593217,Accelerometer,-2.217,-9.823951,-3.24495
1778964593217,Gyroscope,-0.2138125,-0.6345625,0.43353748
1778964593241,Accelerometer,-2.32005,-9.847951,-2.6850002
1778964593263,Accelerometer,-1.8409501,-10.167001,-3.0220501
1778964593280,Accelerometer,-1.44105,-10.533001,-2.89995
1778964593297,Accelerometer,-2.05905,-10.17105,-2.09805
1778964593297,Gyroscope,-0.112475,-0.821425,1.06645
1778964593319,Accelerometer,-2.6140501,-10.000951,-2.7109501
1778964593338,Accelerometer,-2.3700001,-10.78695,-3.6490502
1778964593363,Accelerometer,-2.53005,-11.187,-3.93405
1778964593381,Accelerometer,-2.9920502,-11.364,-3.7930503
1778964593381,Gyroscope,0.0402875,-1.185525,1.886225
1778964593401,Accelerometer,-2.8129501,-13.07295,-4.1470504
1778964593416,Accelerometer,-1.4170501,-14.898001,-3.9870002
1778964593436,Accelerometer,-0.47805002,-15.859951,-3.8430002
1778964593450,Accelerometer,0.65295005,-17.272951,-4.39905
1778964593450,Gyroscope,-0.499675,-1.9540125,2.88915
1778964593474,Accelerometer,1.1539501,-18.08205,-3.62595
1778964593495,Accelerometer,0.65805006,-17.72505,-4.7959504
1778964593514,Accelerometer,-3.9049501,-16.13595,-6.3430505
1778964593530,Accelerometer,-6.2530503,-14.187,-2.6200502
1778964593530,Gyroscope,-0.3909125,-1.1977625,3.150675
1778964593552,Accelerometer,-8.403001,-8.6629505,-4.0009503
1778964593572,Accelerometer,-1.4479501,-3.86505,-2.32305
1778964593594,Accelerometer,2.559,-4.18305,-0.81705004
1778964593603,Accelerometer,2.322,-2.9260502,-1.6360501
1778964593613,Gyroscope,-1.0885875,-0.55275,-0.8443875
1778964593630,Accelerometer,2.33205,-1.48695,-0.49095002
1778964593649,Accelerometer,1.8240001,-2.196,1.6170001
1778964593669,Accelerometer,-0.28905,-4.1140504,2.283
1778964593683,Accelerometer,-1.2040501,-5.97195,2.9550002
1778964593684,Gyroscope,-1.36345,0.9255125,-3.7508626
1778964593708,Accelerometer,-0.97395,-6.97695,3.075
1778964593727,Accelerometer,-0.11895001,-7.6789503,2.3760002
1778964593747,Accelerometer,-0.76095,-9.048,2.9910002
1778964593762,Accelerometer,-1.74495,-11.854951,2.9980502
1778964593762,Gyroscope,-0.9945375,0.6568375,-5.4074626
1778964593785,Accelerometer,-3.1380002,-14.400001,1.39005
1778964593805,Accelerometer,-6.02295,-15.207001,0.32205
1778964593827,Accelerometer,-7.8190503,-16.248001,-0.71895003
1778964593845,Accelerometer,-7.14405,-17.86395,-2.0689502
1778964593846,Gyroscope,-0.3848625,0.31707498,-5.7910876
1778964593866,Accelerometer,-7.8240004,-17.54805,-3.051
1778964593882,Accelerometer,-10.43595,-16.087952,-3.08205
1778964593902,Accelerometer,-12.98595,-13.068001,-1.7530501
1778964593916,Accelerometer,-12.229051,-9.538951,-0.96795005
1778964593916,Gyroscope,-0.4203375,-1.5191,-2.899325
1778964593942,Accelerometer,-10.458,-8.859,0.18795002
1778964593960,Accelerometer,-8.688001,-9.834001,0.34605002
1778964593979,Accelerometer,-7.58895,-10.774951,0.65205
1778964593995,Accelerometer,-7.83405,-11.76105,1.42095
1778964593995,Gyroscope,0.113575,-1.2368125,0.8342125
1778964594019,Accelerometer,-9.84195,-12.337951,-0.24495001
1778964594038,Accelerometer,-0.462,-12.859951,-3.051
1778964594060,Accelerometer,17.547,-13.954051,-7.75995
1778964594078,Accelerometer,2.7600002,-19.657951,-3.2209501
1778964594078,Gyroscope,-0.19305,-0.95094997,2.14885
1778964594097,Accelerometer,3.1699502,-10.273951,-2.12205
1778964594116,Accelerometer,-5.94705,-4.071,-0.99705005
1778964594136,Accelerometer,-9.4470005,-4.6330504,-5.412
1778964594149,Accelerometer,-4.5529504,-10.428,-4.215
1778964594150,Gyroscope,-0.223575,0.482075,1.9215624
1778964594174,Accelerometer,1.8019501,-13.875001,-3.6490502
1778964594194,Accelerometer,-3.03795,-10.123051,-2.8140001
1778964594213,Accelerometer,-5.44605,-7.49205,-2.9890501
1778964594227,Accelerometer,-1.7160001,-8.577001,-2.6580002
1778964594227,Gyroscope,-0.1137125,-0.4170375,0.754875
1778964594247,Accelerometer,-1.7160001,-10.408051,-2.4450002
1778964594271,Accelerometer,-1.7880001,-9.678,-4.1140504
1778964594293,Accelerometer,-2.4799502,-8.55,-4.236
1778964594312,Accelerometer,-2.9299502,-8.674951,-4.26
1778964594312,Gyroscope,-0.0842875,-0.423225,0.3284875
1778964594329,Accelerometer,-2.8870502,-8.99295,-4.1950502
1778964594349,Accelerometer,-2.3460002,-8.871,-3.8770502
1778964594368,Accelerometer,-1.6180501,-9.123,-3.7810502
1778964594383,Accelerometer,-1.4070001,-9.34305,-3.48705
1778964594383,Gyroscope,-0.007425,-0.2387,0.1183875
1778964594404,Accelerometer,-1.43595,-9.204,-3.288
1778964594428,Accelerometer,-1.3950001,-9.20205,-3.8100002
1778964594446,Accelerometer,-1.4620501,-9.111,-3.8580003
1778964594460,Accelerometer,-2.5470002,-8.986051,-3.6660001
1778964594460,Gyroscope,-0.0672375,-0.3804625,0.20625
1778964594485,Accelerometer,-2.9160001,-8.93805,-3.6660001
1778964594507,Accelerometer,-1.6159501,-9.004951,-3.5059502
1778964594526,Accelerometer,-1.0170001,-8.77305,-3.52305
1778964594541,Accelerometer,-1.6009501,-9.010051,-3.8719501
1778964594541,Gyroscope,-0.146575,-0.4390375,0.43353748
1778964594562,Accelerometer,-2.0389502,-9.73995,-3.693
1778964594582,Accelerometer,-1.6320001,-9.56805,-4.0800004
1778964594596,Accelerometer,-1.3120501,-9.20895,-4.3510504
1778964594616,Accelerometer,-1.848,-9.048,-3.7789502
1778964594616,Gyroscope,-0.168575,-0.8740875,0.8782125
1778964594640,Accelerometer,-1.98705,-9.312,-3.9199502
1778964594659,Accelerometer,-2.40105,-9.56595,-4.4440503
1778964594679,Accelerometer,-2.94705,-9.592051,-4.4419503
1778964594693,Accelerometer,-3.21,-9.811951,-3.86505
1778964594694,Gyroscope,-0.2028125,-0.9449,1.285075
1778964594718,Accelerometer,-3.22005,-10.2960005,-3.4290001
1778964594742,Accelerometer,-2.7120001,-10.617001,-3.3930001
1778964594759,Accelerometer,-3.1720502,-10.863001,-3.58995
1778964594774,Accelerometer,-4.75005,-12.4150505,-2.9340003
1778964594774,Gyroscope,-0.23705,-1.4531,1.85075
1778964594796,Accelerometer,-3.08295,-18.06495,-4.5760503
1778964594815,Accelerometer,2.1070502,-19.969051,-4.7239504
1778964594835,Accelerometer,2.121,-16.62195,-3.07995
1778964594858,Accelerometer,2.6170502,-16.837051,-3.2929502
1778964594858,Gyroscope,-0.9675875,-2.0127249,2.5202374
1778964594880,Accelerometer,-2.77395,-17.53605,-4.36305
1778964594888,Accelerometer,-14.260051,-16.76295,-2.9310002
1778964594912,Accelerometer,-9.403951,-11.47095,-4.2379503
1778964594926,Accelerometer,-4.6849504,-7.36005,-4.1790004
1778964594927,Gyroscope,-0.7220125,-1.3712875,1.655225
1778964594951,Accelerometer,2.2789502,-5.0929503,-0.98505
1778964594974,Accelerometer,2.334,-4.2769504,0.75000006
1778964594990,Accelerometer,1.62495,-3.11505,3.2430003
1778964595006,Accelerometer,3.1740003,-2.7109501,3.9130502
1778964595006,Gyroscope,-0.8185375,-1.4971,-1.486925
1778964595032,Accelerometer,4.09095,-3.9769502,5.0740504
1778964595045,Accelerometer,1.3450501,-4.59705,4.2000003
1778964595068,Accelerometer,0.32805002,-4.971,2.9839501
1778964595091,Accelerometer,-0.25305,-6.49095,2.17995
1778964595091,Gyroscope,-0.0012375,1.661,-4.136825
1778964595112,Accelerometer,-3.282,-9.273001,1.90005
1778964595120,Accelerometer,-5.9560504,-11.8279505,0.44595003
1778964595145,Accelerometer,-8.05395,-10.087951,-0.915
1778964595160,Accelerometer,-7.0150504,-9.280951,-0.59205
1778964595160,Gyroscope,0.38115,-1.256475,-5.9461875
1778964595184,Accelerometer,-5.0800505,-10.368,-0.606
1778964595205,Accelerometer,-3.7729502,-12.846001,0.08205
1778964595223,Accelerometer,-6.7060504,-15.010051,-0.23805001
1778964595240,Accelerometer,-7.8810005,-14.3880005,-0.372
1778964595240,Gyroscope,-0.050049998,0.44907498,-4.47645
1778964595261,Accelerometer,-10.57995,-13.19295,-0.68295
1778964595276,Accelerometer,-10.78995,-12.26595,-1.176
1778964595301,Accelerometer,-9.900001,-9.982051,-2.397
1778964595322,Accelerometer,-9.624001,-8.24895,-2.8879502
1778964595323,Gyroscope,0.0232375,-0.4305125,-2.0831249
1778964595342,Accelerometer,-8.82495,-8.59095,-2.766
1778964595359,Accelerometer,-7.9480505,-9.4150505,-2.63205
1778964595378,Accelerometer,-8.17395,-8.94795,-3.0559502
1778964595393,Accelerometer,-8.004001,-8.72805,-3.1390502
1778964595393,Gyroscope,-0.300575,-0.75185,1.024925
1778964595417,Accelerometer,-7.359,-9.168,-2.80905
1778964595436,Accelerometer,-2.08695,-11.20995,0.56100005
1778964595456,Accelerometer,28.447952,-18.79305,5.493
1778964595472,Accelerometer,3.5650501,-23.649002,-0.75195
1778964595472,Gyroscope,-0.1442375,-0.280225,1.5954125
1778964595495,Accelerometer,1.371,-15.444001,-2.4790502
1778964595514,Accelerometer,-1.338,-8.854051,1.6789501
1778964595526,Accelerometer,-8.581051,-2.5459502,-1.6860001
1778964595549,Accelerometer,-7.0600505,-6.6450005,-4.557
1778964595549,Gyroscope,-0.5619625,0.65065,1.9142749
1778964595578,Accelerometer,-2.11395,-11.413951,-5.7010503
1778964595592,Accelerometer,-2.5110002,-12.54195,-0.36195
1778964595606,Accelerometer,-5.23605,-10.35105,-0.216
1778964595626,Accelerometer,-0.76995003,-7.96395,-2.42805
1778964595626,Gyroscope,-0.3298625,-0.7506125,0.9186375
1778964595650,Accelerometer,2.16195,-10.297951,-0.381
1778964595669,Accelerometer,0.39495003,-11.27505,-1.3630501
1778964595686,Accelerometer,-4.7640004,-9.88605,-3.5820003
1778964595703,Accelerometer,-8.16195,-7.8580503,-2.9260502
1778964595703,Gyroscope,-0.3383875,-0.30965,0.588775
1778964595728,Accelerometer,-4.0480504,-8.047951,-3.5659502
1778964595748,Accelerometer,-1.2760501,-9.41205,-3.5389502
1778964595770,Accelerometer,-0.6,-10.629001,-1.6210501
1778964595788,Accelerometer,-0.26295,-10.606951,-1.7050501
1778964595789,Gyroscope,-0.176,-0.4219875,0.5165875
1778964595808,Accelerometer,-0.39405003,-9.21405,-2.49795
1778964595825,Accelerometer,-2.4850502,-8.971951,-2.4880502
1778964595845,Accelerometer,-3.9480002,-9.063001,-2.7180002
1778964595859,Accelerometer,-3.9210002,-8.977051,-2.29395
1778964595859,Gyroscope,-0.1502875,-0.4818,0.55935
1778964595884,Accelerometer,-2.87295,-9.084001,-2.0640001
1778964595903,Accelerometer,-1.9480501,-9.41205,-1.3920001
1778964595922,Accelerometer,-1.812,-9.963,-1.69605
1778964595937,Accelerometer,-2.32395,-10.255051,-1.9849501
1778964595937,Gyroscope,-0.1552375,-0.136125,0.83916247
1778964595961,Accelerometer,-3.28005,-9.903001,-2.7250502
1778964595985,Accelerometer,-4.137,-9.25905,-2.4739501
1778964596001,Accelerometer,-3.8160002,-9.43395,-2.42595
1778964596019,Accelerometer,-3.0229502,-10.212001,-2.67
1778964596020,Gyroscope,-0.1148125,-0.36574998,0.9504
1778964596039,Accelerometer,-2.391,-10.633051,-2.1460502
1778964596058,Accelerometer,-2.04195,-11.023951,-2.4739501
1778964596078,Accelerometer,-1.6969501,-11.553,-3.4819503
1778964596092,Accelerometer,-2.32905,-11.530951,-4.0129504
1778964596093,Gyroscope,-0.0037125,-0.605275,1.8018
1778964596117,Accelerometer,-3.03795,-13.047001,-3.97305
1778964596137,Accelerometer,-1.6990501,-15.685051,-4.8229504
1778964596155,Accelerometer,2.2480502,-17.428051,-6.73605
1778964596169,Accelerometer,4.4770503,-18.622952,-5.42595
1778964596170,Gyroscope,-0.2553375,-2.0835376,2.3467126
1778964596195,Accelerometer,5.3170505,-18.669,-3.7399502
1778964596207,Accelerometer,2.14995,-18.838951,-2.742
1778964596233,Accelerometer,-2.8819501,-19.909052,-3.051
1778964596248,Accelerometer,-9.049951,-18.77205,-1.284
1778964596249,Gyroscope,0.066,0.040975,3.8872626
1778964596272,Accelerometer,-7.6420503,-13.258051,-3.58695
1778964596291,Accelerometer,-0.38505003,-6.2419505,-2.6490002
1778964596311,Accelerometer,4.209,-3.89805,-1.1550001
1778964596326,Accelerometer,4.8030005,-2.8279502,-0.32595003
1778964596326,Gyroscope,-0.54614997,-0.5955125,-1.408825
1778964596350,Accelerometer,3.0619502,-1.8559501,0.73605
1778964596370,Accelerometer,2.5470002,-1.506,2.73795
1778964596389,Accelerometer,2.7630002,-2.5410001,3.3820503
1778964596403,Accelerometer,1.33095,-5.0550003,3.04605
1778964596403,Gyroscope,-0.4618625,1.30185,-3.9182
1778964596427,Accelerometer,0.26505002,-6.9529505,2.77305
1778964596449,Accelerometer,-0.51900005,-7.6000504,2.0359502
1778964596466,Accelerometer,-0.79695004,-8.349,2.022
1778964596483,Accelerometer,-1.8930001,-10.617001,2.079
1778964596483,Gyroscope,0.19305,1.277375,-5.9426126
1778964596505,Accelerometer,-2.39895,-14.704051,0.312
1778964596516,Accelerometer,-6.0019503,-18.87195,-0.79995006
1778964596545,Accelerometer,-10.483951,-19.413,-1.03995
1778964596567,Accelerometer,-8.772,-19.84905,-1.9060501
1778964596567,Gyroscope,0.4189625,0.7203625,-6.278525
1778964596588,Accelerometer,-9.435,-20.764051,-2.15805
1778964596602,Accelerometer,-12.25605,-16.993052,-3.5680501
1778964596622,Accelerometer,-16.42695,-11.60805,-4.3840504
1778964596636,Accelerometer,-19.317001,-7.7410502,-5.313
1778964596637,Gyroscope,0.1038125,0.879175,-1.6874
1778964596661,Accelerometer,-19.816952,-7.6170006,-5.622
1778964596681,Accelerometer,-17.338951,-9.147,-4.01805
1778964596700,Accelerometer,-13.5390005,-9.3810005,-6.0079503
1778964596717,Accelerometer,-1.8790501,-12.076951,-7.1449504
1778964596717,Gyroscope,-0.2883375,-0.2864125,2.7841
1778964596738,Accelerometer,35.085003,-30.073051,-3.0580502
1778964596758,Accelerometer,-8.118,-25.963951,2.184
1778964596784,Accelerometer,2.2690501,-7.2649503,0.384
1778964596801,Accelerometer,-6.6580505,6.6240005,-1.5640501
1778964596801,Gyroscope,-0.16499999,1.88705,2.0988
1778964596819,Accelerometer,-16.977001,-0.87900007,-5.8830004
1778964596836,Accelerometer,-5.82,-15.985051,-0.49605003
1778964596855,Accelerometer,-0.45000002,-21.13005,-3.867
1778964596869,Accelerometer,0.093,-6.7240505,-5.26305
1778964596870,Gyroscope,-0.1357125,-0.9521875,1.439075
1778964596888,Accelerometer,-1.0819501,-5.373,-2.148
1778964596913,Accelerometer,-5.25705,-9.36705,-1.3920001
1778964596933,Accelerometer,-3.9210002,-10.38195,-2.8210502
1778964596950,Accelerometer,-1.71105,-10.159051,-2.163
1778964596951,Gyroscope,-0.1172875,0.0496375,0.4714875
1778964596969,Accelerometer,-0.52095,-9.331051,-2.601
1778964596991,Accelerometer,-2.29605,-9.1710005,-3.1560001
1778964597016,Accelerometer,-4.8690004,-9.06,-3.183
1778964597033,Accelerometer,-3.3420002,-8.625,-3.38805
1778964597033,Gyroscope,0.0378125,-0.5295125,0.020624999
1778964597051,Accelerometer,-0.62205005,-9.622951,-1.9399501
1778964597069,Accelerometer,0.73200005,-10.33695,-2.388
1778964597088,Accelerometer,-0.63900006,-9.549001,-2.28495
1778964597103,Accelerometer,-2.5570502,-9.007951,-2.2780502
1778964597103,Gyroscope,-0.0171875,-0.269225,0.368775
1778964597127,Accelerometer,-2.35995,-9.417001,-2.60595
1778964597147,Accelerometer,-2.43405,-9.429001,-2.4139502
1778964597165,Accelerometer,-2.59995,-9.525001,-2.49795
1778964597181,Accelerometer,-1.8259501,-10.21695,-2.2420502
1778964597181,Gyroscope,-0.0097624995,-0.754325,0.445775
1778964597205,Accelerometer,-1.335,-10.356001,-1.9710001
1778964597224,Accelerometer,-0.70095,-10.519051,-1.96905
1778964597246,Accelerometer,0.40395,-10.258051,-2.7900002
1778964597266,Accelerometer,-0.37095,-11.079,-2.2390501
1778964597266,Gyroscope,0.2321,-0.26565,1.4634125
1778964597283,Accelerometer,-1.62495,-10.96905,-2.325
1778964597302,Accelerometer,-2.80605,-12.019951,-3.2260501
1778964597321,Accelerometer,-2.83395,-12.216001,-3.3240001
1778964597339,Accelerometer,-1.9150501,-12.654,-3.8940003
1778964597339,Gyroscope,0.5289625,-0.605275,2.0779
1778964597369,Accelerometer,-0.95205003,-15.088951,-3.9460502
1778964597383,Accelerometer,0.80895007,-16.29405,-3.6709502
1778964597399,Accelerometer,1.0870501,-16.40595,-4.16895
1778964597413,Accelerometer,2.15895,-17.112001,-4.22205
1778964597414,Gyroscope,0.1368125,-1.5753375,2.7963374
1778964597438,Accelerometer,3.39,-17.63895,-3.8430002
1778964597449,Accelerometer,2.631,-15.946051,-3.8820002
1778964597477,Accelerometer,-0.17400001,-15.847951,-2.4760501
1778964597498,Accelerometer,-3.0619502,-18.21105,0.64995
1778964597498,Gyroscope,0.6499625,-0.9131375,2.758525
1778964597517,Accelerometer,-11.04195,-13.096951,-3.075
1778964597529,Accelerometer,-0.18900001,-6.1870503,-1.5880501
1778964597554,Accelerometer,4.0789504,-3.2929502,-2.2780502
1778964597569,Accelerometer,3.555,-1.79595,-2.505
1778964597569,Gyroscope,0.3542,1.3921875,-0.7478625
1778964597593,Accelerometer,1.24905,-0.72105,-3.4480503
1778964597614,Accelerometer,0.88500005,-0.75195,-2.7250502
1778964597632,Accelerometer,1.05795,-1.9729501,-1.16205
1778964597647,Accelerometer,0.56895,-2.8330503,-1.296
1778964597647,Gyroscope,-0.011,1.9663875,-3.3109999
1778964597671,Accelerometer,-0.35595003,-4.3510504,-2.3779502
1778964597696,Accelerometer,-1.16295,-6.918,-3.0010502
1778964597713,Accelerometer,-1.5439501,-9.192,-3.0870001
1778964597729,Accelerometer,-1.7260501,-9.86205,-3.0870001
1778964597729,Gyroscope,-0.011,1.0440375,-5.84485
1778964597748,Accelerometer,-1.8070501,-11.509951,-4.011
1778964597768,Accelerometer,-2.1330001,-16.07295,-3.5629501
1778964597788,Accelerometer,-6.9360003,-19.66695,-3.015
1778964597802,Accelerometer,-7.6870503,-18.111,-3.5059502
1778964597803,Gyroscope,-0.659725,0.9059875,-5.9536123
1778964597827,Accelerometer,-6.1770005,-17.83995,-2.4480002
1778964597846,Accelerometer,-7.52505,-18.49905,-1.2600001
1778964597865,Accelerometer,-10.597051,-17.02605,-1.6690501
1778964597880,Accelerometer,-14.02305,-12.760051,-2.55795
1778964597880,Gyroscope,-0.2407625,0.5383125,-3.0691376
1778964597904,Accelerometer,-16.041,-9.03195,-2.424
1778964597927,Accelerometer,-14.89395,-9.427051,-0.92205006
1778964597944,Accelerometer,-12.844951,-12.010051,-0.31905
1778964597961,Accelerometer,-11.431951,-11.19795,-0.549
1778964597961,Gyroscope,0.0463375,-0.1923625,2.2306626
1778964597981,Accelerometer,-9.651,-10.18605,-1.0210501
1778964598001,Accelerometer,-8.089951,-9.678,-0.606
1778964598021,Accelerometer,-5.32695,-7.46295,-0.30495003
1778964598035,Accelerometer,17.112001,-6.28305,2.0670002
1778964598035,Gyroscope,0.75625,1.1528,0.51535
1778964598060,Accelerometer,17.442001,-20.116951,-9.56295
1778964598080,Accelerometer,-3.9760501,-39.60195,2.9530501
1778964598095,Accelerometer,-1.6180501,-13.075951,-2.2009501
1778964598113,Accelerometer,-10.893001,5.9029503,-1.212
1778964598113,Gyroscope,0.1612875,1.7428125,1.9338
1778964598137,Accelerometer,-6.972,-2.00895,-4.9500003
1778964598160,Accelerometer,-2.11605,-8.95005,-6.2980504
1778964598176,Accelerometer,-1.1010001,-14.674951,-0.47205
1778964598195,Accelerometer,-2.25195,-14.064001,-4.815
1778964598195,Gyroscope,-0.085525,-1.32605,0.8966375
1778964598215,Accelerometer,-3.7150502,-5.9929504,-5.1150002
1778964598235,Accelerometer,-2.5450501,-7.4490004,-1.9930501
1778964598251,Accelerometer,0.45900002,-9.642,-1.96395
1778964598268,Accelerometer,-1.33095,-10.486951,-3.3259501
1778964598269,Gyroscope,-0.0647625,0.5688375,0.7841625
1778964598299,Accelerometer,-5.4630003,-9.915001,-3.9940503
1778964598312,Accelerometer,-6.80205,-8.542951,-3.58995
1778964598331,Accelerometer,-3.4399502,-8.578951,-2.8930502
1778964598346,Accelerometer,-0.38295,-9.372001,-3.04395
1778964598346,Gyroscope,-0.0342375,-0.8496125,-0.0270875
1778964598371,Accelerometer,0.72705,-9.7879505,-3.1390502
1778964598392,Accelerometer,-0.57405,-9.295051,-2.505
1778964598410,Accelerometer,-2.49705,-8.710951,-2.8570502
1778964598426,Accelerometer,-3.7350001,-8.637,-2.7880502
1778964598426,Gyroscope,-0.1172875,-0.3524125,0.2184875
1778964598448,Accelerometer,-3.8400002,-9.09405,-2.84295
1778964598467,Accelerometer,-2.904,-9.549001,-2.83995
1778964598490,Accelerometer,-0.96000004,-9.432,-2.7559502
1778964598509,Accelerometer,0.81600004,-9.42405,-3.2620502
1778964598509,Gyroscope,-0.08195,-0.87285,0.4384875
1778964598530,Accelerometer,-0.08295,-9.72795,-3.288
1778964598545,Accelerometer,-1.50495,-9.621,-4.143
1778964598564,Accelerometer,-2.50395,-10.33395,-3.8530502
1778964598579,Accelerometer,-2.628,-10.65495,-2.5789502
1778964598579,Gyroscope,0.0988625,-0.7348,1.0505
1778964598604,Accelerometer,-0.813,-10.885051,-3.0030003
1778964598625,Accelerometer,-0.64095,-11.934001,-3.6160502
1778964598643,Accelerometer,-1.9390501,-12.472051,-3.6829503
1778964598658,Accelerometer,-3.426,-12.748051,-3.7740002
1778964598658,Gyroscope,0.2871,-0.7921375,1.942325
1778964598681,Accelerometer,-3.11205,-13.15005,-3.3769503
1778964598701,Accelerometer,-1.4070001,-15.115951,-2.49495
1778964598726,Accelerometer,2.2740002,-16.744051,-2.9980502
1778964598732,Accelerometer,4.10295,-16.633951,-4.1070004
1778964598743,Gyroscope,0.3029125,-1.0462375,2.648525
1778964598759,Accelerometer,4.86,-16.614,-4.25505
1778964598778,Accelerometer,4.11495,-15.99705,-3.0889502
1778964598797,Accelerometer,0.82800007,-15.307051,-3.0319502
1778964598812,Accelerometer,-5.2639503,-18.778952,-1.1400001
1778964598812,Gyroscope,0.3359125,-1.4078625,3.2813
1778964598837,Accelerometer,-12.26805,-16.27695,-2.25405
1778964598857,Accelerometer,-4.36695,-8.1,-2.64105
1778964598875,Accelerometer,1.2780001,-4.044,-2.9839501
1778964598890,Accelerometer,3.00195,-3.24705,-2.46405
1778964598890,Gyroscope,0.3823875,0.5528875,-0.3837625
1778964598914,Accelerometer,1.83405,-1.99995,-2.84295
1778964598935,Accelerometer,1.6680001,-1.2550501,-2.16
1778964598957,Accelerometer,1.6350001,-1.7719501,-0.58500004
1778964598974,Accelerometer,1.5990001,-3.3090003,-0.16605
1778964598974,Gyroscope,-0.096525,1.067275,-2.805275
1778964598993,Accelerometer,0.47100002,-5.26305,-0.795
1778964599012,Accelerometer,-0.85695004,-6.465,-1.0999501
1778964599031,Accelerometer,-0.65505004,-7.32705,-1.84395
1778964599045,Accelerometer,0.28905,-7.72905,-2.9580002
1778964599046,Gyroscope,0.21615,1.150325,-5.7690873
1778964599070,Accelerometer,-0.28905,-8.70405,-2.3490002
1778964599089,Accelerometer,-1.4460001,-12.457951,-1.9350001
1778964599108,Accelerometer,-2.1090002,-18.087002,-3.0319502
1778964599121,Accelerometer,-7.419,-20.71305,-3.0990002
1778964599123,Gyroscope,-0.04895,1.167375,-6.4813375
1778964599148,Accelerometer,-9.723001,-19.576052,-3.0630002
1778964599167,Accelerometer,-8.703,-18.978,-3.7189503
1778964599190,Accelerometer,-10.375951,-18.955952,-4.557
1778964599207,Accelerometer,-15.133951,-14.407051,-5.163
1778964599208,Gyroscope,0.1293875,1.7452875,-3.1009
1778964599227,Accelerometer,-18.45495,-8.28705,-5.0670004
1778964599240,Accelerometer,-19.03605,-7.22205,-4.9420505
1778964599264,Accelerometer,-17.301,-10.13805,-3.38805
1778964599279,Accelerometer,-14.470951,-10.708051,-2.7880502
1778964599279,Gyroscope,-0.1307625,-0.2864125,2.163425
1778964599303,Accelerometer,-12.193951,-9.37605,-2.53095
1778964599323,Accelerometer,-5.5849504,-8.268001,-1.3249501
1778964599342,Accelerometer,38.266953,-11.907001,10.76805
1778964599356,Accelerometer,4.75005,-24.025051,-0.13695
1778964599356,Gyroscope,-0.2358125,-2.4182124,0.4115375
1778964599376,Accelerometer,-1.21095,-22.114052,-4.50705
1778964599399,Accelerometer,-2.8290002,-13.906051,-0.70395005
1778964599422,Accelerometer,-10.816951,-4.0230002,-1.5139501
1778964599440,Accelerometer,-6.5670004,-4.2070503,-5.8159504
1778964599440,Gyroscope,-0.697675,0.43559998,1.6944125
1778964599458,Accelerometer,-1.9960501,-7.7100005,-6.32595
1778964599478,Accelerometer,-3.1339502,-12.642,-1.095
1778964599497,Accelerometer,-3.318,-11.43105,-3.39105
1778964599512,Accelerometer,-2.45805,-8.27295,-3.9270003
1778964599512,Gyroscope,-0.2187625,-1.582625,0.539825
1778964599533,Accelerometer,-2.12805,-9.793051,-1.57095
1778964599555,Accelerometer,0.49005002,-10.102051,-1.07595
1778964599575,Accelerometer,-0.165,-9.496051,-3.3049502
1778964599589,Accelerometer,-3.48795,-9.24705,-3.62295
1778964599590,Gyroscope,-0.12705,0.432025,0.544775
1778964599613,Accelerometer,-5.181,-9.019951,-3.0169501
1778964599638,Accelerometer,-3.5719502,-8.775001,-2.73195
1778964599656,Accelerometer,-1.7899501,-9.240001,-2.3059502
1778964599672,Accelerometer,-0.22695,-9.616051,-2.32995
1778964599672,Gyroscope,-0.23333749,-0.5625125,0.064625
1778964599691,Accelerometer,0.33195,-9.475051,-2.802
1778964599711,Accelerometer,-1.01205,-9.03405,-2.7880502
1778964599731,Accelerometer,-2.97105,-8.649,-2.3419502
1778964599745,Accelerometer,-3.38295,-8.919001,-3.0559502
1778964599746,Gyroscope,-0.3213375,-0.36465,0.2014375
1778964599769,Accelerometer,-2.322,-9.748051,-3.17805
1778964599789,Accelerometer,-1.3090501,-10.087951,-3.4789503
1778964599808,Accelerometer,-0.16695,-9.903001,-2.7250502
1778964599823,Accelerometer,0.34005,-9.156,-2.0740502
1778964599823,Gyroscope,-0.3152875,-0.7420875,0.522775
1778964599847,Accelerometer,-0.54105,-10.167001,-1.6810501
1778964599870,Accelerometer,-1.1080501,-10.85805,-3.7909503
1778964599887,Accelerometer,-1.43595,-10.960951,-4.5469503
1778964599904,Accelerometer,-1.0339501,-9.99195,-5.03595
1778964599904,Gyroscope,0.058575,-0.63208747,1.1372625
1778964599924,Accelerometer,-1.2730501,-10.85805,-3.9940503
1778964599944,Accelerometer,-1.7380501,-11.98095,-3.0340502
1778964599964,Accelerometer,-1.2730501,-11.698951,-3.7020001
1778964599985,Accelerometer,-0.88995004,-13.000951,-4.3390503
1778964599985,Gyroscope,0.119625,-0.4989875,1.9155124
1778964600006,Accelerometer,-1.2760501,-14.955001,-3.0940502
1778964600019,Accelerometer,-0.8880001,-15.594001,-1.5949501
1778964600041,Accelerometer,1.36395,-15.223051,-1.11195
1778964600056,Accelerometer,3.8590503,-15.477001,-1.9849501
1778964600056,Gyroscope,-0.04895,-1.5081,2.2196624
1778964600080,Accelerometer,5.04195,-15.484051,-2.3760002
1778964600101,Accelerometer,1.10595,-13.375051,-2.2369502
1778964600119,Accelerometer,-3.7200003,-13.49505,-1.45095
1778964600136,Accelerometer,-4.73295,-13.012951,-1.6620001
1778964600136,Gyroscope,0.119625,-0.6700375,3.1004875
1778964600158,Accelerometer,-3.7060502,-11.43105,-2.634
1778964600174,Accelerometer,-3.9880502,-8.088,-3.73095
1778964600197,Accelerometer,1.4820001,-5.301,-2.2440002
1778964600217,Accelerometer,6.56505,-5.27505,-2.80695
1778964600218,Gyroscope,0.3469125,0.067925,-1.13025
1778964600238,Accelerometer,4.30695,-6.0270004,-2.598
1778964600254,Accelerometer,4.01205,-5.54295,-0.50295
1778964600274,Accelerometer,4.3159504,-5.1529503,0.46800002
1778964600289,Accelerometer,1.06305,-6.2730002,-0.264
1778964600289,Gyroscope,0.4849625,1.4949,-3.297525
1778964600313,Accelerometer,-1.95105,-7.8349504,-0.41505003
1778964600335,Accelerometer,-3.14805,-8.731951,-0.97695005
1778964600352,Accelerometer,-2.80305,-9.669001,-0.68505
1778964600367,Accelerometer,-1.005,-10.803,-0.171
1778964600368,Gyroscope,0.7110125,1.6597625,-5.4539375
1778964600391,Accelerometer,-4.3639503,-16.46595,-2.3059502
1778964600410,Accelerometer,-14.028001,-20.15805,-5.064
1778964600437,Accelerometer,-23.284052,-16.46805,-10.476001
1778964600454,Accelerometer,-41.10705,-16.60005,-21.966002
1778964600454,Gyroscope,0.052525,2.0068126,0.4213
1778964600472,Accelerometer,-38.083054,-4.392,-7.0639505
1778964600488,Accelerometer,-19.486952,6.2260504,-7.7959504
1778964600507,Accelerometer,-18.684,8.188951,-13.64805
1778964600522,Accelerometer,6.6150002,0.59505004,-2.59395
1778964600522,Gyroscope,-0.43614998,-0.7701375,1.2948375
1778964600546,Accelerometer,0.06705,-22.035002,2.601
1778964600566,Accelerometer,-14.32005,-21.79095,3.48495
1778964600585,Accelerometer,-6.31995,-3.834,1.2030001
1778964600600,Accelerometer,-0.29205,-3.0990002,-1.0710001
1778964600600,Gyroscope,-0.3078625,1.6952375,0.853875
1778964600624,Accelerometer,-3.99795,-6.6709504,-4.71495
1778964600644,Accelerometer,-7.8960004,-11.529,-1.8780001
1778964600655,Accelerometer,-8.03205,-9.91005,-2.907
1778964600678,Accelerometer,-3.9379501,-7.866,-4.3440003
1778964600678,Gyroscope,-0.179575,-0.89485,-0.2519
1778964600707,Accelerometer,-1.6110001,-8.529,-3.3690002
1778964600721,Accelerometer,-1.2900001,-9.60105,-2.7130501
1778964600735,Accelerometer,-1.5079501,-10.032001,-2.08095
1778964600755,Accelerometer,-2.43405,-9.534,-1.8060001
1778964600755,Gyroscope,0.1478125,0.034925,-0.1126125
1778964600780,Accelerometer,-3.2440503,-8.45205,-2.4550502
1778964600799,Accelerometer,-3.28905,-7.9810505,-2.232
1778964600815,Accelerometer,-2.64,-8.079,-2.3730001
1778964600833,Accelerometer,-1.7520001,-9.20205,-1.9969501
1778964600833,Gyroscope,0.223575,-0.22659999,-0.0380875
1778964600857,Accelerometer,-1.8070501,-10.212001,-0.81900007
1778964600877,Accelerometer,-2.19495,-9.658951,-1.36995
1778964600898,Accelerometer,-2.6950502,-9.00105,-1.8060001
1778964600919,Accelerometer,-3.4090502,-8.92905,-1.6810501
1778964600919,Gyroscope,0.2369125,-0.01265,0.13915
1778964600934,Accelerometer,-3.14595,-9.369,-2.5189502
1778964600954,Accelerometer,-2.66895,-10.420051,-0.92700005
1778964600974,Accelerometer,-2.085,-11.074051,-1.3630501
1778964600988,Accelerometer,-1.2589501,-10.95705,-1.6860001
1778964600989,Gyroscope,0.2662,-0.4879875,0.3394875
1778964601013,Accelerometer,-1.06305,-10.94505,-1.5499501
1778964601032,Accelerometer,-0.51195,-10.71,-1.6720501
1778964601051,Accelerometer,-1.1890501,-11.335051,-1.3440001
1778964601066,Accelerometer,-2.6860502,-12.21405,-1.401
1778964601066,Gyroscope,0.539825,-0.3804625,1.4487
1778964601090,Accelerometer,-3.3390002,-12.778951,-1.8060001
1778964601113,Accelerometer,-2.32905,-12.799951,-1.91805
1778964601131,Accelerometer,-1.9990501,-13.578001,-1.0710001
1778964601148,Accelerometer,-1.968,-13.387051,-0.55605
1778964601149,Gyroscope,0.97473747,-0.511225,1.826275
1778964601169,Accelerometer,-1.26405,-14.203051,-1.45905
1778964601188,Accelerometer,0.43500003,-13.96905,-3.4099503
1778964601198,Accelerometer,0.8880001,-14.26605,-4.83195
1778964601221,Accelerometer,1.44105,-15.388051,-6.669
1778964601222,Gyroscope,0.70235,-0.91795,2.4822874
1778964601246,Accelerometer,1.125,-16.677,-6.2779503
1778964601267,Accelerometer,-0.021000002,-18.01995,-5.3250003
1778964601285,Accelerometer,-0.73395,-17.37105,-6.372
1778964601299,Accelerometer,-7.7260504,-13.918051,-1.6140001
1778964601299,Gyroscope,1.1837375,0.4283125,3.1579626
1778964601324,Accelerometer,-7.3620005,-9.490951,-3.21405
1778964601347,Accelerometer,0.66300005,-6.7549505,-1.3609501
1778964601364,Accelerometer,5.5540504,-5.3830504,-2.4070501
1778964601381,Accelerometer,4.54395,-2.90895,-4.87305
1778964601381,Gyroscope,0.6815875,3.33355,-0.382525
1778964601401,Accelerometer,2.66205,-2.06205,-5.6010003
1778964601421,Accelerometer,0.80595005,-2.53605,-4.0009503
1778964601440,Accelerometer,-1.2900001,-3.5130002,-2.4379501
1778964601455,Accelerometer,-2.571,-5.0929503,-1.9110001
1778964601455,Gyroscope,0.544775,2.772825,-3.2377124
1778964601479,Accelerometer,-2.358,-6.609,-2.328
1778964601499,Accelerometer,-2.523,-7.9540505,-2.26095
1778964601518,Accelerometer,-2.40105,-8.3209505,-2.28195
1778964601532,Accelerometer,-1.3759501,-8.78505,-2.4810002
1778964601532,Gyroscope,0.2429625,0.465025,-6.1967125
1778964601557,Accelerometer,-0.97395,-12.451051,-2.301
1778964601580,Accelerometer,-1.0699501,-18.41505,-1.6500001
1778964601596,Accelerometer,-6.3559504,-20.97195,-2.2459502
1778964601613,Accelerometer,-8.281051,-20.50695,-2.7250502
1778964601613,Gyroscope,0.0353375,2.59325,-5.637225
1778964601634,Accelerometer,-11.401051,-19.983002,-3.14895
1778964601654,Accelerometer,-14.269051,-17.299051,-3.70005
1778964601673,Accelerometer,-17.013,-13.795951,-5.03805
1778964601696,Accelerometer,-19.003052,-8.90505,-6.2779503
1778964601696,Gyroscope,0.3419625,1.0074625,-1.9537375
1778964601716,Accelerometer,-23.59995,-7.42005,-6.31395
1778964601731,Accelerometer,-21.594002,-11.092951,-4.92105
1778964601751,Accelerometer,-26.431952,-17.943,-5.6130004
1778964601765,Accelerometer,7.1179504,-24.889051,0.80805004
1778964601766,Gyroscope,0.4555375,0.42955,3.2593
1778964601790,Accelerometer,3.3079503,-19.042051,0.573
1778964601812,Accelerometer,1.3120501,-0.324,-1.42005
1778964601829,Accelerometer,1.3240501,6.3480005,0.58305
1778964601845,Accelerometer,-8.86305,-5.04495,-5.34
1778964601845,Gyroscope,-0.8149625,0.28655,2.1549
1778964601868,Accelerometer,-8.31705,-23.827951,0.26895002
1778964601887,Accelerometer,-3.4279501,-15.300001,-0.61305004
1778964601912,Accelerometer,-2.181,-5.27295,-2.80395
1778964601929,Accelerometer,2.6520002,-5.6460004,-3.051
1778964601929,Gyroscope,-0.470525,-0.0603625,1.500125
1778964601949,Accelerometer,-2.595,-9.73095,-1.5499501
1778964601965,Accelerometer,-8.602051,-12.490951,-1.8589501
1778964601984,Accelerometer,-5.142,-8.553,-2.3850002
1778964601999,Accelerometer,-1.5490501,-8.0119505,-2.62905
1778964601999,Gyroscope,-0.2371875,-0.3999875,0.34553748
1778964602017,Accelerometer,-0.13395001,-9.36705,-2.8570502
1778964602042,Accelerometer,-2.07795,-10.05195,-2.9530501
1778964602062,Accelerometer,-3.6319501,-9.71205,-2.73
1778964602078,Accelerometer,-3.22005,-9.493951,-2.15505
1778964602078,Gyroscope,0.0121,-0.0078375,0.0669625
1778964602097,Accelerometer,-2.14995,-9.453,-1.9780501
1778964602120,Accelerometer,-1.67295,-9.336,-1.9420501
1778964602143,Accelerometer,-1.4479501,-9.396001,-2.3449502
1778964602162,Accelerometer,-1.4620501,-9.69495,-2.601
1778964602162,Gyroscope,-0.167475,-0.2179375,0.14025
1778964602182,Accelerometer,-2.0659502,-9.501,-1.9090501
1778964602198,Accelerometer,-2.02005,-9.240001,-2.457
1778964602217,Accelerometer,-1.8840001,-9.175051,-2.46195
1778964602232,Accelerometer,-2.18805,-9.309,-2.5480502
1778964602232,Gyroscope,-0.20899999,-0.5025625,0.3210625
1778964602256,Accelerometer,-2.19705,-9.89805,-3.0990002
1778964602275,Accelerometer,-1.3260001,-10.39395,-2.6200502
1778964602295,Accelerometer,-0.44205,-10.1640005,-2.4520502
1778964602312,Accelerometer,0.342,-10.01595,-2.15805
1778964602312,Gyroscope,-0.0576125,-0.58685,1.0175
1778964602334,Accelerometer,-0.45195,-10.98495,-2.66505
1778964602353,Accelerometer,-2.32395,-12.30195,-3.3310502
1778964602376,Accelerometer,-2.868,-10.99695,-4.16895
1778964602395,Accelerometer,-2.46795,-10.435051,-4.839
1778964602395,Gyroscope,0.2869625,-0.9301875,1.771275
1778964602414,Accelerometer,-2.66205,-12.295051,-4.4230504
1778964602431,Accelerometer,-3.3630002,-13.771951,-3.1560001
1778964602450,Accelerometer,-1.7539501,-14.851951,-2.1720002
1778964602465,Accelerometer,0.66795003,-15.441001,-2.6250002
1778964602465,Gyroscope,0.5203,-1.04995,2.367475
1778964602489,Accelerometer,2.0370002,-16.066051,-3.18495
1778964602509,Accelerometer,3.37995,-17.20095,-4.4040003
1778964602528,Accelerometer,3.5050502,-17.35695,-4.5160503
1778964602542,Accelerometer,2.6209502,-17.365952,-4.1950502
1778964602543,Gyroscope,-0.08195,-2.2240624,2.8219125
1778964602567,Accelerometer,-0.28695002,-17.365952,-4.7839503
1778964602578,Accelerometer,-3.9790502,-18.496052,0.54195005
1778964602606,Accelerometer,-9.27,-12.793051,-2.98095
1778964602628,Accelerometer,-0.42795002,-7.0729504,-1.53795
1778964602628,Gyroscope,0.561825,1.7062374,2.9038625
1778964602648,Accelerometer,3.0360003,-3.4150503,-3.6810002
1778964602658,Accelerometer,3.5070002,-2.25795,-2.799
1778964602684,Accelerometer,1.161,-1.36995,-2.7199502
1778964602698,Accelerometer,0.80595005,-1.0350001,-2.979
1778964602698,Gyroscope,-0.46928748,1.1675125,-2.07955
1778964602723,Accelerometer,1.3570501,-2.2060502,-1.22895
1778964602743,Accelerometer,1.008,-3.7090502,-0.52305
1778964602761,Accelerometer,0.15795001,-5.5960503,-1.6860001
1778964602775,Accelerometer,-0.30795002,-7.9230003,-2.1340501
1778964602775,Gyroscope,0.2454375,1.5877125,-5.362225
1778964602800,Accelerometer,-0.034950003,-10.119,-2.457
1778964602824,Accelerometer,-1.6470001,-10.891951,-2.6800501
1778964602843,Accelerometer,-3.38505,-12.693001,-3.9439502
1778964602858,Accelerometer,-3.01095,-17.74905,-3.85995
1778964602858,Gyroscope,-0.26895,0.5737875,-6.6341
1778964602878,Accelerometer,-8.35995,-21.32895,-3.8820002
1778964602897,Accelerometer,-9.901951,-19.792051,-3.58995
1778964602917,Accelerometer,-10.57995,-19.285952,-3.5820003
1778964602931,Accelerometer,-13.498051,-17.500051,-2.871
1778964602932,Gyroscope,-0.22495,1.01475,-3.9389625
1778964602956,Accelerometer,-17.66205,-14.46195,-2.11695
1778964602976,Accelerometer,-18.889952,-10.059,-2.0380502
1778964602994,Accelerometer,-16.932001,-7.5690002,-2.1790502
1778964603008,Accelerometer,-15.409051,-9.181951,-1.87995
1778964603009,Gyroscope,-0.2066625,0.38555,0.881925
1778964603033,Accelerometer,-14.113951,-11.719951,-1.3270501
1778964603057,Accelerometer,-13.1629505,-10.542001,-2.0740502
1778964603075,Accelerometer,-12.067051,-8.694,-2.77605
1778964603091,Accelerometer,-8.809951,-7.4269505,-2.11695
1778964603091,Gyroscope,-0.44233748,-0.131175,3.405875
1778964603111,Accelerometer,24.94605,-8.48595,7.0950003
1778964603131,Accelerometer,19.597052,-29.445002,-6.9580503
1778964603150,Accelerometer,-8.116051,-27.45795,-2.7199502
1778964603164,Accelerometer,-3.8779502,-7.8229504,1.7989501
1778964603165,Gyroscope,0.18315,1.617,4.6435122
1778964603189,Accelerometer,-13.510051,1.9600501,-1.0830001
1778964603208,Accelerometer,-4.4149504,-7.3680005,-6.4560003
1778964603225,Accelerometer,1.1029501,-9.637051,-4.03695
1778964603242,Accelerometer,-0.79395,-15.59895,-1.9210501
1778964603242,Gyroscope,-0.1687125,-0.91795,1.40965
1778964603267,Accelerometer,-6.852,-9.903001,-5.1790504
1778964603288,Accelerometer,-4.47405,-5.4640503,-2.148
1778964603305,Accelerometer,-0.23595001,-9.786,-1.1550001
1778964603324,Accelerometer,2.04705,-11.61495,-3.6810002
1778964603324,Gyroscope,-0.22495,0.216975,1.0835
1778964603344,Accelerometer,-2.7480001,-9.86505,-4.104
1778964603363,Accelerometer,-8.214001,-8.29695,-2.9479501
1778964603380,Accelerometer,-4.45305,-8.67,-2.946
1778964603397,Accelerometer,-1.04295,-9.075001,-2.6580002
1778964603398,Gyroscope,-0.0539,-0.9961875,0.1854875
1778964603427,Accelerometer,-0.29895002,-10.224001,-3.0010502
1778964603441,Accelerometer,-0.95205003,-10.288951,-2.6530502
1778964603460,Accelerometer,-2.63295,-8.72805,-2.6460001
1778964603475,Accelerometer,-3.8689501,-7.8700504,-2.21295
1778964603475,Gyroscope,-0.056375,-0.1373625,0.407825
1778964603500,Accelerometer,-3.4950001,-8.292001,-2.9190001
1778964603521,Accelerometer,-2.8510501,-9.30195,-3.5970001
1778964603538,Accelerometer,-2.76495,-10.04205,-2.7829502
1778964603555,Accelerometer,-2.4540002,-9.831,-3.2209501
1778964603555,Gyroscope,-0.04895,-0.78485,0.3663
1778964603577,Accelerometer,-1.146,-9.925051,-3.4819503
1778964603596,Accelerometer,-1.26405,-10.24995,-3.51795
1778964603622,Accelerometer,-0.90900004,-10.557,-3.8119502
1778964603637,Accelerometer,-0.70305,-11.554951,-3.288
1778964603638,Gyroscope,0.1331,-0.8496125,1.2227875
1778964603658,Accelerometer,-1.1580001,-12.56595,-2.32095
1778964603674,Accelerometer,-0.97395,-12.628051,-2.7799501
1778964603693,Accelerometer,-1.28295,-13.915951,-2.70105
1778964603708,Accelerometer,-0.36795002,-15.87495,-2.6149502
1778964603709,Gyroscope,0.5203,-0.738375,2.2001374
1778964603733,Accelerometer,2.47305,-16.11405,-3.9300003
1778964603754,Accelerometer,3.591,-16.306051,-5.8950005
1778964603771,Accelerometer,4.6420503,-17.41905,-6.0390005
1778964603787,Accelerometer,3.9,-18.025051,-4.176
1778964603788,Gyroscope,-0.239525,-2.416975,2.6778126
1778964603810,Accelerometer,0.75405,-17.02605,-2.187
1778964603830,Accelerometer,-1.572,-18.58995,-1.16205
1778964603856,Accelerometer,-6.4500003,-17.54805,-0.79095006
1778964603861,Accelerometer,-4.881,-12.748051,-1.3560001
1778964603872,Gyroscope,0.257675,0.8254125,3.8311625
1778964603888,Accelerometer,0.51705,-6.4099503,-2.7130501
1778964603908,Accelerometer,2.4540002,-4.66905,-2.7439501
1778964603928,Accelerometer,1.4290501,-3.5680501,-3.82905
1778964603940,Accelerometer,0.675,-2.8860002,-3.52005
1778964603941,Gyroscope,-0.10395,0.7008375,-0.8529125
1778964603966,Accelerometer,1.7070001,-2.2030501,-0.88905007
1778964603986,Accelerometer,0.78705,-2.22495,-0.37395
1778964604004,Accelerometer,-1.146,-3.55095,-1.023
1778964604021,Accelerometer,-0.15705001,-5.1859503,-1.87995
1778964604021,Gyroscope,0.9076375,1.0415624,-4.6866875
1778964604044,Accelerometer,0.81105006,-6.7330503,-4.39905
1778964604063,Accelerometer,-0.39705002,-8.10495,-4.7530503
1778964604088,Accelerometer,-1.5460501,-9.691951,-4.9350004
1778964604104,Accelerometer,-2.50395,-12.634951,-5.8330503
1778964604105,Gyroscope,-0.0771375,1.928575,-5.72385
1778964604124,Accelerometer,-6.2700005,-16.81995,-5.802
1778964604141,Accelerometer,-9.724951,-17.376001,-5.4760504
1778964604160,Accelerometer,-10.045951,-16.890001,-4.19805
1778964604174,Accelerometer,-11.314951,-17.581951,-1.815
1778964604175,Gyroscope,-0.227425,0.6054125,-5.257175
1778964604199,Accelerometer,-11.317051,-16.54005,-0.13905
1778964604218,Accelerometer,-13.269001,-14.457001,-0.9580501
1778964604238,Accelerometer,-16.16805,-10.641001,-2.4810002
1778964604253,Accelerometer,-15.5140505,-7.3939505,-3.594
1778964604253,Gyroscope,-0.112475,1.76,-0.64405
1778964604277,Accelerometer,-15.213,-8.75895,-4.66905
1778964604296,Accelerometer,-16.588951,-12.159,-5.517
1778964604321,Accelerometer,-17.574001,-21.33105,2.184
1778964604338,Accelerometer,11.467951,-28.665,0.67800003
1778964604338,Gyroscope,0.6413,0.9549375,2.5422375
1778964604356,Accelerometer,1.6200001,-19.498951,-0.09195001
1778964604374,Accelerometer,3.1240501,-2.502,0.0010500001
1778964604393,Accelerometer,3.34905,7.7509503,-1.8420001
1778964604408,Accelerometer,-10.860001,-0.34500003,-12.469951
1778964604408,Gyroscope,-0.6501,0.6604125,2.0950875
1778964604432,Accelerometer,-10.6710005,-14.407051,-3.9079502
1778964604453,Accelerometer,-4.5150003,-23.991001,-0.44805002
1778964604471,Accelerometer,-5.7310505,-6.7260003,-2.69895
1778964604485,Accelerometer,1.4980501,-3.8790002,-2.673
1778964604485,Gyroscope,-0.2787125,-1.1147125,0.9282625
1778964604505,Accelerometer,1.9560001,-8.986051,-0.73605
1778964604529,Accelerometer,-0.81600004,-13.954051,-1.14495
1778964604549,Accelerometer,-4.9890003,-11.200951,-2.148
1778964604567,Accelerometer,-4.46505,-7.0590005,-3.0529501
1778964604567,Gyroscope,0.048675,0.26345,0.710875
1778964604588,Accelerometer,-3.8110502,-7.7839503,-2.673
1778964604607,Accelerometer,-2.97105,-9.847951,-2.5860002
1778964604627,Accelerometer,-2.43195,-10.5070505,-2.7559502
1778964604641,Accelerometer,-0.37500003,-9.846001,-2.0380502
1778964604641,Gyroscope,0.0903375,-0.4134625,0.2649625
1778964604662,Accelerometer,0.31305,-9.429001,-1.45395
1778964604686,Accelerometer,-1.08405,-9.37395,-1.77495
1778964604704,Accelerometer,-3.0550501,-9.144,-2.4859502
1778964604719,Accelerometer,-4.1059504,-9.123,-2.3059502
1778964604719,Gyroscope,0.0059125,-0.1959375,0.4591125
1778964604742,Accelerometer,-3.5479503,-8.986051,-1.8559501
1778964604765,Accelerometer,-2.43705,-9.802951,-2.12205
1778964604784,Accelerometer,-1.4070001,-11.12895,-2.5429502
1778964604800,Accelerometer,-2.1060002,-11.3539505,-2.6560502
1778964604801,Gyroscope,0.037675,-0.7640875,0.5996375
1778964604820,Accelerometer,-2.52795,-10.78905,-2.2390501
1778964604840,Accelerometer,-1.7500501,-10.30095,-2.1700501
1778964604860,Accelerometer,-1.26405,-11.646001,-1.6500001
1778964604874,Accelerometer,-0.98595005,-13.315051,-1.12605
1778964604874,Gyroscope,0.3639625,-0.754325,1.3998874
1778964604899,Accelerometer,-1.1200501,-12.762001,-1.626
1778964604918,Accelerometer,-1.6009501,-12.41205,-3.525
1778964604937,Accelerometer,-2.72895,-13.440001,-4.49205
1778964604952,Accelerometer,-2.3790002,-14.425951,-4.887
1778964604952,Gyroscope,0.66934997,-0.9301875,2.1659
1778964604976,Accelerometer,-1.0339501,-15.766951,-3.66105
1778964604999,Accelerometer,3.8449502,-15.39105,-5.352
1778964605016,Accelerometer,3.2989502,-16.58295,-6.432
1778964605031,Accelerometer,4.86495,-16.35795,-7.7170506
1778964605031,Gyroscope,-0.216425,-2.04325,3.007675
1778964605053,Accelerometer,0.80895007,-18.67605,-5.05695
1778964605073,Accelerometer,-5.88495,-19.71705,-4.05405
1778964605093,Accelerometer,-2.6500502,-17.148,-0.513
1778964605116,Accelerometer,-1.06005,-10.95705,-1.60695
1778964605116,Gyroscope,0.583825,0.5248375,3.30825
1778964605136,Accelerometer,3.7080002,-7.9159503,-3.1660502
1778964605147,Accelerometer,7.1320505,-3.90105,-4.188
1778964605171,Accelerometer,4.97205,-1.9450501,-4.98495
1778964605185,Accelerometer,1.5820501,-3.1750503,-2.77605
1778964605185,Gyroscope,-1.2120625,2.8204,-1.3465375
1778964605209,Accelerometer,0.23895001,-5.3970003,0.46995002
1778964605223,Accelerometer,-0.021000002,-6.8599505,1.3110001
1778964605248,Accelerometer,-1.8690001,-8.03295,1.76505
1778964605266,Accelerometer,-2.607,-8.40705,1.0900501
1778964605266,Gyroscope,-0.034375,1.3299,-5.2266498
1778964605287,Accelerometer,-2.5470002,-9.26895,0.043950003
1778964605303,Accelerometer,-2.56605,-9.976951,0.44895002
1778964605326,Accelerometer,-3.21,-13.066051,1.9380001
1778964605350,Accelerometer,-2.0320501,-17.41395,1.8589501
1778964605351,Gyroscope,-0.377575,0.1436875,-6.6891
1778964605368,Accelerometer,-4.6080003,-19.51605,1.3219501
1778964605379,Accelerometer,-8.427,-18.838951,0.21900001
1778964605403,Accelerometer,-11.475,-19.203001,-0.83100003
1778964605418,Accelerometer,-14.944951,-17.472,-1.61205
1778964605418,Gyroscope,-0.02695,1.5217125,-4.2871127
1778964605444,Accelerometer,-17.359951,-15.690001,-2.2099502
1778964605462,Accelerometer,-19.63005,-11.175,-2.325
1778964605481,Accelerometer,-18.208052,-5.23395,-2.7880502
1778964605498,Accelerometer,-16.89405,-5.92395,-1.99995
1778964605498,Gyroscope,0.0573375,-0.0358875,0.0584375
1778964605520,Accelerometer,-16.69005,-11.766001,-1.5690001
1778964605540,Accelerometer,-20.178001,-23.539051,-4.52295
1778964605564,Accelerometer,29.799002,-37.003952,-1.1020501
1778964605582,Accelerometer,-4.52895,-17.23905,1.08105
1778964605582,Gyroscope,-0.923725,-1.6509625,4.1903124
1778964605600,Accelerometer,11.122951,9.18795,-1.9519501
1778964605617,Accelerometer,-2.2740002,12.312,-6.2260504
1778964605636,Accelerometer,-13.73295,-6.1420503,-9.8550005
1778964605651,Accelerometer,-7.82595,-38.57505,0.61095005
1778964605652,Gyroscope,-0.078375,0.1241625,2.4261875
1778964605676,Accelerometer,-8.875051,-10.15005,-4.7719502
1778964605696,Accelerometer,-0.165,-2.16,-3.07995
1778964605715,Accelerometer,3.5670002,-5.22195,-1.7580001
1778964605729,Accelerometer,0.34695002,-9.360001,-3.2569501
1778964605730,Gyroscope,-0.2212375,-0.22165,1.0175
1778964605753,Accelerometer,-6.40395,-14.581951,-1.76505
1778964605773,Accelerometer,-5.4870005,-9.35505,-3.31905
1778964605784,Accelerometer,-2.4850502,-7.45905,-3.1680002
1778964605807,Accelerometer,-2.9539502,-8.89305,-2.7829502
1778964605807,Gyroscope,-0.0587125,-0.291225,0.2930125
1778964605835,Accelerometer,-3.0310502,-9.760051,-3.3649502
1778964605850,Accelerometer,-3.3420002,-10.111051,-3.38805
1778964605864,Accelerometer,-2.50095,-9.56805,-3.2569501
1778964605884,Accelerometer,-0.63405,-9.23295,-2.62695
1778964605885,Gyroscope,0.0108624995,-0.269225,0.1464375
1778964605909,Accelerometer,-0.83295006,-9.645,-2.40405
1778964605928,Accelerometer,-1.8190501,-9.58005,-2.5530002
1778964605945,Accelerometer,-2.832,-9.160951,-2.50305
1778964605962,Accelerometer,-2.7940502,-9.24495,-2.7970502
1778964605962,Gyroscope,-0.1199,-0.4109875,0.4640625
1778964605987,Accelerometer,-2.64,-9.20205,-2.7900002
1778964606006,Accelerometer,-2.667,-9.229951,-2.9310002
1778964606028,Accelerometer,-1.8859501,-9.85995,-2.8230002
1778964606046,Accelerometer,-1.1179501,-10.64505,-3.1630502
1778964606047,Gyroscope,-0.0429,-0.8971875,0.8855
1778964606064,Accelerometer,-1.45305,-10.408051,-3.3120003
1778964606084,Accelerometer,-1.3120501,-10.18305,-3.6139503
1778964606103,Accelerometer,-1.7809501,-10.78695,-3.3600001
1778964606117,Accelerometer,-3.17895,-12.92205,-2.352
1778964606118,Gyroscope,0.1354375,-0.821425,1.7150375
1778964606142,Accelerometer,-2.43705,-12.439051,-3.62805
1778964606163,Accelerometer,-1.3120501,-13.64805,-4.2910504
1778964606181,Accelerometer,0.13395001,-15.321001,-4.827
1778964606196,Accelerometer,1.41495,-14.823001,-4.81995
1778964606196,Gyroscope,0.3334375,-0.93747497,2.45905
1778964606219,Accelerometer,3.49305,-17.32995,-6.7639503
1778964606243,Accelerometer,6.57705,-21.805052,-5.9050503
1778964606260,Accelerometer,2.72895,-19.771952,-2.56995
1778964606278,Accelerometer,1.4119501,-18.123001,-2.21295
1778964606278,Gyroscope,0.0878625,-2.67355,3.228775
1778964606297,Accelerometer,-1.9939501,-18.688051,-0.73995006
1778964606316,Accelerometer,-7.1010003,-14.34195,-1.8700501
1778964606336,Accelerometer,-2.0659502,-9.273001,-1.8610501
1778964606351,Accelerometer,4.7520003,-3.72795,-2.3130002
1778964606351,Gyroscope,0.3675375,1.03675,0.7121125
1778964606375,Accelerometer,5.1780005,-2.9880002,-1.8370501
1778964606394,Accelerometer,2.7889502,-2.8330503,-1.84905
1778964606414,Accelerometer,2.217,-2.95005,0.69495004
1778964606426,Accelerometer,1.968,-4.0470004,2.5200002
1778964606428,Gyroscope,-0.6171,1.0489875,-3.5321
1778964606453,Accelerometer,1.623,-5.89305,2.1720002
1778964606476,Accelerometer,0.711,-8.103001,1.2580501
1778964606494,Accelerometer,-0.30600002,-9.60105,0.48900002
1778964606511,Accelerometer,-2.4780002,-11.184001,1.251
1778964606511,Gyroscope,0.2479125,0.9988,-6.5168123
1778964606530,Accelerometer,-3.318,-12.57495,0.20700002
1778964606549,Accelerometer,-3.1740003,-16.12605,-0.52995
1778964606570,Accelerometer,-9.17205,-21.334051,-0.18
1778964606584,Accelerometer,-11.418,-20.317951,-0.666
1778964606584,Gyroscope,0.18315,0.5126,-6.6841497
1778964606609,Accelerometer,-9.78195,-19.533,-1.4059501
1778964606629,Accelerometer,-12.61995,-18.453001,-2.3470502
1778964606647,Accelerometer,-16.575,-13.51605,-3.2350502
1778964606661,Accelerometer,-19.077002,-8.050051,-3.4050002
1778964606661,Gyroscope,0.130625,0.6678375,-1.6984
1778964606686,Accelerometer,-19.17,-6.5610003,-3.798
1778964606709,Accelerometer,-16.68495,-9.57495,-2.5120502
1778964606725,Accelerometer,-13.078951,-10.6380005,-2.5549502
1778964606741,Accelerometer,-10.951051,-10.264951,-3.2020502
1778964606742,Gyroscope,0.009625,-0.1947,3.062675
1778964606763,Accelerometer,-8.21895,-9.18,-3.2659502
1778964606783,Accelerometer,30.685051,-10.971001,7.701
1778964606802,Accelerometer,1.7070001,-21.778952,-6.6160502
1778964606826,Accelerometer,-0.90705,-28.645952,-8.07195
1778964606826,Gyroscope,-2.011075,0.5688375,4.7950373
1778964606847,Accelerometer,-0.94305,-16.128,3.7690501
1778964606860,Accelerometer,-14.547001,2.04795,-1.93305
1778964606880,Accelerometer,-8.511001,-0.35505003,-5.8999505
1778964606894,Accelerometer,-4.695,-9.925051,-2.9310002
1778964606895,Gyroscope,-0.6879125,-0.65285,1.25455
1778964606919,Accelerometer,0.69900006,-17.11005,-3.8940003
1778964606940,Accelerometer,-2.02305,-11.104951,-2.29695
1778964606958,Accelerometer,-4.3879504,-6.8980503,-3.69495
1778964606974,Accelerometer,-1.8790501,-9.019951,-1.5780001
1778964606974,Gyroscope,0.0671,-0.1727,0.5423
1778964606996,Accelerometer,-0.094950005,-10.696051,-1.69605
1778964607016,Accelerometer,-1.5289501,-10.62405,-2.907
1778964607040,Accelerometer,-3.2680502,-9.12705,-2.8189502
1778964607058,Accelerometer,-3.25305,-8.56995,-2.7439501
1778964607058,Gyroscope,0.1232,-0.528275,0.1720125
1778964607077,Accelerometer,-1.8739501,-9.151051,-2.05695
1778964607094,Accelerometer,-0.282,-9.943951,-1.9470001
1778964607113,Accelerometer,0.483,-10.17405,-2.15805
1778964607128,Accelerometer,-0.96000004,-9.835951,-2.53905
1778964607128,Gyroscope,0.053625,-0.202125,0.4983
1778964607146,Accelerometer,-2.1660001,-9.156,-2.05005
1778964607172,Accelerometer,-3.2680502,-9.53205,-1.88505
1778964607191,Accelerometer,-2.66895,-11.086051,-2.83095
1778964607207,Accelerometer,-0.65505004,-10.486951,-2.397
1778964607208,Gyroscope,0.08415,-0.920425,0.578875
1778964607227,Accelerometer,0.39705002,-10.00395,-2.301
1778964607249,Accelerometer,0.165,-11.19795,-1.3369501
1778964607274,Accelerometer,-0.77505004,-11.677051,-1.2220501
1778964607292,Accelerometer,-1.24695,-11.646001,-1.53495
1778964607293,Gyroscope,0.36025,-0.252175,1.6174124
1778964607309,Accelerometer,-2.1450002,-12.83895,-0.93195003
1778964607327,Accelerometer,-1.35,-13.191001,-1.3770001
1778964607346,Accelerometer,-1.82895,-13.782001,-3.21405
1778964607361,Accelerometer,-2.2069502,-13.1980505,-3.2040002
1778964607361,Gyroscope,0.64735,-0.252175,2.0156126
1778964607385,Accelerometer,-2.29605,-13.440001,-3.8220003
1778964607406,Accelerometer,0.28005,-13.653001,-5.4360003
1778964607424,Accelerometer,2.45805,-13.995001,-6.7050004
1778964607439,Accelerometer,3.28005,-15.1390505,-7.1119504
1778964607439,Gyroscope,0.3920125,-1.715725,2.31
1778964607463,Accelerometer,3.2389503,-16.248001,-5.37795
1778964607482,Accelerometer,0.47100002,-17.685001,-2.77605
1778964607506,Accelerometer,-3.5740502,-19.528051,-3.4939501
1778964607523,Accelerometer,-0.89295006,-18.56595,-0.44400004
1778964607523,Gyroscope,0.6644,0.399025,3.5561626
1778964607541,Accelerometer,-3.2220001,-13.264951,-3.7740002
1778964607560,Accelerometer,-1.31595,-8.562,-2.4859502
1778964607579,Accelerometer,7.3450503,-4.815,-2.4160502
1778964607594,Accelerometer,5.9710503,-2.6100001,-5.4480004
1778964607594,Gyroscope,-0.32505,2.4490125,-0.470525
1778964607618,Accelerometer,3.177,-2.2080002,-4.59495
1778964607638,Accelerometer,1.9080001,-2.7630002,-1.059
1778964607657,Accelerometer,-0.87795,-4.2049503,0.98700005
1778964607673,Accelerometer,-1.9720501,-5.28,0.54195005
1778964607673,Gyroscope,-0.067375,1.370325,-3.9512
1778964607696,Accelerometer,-0.055050004,-5.54295,-0.34095
1778964607707,Accelerometer,0.07095,-6.63495,-0.81705004
1778964607735,Accelerometer,-0.24405001,-7.5930004,-1.57395
1778964607755,Accelerometer,-0.62700003,-9.946051,-0.40305
1778964607756,Gyroscope,0.009625,0.9670375,-6.4948125
1778964607775,Accelerometer,-0.84000003,-15.192,-0.11100001
1778964607787,Accelerometer,-3.31995,-21.031952,-1.8030001
1778964607813,Accelerometer,-10.066951,-21.966002,-2.4760501
1778964607827,Accelerometer,-11.64795,-20.15595,-3.2350502
1778964607827,Gyroscope,0.296725,2.093575,-5.8228498
1778964607852,Accelerometer,-11.145,-18.03705,-3.6760502
1778964607871,Accelerometer,-13.977,-15.343051,-4.8829503
1778964607890,Accelerometer,-18.273,-11.071951,-5.2489505
1778964607905,Accelerometer,-18.60495,-7.6069503,-4.6189504
1778964607905,Gyroscope,-0.264,0.1131625,-1.6764
1778964607930,Accelerometer,-17.806051,-9.295051,-2.97705
1778964607953,Accelerometer,-15.945001,-11.14605,-2.1769502
1778964607970,Accelerometer,-13.76895,-10.698001,-2.505
1778964607987,Accelerometer,-9.1050005,-9.88605,-2.83995
1778964607988,Gyroscope,-0.1186625,-0.2864125,3.0479624
1778964608008,Accelerometer,11.82705,-13.36305,4.4160004
1778964608026,Accelerometer,16.446001,-24.709051,-3.7500002
1778964608046,Accelerometer,-6.471,-22.777052,-5.21295
1778964608060,Accelerometer,2.0710502,-12.043951,-0.72795004
1778964608061,Gyroscope,-0.79915,1.139325,4.6057
1778964608085,Accelerometer,-12.109951,-1.5160501,-3.04095
1778964608104,Accelerometer,-11.54895,-0.76905006,-6.5869503
1778964608123,Accelerometer,-6.8539505,-10.167001,-3.97005
1778964608138,Accelerometer,-1.28805,-16.94205,-2.4070501
1778964608138,Gyroscope,-0.1772375,-1.439625,1.147025
1778964608162,Accelerometer,-0.057000004,-10.618951,-3.8479502
1778964608184,Accelerometer,-1.6159501,-7.2379503,-2.8549502
1778964608202,Accelerometer,-3.5790002,-8.95995,-0.59205
1778964608218,Accelerometer,-2.29095,-10.01805,-2.1430502
1778964608218,Gyroscope,0.175725,0.27445,0.578875
1778964608240,Accelerometer,-2.0299501,-10.51395,-2.7109501
1778964608259,Accelerometer,-2.676,-10.264951,-2.5189502
1778964608279,Accelerometer,-3.4450502,-9.142051,-3.5419502
1778964608294,Accelerometer,-3.4069502,-8.397,-2.90505
1778964608294,Gyroscope,0.075625,-0.936375,0.0963875
1778964608318,Accelerometer,-1.695,-8.73705,-2.4070501
1778964608337,Accelerometer,0.28695002,-9.441,-2.6820002
1778964608354,Accelerometer,0.26805001,-10.071,-1.7820001
1778964608371,Accelerometer,-1.5870001,-9.870001,-1.8900001
1778964608371,Gyroscope,0.0793375,-0.2314125,0.5105375
1778964608396,Accelerometer,-2.36505,-9.534,-2.352
1778964608418,Accelerometer,-2.6160002,-9.654,-2.4160502
1778964608435,Accelerometer,-2.53005,-9.99195,-2.49795
1778964608451,Accelerometer,-0.91905004,-10.582951,-2.6220002
1778964608451,Gyroscope,0.108625,-0.97171247,0.749925
1778964608473,Accelerometer,0.13395001,-10.930051,-2.38995
1778964608493,Accelerometer,0.39495003,-10.9810505,-3.2929502
1778964608509,Accelerometer,-1.70895,-11.79195,-2.0740502
1778964608526,Accelerometer,-2.5780501,-11.88105,-1.2430501
1778964608527,Gyroscope,0.4115375,-0.506275,1.6344625
1778964608555,Accelerometer,-2.025,-13.461,-2.2099502
1778964608570,Accelerometer,-1.00695,-14.136001,-3.1680002
1778964608588,Accelerometer,-1.27995,-14.328001,-3.0319502
1778964608604,Accelerometer,-1.2780001,-14.95005,-2.8279502
1778964608605,Gyroscope,0.6853,-1.0987625,2.0766625
1778964608629,Accelerometer,0.60105,-17.38305,-3.7909503
1778964608650,Accelerometer,5.004,-18.625952,-4.05405
1778964608669,Accelerometer,4.60395,-15.790951,-3.1900501
1778964608684,Accelerometer,4.67595,-14.77095,-4.9950004
1778964608684,Gyroscope,0.0793375,-2.3694,3.0309124
1778964608706,Accelerometer,4.257,-20.445002,-6.9079504
1778964608725,Accelerometer,-1.16295,-19.27905,-5.24205
1778964608749,Accelerometer,-6.4450502,-14.3209505,-3.5110502
1778964608767,Accelerometer,-4.0750504,-8.469001,-5.3299503
1778964608768,Gyroscope,0.10615,2.4344375,3.8897374
1778964608786,Accelerometer,2.84205,-5.64405,-2.70405
1778964608803,Accelerometer,1.9650002,-3.8260503,-2.6869502
1778964608823,Accelerometer,1.125,-1.6840501,-2.634
1778964608837,Accelerometer,2.07795,0.058050003,-1.8319501
1778964608838,Gyroscope,-0.272525,0.4442625,-1.8682125
1778964608862,Accelerometer,4.10295,0.50895,-1.18605
1778964608883,Accelerometer,3.8760002,-1.6210501,-1.61205
1778964608900,Accelerometer,2.5450501,-4.6480503,-2.0640001
1778964608916,Accelerometer,1.28805,-7.4040003,-2.32995
1778964608916,Gyroscope,0.2514875,1.856525,-4.9005
1778964608940,Accelerometer,-0.37305,-9.48705,-2.8189502
1778964608959,Accelerometer,-1.98195,-10.59,-2.9620502
1778964608983,Accelerometer,-2.97795,-12.460051,-3.0960002
1778964608990,Accelerometer,-2.1400502,-16.40595,-4.57095
1778964609000,Gyroscope,-0.2286625,1.3861375,-6.6365747
1778964609017,Accelerometer,-6.4300504,-21.23805,-4.9450502
1778964609037,Accelerometer,-9.66495,-21.03705,-4.80795
1778964609056,Accelerometer,-10.551001,-19.935001,-4.27005
1778964609070,Accelerometer,-10.989,-19.413,-2.91195
1778964609070,Gyroscope,-0.354475,0.703175,-4.638975
1778964609095,Accelerometer,-15.553051,-16.62195,-1.368
1778964609115,Accelerometer,-17.784,-10.614,-1.9020001
1778964609133,Accelerometer,-19.048052,-9.23805,-1.9090501
1778964609149,Accelerometer,-17.04405,-12.89805,0.21405001
1778964609150,Gyroscope,-0.183425,-0.3339875,0.721875
1778964609172,Accelerometer,-14.809951,-12.85095,-0.16800001
1778964609192,Accelerometer,-14.020051,-10.549951,-2.079
1778964609215,Accelerometer,7.9150505,-14.007001,4.07595
1778964609234,Accelerometer,16.326,-21.513,-2.799
1778964609234,Gyroscope,0.58753747,-1.21605,-0.094325
1778964609252,Accelerometer,-3.1309502,-20.862001,-0.93000007
1778964609270,Accelerometer,1.3450501,-9.819,-2.95005
1778964609289,Accelerometer,-8.21205,-3.7120502,-2.28705
1778964609304,Accelerometer,-9.94995,-2.526,-7.3650002
1778964609304,Gyroscope,-0.49005,0.808225,2.1976626
1778964609328,Accelerometer,-6.5119505,-9.4789505,-4.7080503
1778964609347,Accelerometer,-2.80605,-16.16205,-2.02605
1778964609367,Accelerometer,-2.04405,-10.87005,-3.72795
1778964609383,Accelerometer,-2.5159502,-6.3019505,-2.3130002
1778964609383,Gyroscope,-0.20295,-1.317525,1.008975
1778964609406,Accelerometer,-1.01505,-8.23695,-1.14495
1778964609425,Accelerometer,-0.11400001,-10.879951,-2.02395
1778964609448,Accelerometer,-1.6200001,-10.6380005,-3.4669502
1778964609464,Accelerometer,-3.5170503,-8.998051,-3.6450002
1778964609464,Gyroscope,-0.0611875,0.4246,0.6191625
1778964609484,Accelerometer,-4.4940004,-8.45505,-3.70005
1778964609503,Accelerometer,-2.9520001,-8.94795,-3.4819503
1778964609522,Accelerometer,-1.16295,-9.451051,-2.3400002
1778964609537,Accelerometer,0.51000005,-10.011001,-2.598
1778964609537,Gyroscope,-0.14795,-0.6370375,0.3199625
1778964609561,Accelerometer,1.7899501,-10.35795,-2.8549502
1778964609581,Accelerometer,-0.88305,-9.60105,-3.0940502
1778964609600,Accelerometer,-4.1940002,-8.851951,-2.3470502
1778964609614,Accelerometer,-3.4039502,-9.022051,-3.4030502
1778964609615,Gyroscope,-0.1491875,-0.44275,0.616825
1778964609632,Accelerometer,-1.48905,-9.4480505,-3.55605
1778964609659,Accelerometer,-0.744,-10.096951,-3.657
1778964609681,Accelerometer,-0.165,-10.399051,-2.59095
1778964609698,Accelerometer,-0.91905004,-10.107,-3.1950002
1778964609698,Gyroscope,0.053625,-0.6260375,1.125025
1778964609717,Accelerometer,-2.29095,-11.491051,-3.48705
1778964609736,Accelerometer,-2.49705,-10.95405,-3.2329502
1778964609756,Accelerometer,-1.4460001,-11.433001,-3.2659502
1778964609770,Accelerometer,-0.66705,-13.116,-4.27005
1778964609770,Gyroscope,0.2344375,-0.8630875,1.9545625
1778964609791,Accelerometer,-0.86895007,-13.6380005,-4.36095
1778964609814,Accelerometer,-1.539,-14.80395,-3.82905
1778964609833,Accelerometer,-0.165,-16.75605,-4.2049503
1778964609847,Accelerometer,2.391,-17.175001,-5.2060504
1778964609848,Gyroscope,0.368775,-1.4348125,2.637525
1778964609871,Accelerometer,5.6740503,-18.312,-5.814
1778964609894,Accelerometer,6.9600005,-18.714,-5.24205
1778964609912,Accelerometer,3.1240501,-17.959951,-3.3600001
1778964609929,Accelerometer,-0.294,-19.702951,-2.3830502
1778964609929,Gyroscope,0.1354375,-1.9564875,3.60635
1778964609950,Accelerometer,-5.655,-17.838001,-1.1880001
1778964609969,Accelerometer,-4.8840003,-12.678,-4.0279503
1778964609989,Accelerometer,2.5420501,-5.4469504,-3.6210003
1778964610003,Accelerometer,6.5140505,-2.5860002,-2.6800501
1778964610003,Gyroscope,0.17215,0.8229375,-0.24213749
1778964610028,Accelerometer,6.09105,-0.87900007,-2.56005
1778964610047,Accelerometer,4.13205,0.18105,-2.87805
1778964610067,Accelerometer,3.519,-0.76905006,-1.0879501
1778964610081,Accelerometer,2.35305,-3.65895,0.192
1778964610081,Gyroscope,-0.68915,1.2945625,-3.848625
1778964610105,Accelerometer,0.72,-6.2260504,-0.216
1778964610127,Accelerometer,0.261,-8.239051,-1.131
1778964610144,Accelerometer,0.033,-10.486951,-1.3609501
1778964610161,Accelerometer,-1.9699501,-11.491051,-0.95595
1778964610161,Gyroscope,-0.2432375,0.9524625,-6.6218624
1778964610183,Accelerometer,-2.4439502,-12.70005,-2.493
1778964610202,Accelerometer,-2.86995,-18.49905,-2.9670002
1778964610222,Accelerometer,-8.50395,-23.37795,-2.60295
1778964610245,Accelerometer,-10.168051,-21.688051,-2.6869502
1778964610245,Gyroscope,-0.60005,0.0411125,-6.6121
1778964610265,Accelerometer,-8.241,-20.055,-2.3370001
1778964610276,Accelerometer,-12.153001,-19.476002,-1.0830001
1778964610299,Accelerometer,-16.173,-13.984951,-0.52995
1778964610314,Accelerometer,-18.78495,-9.38805,-0.45795003
1778964610314,Gyroscope,-0.4338125,-0.2057,-1.9012125
1778964610338,Accelerometer,-19.704,-11.20995,-0.87705004
1778964610352,Accelerometer,-17.029951,-13.273951,0.018000001
1778964610377,Accelerometer,-12.900001,-12.25905,-3.2760003
1778964610396,Accelerometer,1.06005,-16.29795,3.9780002
1778964610396,Gyroscope,1.0517375,0.499125,2.87815
1778964610416,Accelerometer,21.816002,-23.81895,-1.248
1778964610432,Accelerometer,-5.0610003,-20.077051,0.58995
1778964610455,Accelerometer,-0.39000002,-6.8290505,-2.80695
1778964610478,Accelerometer,-7.5079503,-0.28800002,-5.958
1778964610478,Gyroscope,-0.189475,2.016575,2.671625
1778964610498,Accelerometer,-13.422001,-2.4430501,-7.66695
1778964610512,Accelerometer,-4.7190003,-11.184001,-3.8700001
1778964610532,Accelerometer,-3.9930003,-16.48695,-2.35905
1778964610547,Accelerometer,-3.6079502,-9.22605,-4.02105
1778964610547,Gyroscope,-0.007425,-1.7243875,1.2288375
1778964610572,Accelerometer,-1.764,-6.4939504,-2.1340501
1778964610592,Accelerometer,-0.75105006,-8.89995,-1.6020001
1778964610611,Accelerometer,-0.54300004,-10.69095,-2.6850002
1778964610627,Accelerometer,-1.077,-10.011001,-3.5440502
1778964610627,Gyroscope,0.0413875,0.460075,0.887975
1778964610649,Accelerometer,-2.70495,-9.015,-3.9150002
1778964610669,Accelerometer,-5.07105,-8.907001,-4.2769504
1778964610691,Accelerometer,-4.2780004,-9.048,-3.456
1778964610709,Accelerometer,-1.66305,-9.0720005,-3.14895
1778964610709,Gyroscope,0.0108624995,-1.1647625,0.091437496
1778964610728,Accelerometer,1.04595,-9.955951,-3.01305
1778964610747,Accelerometer,1.9270501,-9.795,-3.28305
1778964610766,Accelerometer,-1.3090501,-9.673051,-2.1700501
1778964610780,Accelerometer,-3.045,-9.42,-2.38995
1778964610781,Gyroscope,0.0891,-0.042075,0.7011125
1778964610805,Accelerometer,-3.0229502,-9.288,-3.417
1778964610824,Accelerometer,-2.5129502,-9.25395,-3.072
1778964610843,Accelerometer,-1.8409501,-9.843,-3.072
1778964610858,Accelerometer,-0.73905003,-10.377001,-3.0700502
1778964610858,Gyroscope,0.0658625,-0.91795,0.93445
1778964610882,Accelerometer,-1.16505,-10.423051,-4.05195
1778964610902,Accelerometer,-1.623,-10.98495,-4.545
1778964610913,Accelerometer,-2.262,-11.457001,-3.2950501
1778964610936,Accelerometer,-2.63295,-12.843,-2.043
1778964610936,Gyroscope,0.3212,-0.9449,1.661275
1778964610964,Accelerometer,-1.2280501,-13.111951,-3.17805
1778964610979,Accelerometer,-0.124050006,-13.305,-4.22895
1778964610993,Accelerometer,-0.897,-14.392051,-4.56195
1778964611013,Accelerometer,-0.51900005,-16.30995,-5.24205
1778964611014,Gyroscope,0.5055875,-1.309,2.5971
1778964611038,Accelerometer,2.8459501,-17.41395,-6.91305
1778964611057,Accelerometer,6.057,-18.171001,-7.353
1778964611074,Accelerometer,6.40395,-18.79095,-5.7319503
1778964611091,Accelerometer,0.54300004,-17.17695,-4.63395
1778964611091,Gyroscope,-0.277475,-3.07065,3.5501125
1778964611116,Accelerometer,-0.624,-20.50995,-4.215
1778964611135,Accelerometer,-5.655,-14.989051,-2.6869502
1778964611159,Accelerometer,-3.01395,-10.78905,-3.2070003
1778964611176,Accelerometer,2.87295,-4.4040003,-2.98095
1778964611176,Gyroscope,0.1794375,0.4038375,1.672275
1778964611195,Accelerometer,6.4470005,-2.01195,-2.112
1778964611212,Accelerometer,6.0040503,0.36,-2.907
1778964611232,Accelerometer,4.6090503,1.1910001,-2.5240502
1778964611246,Accelerometer,2.9230502,-1.743,0.09900001
1778964611247,Gyroscope,-1.07525,1.5901875,-3.136375
1778964611271,Accelerometer,2.36505,-5.42805,1.6840501
1778964611290,Accelerometer,1.23705,-8.839951,0.75495005
1778964611310,Accelerometer,-1.074,-10.509001,0.717
1778964611324,Accelerometer,-1.08405,-10.99995,-0.09900001
1778964611324,Gyroscope,-0.0466125,1.547425,-6.2651873
1778964611349,Accelerometer,-1.7689501,-11.65305,-0.855
1778964611374,Accelerometer,-2.0659502,-13.863001,-1.7359501
1778964611390,Accelerometer,-2.97105,-20.425951,-3.1300502
1778964611406,Accelerometer,-8.205,-23.898,-2.93595
1778964611406,Gyroscope,-0.266475,-0.1654125,-7.4831624
1778964611426,Accelerometer,-10.507951,-22.393951,-2.6869502
1778964611446,Accelerometer,-8.401051,-20.857052,-2.2680001
1778964611465,Accelerometer,-11.904,-19.236,-1.81305
1778964611480,Accelerometer,-17.832,-14.236951,-0.93705004
1778964611480,Gyroscope,-0.3727625,0.692175,-3.1131375
1778964611504,Accelerometer,-21.463951,-9.393001,-1.7989501
1778964611523,Accelerometer,-21.435001,-10.641001,-1.7580001
1778964611543,Accelerometer,-17.79105,-12.5779505,-0.74505
1778964611557,Accelerometer,-12.8539505,-12.963,-2.63895
1778964611558,Gyroscope,0.0328625,-0.0946,3.228775
1778964611582,Accelerometer,10.009951,-16.035,3.4129503
1778964611605,Accelerometer,11.32695,-25.58595,-0.43395
1778964611624,Accelerometer,-5.9539504,-18.247051,1.143
1778964611640,Accelerometer,-2.5090501,-6.7930503,-2.70105
1778964611640,Gyroscope,-0.5083375,1.608475,3.96055
1778964611659,Accelerometer,-11.566051,-0.43095002,-7.1070004
1778964611679,Accelerometer,-10.71405,-4.7790003,-5.2540503
1778964611698,Accelerometer,-5.0269504,-12.384001,-3.59205
1778964611713,Accelerometer,-2.26395,-14.81595,-2.53905
1778964611713,Gyroscope,-0.1797125,-1.2893375,1.21055
1778964611737,Accelerometer,-2.8969502,-8.60505,-3.9060001
1778964611757,Accelerometer,-1.5079501,-7.3009505,-2.3850002
1778964611776,Accelerometer,-2.4540002,-9.393001,-1.9020001
1778964611790,Accelerometer,-1.8139501,-10.240951,-3.3070502
1778964611790,Gyroscope,-0.0171875,0.1546875,0.606925
1778964611815,Accelerometer,-0.79395,-9.975,-3.0940502
1778964611839,Accelerometer,-1.83105,-9.130051,-3.85995
1778964611856,Accelerometer,-4.29195,-9.003,-4.131
1778964611872,Accelerometer,-3.6220503,-8.72295,-2.56695
1778964611872,Gyroscope,-0.040425,-0.76285,0.136675
1778964611892,Accelerometer,-1.23,-8.814,-2.9980502
1778964611912,Accelerometer,1.2040501,-9.59895,-3.6850502
1778964611937,Accelerometer,-0.15705001,-9.9529505,-3.7050002
1778964611956,Accelerometer,-3.1020002,-9.348001,-2.4019501
1778964611956,Gyroscope,0.00715,-0.473275,0.4433
1778964611974,Accelerometer,-2.9250002,-8.731951,-2.9290502
1778964611990,Accelerometer,-1.31895,-8.74005,-2.634
1778964612009,Accelerometer,-0.46605003,-9.73305,-3.11595
1778964612024,Accelerometer,-0.79005,-11.116951,-3.5370002
1778964612024,Gyroscope,-0.0246125,-0.8801375,0.9417375
1778964612048,Accelerometer,-0.82995003,-10.641001,-4.119
1778964612071,Accelerometer,-1.74495,-10.34895,-4.5349503
1778964612087,Accelerometer,-2.121,-11.031,-3.5850003
1778964612103,Accelerometer,-1.62495,-11.842951,-2.32995
1778964612103,Gyroscope,0.27115,-0.936375,1.699225
1778964612129,Accelerometer,-0.98295003,-13.573951,-3.15405
1778964612152,Accelerometer,-0.82305,-14.503051,-4.2769504
1778964612172,Accelerometer,-1.27995,-15.1039505,-3.93705
1778964612187,Accelerometer,-0.27705002,-16.678951,-4.413
1778964612187,Gyroscope,0.5863,-0.86913747,2.6948626
1778964612205,Accelerometer,2.808,-18.115952,-6.2299504
1778964612223,Accelerometer,5.4679503,-18.61095,-7.8870006
1778964612242,Accelerometer,6.7900505,-18.429,-6.3120003
1778964612257,Accelerometer,2.9950502,-17.958,-3.8530502
1778964612257,Gyroscope,-0.4142875,-3.062125,3.1334875
1778964612275,Accelerometer,-1.40505,-20.095951,-2.6530502
1778964612301,Accelerometer,-3.7150502,-17.61,-1.26195
1778964612320,Accelerometer,-4.7520003,-11.668051,-3.8479502
1778964612337,Accelerometer,3.1579502,-5.7990003,-3.21405
1778964612337,Gyroscope,0.4079625,0.94269997,2.2966626
1778964612357,Accelerometer,6.912,-2.3830502,-2.88105
1778964612378,Accelerometer,5.51595,0.123,-4.188
1778964612401,Accelerometer,2.94705,1.31505,-3.7669501
1778964612418,Accelerometer,2.571,-1.00605,0.666
1778964612418,Gyroscope,-0.8639125,0.68365,-3.1436625
1778964612440,Accelerometer,1.2780001,-4.6740003,3.1609502
1778964612456,Accelerometer,1.7209501,-7.5400505,1.30305
1778964612475,Accelerometer,2.2090502,-9.748051,-0.12705001
1778964612490,Accelerometer,1.16805,-10.521001,-1.5139501
1778964612490,Gyroscope,-0.0356125,1.9518125,-6.2907624
1778964612514,Accelerometer,-1.8210001,-12.3,-1.41795
1778964612533,Accelerometer,-3.34905,-14.96205,-1.28205
1778964612553,Accelerometer,-4.6200004,-21.23295,-2.4450002
1778964612568,Accelerometer,-10.39095,-23.065052,-2.421
1778964612568,Gyroscope,0.1452,0.0386375,-7.4806876
1778964612592,Accelerometer,-10.68795,-20.82105,-2.4430501
1778964612612,Accelerometer,-7.3069506,-19.123951,-2.0400002
1778964612635,Accelerometer,-10.848001,-19.22895,-1.81305
1778964612653,Accelerometer,-16.882051,-15.24705,-2.0070002
1778964612653,Gyroscope,0.0059125,1.0208,-3.0496125
1778964612671,Accelerometer,-19.621052,-9.37395,-2.6940002
1778964612689,Accelerometer,-20.182951,-9.111,-3.1369503
1778964612709,Accelerometer,-16.791,-11.515051,-2.1460502
1778964612723,Accelerometer,-14.089951,-12.159,-2.6490002
1778964612723,Gyroscope,0.0353375,-0.4464625,2.532475
1778964612748,Accelerometer,-10.27095,-13.39395,-3.9270003
1778964612768,Accelerometer,22.824001,-17.007,3.0559502
1778964612786,Accelerometer,0.74895006,-22.296001,-0.120000005
1778964612802,Accelerometer,-1.56105,-11.919001,-0.31395
1778964612803,Gyroscope,-0.8138625,0.006875,4.7095127
1778964612825,Accelerometer,-4.6080003,-5.58405,-2.5170002
1778964612836,Accelerometer,-13.08195,-2.292,-7.53105
1778964612864,Accelerometer,-8.19705,-10.03005,-2.766
1778964612884,Accelerometer,-3.318,-14.340001,-2.3040001
1778964612884,Gyroscope,-0.15413749,-0.6700375,1.56365
1778964612906,Accelerometer,-0.804,-10.863001,-4.1520004
1778964612916,Accelerometer,-1.113,-7.1470504,-2.53605
1778964612942,Accelerometer,-2.3080502,-8.38305,-1.794
1778964612956,Accelerometer,-3.61995,-10.212001,-2.4829502
1778964612957,Gyroscope,-0.051425,-0.219175,0.672925
1778964612981,Accelerometer,-2.8270502,-10.083,-2.8210502
1778964613001,Accelerometer,-1.62495,-9.1369505,-3.7570503
1778964613019,Accelerometer,-3.117,-8.7949505,-4.5589504
1778964613034,Accelerometer,-4.5870004,-9.4150505,-3.8149502
1778964613034,Gyroscope,0.0474375,-0.8006625,0.1794375
1778964613059,Accelerometer,-2.8870502,-9.337951,-3.0289502
1778964613082,Accelerometer,-0.33705002,-9.58695,-2.05995
1778964613100,Accelerometer,0.98100007,-9.55395,-2.6920502
1778964613118,Accelerometer,-1.02405,-9.7570505,-2.196
1778964613118,Gyroscope,0.0048125,-0.2057,0.5165875
1778964613136,Accelerometer,-2.9160001,-9.4150505,-2.29905
1778964613155,Accelerometer,-3.35595,-9.1710005,-2.8930502
1778964613175,Accelerometer,-2.085,-9.26895,-3.0679502
1778964613189,Accelerometer,-0.47805002,-9.36705,-2.22705
1778964613190,Gyroscope,-0.051425,-1.0242375,0.777975
1778964613214,Accelerometer,0.021000002,-10.33905,-3.04605
1778964613233,Accelerometer,-1.9290001,-11.656051,-2.8470001
1778964613253,Accelerometer,-2.6209502,-10.594951,-3.5730002
1778964613267,Accelerometer,-2.02005,-10.696051,-2.6580002
1778964613267,Gyroscope,0.1989625,-0.6675625,1.58675
1778964613291,Accelerometer,-1.5370501,-12.3,-2.5480502
1778964613313,Accelerometer,-1.32105,-13.70505,-4.605
1778964613332,Accelerometer,-1.52505,-14.380051,-4.56195
1778964613348,Accelerometer,-1.3930501,-15.472051,-4.25805
1778964613348,Gyroscope,0.6083,-0.97789997,2.64605
1778964613369,Accelerometer,0.72705,-18.798,-5.2849503
1778964613389,Accelerometer,4.38105,-20.091002,-5.874
1778964613408,Accelerometer,7.3690505,-19.97805,-5.637
1778964613423,Accelerometer,6.8950505,-18.490952,-3.8050501
1778964613423,Gyroscope,-0.2077625,-2.3364,3.107775
1778964613447,Accelerometer,2.0059502,-17.06895,-4.01805
1778964613466,Accelerometer,-1.77795,-20.74905,0.20895001
1778964613483,Accelerometer,-7.5919504,-15.217951,-3.4960501
1778964613500,Accelerometer,-0.15495001,-9.345,-1.5979501
1778964613500,Gyroscope,0.2454375,1.59995,3.642925
1778964613525,Accelerometer,4.656,-3.1729503,-3.24495
1778964613548,Accelerometer,6.4020004,-1.047,-3.55605
1778964613566,Accelerometer,4.6330504,0.64695,-4.473
1778964613581,Accelerometer,3.8059502,0.23805001,-3.3049502
1778964613582,Gyroscope,-0.636625,0.87175,-2.9261374
1778964613602,Accelerometer,1.9939501,-3.1939502,-0.82695
1778964613622,Accelerometer,1.2610501,-6.6610503,0.05595
1778964613637,Accelerometer,0.89505005,-9.03405,-1.794
1778964613656,Accelerometer,-0.58095,-10.392,-2.36595
1778964613656,Gyroscope,0.2184875,1.10275,-6.107475
1778964613684,Accelerometer,-2.69295,-11.806951,-1.7910001
1778964613699,Accelerometer,-2.403,-12.654,-2.9910002
1778964613718,Accelerometer,-2.05095,-16.69305,-3.8119502
1778964613733,Accelerometer,-6.34005,-20.917051,-4.011
1778964613733,Gyroscope,-0.067375,0.675125,-6.9504876
1778964613758,Accelerometer,-10.02705,-20.53605,-3.903
1778964613779,Accelerometer,-11.487,-19.531052,-3.24195
1778964613796,Accelerometer,-12.892951,-18.831001,-1.45605
1778964613813,Accelerometer,-13.786051,-15.811951,-1.0519501
1778964613814,Gyroscope,-0.1797125,0.1802625,-4.025725
1778964613835,Accelerometer,-15.415951,-11.14095,-0.99705005
1778964613855,Accelerometer,-18.65595,-9.61095,-1.6650001
1778964613879,Accelerometer,-17.916,-11.392051,-1.0489501
1778964613896,Accelerometer,-15.229051,-11.802001,-1.33395
1778964613897,Gyroscope,0.020624999,0.29755,2.1841874
1778964613917,Accelerometer,-14.305051,-9.754951,-2.6509502
1778964613933,Accelerometer,-6.6580505,-8.45205,-1.24995
1778964613952,Accelerometer,21.820951,-12.11505,6.135
1778964613966,Accelerometer,4.55595,-30.609001,-2.9020503
1778964613967,Gyroscope,0.1843875,-0.859375,1.727275
1778964613991,Accelerometer,-6.7660503,-25.2,-1.167
1778964614010,Accelerometer,-11.50605,-7.4830503,-3.8719501
1778964614030,Accelerometer,-13.036051,4.93095,-3.4960501
1778964614047,Accelerometer,-5.997,-3.6730502,-6.0870004
1778964614047,Gyroscope,-0.5743375,-0.78485,1.561175
1778964614068,Accelerometer,-2.7550502,-12.625051,-1.5690001
1778964614088,Accelerometer,-3.00195,-15.361951,-3.0990002
1778964614114,Accelerometer,-2.5420501,-10.111051,-4.24305
1778964614119,Accelerometer,-4.053,-7.3650002,-2.21805
1778964614131,Gyroscope,0.0231,-0.8531875,0.80245
1778964614146,Accelerometer,-2.9560502,-8.14305,-2.7199502
1778964614166,Accelerometer,-1.8070501,-10.435051,-2.60295
1778964614185,Accelerometer,-2.32395,-10.915951,-3.04605
1778964614198,Accelerometer,-3.59805,-9.762,-4.011
1778964614199,Gyroscope,0.0108624995,-0.4989875,0.4360125
1778964614224,Accelerometer,-4.93905,-8.292001,-3.2040002
1778964614243,Accelerometer,-2.63805,-8.3230505,-2.80905
1778964614263,Accelerometer,0.117000006,-9.21405,-2.35905
1778964614278,Accelerometer,-0.049950004,-9.54405,-1.9110001
1778964614278,Gyroscope,-0.0661375,-0.600325,0.3834875
1778964614302,Accelerometer,-2.2740002,-9.37395,-2.3160002
1778964614321,Accelerometer,-3.2770503,-9.42195,-2.7439501
1778964614346,Accelerometer,-2.66205,-8.71605,-2.5840502
1778964614362,Accelerometer,-1.8550501,-9.010051,-2.6130002
1778964614363,Gyroscope,-0.0501875,-0.9057125,0.699875
1778964614383,Accelerometer,-1.041,-10.258051,-3.1249502
1778964614399,Accelerometer,-2.04195,-11.871,-3.0010502
1778964614418,Accelerometer,-2.47005,-10.48995,-2.601
1778964614433,Accelerometer,-1.1389501,-10.20195,-2.5789502
1778964614433,Gyroscope,0.208725,-0.7128,1.5354625
1778964614457,Accelerometer,-0.94995004,-12.472051,-3.7069502
1778964614477,Accelerometer,-0.98100007,-14.364,-5.2249503
1778964614496,Accelerometer,-2.0320501,-14.79195,-4.3440003
1778964614511,Accelerometer,-1.6009501,-16.46805,-3.8890502
1778964614511,Gyroscope,0.5765375,-1.179475,2.593525
1778964614535,Accelerometer,2.46105,-20.496,-5.637
1778964614555,Accelerometer,7.39305,-21.657001,-7.1280003
1778964614575,Accelerometer,8.878051,-20.15595,-5.7010503
1778964614594,Accelerometer,5.17395,-18.108002,-3.04095
1778964614594,Gyroscope,-0.2712875,-2.7335,3.4205875
1778964614614,Accelerometer,0.294,-19.67205,-3.9060001
1778964614632,Accelerometer,-4.1940002,-19.966051,0.27105
1778964614651,Accelerometer,-3.9070501,-13.477951,-4.35795
1778964614666,Accelerometer,2.76495,-6.846,-2.6440501
1778964614666,Gyroscope,0.43725,1.056275,2.7218125
1778964614691,Accelerometer,4.3720503,-2.6820002,-3.1900501
1778964614711,Accelerometer,4.7400002,-0.68505,-3.1200001
1778964614729,Accelerometer,4.00995,0.35505003,-3.8100002
1778964614744,Accelerometer,3.17895,-0.37905002,-2.4499502
1778964614745,Gyroscope,-0.3422375,1.056275,-3.2132375
1778964614760,Accelerometer,1.7880001,-2.53395,-0.79095006
1778964614788,Accelerometer,0.735,-5.5740004,-1.6189501
1778964614811,Accelerometer,1.0390501,-8.359051,-3.01005
1778964614828,Accelerometer,0.30105,-9.92205,-3.55605
1778964614828,Gyroscope,0.4384875,1.045275,-6.6891
1778964614844,Accelerometer,-2.07795,-12.475051,-2.6530502
1778964614865,Accelerometer,-1.9579501,-14.325001,-5.29395
1778964614885,Accelerometer,-2.9230502,-20.61495,-6.0010505
1778964614899,Accelerometer,-9.856951,-24.381,-4.971
1778964614900,Gyroscope,-0.537625,1.067275,-7.1240125
1778964614920,Accelerometer,-10.15095,-19.947,-4.9500003
1778964614943,Accelerometer,-9.670051,-18.915,-3.5370002
1778964614962,Accelerometer,-13.666051,-19.224,-1.8390001
1778964614977,Accelerometer,-16.63005,-14.457001,-1.8319501
1778964614977,Gyroscope,-0.4533375,0.172975,-3.5430999
1778964615000,Accelerometer,-18.378,-9.21105,-1.3290001
1778964615024,Accelerometer,-19.58205,-9.465,-0.63000005
1778964615041,Accelerometer,-16.776001,-13.023001,0.051000003
1778964615058,Accelerometer,-14.812951,-12.955951,-0.55605
1778964615058,Gyroscope,-0.0306625,-0.20693749,2.4017124
1778964615079,Accelerometer,-13.254001,-10.26,-1.6980001
1778964615098,Accelerometer,7.419,-13.510951,4.45905
1778964615118,Accelerometer,17.349,-26.637001,-2.15505
1778964615132,Accelerometer,-5.8560004,-26.175001,-1.6099501
1778964615133,Gyroscope,-0.89196247,0.0752125,5.1101875
1778964615157,Accelerometer,0.177,-8.58195,-2.4480002
1778964615176,Accelerometer,-6.9670506,0.71895003,-4.2169504
1778964615195,Accelerometer,-13.61295,0.54195005,-9.333
1778964615209,Accelerometer,-5.41095,-10.056001,-2.53095
1778964615210,Gyroscope,-0.4167625,-0.6100875,2.332
1778964615234,Accelerometer,-4.9410005,-19.602001,-2.0400002
1778964615256,Accelerometer,-3.52905,-8.898001,-4.689
1778964615274,Accelerometer,-0.18405001,-5.89305,-2.3689501
1778964615291,Accelerometer,-2.0700002,-8.77995,-1.34895
1778964615291,Gyroscope,0.1122,-0.29865,0.8611625
1778964615311,Accelerometer,-3.21,-9.99195,-3.08205
1778964615332,Accelerometer,-4.05795,-10.044001,-3.0889502
1778964615352,Accelerometer,-4.158,-9.38805,-3.6660001
1778964615374,Accelerometer,-4.743,-9.11295,-3.8770502
1778964615374,Gyroscope,0.058575,-0.58575,0.1830125
1778964615395,Accelerometer,-4.0150504,-8.898001,-3.8940003
1778964615405,Accelerometer,-2.21895,-9.25695,-3.0990002
1778964615429,Accelerometer,0.38295,-9.48705,-2.5819502
1778964615443,Accelerometer,0.56205004,-9.135,-2.436
1778964615443,Gyroscope,0.0083875,-0.4439875,0.2795375
1778964615468,Accelerometer,-2.049,-9.633,-2.0310001
1778964615481,Accelerometer,-3.1549501,-9.558001,-2.38995
1778964615507,Accelerometer,-2.72895,-9.12705,-3.6850502
1778964615524,Accelerometer,-1.149,-9.184951,-3.01305
1778964615524,Gyroscope,-0.018424999,-1.0181875,0.5850625
1778964615545,Accelerometer,-0.71295005,-10.13805,-2.4480002
1778964615561,Accelerometer,-1.09395,-11.47395,-2.469
1778964615584,Accelerometer,-1.3759501,-11.335051,-3.6139503
1778964615608,Accelerometer,-1.23705,-11.0449505,-3.5970001
1778964615608,Gyroscope,0.2234375,-0.6908,1.627175
1778964615628,Accelerometer,-1.728,-12.040951,-2.421
1778964615641,Accelerometer,-1.659,-13.377001,-3.5970001
1778964615662,Accelerometer,-0.87795,-14.059951,-4.5810003
1778964615676,Accelerometer,-1.19895,-14.871,-4.27005
1778964615676,Gyroscope,0.47025,-1.1012375,2.604525
1778964615701,Accelerometer,-0.59595,-15.859951,-4.44705
1778964615720,Accelerometer,3.0570002,-19.602001,-6.1800003
1778964615739,Accelerometer,7.1730003,-19.927952,-7.2120004
1778964615755,Accelerometer,6.90705,-18.01695,-5.3640003
1778964615755,Gyroscope,-0.2701875,-2.415875,3.2153
1778964615778,Accelerometer,1.45095,-16.573952,-3.2950501
1778964615798,Accelerometer,-2.7150002,-21.46005,-0.34800002
1778964615821,Accelerometer,-7.17495,-16.834951,-2.2780502
1778964615838,Accelerometer,-0.031050002,-11.560051,-1.4830501
1778964615838,Gyroscope,0.285725,1.3556125,3.8640249
1778964615858,Accelerometer,4.431,-6.4630504,-1.95
1778964615875,Accelerometer,4.34805,-2.529,-3.2400002
1778964615895,Accelerometer,3.21705,0.33105,-3.69705
1778964615909,Accelerometer,2.7510002,1.12605,-2.7949502
1778964615909,Gyroscope,-0.4412375,1.3849,-2.3934624
1778964615934,Accelerometer,1.5490501,-0.22500001,-0.48900002
1778964615958,Accelerometer,0.735,-2.9239502,0.80295
1778964615972,Accelerometer,0.58905005,-6.3810005,0.504
1778964615986,Accelerometer,1.18005,-8.377951,0.054
1778964615987,Gyroscope,0.2624875,0.8864625,-5.9951377
1778964616011,Accelerometer,0.35595003,-10.00905,-0.47205
1778964616031,Accelerometer,-1.50495,-11.78505,0.14400001
1778964616042,Accelerometer,-1.5870001,-15.27795,-1.0159501
1778964616065,Accelerometer,-2.8650002,-21.352951,-2.3800502
1778964616065,Gyroscope,-0.15413749,0.61765,-7.1667747
1778964616094,Accelerometer,-8.6640005,-24.19905,-2.7180002
1778964616108,Accelerometer,-10.896001,-22.84695,-2.7880502
1778964616121,Accelerometer,-10.486051,-19.701,-1.6500001
1778964616142,Accelerometer,-11.715,-16.95195,-1.5499501
1778964616143,Gyroscope,-0.3007125,0.438075,-4.4033
1778964616167,Accelerometer,-17.04705,-14.191051,-2.0329502
1778964616186,Accelerometer,-19.728,-9.949051,-2.8980002
1778964616202,Accelerometer,-22.03395,-9.94095,-3.5659502
1778964616220,Accelerometer,-20.06805,-10.48995,-2.8980002
1778964616220,Gyroscope,-0.0441375,-0.4855125,1.429175
1778964616245,Accelerometer,-15.711,-10.783951,-2.766
1778964616264,Accelerometer,-2.6569502,-17.99595,3.528
1778964616288,Accelerometer,21.012001,-34.897053,-1.5619501
1778964616305,Accelerometer,-6.6240005,-18.604052,2.21595
1778964616305,Gyroscope,-1.088725,0.278025,6.0082
1778964616323,Accelerometer,3.426,-1.4250001,-0.28305
1778964616341,Accelerometer,-8.418,8.163,-8.586
1778964616361,Accelerometer,-17.29095,-4.9300504,-7.1020503
1778964616375,Accelerometer,-6.7060504,-22.959002,-1.3080001
1778964616376,Gyroscope,-0.2297625,-0.95713747,1.6369375
1778964616400,Accelerometer,-6.5599504,-14.352,-5.09595
1778964616420,Accelerometer,0.19305001,-5.11695,-4.43205
1778964616439,Accelerometer,2.7630002,-6.702,-0.67605
1778964616453,Accelerometer,-2.4510002,-10.75605,-2.5189502
1778964616453,Gyroscope,0.0083875,-0.329175,0.5031125
1778964616478,Accelerometer,-5.2330503,-10.674001,-3.1680002
1778964616501,Accelerometer,-3.663,-9.625051,-2.9190001
1778964616520,Accelerometer,-0.86100006,-9.003,-3.73305
1778964616535,Accelerometer,-2.7550502,-9.561001,-4.08495
1778964616536,Gyroscope,0.0829125,-0.8141375,0.0694375
1778964616555,Accelerometer,-3.351,-9.163051,-3.42195
1778964616575,Accelerometer,-1.2540001,-9.17805,-2.9260502
1778964616594,Accelerometer,1.40505,-9.637051,-2.3800502
1778964616609,Accelerometer,0.57405,-9.52005,-2.5500002
1778964616609,Gyroscope,0.0658625,-0.4500375,0.3125375
1778964616633,Accelerometer,-2.28795,-8.91705,-1.9230001
1778964616652,Accelerometer,-3.04005,-8.719951,-1.88205
1778964616672,Accelerometer,-2.22405,-9.457951,-2.325
1778964616684,Accelerometer,-1.419,-10.07295,-2.59395
1778964616686,Gyroscope,-0.040425,-0.7469,0.3810125
1778964616711,Accelerometer,-1.06005,-10.52805,-2.45895
1778964616734,Accelerometer,0.44295,-9.91005,-2.70405
1778964616751,Accelerometer,1.1560501,-9.594001,-2.77095
1778964616767,Accelerometer,-0.17205001,-10.927951,-2.5549502
1778964616767,Gyroscope,0.197725,-0.1678875,1.8030375
1778964616788,Accelerometer,-1.9960501,-11.469001,-3.051
1778964616808,Accelerometer,-3.2680502,-12.750001,-4.2649503
1778964616827,Accelerometer,-2.88,-13.851001,-3.96795
1778964616842,Accelerometer,-2.4390001,-14.776051,-2.9670002
1778964616842,Gyroscope,0.345675,-1.0646625,2.0816126
1778964616867,Accelerometer,-1.8649501,-14.77305,-1.8900001
1778964616886,Accelerometer,-0.97905004,-14.332951,-2.3689501
1778964616906,Accelerometer,0.39900002,-15.451051,-3.18495
1778964616920,Accelerometer,4.0960503,-17.560051,-5.5530005
1778964616920,Gyroscope,0.4312,-0.9741875,2.102375
1778964616944,Accelerometer,5.82,-17.076,-5.21295
1778964616967,Accelerometer,3.8040001,-17.650951,-3.5059502
1778964616984,Accelerometer,-0.804,-18.54195,-3.8940003
1778964617000,Accelerometer,-1.0000501,-21.57105,-4.2000003
1778964617000,Gyroscope,0.4054875,-0.5575625,3.2410126
1778964617022,Accelerometer,-5.6260505,-15.25695,-5.89305
1778964617041,Accelerometer,-3.423,-12.118051,-3.55605
1778964617061,Accelerometer,2.2480502,-8.809051,-3.8940003
1778964617084,Accelerometer,5.82,-5.931,-3.3720002
1778964617084,Gyroscope,-0.26895,1.652475,-0.216425
1778964617104,Accelerometer,3.76095,-4.236,-3.8749502
1778964617119,Accelerometer,1.55295,-4.3510504,-2.53395
1778964617138,Accelerometer,1.60395,-5.17005,-0.025050001
1778964617153,Accelerometer,1.4940001,-6.5890503,0.27600002
1778964617153,Gyroscope,-0.525525,1.514425,-3.8033874
1778964617177,Accelerometer,-0.74595004,-7.3720503,0.27405003
1778964617198,Accelerometer,-1.8379501,-7.8780003,1.0020001
1778964617216,Accelerometer,-1.8049501,-9.427051,0.85605
1778964617231,Accelerometer,-1.9200001,-9.89805,0.40305
1778964617231,Gyroscope,0.0878625,0.2047375,-6.1967125
1778964617255,Accelerometer,-1.52205,-11.196,0.94395006
1778964617274,Accelerometer,-2.3119502,-14.658001,0.64305
1778964617299,Accelerometer,-3.25305,-17.785051,-0.34095
1778964617317,Accelerometer,-6.7249503,-20.124,-1.11405
1778964617317,Gyroscope,0.036575,1.2260875,-6.16
1778964617336,Accelerometer,-10.333051,-19.89495,-2.56005
1778964617352,Accelerometer,-12.282001,-17.376001,-4.2169504
1778964617371,Accelerometer,-14.746051,-14.869051,-4.6309505
1778964617386,Accelerometer,-19.594051,-10.62405,-4.71
1778964617386,Gyroscope,0.1733875,0.8399875,-2.20165
1778964617404,Accelerometer,-20.85795,-7.116,-5.385
1778964617430,Accelerometer,-20.68605,-8.268001,-4.22205
1778964617450,Accelerometer,-19.041,-9.670951,-3.73305
1778964617467,Accelerometer,-18.744001,-8.677051,-3.321
1778964617468,Gyroscope,-0.363,0.01045,3.200725
1778964617485,Accelerometer,0.30105,-13.531051,8.757
1778964617507,Accelerometer,25.978052,-26.716051,-1.2
1778964617533,Accelerometer,-0.97395,-20.062052,-6.33795
1778964617549,Accelerometer,1.6540501,-7.2190504,-5.3760004
1778964617549,Gyroscope,-1.0703,1.453375,4.64475
1778964617567,Accelerometer,-16.953001,-2.18895,-1.42305
1778964617585,Accelerometer,-14.620951,-7.62405,-7.4010005
1778964617604,Accelerometer,-3.7230003,-11.62905,-2.15805
1778964617619,Accelerometer,0.16695,-12.457951,-2.4499502
1778964617620,Gyroscope,-0.355575,-2.0933,1.550175
1778964617644,Accelerometer,0.735,-8.56005,-2.493
1778964617664,Accelerometer,-2.844,-8.742001,-2.15295
1778964617682,Accelerometer,-3.75795,-9.69495,-1.3770001
1778964617700,Accelerometer,-2.16405,-9.328951,-2.9839501
1778964617700,Gyroscope,-0.0061875,0.598125,0.986975
1778964617721,Accelerometer,-3.7750502,-10.18305,-2.84505
1778964617741,Accelerometer,-5.5129504,-9.70905,-3.3979502
1778964617763,Accelerometer,-4.62795,-8.200951,-3.69705
1778964617779,Accelerometer,-1.28805,-8.838,-2.9260502
1778964617780,Gyroscope,0.0133375,-1.2112375,-0.067375
1778964617802,Accelerometer,1.95105,-10.486951,-2.9310002
1778964617818,Accelerometer,1.7550001,-10.04895,-1.88205
1778964617838,Accelerometer,-1.33095,-8.983951,-0.94605005
1778964617852,Accelerometer,-2.8180501,-9.0390005,-1.8229501
1778964617853,Gyroscope,-0.0111375,0.0116875,0.6326375
1778964617877,Accelerometer,-2.53695,-9.27795,-2.601
1778964617896,Accelerometer,-2.5800002,-9.819,-2.1049502
1778964617915,Accelerometer,-1.9099501,-10.248,-2.6920502
1778964617930,Accelerometer,-1.1770501,-10.69305,-2.9670002
1778964617930,Gyroscope,-0.0331375,-0.66385,0.8721625
1778964617954,Accelerometer,-1.24905,-10.9140005,-3.3070502
1778964617965,Accelerometer,-0.10695001,-11.244,-2.46705
1778964617993,Accelerometer,-0.15,-11.433001,-1.71
1778964618013,Accelerometer,-1.5439501,-12.589951,-2.5429502
1778964618013,Gyroscope,0.2404875,-0.351175,2.1146126
1778964618033,Accelerometer,-2.6089501,-13.915951,-4.2720003
1778964618045,Accelerometer,-3.1980002,-14.158051,-3.4990501
1778964618071,Accelerometer,-2.154,-15.834001,-3.2209501
1778964618085,Accelerometer,1.041,-17.650951,-3.9060001
1778964618086,Gyroscope,0.450725,-0.8861875,2.5092375
1778964618110,Accelerometer,4.07205,-18.429,-6.98505
1778964618128,Accelerometer,5.2720504,-18.681002,-6.4800005
1778964618149,Accelerometer,5.4079504,-19.545,-5.223
1778964618163,Accelerometer,0.28905,-19.40805,-4.0950003
1778964618163,Gyroscope,-0.2811875,-3.3735626,3.0932
1778964618188,Accelerometer,-3.7350001,-20.76795,-1.5660001
1778964618212,Accelerometer,-5.5609503,-14.77095,-3.417
1778964618229,Accelerometer,-1.06305,-10.69095,-1.9020001
1778964618243,Accelerometer,4.8190503,-5.2200003,-3.1590002
1778964618243,Gyroscope,0.1819125,1.15885,1.8629875
1778964618265,Accelerometer,5.664,-3.1750503,-2.8210502
1778964618284,Accelerometer,4.9609504,-1.9039501,-3.11595
1778964618304,Accelerometer,3.6529503,-2.184,-3.1060503
1778964618319,Accelerometer,2.36295,-3.6090002,-0.41205
1778964618319,Gyroscope,-1.2170125,1.0550375,-2.8370376
1778964618343,Accelerometer,1.9579501,-4.3819504,1.299
1778964618362,Accelerometer,0.9289501,-6.09105,1.6669501
1778964618381,Accelerometer,-0.16695,-8.12205,1.9549501
1778964618396,Accelerometer,0.59805006,-9.88395,1.8730501
1778964618396,Gyroscope,-0.0319,0.3905,-6.3702374
1778964618421,Accelerometer,-0.021000002,-10.276951,1.7530501
1778964618443,Accelerometer,-0.648,-12.988951,2.2009501
1778964618460,Accelerometer,-1.04595,-18.59205,1.3270501
1778964618478,Accelerometer,-6.4999504,-24.220951,0.62295
1778964618478,Gyroscope,0.0658625,0.63965,-6.9920125
1778964618498,Accelerometer,-9.79695,-23.650951,-0.09900001
1778964618517,Accelerometer,-9.77505,-21.070051,-0.68100005
1778964618537,Accelerometer,-11.13,-18.226051,-1.4800501
1778964618552,Accelerometer,-15.715951,-13.771951,-3.1710002
1778964618552,Gyroscope,0.34925,1.8625749,-2.9396124
1778964618577,Accelerometer,-19.312052,-9.45495,-3.82905
1778964618595,Accelerometer,-20.01795,-8.548051,-5.1120005
1778964618610,Accelerometer,-18.514051,-9.96105,-4.63605
1778964618629,Accelerometer,-17.17605,-11.325001,-4.04895
1778964618630,Gyroscope,0.009625,-0.5880875,2.28195
1778964618654,Accelerometer,-12.4470005,-9.66405,-5.39505
1778964618677,Accelerometer,10.09605,-14.766001,5.17005
1778964618694,Accelerometer,8.08005,-25.726952,-6.8170505
1778964618709,Accelerometer,-2.6880002,-21.549002,1.15005
1778964618709,Gyroscope,-1.2951125,-0.7286125,4.7680874
1778964618731,Accelerometer,0.90195006,-7.8300004,-0.048
1778964618751,Accelerometer,-10.213051,0.78405005,-3.2040002
1778964618766,Accelerometer,-10.6060505,-2.66805,-7.2120004
1778964618785,Accelerometer,-5.1589503,-13.068001,-0.89100003
1778964618785,Gyroscope,-0.44,-0.4720375,1.964325
1778964618814,Accelerometer,-1.6710001,-17.557951,-2.93805
1778964618828,Accelerometer,0.186,-8.16495,-4.6260004
1778964618847,Accelerometer,-1.5439501,-6.4960504,-1.7200501
1778964618862,Accelerometer,-3.4810503,-9.3,-1.8030001
1778964618863,Gyroscope,0.0169125,0.0972125,0.799975
1778964618887,Accelerometer,-3.52095,-10.23795,-3.2689502
1778964618910,Accelerometer,-3.7680001,-10.408051,-2.2060502
1778964618926,Accelerometer,-2.50095,-9.621,-3.1969502
1778964618942,Accelerometer,-2.1760502,-9.156,-3.22305
1778964618942,Gyroscope,0.0903375,-0.4807,0.15015
1778964618964,Accelerometer,-2.14695,-9.028951,-2.6940002
1778964618984,Accelerometer,-0.76095,-9.42,-1.7410501
1778964619009,Accelerometer,0.89295006,-9.979951,-1.794
1778964619025,Accelerometer,1.008,-9.858001,-2.6460001
1778964619025,Gyroscope,-0.085525,-0.22893749,0.6045875
1778964619045,Accelerometer,-1.8739501,-9.396001,-1.9780501
1778964619062,Accelerometer,-3.3780003,-9.192,-2.5860002
1778964619081,Accelerometer,-1.47195,-9.40305,-2.76795
1778964619096,Accelerometer,-0.19305001,-9.817051,-2.77305
1778964619096,Gyroscope,-0.079475,-0.86185,0.958925
1778964619120,Accelerometer,-0.75405,-10.48995,-1.9210501
1778964619141,Accelerometer,-2.05095,-11.965051,-1.8390001
1778964619159,Accelerometer,-1.7860501,-10.416,-3.79605
1778964619173,Accelerometer,-1.67295,-10.176001,-3.4720502
1778964619173,Gyroscope,0.1783375,-0.7090875,1.71875
1778964619197,Accelerometer,-2.1379502,-12.592051,-2.32305
1778964619217,Accelerometer,-1.4929501,-14.28495,-4.33395
1778964619241,Accelerometer,-0.83505005,-14.433001,-4.76805
1778964619247,Accelerometer,-1.3069501,-15.385951,-3.6160502
1778964619260,Gyroscope,0.566775,-1.063425,2.6252875
1778964619275,Accelerometer,-0.44700003,-18.58695,-3.0600002
1778964619295,Accelerometer,4.668,-20.31105,-5.682
1778964619314,Accelerometer,8.17395,-20.281952,-5.5339503
1778964619327,Accelerometer,6.4549503,-18.762001,-4.2979503
1778964619328,Gyroscope,-0.1857625,-2.564925,3.2214875
1778964619353,Accelerometer,2.5830002,-19.14495,-3.7720501
1778964619374,Accelerometer,0.17205001,-21.04095,-1.6290001
1778964619392,Accelerometer,-4.48605,-16.473001,-3.96495
1778964619408,Accelerometer,-0.13395001,-9.589951,-3.31395
1778964619409,Gyroscope,0.16733749,1.9102875,3.9447374
1778964619431,Accelerometer,3.4450502,-3.6490502,-4.89405
1778964619450,Accelerometer,4.4149504,-1.8700501,-2.7520502
1778964619474,Accelerometer,3.8689501,-0.024,-2.77095
1778964619490,Accelerometer,3.8779502,0.54,-2.4829502
1778964619491,Gyroscope,-0.4349125,0.592075,-3.032425
1778964619512,Accelerometer,3.18405,-0.56100005,-0.44400004
1778964619528,Accelerometer,2.22405,-3.2590501,0.049050003
1778964619548,Accelerometer,1.17495,-6.8430004,-0.63000005
1778964619562,Accelerometer,0.51900005,-9.352051,-0.61605
1778964619562,Gyroscope,0.0708125,1.128325,-6.241812
1778964619586,Accelerometer,0.021000002,-10.77,-0.57795
1778964619606,Accelerometer,-0.28695002,-12.183001,-0.89400005
1778964619625,Accelerometer,-0.53805,-16.984951,-2.1360002
1778964619639,Accelerometer,-3.2389503,-26.445002,-4.01595
1778964619639,Gyroscope,-0.31033748,0.907225,-7.4122124
1778964619664,Accelerometer,-11.008051,-27.219002,-3.6090002
1778964619684,Accelerometer,-11.323951,-22.546951,-4.3170004
1778964619707,Accelerometer,-9.493051,-19.060951,-3.0340502
1778964619725,Accelerometer,-14.145,-16.758001,-2.7829502
1778964619725,Gyroscope,-0.3641,1.2835625,-3.6884375
1778964619742,Accelerometer,-19.941002,-11.601001,-1.9350001
1778964619761,Accelerometer,-23.487001,-8.29395,-4.65
1778964619781,Accelerometer,-21.246,-11.395051,-3.31395
1778964619795,Accelerometer,-15.907051,-13.047001,-2.56005
1778964619795,Gyroscope,-0.1662375,-0.6565625,2.367475
1778964619820,Accelerometer,-12.493051,-10.815001,-4.3099504
1778964619841,Accelerometer,6.74205,-14.584051,2.7490501
1778964619858,Accelerometer,15.31095,-25.107,-0.99705005
1778964619873,Accelerometer,-4.5940504,-22.14495,-0.076950006
1778964619873,Gyroscope,-1.0030625,0.2047375,5.0296125
1778964619892,Accelerometer,-1.8259501,-9.12495,-1.3219501
1778964619917,Accelerometer,-10.443001,-0.31905,-4.473
1778964619937,Accelerometer,-13.42905,-2.32305,-5.814
1778964619956,Accelerometer,-6.9480004,-11.467051,-3.8170502
1778964619956,Gyroscope,-0.543675,-0.6675625,1.6955125
1778964619976,Accelerometer,-4.302,-16.168951,-2.9890501
1778964619994,Accelerometer,-0.25305,-10.20705,-4.41795
1778964620014,Accelerometer,0.54495,-7.518,-2.088
1778964620028,Accelerometer,-2.3389502,-8.866051,-1.84905
1778964620029,Gyroscope,0.0317625,-0.6150375,0.5740625
1778964620049,Accelerometer,-3.1309502,-10.02795,-2.3490002
1778964620072,Accelerometer,-2.463,-10.5709505,-2.4120002
1778964620092,Accelerometer,-1.6060501,-9.823951,-2.8900502
1778964620105,Accelerometer,-3.05205,-9.295051,-3.2950501
1778964620106,Gyroscope,0.0768625,0.0691625,0.27719998
1778964620130,Accelerometer,-4.6729503,-8.689051,-2.7919502
1778964620152,Accelerometer,-2.391,-8.32995,-2.40405
1778964620171,Accelerometer,0.96195006,-9.42405,-2.3800502
1778964620187,Accelerometer,1.63995,-10.123051,-2.9310002
1778964620188,Gyroscope,-0.052525,-0.6199875,0.269775
1778964620208,Accelerometer,-1.32105,-9.621,-2.2369502
1778964620227,Accelerometer,-2.11095,-9.20895,-2.4790502
1778964620247,Accelerometer,-1.1149501,-8.718,-2.32305
1778964620261,Accelerometer,-0.85905004,-9.570001,-1.50705
1778964620262,Gyroscope,-0.101475,-0.8886625,0.7646375
1778964620286,Accelerometer,-0.09,-10.78695,-2.42595
1778964620305,Accelerometer,-0.022950001,-11.3230505,-3.5059502
1778964620324,Accelerometer,-0.72300005,-10.64295,-4.143
1778964620339,Accelerometer,-1.764,-10.50195,-2.8590002
1778964620339,Gyroscope,0.196625,-0.51975,1.7908
1778964620363,Accelerometer,-1.6129501,-11.77095,-2.87805
1778964620385,Accelerometer,-1.36395,-13.521001,-4.689
1778964620402,Accelerometer,-2.262,-14.895,-4.01805
1778964620419,Accelerometer,-3.14295,-16.21005,-2.5500002
1778964620420,Gyroscope,0.60225,-0.980375,2.6228125
1778964620441,Accelerometer,-0.25995,-18.373951,-2.6530502
1778964620461,Accelerometer,3.15,-19.58805,-3.93405
1778964620480,Accelerometer,6.2100005,-19.926,-5.1940503
1778964620503,Accelerometer,6.8179502,-18.94395,-4.8130503
1778964620503,Gyroscope,-0.03795,-2.0004876,2.91115
1778964620524,Accelerometer,6.7849503,-17.541,-5.352
1778964620532,Accelerometer,2.4439502,-17.922,-4.4490004
1778964620557,Accelerometer,-7.458,-18.79305,0.30495003
1778964620572,Accelerometer,-5.8180504,-11.227051,-4.30095
1778964620572,Gyroscope,0.2308625,2.0959125,4.3051248
1778964620597,Accelerometer,2.64,-3.9799502,-5.637
1778964620610,Accelerometer,7.9560003,-2.3040001,-4.32
1778964620636,Accelerometer,5.9830503,-0.43395,-3.55605
1778964620655,Accelerometer,3.423,-0.12705001,-3.4840503
1778964620655,Gyroscope,-0.2761,0.1362625,-2.6965125
1778964620674,Accelerometer,4.017,-1.3480501,-1.8270001
1778964620690,Accelerometer,3.177,-3.7069502,-0.68100005
1778964620713,Accelerometer,0.88995004,-6.1369505,-1.6020001
1778964620735,Accelerometer,0.15795001,-7.72905,-2.5480502
1778964620735,Gyroscope,-0.011,1.2835625,-5.6896124
1778964620757,Accelerometer,-0.744,-9.970051,-1.9879501
1778964620770,Accelerometer,-1.4290501,-11.115001,-1.6330501
1778964620791,Accelerometer,-0.78495,-13.954051,-3.6450002
1778964620805,Accelerometer,-3.0930002,-20.541,-4.4370003
1778964620805,Gyroscope,-0.5424375,0.6384125,-6.9834876
1778964620830,Accelerometer,-8.431951,-24.657001,-3.9460502
1778964620852,Accelerometer,-10.09605,-21.927002,-4.353
1778964620870,Accelerometer,-9.62205,-19.428001,-3.0649502
1778964620885,Accelerometer,-14.43,-18.115952,-1.8510001
1778964620885,Gyroscope,-0.3323375,0.791175,-3.9939625
1778964620907,Accelerometer,-18.139051,-13.108951,-1.66005
1778964620927,Accelerometer,-19.240051,-8.686951,-2.84295
1778964620952,Accelerometer,-19.93905,-10.609051,-1.9570501
1778964620968,Accelerometer,-15.997951,-13.425,-0.34500003
1778964620968,Gyroscope,-0.154,0.0507375,2.0560374
1778964620988,Accelerometer,-11.997001,-12.942,-1.4470501
1778964621004,Accelerometer,0.034950003,-16.44705,5.4550505
1778964621024,Accelerometer,17.595001,-28.76295,-0.23295002
1778964621038,Accelerometer,-6.2130003,-17.986052,-0.010050001
1778964621038,Gyroscope,-1.023825,0.4087875,5.51705
1778964621063,Accelerometer,-2.12595,-4.7460003,-3.3930001
1778964621084,Accelerometer,-9.052051,2.8330503,-7.2120004
1778964621101,Accelerometer,-12.586051,-4.98105,-5.385
1778964621116,Accelerometer,-7.0189505,-14.977051,-2.7589502
1778964621116,Gyroscope,-0.267575,-0.5234625,1.9179875
1778964621140,Accelerometer,-4.55805,-16.959002,-1.6500001
1778964621160,Accelerometer,-2.5090501,-7.2340503,-4.25295
1778964621171,Accelerometer,1.1899501,-6.3190503,-1.76505
1778964621194,Accelerometer,-1.0510501,-9.955951,-1.9110001
1778964621195,Gyroscope,-0.024475,-0.296175,0.611875
1778964621224,Accelerometer,-3.4330502,-11.188951,-2.7439501
1778964621238,Accelerometer,-3.4810503,-9.71205,-3.4080002
1778964621251,Accelerometer,-3.1579502,-8.76795,-3.6730502
1778964621272,Accelerometer,-4.08405,-9.309,-3.3960001
1778964621283,Gyroscope,0.0292875,-0.456225,0.1964875
1778964621301,Accelerometer,-3.2340002,-9.0720005,-3.0030003
1778964621315,Accelerometer,-0.82500005,-9.010051,-2.4190502
1778964621331,Accelerometer,1.09395,-9.538951,-2.33295
1778964621349,Accelerometer,0.12195001,-10.01595,-2.6850002
1778964621349,Gyroscope,-0.066,-0.2228875,0.550825
1778964621374,Accelerometer,-3.0349503,-9.7240505,-2.4520502
1778964621393,Accelerometer,-3.4740002,-9.369,-2.8470001
1778964621414,Accelerometer,-1.48395,-8.802,-2.7970502
1778964621433,Accelerometer,-0.58605003,-8.88105,-2.9220002
1778964621433,Gyroscope,-0.09295,-1.122,0.9087375
1778964621451,Accelerometer,-1.314,-10.846951,-2.76795
1778964621471,Accelerometer,-1.8430501,-11.368051,-3.5029502
1778964621490,Accelerometer,-1.3909501,-10.993051,-4.28595
1778964621505,Accelerometer,-1.6159501,-11.538,-2.8930502
1778964621505,Gyroscope,0.2101,-0.8446625,1.7945125
1778964621529,Accelerometer,-1.9030501,-12.85305,-3.0679502
1778964621548,Accelerometer,-0.90000004,-14.199,-4.4419503
1778964621568,Accelerometer,-0.68205005,-15.501,-3.4770002
1778964621582,Accelerometer,-0.46605003,-18.372002,-3.0679502
1778964621582,Gyroscope,0.5985375,-1.0352376,2.8061
1778964621607,Accelerometer,3.45495,-20.472,-5.61
1778964621630,Accelerometer,7.11495,-20.81895,-6.6880503
1778964621647,Accelerometer,8.65305,-19.650002,-5.99805
1778964621664,Accelerometer,4.0960503,-18.25395,-5.04495
1778964621664,Gyroscope,-0.2223375,-2.5685,3.3815374
1778964621684,Accelerometer,0.56895,-21.313951,-3.25395
1778964621704,Accelerometer,-7.8889503,-18.865051,-2.52705
1778964621723,Accelerometer,-2.9280002,-10.734,-2.97705
1778964621738,Accelerometer,5.32905,-4.9759502,-2.98095
1778964621738,Gyroscope,0.742775,1.349425,1.6979874
1778964621762,Accelerometer,6.7630506,-2.8519502,-2.8330503
1778964621781,Accelerometer,4.1059504,0.12495001,-3.048
1778964621801,Accelerometer,3.213,1.1220001,-2.019
1778964621813,Accelerometer,2.49,-0.89595,0.13995
1778964621815,Gyroscope,-0.33605,1.0085624,-3.432
1778964621840,Accelerometer,1.7550001,-4.143,1.4110501
1778964621863,Accelerometer,1.2709501,-7.1899505,1.15695
1778964621880,Accelerometer,0.79395,-8.7300005,0.28605002
1778964621896,Accelerometer,0.30405003,-9.955951,-0.26895002
1778964621896,Gyroscope,0.2198625,1.0550375,-6.659675
1778964621917,Accelerometer,-1.2589501,-11.12895,0.46995002
1778964621937,Accelerometer,-1.8430501,-14.78505,-1.09695
1778964621957,Accelerometer,-3.7110002,-23.31405,-2.778
1778964621971,Accelerometer,-10.338,-25.312952,-2.29905
1778964621972,Gyroscope,0.262625,0.5468375,-7.34635
1778964621996,Accelerometer,-11.38395,-22.365002,-3.7740002
1778964622014,Accelerometer,-14.272051,-22.51905,-0.67605
1778964622035,Accelerometer,-13.905001,-15.838951,-1.6860001
1778964622049,Accelerometer,-17.494051,-10.909051,-4.191
1778964622049,Gyroscope,0.2773375,2.110625,-2.7110875
1778964622073,Accelerometer,-22.198952,-9.477,-7.4950504
1778964622095,Accelerometer,-23.542051,-9.645,-8.78295
1778964622113,Accelerometer,-18.51,-9.85095,-5.6680503
1778964622131,Accelerometer,-16.88895,-13.954051,1.2720001
1778964622131,Gyroscope,0.0891,-2.01025,2.725525
1778964622150,Accelerometer,15.77595,-23.46405,6.0010505
1778964622170,Accelerometer,2.8939502,-25.084951,-2.8879502
1778964622190,Accelerometer,2.2770002,-10.272,0.822
1778964622213,Accelerometer,-4.7400002,-3.0559502,-4.1950502
1778964622213,Gyroscope,-1.260875,1.8882875,3.476825
1778964622235,Accelerometer,-13.458,-2.0710502,-4.0230002
1778964622248,Accelerometer,-8.94705,-8.45505,-5.5219502
1778964622267,Accelerometer,-6.6580505,-15.819001,-3.0559502
1778964622282,Accelerometer,-3.153,-10.99995,-3.9079502
1778964622282,Gyroscope,-0.217525,-1.4298625,1.0346875
1778964622306,Accelerometer,1.51005,-7.425,-3.0960002
1778964622325,Accelerometer,0.28905,-9.264001,-0.36195
1778964622345,Accelerometer,-2.97795,-10.15005,-2.22495
1778964622362,Accelerometer,-2.631,-9.807,-2.3800502
1778964622362,Gyroscope,0.011,0.7508875,0.7181625
1778964622384,Accelerometer,-1.10595,-9.55605,-2.505
1778964622403,Accelerometer,-1.7760001,-9.570001,-3.25005
1778964622425,Accelerometer,-4.2730503,-9.252001,-3.0870001
1778964622445,Accelerometer,-3.3730502,-8.778001,-2.25795
1778964622445,Gyroscope,-0.145475,-0.826375,0.1709125
1778964622466,Accelerometer,-0.43005002,-9.408,-1.9879501
1778964622481,Accelerometer,1.3810501,-9.94095,-1.8730501
1778964622501,Accelerometer,-0.31095,-9.669001,-2.93805
1778964622515,Accelerometer,-2.32395,-9.46695,-2.3779502
1778964622515,Gyroscope,-0.14905,-0.059125,0.7486875
1778964622533,Accelerometer,-2.2759502,-8.554951,-2.811
1778964622559,Accelerometer,-2.12595,-8.265,-3.4669502
1778964622578,Accelerometer,-1.55595,-10.047001,-3.5110502
1778964622595,Accelerometer,-0.82305,-11.22,-3.2070003
1778964622595,Gyroscope,-0.022,-1.1061875,1.136025
1778964622614,Accelerometer,-0.40905002,-10.65705,-3.6810002
1778964622637,Accelerometer,-1.434,-11.32995,-3.1900501
1778964622659,Accelerometer,-2.403,-11.902051,-1.626
1778964622678,Accelerometer,-1.5630001,-12.013051,-3.558
1778964622678,Gyroscope,0.3628625,-0.5478,2.01685
1778964622697,Accelerometer,-1.1509501,-13.51395,-5.1600003
1778964622714,Accelerometer,-2.2999501,-16.02495,-4.0129504
1778964622733,Accelerometer,-1.113,-18.67605,-2.436
1778964622748,Accelerometer,2.2690501,-19.753052,-2.9620502
1778964622748,Gyroscope,0.571725,-1.0218999,2.8879125
1778964622773,Accelerometer,5.439,-20.899952,-4.557
1778964622792,Accelerometer,7.2060003,-19.58805,-4.3770003
1778964622811,Accelerometer,4.8790503,-18.738,-5.0550003
1778964622826,Accelerometer,-1.6900501,-19.05705,-3.7690501
1778964622826,Gyroscope,0.050049998,-1.8269625,3.9862626
1778964622850,Accelerometer,-6.5530505,-18.21405,-1.16205
1778964622870,Accelerometer,-0.41400003,-11.16495,-3.6090002
1778964622892,Accelerometer,5.4820504,-6.5890503,-3.9300003
1778964622911,Accelerometer,9.8539505,-2.742,-3.8190002
1778964622912,Gyroscope,0.1843875,0.6006,-0.4888125
1778964622931,Accelerometer,6.0040503,-0.3,-4.30305
1778964622947,Accelerometer,4.14195,0.0,-3.2280002
1778964622967,Accelerometer,3.01605,-2.1100502,-1.83
1778964622981,Accelerometer,2.3170502,-5.103,-2.67705
1778964622981,Gyroscope,-0.096525,1.3641375,-4.1075373
1778964623006,Accelerometer,1.7310001,-7.2649503,-3.0889502
1778964623025,Accelerometer,0.126,-8.661,-4.2379503
1778964623044,Accelerometer,-2.1400502,-10.923,-3.5460002
1778964623059,Accelerometer,-2.367,-12.0390005,-4.16895
1778964623059,Gyroscope,-0.0292875,1.0025125,-6.6658626
1778964623083,Accelerometer,-1.6110001,-15.633,-5.0880003
1778964623094,Accelerometer,-4.005,-21.834002,-4.887
1778964623122,Accelerometer,-7.80705,-22.063951,-4.8300004
1778964623143,Accelerometer,-8.616,-20.143951,-4.5739503
1778964623143,Gyroscope,-0.6609625,1.5987124,-5.6383247
1778964623162,Accelerometer,-13.552951,-20.979,-1.8870001
1778964623174,Accelerometer,-16.49595,-15.196951,-1.2910501
1778964623200,Accelerometer,-17.169,-9.90795,-2.22
1778964623215,Accelerometer,-18.979052,-9.205951,-2.8260002
1778964623215,Gyroscope,-0.488675,0.69836247,-1.3195875
1778964623239,Accelerometer,-19.09605,-12.469951,-2.397
1778964623261,Accelerometer,-15.427951,-12.228001,-3.8839502
1778964623278,Accelerometer,-20.157001,-13.930051,2.0050502
1778964623293,Accelerometer,10.939051,-25.903952,6.86805
1778964623293,Gyroscope,1.6028374,0.7849875,2.808575
1778964623317,Accelerometer,-2.5849502,-31.998001,-2.53605
1778964623341,Accelerometer,-0.33495003,-7.8109503,0.14895001
1778964623355,Accelerometer,-8.467951,1.299,-4.1140504
1778964623369,Accelerometer,-12.198001,1.9879501,-5.4810004
1778964623370,Gyroscope,-0.548625,1.282325,3.051675
1778964623394,Accelerometer,-5.6929502,-8.191051,-5.4430504
1778964623413,Accelerometer,-5.1379504,-19.674002,-1.0999501
1778964623433,Accelerometer,-6.5719504,-12.11505,-3.4440002
1778964623447,Accelerometer,-0.11400001,-6.5869503,-2.90505
1778964623447,Gyroscope,-0.2431,-1.166,1.2252625
1778964623472,Accelerometer,-0.96900004,-8.115001,-0.65205
1778964623491,Accelerometer,-3.0619502,-10.248,-3.07695
1778964623511,Accelerometer,-2.8650002,-10.33395,-2.9310002
1778964623525,Accelerometer,-3.1189501,-8.90205,-3.7860003
1778964623526,Gyroscope,0.080575,0.1412125,0.6070625
1778964623550,Accelerometer,-5.3430004,-8.77095,-4.05195
1778964623572,Accelerometer,-4.2450004,-8.69205,-2.7640502
1778964623591,Accelerometer,-1.29495,-9.1060505,-2.802
1778964623607,Accelerometer,0.771,-9.99705,-3.2710502
1778964623608,Gyroscope,0.011,-0.760375,0.246675
1778964623627,Accelerometer,-0.28695002,-9.937051,-2.2009501
1778964623647,Accelerometer,-2.9280002,-9.016951,-1.368
1778964623666,Accelerometer,-3.426,-8.656051,-2.115
1778964623681,Accelerometer,-2.5090501,-9.35505,-3.1270502
1778964623681,Gyroscope,0.030524999,-0.7788,0.4725875
1778964623705,Accelerometer,-0.80205005,-9.264001,-3.1390502
1778964623725,Accelerometer,-1.20105,-10.782001,-1.5589501
1778964623741,Accelerometer,-2.1660001,-11.052001,-2.19405
1778964623758,Accelerometer,-1.32105,-9.894,-4.116
1778964623758,Gyroscope,0.2088625,-0.655325,1.224025
1778964623783,Accelerometer,-1.13205,-11.931001,-3.5149503
1778964623806,Accelerometer,-1.4140501,-13.447051,-1.7050501
1778964623824,Accelerometer,-0.97605,-13.593,-3.1320002
1778964623839,Accelerometer,-0.675,-14.637001,-4.1929502
1778964623839,Gyroscope,0.5729625,-0.74085,2.4567125
1778964623860,Accelerometer,-0.98805004,-16.09995,-4.15905
1778964623879,Accelerometer,0.15495001,-18.781052,-3.9220502
1778964623895,Accelerometer,4.9750504,-19.95705,-5.6580005
1778964623913,Accelerometer,8.20005,-19.64295,-5.37795
1778964623914,Gyroscope,0.4043875,-1.7584875,2.9404376
1778964623939,Accelerometer,7.59705,-18.424051,-5.14305
1778964623957,Accelerometer,1.4650501,-18.85095,-4.19805
1778964623976,Accelerometer,-3.3750002,-23.194052,-0.53400004
1778964623992,Accelerometer,-7.6080003,-15.1039505,-4.09695
1778964623992,Gyroscope,0.3628625,1.3591875,4.266075
1778964624016,Accelerometer,0.88500005,-9.333,-2.8930502
1778964624037,Accelerometer,5.60505,-4.12095,-4.248
1778964624055,Accelerometer,6.5500503,-1.6570501,-3.5419502
1778964624072,Accelerometer,4.2850504,0.21195,-3.9150002
1778964624072,Gyroscope,-0.1087625,0.7654625,-2.22365
1778964624093,Accelerometer,3.0190501,0.38205,-3.0529501
1778964624113,Accelerometer,2.217,-1.72395,-1.0180501
1778964624137,Accelerometer,1.281,-4.72905,-1.57605
1778964624154,Accelerometer,0.75600004,-7.49205,-2.6250002
1778964624154,Gyroscope,0.2883375,1.4337125,-5.35975
1778964624172,Accelerometer,0.8880001,-8.983951,-3.6160502
1778964624191,Accelerometer,-1.1770501,-11.433001,-2.9170501
1778964624210,Accelerometer,-1.8859501,-12.942,-5.1769505
1778964624225,Accelerometer,-2.3430002,-17.476051,-7.4080505
1778964624225,Gyroscope,-0.3408625,1.1980375,-6.874725
1778964624249,Accelerometer,-7.32105,-21.796051,-6.9580503
1778964624270,Accelerometer,-9.844951,-19.236,-6.6520505
1778964624287,Accelerometer,-8.941951,-18.108002,-7.3009505
1778964624304,Accelerometer,-12.948001,-18.796051,-8.766001
1778964624305,Gyroscope,-0.5839625,1.9553875,-4.6792626
1778964624326,Accelerometer,-19.126951,-15.846001,-7.5280504
1778964624346,Accelerometer,-21.421051,-10.272,-6.1729503
1778964624372,Accelerometer,-22.065,-9.3,-3.8220003
1778964624376,Accelerometer,-19.31895,-12.88605,-0.135
1778964624388,Gyroscope,-0.830775,-2.002825,0.0768625
1778964624404,Accelerometer,-13.996051,-14.953051,1.8370501
1778964624424,Accelerometer,-10.443001,-13.97595,4.947
1778964624443,Accelerometer,15.220051,-21.046051,14.869051
1778964624456,Accelerometer,16.95795,-32.83305,3.9469502
1778964624457,Gyroscope,0.8710625,2.4002,2.1256125
1778964624482,Accelerometer,-6.8040004,-15.502951,-3.5749502
1778964624502,Accelerometer,-12.435,-1.79595,-2.95005
1778964624521,Accelerometer,-15.529051,5.2110004,-11.548051
1778964624536,Accelerometer,-7.55805,-8.562,-7.9830003
1778964624536,Gyroscope,-0.46667498,-1.328525,1.644225
1778964624560,Accelerometer,-4.5199504,-15.850951,-1.8010501
1778964624579,Accelerometer,-2.868,-14.821051,-0.846
1778964624602,Accelerometer,-3.5839503,-7.155,-1.9020001
1778964624620,Accelerometer,2.5930502,-6.76695,-1.4680501
1778964624620,Gyroscope,-0.099,-0.180125,0.8366875
1778964624640,Accelerometer,1.40295,-10.01595,-1.69095
1778964624657,Accelerometer,-1.2420001,-10.30095,-3.9420002
1778964624676,Accelerometer,-5.8099504,-10.453951,-4.5430503
1778964624691,Accelerometer,-7.9150505,-7.9180503,-4.42995
1778964624691,Gyroscope,0.1233375,-0.4587,0.2734875
1778964624715,Accelerometer,-5.2170005,-7.7149506,-3.2740502
1778964624735,Accelerometer,-1.5679501,-8.719951,-2.3130002
1778964624754,Accelerometer,2.571,-10.70505,-1.8900001
1778964624770,Accelerometer,3.31605,-10.564051,-1.8940501
1778964624770,Gyroscope,0.0048125,-0.0836,0.4640625
1778964624793,Accelerometer,-0.59295005,-9.30195,-2.3449502
1778964624813,Accelerometer,-3.2959502,-8.467051,-2.601
1778964624835,Accelerometer,-4.62795,-8.971951,-3.82905
1778964624853,Accelerometer,-3.6360002,-9.714001,-3.2640002
1778964624853,Gyroscope,-0.09295,-1.1207625,0.59235
1778964624871,Accelerometer,-1.3039501,-10.14,-3.6709502
1778964624890,Accelerometer,0.59805006,-10.293,-3.20895
1778964624910,Accelerometer,0.71805006,-10.82505,-2.83995
1778964624924,Accelerometer,-1.01205,-11.424001,-2.5120502
1778964624924,Gyroscope,0.229625,-0.5099875,1.7164125
1778964624948,Accelerometer,-2.43195,-11.63895,-2.7949502
1778964624968,Accelerometer,-3.114,-12.637051,-4.3489504
1778964624987,Accelerometer,-3.01605,-13.569,-4.3440003
1778964625002,Accelerometer,-2.79795,-14.433001,-3.3259501
1778964625002,Gyroscope,0.5204375,-1.257575,2.2661376
1778964625021,Accelerometer,-1.5169501,-15.934051,-3.28095
1778964625046,Accelerometer,1.2730501,-17.99295,-4.0009503
1778964625069,Accelerometer,4.78095,-17.895,-6.57
1778964625085,Accelerometer,7.3500004,-18.529951,-7.9279504
1778964625085,Gyroscope,0.2223375,-1.9479625,2.9258626
1778964625105,Accelerometer,6.2580004,-19.332,-6.8700004
1778964625123,Accelerometer,0.47805002,-20.44305,-3.70005
1778964625143,Accelerometer,-1.218,-21.465,-2.83095
1778964625157,Accelerometer,-6.675,-14.0119505,-2.76795
1778964625158,Gyroscope,0.1428625,0.488125,4.0205
1778964625177,Accelerometer,1.33305,-9.28995,-0.573
1778964625200,Accelerometer,4.7260504,-3.6349502,-3.4320002
1778964625220,Accelerometer,5.98995,-0.80505,-4.2070503
1778964625235,Accelerometer,4.06995,1.2199501,-4.71705
1778964625235,Gyroscope,-0.7074375,1.2835625,-1.873025
1778964625257,Accelerometer,3.25305,0.54,-2.6560502
1778964625278,Accelerometer,1.9750501,-2.9290502,0.86805004
1778964625301,Accelerometer,0.98595005,-6.22095,1.0849501
1778964625314,Accelerometer,-0.07095,-9.285001,0.74505
1778964625314,Gyroscope,-0.4948625,1.1955625,-5.4294624
1778964625336,Accelerometer,0.0,-10.708051,0.78105
1778964625356,Accelerometer,-0.35895002,-10.96905,0.08895
1778964625376,Accelerometer,-1.62495,-12.25395,-0.21105
1778964625390,Accelerometer,-1.7830501,-18.19695,-0.80505
1778964625391,Gyroscope,-0.6084375,0.5663625,-7.02625
1778964625415,Accelerometer,-5.181,-24.499052,-1.28205
1778964625434,Accelerometer,-9.117001,-24.74805,-1.641
1778964625453,Accelerometer,-10.015051,-21.775951,-0.75705004
1778964625468,Accelerometer,-10.17,-18.72405,0.15195
1778964625468,Gyroscope,-0.3568125,0.70565,-5.003075
1778964625493,Accelerometer,-15.201001,-17.098051,-0.855
1778964625511,Accelerometer,-19.39995,-13.291051,-1.389
1778964625532,Accelerometer,-22.07505,-9.951,-2.91
1778964625546,Accelerometer,-22.13895,-10.465951,-2.6800501
1778964625546,Gyroscope,0.1038125,0.043449998,1.04445
1778964625570,Accelerometer,-18.694052,-11.64105,-2.7160501
1778964625589,Accelerometer,-15.960001,-10.01805,-3.5749502
1778964625612,Accelerometer,-11.24505,-9.24495,-3.4080002
1778964625628,Accelerometer,43.374,-6.8890505,1.3609501
1778964625628,Gyroscope,0.8393,0.50888747,-0.531575
1778964625651,Accelerometer,1.506,-28.452002,-10.35795
1778964625660,Accelerometer,-9.57705,-41.29005,2.4450002
1778964625686,Accelerometer,1.269,-0.29295,-0.73095006
1778964625700,Accelerometer,-21.463951,10.38,-2.5240502
1778964625701,Gyroscope,-0.267575,0.8229375,2.2331374
1778964625725,Accelerometer,-0.651,-5.57205,-6.3310504
1778964625738,Accelerometer,0.94500005,-12.951,-2.1790502
1778964625765,Accelerometer,-4.10295,-21.07695,-3.6180003
1778964625779,Accelerometer,-7.8810005,-5.7850504,-5.931
1778964625779,Gyroscope,-0.0562375,-1.199,1.2167375
1778964625800,Accelerometer,-5.8630505,-3.7810502,-2.3130002
1778964625818,Accelerometer,-2.3080502,-9.42405,-2.63895
1778964625842,Accelerometer,0.94305,-13.468051,-3.8029501
1778964625860,Accelerometer,-1.6350001,-10.827001,-4.5589504
1778964625860,Gyroscope,0.0671,-0.6956125,0.1904375
1778964625880,Accelerometer,-7.5649505,-7.6210504,-4.12095
1778964625898,Accelerometer,-2.76705,-7.7119503,-2.9599502
1778964625919,Accelerometer,1.065,-8.886001,-3.3619502
1778964625934,Accelerometer,0.91395,-9.70905,-3.1200001
1778964625934,Gyroscope,-0.123475,-0.87285,0.2369125
1778964625958,Accelerometer,-0.84000003,-9.625051,-1.71
1778964625980,Accelerometer,-2.8270502,-8.77095,-2.148
1778964625999,Accelerometer,-3.0349503,-8.542951,-2.96895
1778964626013,Accelerometer,-1.8649501,-8.70405,-3.9850502
1778964626014,Gyroscope,-0.07205,-0.64556247,0.693825
1778964626036,Accelerometer,-0.50205004,-8.634001,-3.0010502
1778964626055,Accelerometer,-0.32295,-8.883,-3.24705
1778964626080,Accelerometer,-1.6660501,-10.143001,-3.7720501
1778964626094,Accelerometer,-2.868,-11.208,-4.42005
1778964626095,Gyroscope,0.0647625,-0.40974998,1.451175
1778964626114,Accelerometer,-3.34695,-11.050051,-3.65895
1778964626133,Accelerometer,-1.9560001,-12.07995,-4.52295
1778964626152,Accelerometer,-1.04295,-14.232,-4.914
1778964626167,Accelerometer,-0.90195006,-14.95995,-4.25805
1778964626167,Gyroscope,0.27115,-0.8776625,2.24895
1778964626192,Accelerometer,-1.5409501,-15.71895,-3.00795
1778964626213,Accelerometer,-0.093,-18.10095,-3.1920002
1778964626230,Accelerometer,4.434,-19.842001,-6.8290505
1778964626245,Accelerometer,8.049001,-20.541,-5.6269503
1778964626245,Gyroscope,0.091575,-2.4414499,2.7621
1778964626269,Accelerometer,7.05105,-19.240952,-2.4090002
1778964626289,Accelerometer,2.901,-18.12795,-3.5080502
1778964626299,Accelerometer,-1.0860001,-20.548052,-1.21395
1778964626323,Accelerometer,-5.3100004,-18.17295,-2.76795
1778964626324,Gyroscope,0.66825,0.6226,3.7822125
1778964626352,Accelerometer,1.04805,-11.15295,-3.084
1778964626367,Accelerometer,3.732,-5.6269503,-3.7480502
1778964626379,Accelerometer,3.8710501,-2.9670002,-3.1230001
1778964626401,Accelerometer,2.35095,-1.6999501,-2.02605
1778964626412,Gyroscope,0.2809125,0.27555,-2.0623624
1778964626429,Accelerometer,2.09505,-1.485,-2.38995
1778964626445,Accelerometer,3.5020502,-2.4379501,-1.02795
1778964626461,Accelerometer,3.5740502,-3.7350001,-0.57000005
1778964626478,Accelerometer,2.7580502,-6.51,-1.7149501
1778964626478,Gyroscope,0.4324375,1.4509,-5.6480875
1778964626503,Accelerometer,0.20295002,-9.979951,-1.8559501
1778964626522,Accelerometer,-0.98805004,-11.268001,-1.26705
1778964626545,Accelerometer,-0.99300003,-12.12495,-2.1670501
1778964626560,Accelerometer,-2.0299501,-16.566,-3.4410002
1778964626560,Gyroscope,0.036575,0.8034125,-7.492925
1778964626581,Accelerometer,-6.282,-22.251001,-3.7810502
1778964626600,Accelerometer,-9.556951,-24.139952,-4.119
1778964626621,Accelerometer,-11.70495,-23.10795,-4.00605
1778964626633,Accelerometer,-12.856951,-20.92395,-4.49205
1778964626633,Gyroscope,0.21505,1.222375,-4.953025
1778964626658,Accelerometer,-17.521051,-15.190051,-4.9420505
1778964626680,Accelerometer,-21.993002,-9.21405,-4.3489504
1778964626696,Accelerometer,-23.563951,-7.0729504,-5.15805
1778964626711,Accelerometer,-20.81805,-10.714951,-3.85995
1778964626711,Gyroscope,-0.1332375,-0.7836125,1.015025
1778964626736,Accelerometer,-15.997951,-11.62005,-2.8549502
1778964626756,Accelerometer,-12.378,-10.911,-2.565
1778964626778,Accelerometer,18.414001,-17.67,8.757
1778964626796,Accelerometer,10.218,-28.026001,-2.088
1778964626796,Gyroscope,0.256575,-1.0792375,1.3083125
1778964626815,Accelerometer,-5.5590005,-18.33105,-1.22895
1778964626833,Accelerometer,-3.9859502,-7.96605,0.53205
1778964626852,Accelerometer,-12.45705,2.2999501,-8.332951
1778964626867,Accelerometer,-11.446951,-5.11695,-7.0729504
1778964626867,Gyroscope,-0.88577497,0.300025,2.55805
1778964626891,Accelerometer,-5.15205,-14.833051,-0.45795003
1778964626910,Accelerometer,-4.32795,-15.670951,-2.907
1778964626930,Accelerometer,-1.58895,-8.0140505,-4.5259504
1778964626942,Accelerometer,0.031050002,-6.9199505,-0.91005003
1778964626944,Gyroscope,-0.1698125,-0.9999,1.0041625
1778964626969,Accelerometer,-3.2320502,-9.154051,-1.8870001
1778964626991,Accelerometer,-3.7180502,-9.98505,-2.73195
1778964627009,Accelerometer,-3.4350002,-10.07295,-2.86695
1778964627027,Accelerometer,-3.6649501,-9.36705,-3.7210503
1778964627027,Gyroscope,0.0317625,0.3293125,0.4079625
1778964627046,Accelerometer,-4.2730503,-9.084001,-3.7999501
1778964627066,Accelerometer,-3.6169503,-9.163051,-2.53905
1778964627086,Accelerometer,-1.338,-9.522,-2.05695
1778964627100,Accelerometer,1.2900001,-9.70905,-2.3730001
1778964627100,Gyroscope,-0.1038125,-0.716375,0.2209625
1778964627125,Accelerometer,0.38295,-9.439051,-1.353
1778964627144,Accelerometer,-2.07495,-8.943001,-1.9950001
1778964627163,Accelerometer,-2.76495,-8.95695,-2.4160502
1778964627177,Accelerometer,-2.5420501,-9.07005,-3.0580502
1778964627178,Gyroscope,-0.09405,-0.4684625,0.5240125
1778964627202,Accelerometer,-1.6009501,-8.839951,-1.88205
1778964627225,Accelerometer,-0.52095,-10.000951,-1.6099501
1778964627243,Accelerometer,0.25095,-11.590951,-3.0319502
1778964627259,Accelerometer,-0.89295006,-11.74695,-3.1369503
1778964627260,Gyroscope,0.0378125,-0.2484625,1.48665
1778964627279,Accelerometer,-2.3100002,-10.717051,-2.4709501
1778964627299,Accelerometer,-2.18295,-11.248951,-3.6019502
1778964627319,Accelerometer,-1.7040001,-13.17405,-5.6389503
1778964627341,Accelerometer,-1.7329501,-14.553,-4.5589504
1778964627342,Gyroscope,0.3603875,-0.7921375,2.367475
1778964627363,Accelerometer,-2.05395,-15.1390505,-3.8700001
1778964627377,Accelerometer,-0.51705,-17.364,-3.42405
1778964627396,Accelerometer,2.8849502,-20.66805,-5.23005
1778964627411,Accelerometer,6.0430503,-20.48805,-5.29395
1778964627411,Gyroscope,0.21133749,-1.8734375,2.8953376
1778964627435,Accelerometer,7.8289504,-19.72005,-3.97305
1778964627457,Accelerometer,3.3420002,-17.40195,-3.6690001
1778964627476,Accelerometer,0.00705,-19.839,-3.86505
1778964627491,Accelerometer,-2.6190002,-18.163052,-1.48695
1778964627491,Gyroscope,0.7830625,0.25355,3.1371999
1778964627513,Accelerometer,-2.8129501,-12.274051,-5.70405
1778964627532,Accelerometer,3.21705,-5.4859505,-3.1249502
1778964627558,Accelerometer,4.9440002,-1.9420501,-3.62295
1778964627573,Accelerometer,5.478,-0.63495004,-2.256
1778964627574,Gyroscope,0.1991,1.0184625,-2.0367875
1778964627582,Accelerometer,3.6510003,-0.32595003,-2.0959501
1778964627610,Accelerometer,4.28805,-1.815,-0.669
1778964627629,Accelerometer,3.31605,-4.2450004,1.3080001
1778964627644,Accelerometer,1.8070501,-6.94395,0.50100005
1778964627644,Gyroscope,-0.123475,1.9188125,-5.1398873
1778964627661,Accelerometer,0.54105,-9.778951,-0.52500004
1778964627688,Accelerometer,-0.19095,-11.74905,-0.51495004
1778964627707,Accelerometer,-1.86195,-12.879001,-0.26205
1778964627722,Accelerometer,-1.76205,-16.00905,-1.7700001
1778964627723,Gyroscope,0.039049998,0.9365125,-6.9590125
1778964627742,Accelerometer,-4.0630503,-23.500051,-2.9530501
1778964627766,Accelerometer,-10.40505,-26.011951,-2.1360002
1778964627791,Accelerometer,-10.642051,-22.380001,-2.12205
1778964627807,Accelerometer,-8.21895,-20.143951,-2.2420502
1778964627808,Gyroscope,-0.0928125,1.6537125,-4.8283124
1778964627828,Accelerometer,-14.482051,-18.163052,-3.1200001
1778964627843,Accelerometer,-20.037,-11.6320505,-4.31505
1778964627863,Accelerometer,-24.628952,-6.7120504,-7.0920005
1778964627877,Accelerometer,-23.44695,-8.163,-5.8350005
1778964627877,Gyroscope,0.025575,-0.0653125,0.7181625
1778964627902,Accelerometer,-18.0,-11.12895,-3.7189503
1778964627922,Accelerometer,-15.265051,-10.759951,-3.55095
1778964627940,Accelerometer,-3.1740003,-11.590951,3.9949503
1778964627956,Accelerometer,36.153,-20.199001,7.7059503
1778964627957,Gyroscope,1.67365,-1.5338125,-0.923725
1778964627979,Accelerometer,-2.4060001,-25.275002,-6.04395
1778964627999,Accelerometer,0.58395004,-14.818951,-5.4430504
1778964628022,Accelerometer,-7.05495,-8.22,-1.9399501
1778964628039,Accelerometer,-17.455952,-0.24195,-4.8180003
1778964628039,Gyroscope,-0.97735,0.8705125,2.76705
1778964628058,Accelerometer,-7.6489506,-4.8679504,-5.99595
1778964628076,Accelerometer,-3.34905,-13.128,-1.389
1778964628096,Accelerometer,0.624,-13.993051,-4.9690504
1778964628110,Accelerometer,1.149,-9.549001,-2.05995
1778964628110,Gyroscope,-0.17105,-1.427525,1.0065
1778964628135,Accelerometer,-3.8230503,-8.224951,-0.84795004
1778964628155,Accelerometer,-3.24795,-9.678,-2.31795
1778964628173,Accelerometer,-2.367,-10.70505,-2.4739501
1778964628189,Accelerometer,-2.4150002,-9.97305,-2.93595
1778964628189,Gyroscope,-0.0757625,0.7374125,0.5863
1778964628212,Accelerometer,-2.6089501,-9.22095,-3.9610503
1778964628222,Accelerometer,-3.7510502,-8.424001,-2.97705
1778964628252,Accelerometer,-3.2700002,-8.445001,-1.8180001
1778964628272,Accelerometer,0.411,-9.369,-1.5310501
1778964628272,Gyroscope,-0.13805,-0.9229,0.302775
1778964628291,Accelerometer,1.9249501,-10.284,-1.605
1778964628303,Accelerometer,-0.19800001,-9.943951,-1.75995
1778964628329,Accelerometer,-2.214,-9.016951,-2.4810002
1778964628343,Accelerometer,-3.3919501,-9.144,-2.4810002
1778964628344,Gyroscope,-0.089237496,-0.14093749,0.8562125
1778964628368,Accelerometer,-3.3010502,-9.561001,-2.7880502
1778964628389,Accelerometer,-2.1420002,-9.814951,-1.9609501
1778964628407,Accelerometer,-0.54300004,-10.273951,-2.4400501
1778964628421,Accelerometer,0.17895001,-11.91705,-2.67
1778964628421,Gyroscope,0.0537625,-0.5038,1.3925999
1778964628446,Accelerometer,-1.1370001,-12.172951,-2.09295
1778964628469,Accelerometer,-1.8859501,-10.653001,-1.4299501
1778964628487,Accelerometer,-2.391,-12.183001,-4.00395
1778964628502,Accelerometer,-2.4100502,-14.554951,-5.6680503
1778964628503,Gyroscope,0.3872,-0.2729375,2.3577125
1778964628523,Accelerometer,-2.74095,-14.869051,-4.27005
1778964628543,Accelerometer,-1.8840001,-16.31295,-3.4789503
1778964628562,Accelerometer,2.559,-18.111,-4.71705
1778964628577,Accelerometer,6.9529505,-20.08395,-6.4840503
1778964628577,Gyroscope,0.428725,-1.44705,2.8012874
1778964628601,Accelerometer,8.277,-18.76905,-5.8999505
1778964628621,Accelerometer,5.81295,-17.521952,-2.8519502
1778964628640,Accelerometer,-0.591,-18.41505,-3.0889502
1778964628654,Accelerometer,-3.34695,-20.496,0.27105
1778964628654,Gyroscope,0.5985375,-0.0774125,3.4450624
1778964628678,Accelerometer,-5.2600503,-13.392,-3.96495
1778964628701,Accelerometer,0.44505003,-8.433001,-2.778
1778964628719,Accelerometer,4.2829504,-3.2610002,-3.15405
1778964628737,Accelerometer,5.87505,-1.7080501,-2.163
1778964628737,Gyroscope,0.3554375,0.7154125,-1.7056875
1778964628756,Accelerometer,4.8499503,-0.66795003,-2.3470502
1778964628776,Accelerometer,4.05105,-1.0830001,-1.8060001
1778964628795,Accelerometer,3.7129502,-3.015,-0.23295002
1778964628810,Accelerometer,2.3440502,-5.538,-1.23405
1778964628810,Gyroscope,-0.0697125,2.1423874,-4.5266376
1778964628834,Accelerometer,-0.10005,-8.55795,-2.289
1778964628854,Accelerometer,-1.43595,-10.6050005,-2.26605
1778964628869,Accelerometer,-2.53695,-11.710951,-1.416
1778964628887,Accelerometer,-1.8240001,-12.26895,-2.66805
1778964628888,Gyroscope,-0.0292875,0.8399875,-6.8209624
1778964628912,Accelerometer,-2.18805,-18.264,-4.06605
1778964628934,Accelerometer,-6.8230505,-24.244951,-3.01305
1778964628951,Accelerometer,-8.676001,-21.862951,-2.9020503
1778964628968,Accelerometer,-6.64095,-20.71305,-2.043
1778964628968,Gyroscope,-0.3861,1.2078,-5.577275
1778964628989,Accelerometer,-10.40505,-21.23505,-1.6330501
1778964629009,Accelerometer,-16.44795,-15.766951,-2.66295
1778964629024,Accelerometer,-21.594002,-8.818951,-4.6789503
1778964629043,Accelerometer,-24.459002,-8.059951,-5.60295
1778964629043,Gyroscope,-0.1087625,1.0685124,-0.1651375
1778964629072,Accelerometer,-20.001001,-11.26605,-3.2400002
1778964629087,Accelerometer,-15.900001,-11.0119505,-2.8260002
1778964629104,Accelerometer,-13.201951,-9.819,-3.1390502
1778964629120,Accelerometer,16.07205,-15.027,9.8220005
1778964629121,Gyroscope,1.1947374,0.6738875,1.8825125
1778964629145,Accelerometer,10.008,-25.480051,-1.2600001
1778964629167,Accelerometer,-3.9930003,-19.578001,-2.6100001
1778964629184,Accelerometer,-2.47005,-12.74505,-4.8040504
1778964629200,Accelerometer,-9.72,-3.8770502,-4.98495
1778964629200,Gyroscope,-0.87229997,2.14115,3.360775
1778964629222,Accelerometer,-13.743001,-0.786,-6.6330004
1778964629242,Accelerometer,-6.68205,-7.79895,-2.943
1778964629267,Accelerometer,-5.688,-15.772051,-2.1720002
1778964629285,Accelerometer,-1.6279501,-11.76105,-3.3070502
1778964629285,Gyroscope,-0.1772375,-1.731675,1.0786875
1778964629304,Accelerometer,-0.246,-8.373,-2.184
1778964629320,Accelerometer,-2.7190502,-8.979,-1.3290001
1778964629339,Accelerometer,-2.8200002,-10.108951,-1.93305
1778964629353,Accelerometer,-1.8600001,-10.20195,-2.9340003
1778964629354,Gyroscope,-0.0281875,0.9670375,0.726825
1778964629378,Accelerometer,-2.214,-9.640051,-2.9910002
1778964629398,Accelerometer,-3.696,-8.95005,-3.1390502
1778964629416,Accelerometer,-4.7400002,-8.46405,-2.53905
1778964629432,Accelerometer,-2.6160002,-8.92905,-1.8319501
1778964629433,Gyroscope,-0.1258125,-1.085425,0.0829125
1778964629456,Accelerometer,0.54105,-9.604051,-2.04495
1778964629475,Accelerometer,0.873,-9.71205,-2.12205
1778964629498,Accelerometer,-1.24395,-9.5460005,-2.469
1778964629505,Accelerometer,-2.0370002,-9.451051,-2.637
1778964629516,Gyroscope,-0.019524999,-0.103125,0.671825
1778964629533,Accelerometer,-1.8499501,-8.713051,-2.60805
1778964629553,Accelerometer,-1.3620001,-8.991,-1.7509501
1778964629572,Accelerometer,-1.40205,-10.84395,-2.0719502
1778964629585,Accelerometer,-1.6800001,-12.1390505,-2.4859502
1778964629587,Gyroscope,0.0378125,-0.5234625,1.2020249
1778964629611,Accelerometer,-1.0860001,-10.159051,-3.6760502
1778964629632,Accelerometer,-0.9670501,-10.542001,-3.35295
1778964629650,Accelerometer,-1.7860501,-12.693001,-2.352
1778964629664,Accelerometer,-1.692,-13.747951,-3.8359501
1778964629665,Gyroscope,0.36519998,-0.3229875,2.206325
1778964629689,Accelerometer,-1.9200001,-14.734951,-3.9750001
1778964629708,Accelerometer,-1.74705,-16.49205,-3.6090002
1778964629730,Accelerometer,0.76095,-18.61095,-3.6520503
1778964629749,Accelerometer,3.9619503,-19.444052,-5.886
1778964629749,Gyroscope,0.49225,-0.98395,2.7548125
1778964629767,Accelerometer,7.2060003,-19.423052,-6.15105
1778964629786,Accelerometer,7.0410004,-18.025051,-4.77495
1778964629805,Accelerometer,2.8180501,-16.945051,-3.5989501
1778964629820,Accelerometer,-2.298,-19.49205,-1.1040001
1778964629820,Gyroscope,0.3421,-1.9272,3.4841125
1778964629844,Accelerometer,-9.30795,-16.531052,-1.107
1778964629865,Accelerometer,-1.35,-9.432,-2.91195
1778964629883,Accelerometer,6.9979506,-3.97305,-3.5419502
1778964629898,Accelerometer,9.043051,-2.2440002,-2.62905
1778964629898,Gyroscope,0.416625,0.7838875,-1.1339625
1778964629922,Accelerometer,4.19205,-1.0680001,-2.93805
1778964629946,Accelerometer,3.012,-1.0320001,-1.7170501
1778964629964,Accelerometer,2.1019502,-2.6440501,-0.71205
1778964629980,Accelerometer,1.56105,-4.67205,-1.4470501
1778964629981,Gyroscope,0.0378125,1.8063375,-4.05625
1778964629999,Accelerometer,-0.31500003,-6.22305,-2.055
1778964630019,Accelerometer,-1.2709501,-7.49205,-2.436
1778964630039,Accelerometer,0.04695,-9.669001,-2.73495
1778964630053,Accelerometer,-0.282,-11.578951,-3.21405
1778964630053,Gyroscope,0.058575,0.9609875,-6.8404875
1778964630077,Accelerometer,-0.50895,-15.562951,-4.08795
1778964630097,Accelerometer,-2.67105,-22.732052,-5.2540503
1778964630116,Accelerometer,-9.543,-24.537,-4.98105
1778964630131,Accelerometer,-10.326,-20.982,-4.4710503
1778964630131,Gyroscope,-0.4153875,1.371425,-5.986475
1778964630149,Accelerometer,-9.07905,-18.21105,-3.3670502
1778964630175,Accelerometer,-13.70205,-17.167051,-2.6749501
1778964630197,Accelerometer,-18.007051,-12.98505,-2.6440501
1778964630215,Accelerometer,-20.76,-8.799001,-3.69
1778964630215,Gyroscope,-0.3763375,0.7508875,-1.3220625
1778964630234,Accelerometer,-20.04,-10.420051,-2.02605
1778964630252,Accelerometer,-15.795001,-12.465,-0.87000006
1778964630272,Accelerometer,-13.92195,-11.50695,-1.50405
1778964630286,Accelerometer,-8.808001,-11.20995,-1.4059501
1778964630287,Gyroscope,-0.0207625,0.5798375,3.59535
1778964630307,Accelerometer,34.07505,-17.823,10.1959505
1778964630330,Accelerometer,-0.84900004,-26.208002,-1.0210501
1778964630349,Accelerometer,-1.6180501,-16.51395,-4.03695
1778964630364,Accelerometer,-3.5809503,-7.3339505,-0.24495001
1778964630364,Gyroscope,-0.5889125,2.071575,3.6454
1778964630386,Accelerometer,-16.108051,0.98505,-5.4139504
1778964630408,Accelerometer,-7.5799503,-4.3819504,-6.64905
1778964630429,Accelerometer,-3.6319501,-12.42405,-1.22895
1778964630446,Accelerometer,-2.47305,-15.985051,-4.392
1778964630446,Gyroscope,-0.198,-1.9014875,1.1177375
1778964630467,Accelerometer,-1.0890001,-8.701051,-4.794
1778964630485,Accelerometer,-1.5289501,-7.3680005,-1.1020501
1778964630505,Accelerometer,-2.32695,-9.481951,-1.6140001
1778964630520,Accelerometer,-2.02305,-10.399051,-3.0940502
1778964630520,Gyroscope,0.014575,0.60665,0.7841625
1778964630544,Accelerometer,-3.1960502,-10.291051,-3.0199502
1778964630564,Accelerometer,-4.1800504,-9.42405,-3.348
1778964630583,Accelerometer,-3.519,-8.878051,-3.62295
1778964630597,Accelerometer,-2.02305,-8.577001,-2.6869502
1778964630597,Gyroscope,0.022,-1.0659,0.0719125
1778964630621,Accelerometer,0.055050004,-9.27795,-1.899
1778964630643,Accelerometer,1.33305,-9.94095,-2.23005
1778964630661,Accelerometer,-0.76605004,-9.87405,-2.01405
1778964630678,Accelerometer,-3.01095,-9.34305,-1.9350001
1778964630678,Gyroscope,0.014575,0.0691625,0.649825
1778964630699,Accelerometer,-3.5740502,-9.204,-2.5819502
1778964630719,Accelerometer,-2.08995,-9.51105,-2.59395
1778964630738,Accelerometer,-1.51005,-9.99705,-2.40405
1778964630762,Accelerometer,-0.72705,-10.576051,-2.29905
1778964630763,Gyroscope,-0.0061875,-0.71885,1.008975
1778964630783,Accelerometer,-0.50205004,-10.69095,-2.9860501
1778964630792,Accelerometer,-1.3930501,-11.3209505,-3.3289502
1778964630816,Accelerometer,-2.38395,-11.698951,-1.9540501
1778964630830,Accelerometer,-2.1760502,-12.385951,-2.9620502
1778964630831,Gyroscope,0.3579125,-0.3645125,1.8079875
1778964630855,Accelerometer,-1.1080501,-13.674001,-4.59795
1778964630867,Accelerometer,-1.04295,-14.017051,-4.215
1778964630894,Accelerometer,-1.968,-15.159,-3.5080502
1778964630912,Accelerometer,0.186,-17.28,-4.4869504
1778964630912,Gyroscope,0.5509625,-1.0377125,2.493425
1778964630932,Accelerometer,4.017,-18.108002,-6.7330503
1778964630947,Accelerometer,6.8179502,-18.799952,-6.9340506
1778964630972,Accelerometer,5.7960005,-17.34,-5.3899503
1778964630992,Accelerometer,1.1869501,-16.97805,-4.0300503
1778964630992,Gyroscope,-0.250525,-2.7957876,3.4023
1778964631017,Accelerometer,-1.00995,-20.82405,-2.4880502
1778964631027,Accelerometer,-5.7960005,-15.159,-2.4190502
1778964631049,Accelerometer,-0.38700002,-9.9529505,-3.0940502
1778964631063,Accelerometer,7.28805,-4.767,-3.4320002
1778964631064,Gyroscope,0.17105,1.1125125,1.1787875
1778964631088,Accelerometer,11.229,-2.8140001,-2.89995
1778964631108,Accelerometer,6.56895,-1.96905,-3.5149503
1778964631126,Accelerometer,5.19495,-1.8250501,-0.70005006
1778964631141,Accelerometer,3.72495,-4.3819504,0.597
1778964631141,Gyroscope,-0.6389625,2.1313875,-3.573625
1778964631165,Accelerometer,2.33205,-8.845051,-0.75705004
1778964631185,Accelerometer,-0.50505,-11.068951,-0.81495005
1778964631210,Accelerometer,-4.743,-11.172001,0.0010500001
1778964631227,Accelerometer,-3.61995,-11.85,-0.558
1778964631227,Gyroscope,0.2773375,1.2590874,-6.460575
1778964631246,Accelerometer,-2.355,-12.939001,-2.4520502
1778964631263,Accelerometer,-4.13205,-17.64405,-1.557
1778964631282,Accelerometer,-6.4300504,-20.830952,-1.6360501
1778964631296,Accelerometer,-6.0070505,-22.27695,-1.99995
1778964631297,Gyroscope,-0.372625,0.71665,-6.549675
1778964631321,Accelerometer,-9.28005,-22.594952,-1.1209501
1778964631340,Accelerometer,-12.628951,-19.74105,-1.7479501
1778964631359,Accelerometer,-16.482,-13.971001,-2.7900002
1778964631374,Accelerometer,-19.51995,-8.989051,-3.321
1778964631374,Gyroscope,-0.121,1.6707625,-1.87055
1778964631399,Accelerometer,-21.83295,-8.56995,-4.43205
1778964631418,Accelerometer,-19.357052,-10.717051,-2.53395
1778964631428,Accelerometer,-15.627001,-10.99995,-1.5880501
1778964631452,Accelerometer,-13.530001,-10.68105,-2.5170002
1778964631452,Gyroscope,-0.0782375,0.1021625,3.3424876
1778964631481,Accelerometer,5.82495,-12.02505,2.1750002
1778964631496,Accelerometer,19.795952,-20.851952,-3.7210503
1778964631508,Accelerometer,-7.3830004,-23.62005,0.39600003
1778964631533,Accelerometer,3.1939502,-14.11005,-3.4990501
1778964631533,Gyroscope,-0.8234875,0.9744625,4.4639373
1778964631562,Accelerometer,-9.7560005,-6.52995,-3.0940502
1778964631573,Accelerometer,-12.997951,-1.41495,-4.3489504
1778964631590,Accelerometer,-6.30105,-6.7590003,-4.7650504
1778964631607,Accelerometer,-3.5839503,-14.644051,-1.365
1778964631608,Gyroscope,-0.245575,-1.3578125,1.4036
1778964631632,Accelerometer,-2.6790001,-12.285001,-3.3649502
1778964631656,Accelerometer,-1.9800001,-7.3890004,-3.7549503
1778964631674,Accelerometer,-2.74305,-8.530951,-1.3270501
1778964631691,Accelerometer,-2.463,-10.1640005,-2.2800002
1778964631691,Gyroscope,0.036575,0.039875,0.5996375
1778964631711,Accelerometer,-2.4439502,-10.252951,-4.0800004
1778964631729,Accelerometer,-2.15895,-9.678,-3.0030003
1778964631748,Accelerometer,-2.3410501,-9.3810005,-3.1270502
1778964631763,Accelerometer,-3.38505,-8.95695,-2.8620002
1778964631763,Gyroscope,0.1441,-0.78485,0.21725
1778964631787,Accelerometer,-2.229,-8.61705,-2.2030501
1778964631808,Accelerometer,0.081,-9.36705,-1.7220001
1778964631826,Accelerometer,0.39705002,-9.811951,-2.02605
1778964631840,Accelerometer,-1.659,-9.59895,-2.2699502
1778964631840,Gyroscope,0.0488125,-0.048125,0.6571125
1778964631865,Accelerometer,-3.01095,-9.30195,-2.7160501
1778964631887,Accelerometer,-2.80305,-9.37605,-2.3800502
1778964631906,Accelerometer,-1.9650002,-9.5779505,-2.01705
1778964631923,Accelerometer,-1.335,-10.86795,-1.8079501
1778964631923,Gyroscope,0.0023375,-0.7970875,0.9356875
1778964631942,Accelerometer,-1.04595,-11.677051,-2.22495
1778964631962,Accelerometer,-0.26505002,-10.762951,-3.35505
1778964631982,Accelerometer,-1.098,-11.3880005,-2.946
1778964631996,Accelerometer,-2.3460002,-12.666,-1.6189501
1778964631996,Gyroscope,0.3749625,-0.296175,1.936275
1778964632021,Accelerometer,-1.9240501,-14.104951,-3.4770002
1778964632039,Accelerometer,-0.49005002,-14.349001,-4.0729504
1778964632059,Accelerometer,-0.82995003,-15.751951,-3.8890502
1778964632072,Accelerometer,1.02705,-18.36705,-5.37795
1778964632073,Gyroscope,0.6292,-0.75185,2.731575
1778964632098,Accelerometer,4.39995,-18.92505,-7.1710505
1778964632120,Accelerometer,7.0200005,-18.45795,-7.4350505
1778964632139,Accelerometer,5.7049503,-17.718,-6.05595
1778964632155,Accelerometer,0.16005,-17.421001,-3.5370002
1778964632155,Gyroscope,-0.099,-2.8983624,3.570875
1778964632176,Accelerometer,-1.9219501,-21.83205,-1.36995
1778964632195,Accelerometer,-7.9530005,-13.830001,-3.3310502
1778964632215,Accelerometer,1.041,-8.163,-2.1390002
1778964632229,Accelerometer,7.8310504,-4.248,-2.7229502
1778964632230,Gyroscope,0.43614998,1.2248499,0.5960625
1778964632254,Accelerometer,7.9960504,-1.3630501,-3.35505
1778964632272,Accelerometer,4.41195,0.25695002,-3.8149502
1778964632292,Accelerometer,3.177,-0.13395001,-2.3760002
1778964632307,Accelerometer,2.01795,-3.2950501,-1.09695
1778964632307,Gyroscope,-0.742775,1.939575,-3.473525
1778964632331,Accelerometer,1.28505,-5.754,-0.975
1778964632354,Accelerometer,0.39900002,-8.00895,-1.8919501
1778964632371,Accelerometer,-0.98100007,-9.943951,-1.7320501
1778964632388,Accelerometer,-1.0339501,-11.560051,-2.08605
1778964632388,Gyroscope,-0.16005,0.9389875,-6.47405
1778964632409,Accelerometer,-1.9270501,-12.159,-3.2209501
1778964632428,Accelerometer,-1.8790501,-17.293951,-4.5160503
1778964632448,Accelerometer,-6.1140003,-22.758001,-3.86295
1778964632471,Accelerometer,-8.29605,-21.87,-3.5389502
1778964632471,Gyroscope,-0.69519997,0.725175,-6.8124375
1778964632491,Accelerometer,-7.7400002,-19.807951,-2.6580002
1778964632506,Accelerometer,-10.198951,-19.99695,-2.2420502
1778964632525,Accelerometer,-15.592951,-18.12495,-1.33395
1778964632540,Accelerometer,-18.39705,-11.965051,-1.14705
1778964632540,Gyroscope,-0.443575,0.9475125,-2.53275
1778964632564,Accelerometer,-21.871052,-9.321,-1.9230001
1778964632587,Accelerometer,-20.128052,-11.955001,-0.46995002
1778964632604,Accelerometer,-15.373051,-12.68805,-0.21405001
1778964632619,Accelerometer,-13.45995,-10.783951,-0.79995006
1778964632620,Gyroscope,0.1478125,0.416075,3.448775
1778964632642,Accelerometer,-11.16195,-9.5460005,-0.55395
1778964632661,Accelerometer,12.89805,-7.6480503,2.66295
1778964632687,Accelerometer,19.67295,-10.368,-2.2699502
1778964632705,Accelerometer,-2.0700002,-32.68695,2.8600502
1778964632705,Gyroscope,-0.7660125,-0.704275,4.0095
1778964632710,Accelerometer,6.0739503,-18.19695,-1.96395
1778964632739,Accelerometer,-25.587002,-7.96605,-15.729001
1778964632758,Accelerometer,-12.67695,-7.36005,8.175
1778964632773,Accelerometer,-4.182,-4.9729505,-10.15995
1778964632773,Gyroscope,-0.3898125,-0.815375,1.4268374
1778964632790,Accelerometer,-4.60395,-6.78105,-1.27695
1778964632817,Accelerometer,-4.05105,-11.301001,-1.84905
1778964632837,Accelerometer,-1.728,-10.14,-5.66295
1778964632853,Accelerometer,-4.053,-10.759951,-3.4630501
1778964632853,Gyroscope,-0.1417625,-1.1061875,0.27101249
1778964632873,Accelerometer,-2.88,-11.554951,-0.906
1778964632895,Accelerometer,1.4430001,-10.096951,-3.8770502
1778964632919,Accelerometer,1.8859501,-7.9399505,-5.01195
1778964632936,Accelerometer,-6.1380005,-8.15505,-1.99995
1778964632936,Gyroscope,-0.089237496,-0.622325,0.1953875
1778964632956,Accelerometer,-4.7899504,-8.72505,-3.594
1778964632972,Accelerometer,0.14295001,-8.68395,-3.216
1778964632992,Accelerometer,-0.63195,-8.73705,-3.1009502
1778964633006,Accelerometer,-2.16405,-7.9399505,-3.42
1778964633006,Gyroscope,-0.1137125,-0.5355625,0.5643
1778964633031,Accelerometer,-3.7129502,-7.4370003,-2.9190001
1778964633051,Accelerometer,-3.3079503,-8.743951,-2.4880502
1778964633069,Accelerometer,-1.47195,-10.23795,-3.0370502
1778964633085,Accelerometer,-0.22500001,-10.741051,-3.8029501
1778964633085,Gyroscope,-0.13805,-0.8911375,0.92716247
1778964633109,Accelerometer,1.28295,-10.107,-3.9630003
1778964633128,Accelerometer,-0.46395,-10.92105,-4.4539504
1778964633153,Accelerometer,-1.50495,-12.087001,-4.782
1778964633169,Accelerometer,-2.2690501,-12.613951,-3.4339502
1778964633169,Gyroscope,0.124575,-0.881375,2.0755625
1778964633188,Accelerometer,-2.118,-12.628051,-3.07695
1778964633205,Accelerometer,-0.88995004,-13.701,-3.51795
1778964633225,Accelerometer,-0.94005007,-17.581951,-3.8359501
1778964633239,Accelerometer,0.85395,-18.736052,-5.1600003
1778964633240,Gyroscope,0.28215,-1.1061875,3.0382
1778964633264,Accelerometer,3.8400002,-20.053051,-6.6880503
1778964633283,Accelerometer,8.214001,-23.272951,-5.46
1778964633302,Accelerometer,5.2980003,-22.143002,-2.0740502
1778964633318,Accelerometer,-0.126,-20.341951,-3.1609502
1778964633318,Gyroscope,0.0671,-2.9215999,3.4511125
1778964633341,Accelerometer,-4.8289504,-19.14495,1.3420501
1778964633351,Accelerometer,-4.49595,-11.45505,-4.9350004
1778964633381,Accelerometer,3.8179502,-3.69495,-3.6540003
1778964633402,Accelerometer,8.29605,-2.05005,-2.0070002
1778964633402,Gyroscope,0.6034875,1.188275,-0.9519125
1778964633422,Accelerometer,4.2829504,-1.42005,-2.55795
1778964633432,Accelerometer,3.5119503,-1.48695,-2.59605
1778964633458,Accelerometer,4.32795,-3.1579502,1.21695
1778964633472,Accelerometer,2.5810502,-5.7990003,0.13695
1778964633473,Gyroscope,0.047575,1.5827625,-4.693975
1778964633497,Accelerometer,0.68700004,-9.262051,-0.63000005
1778964633516,Accelerometer,-0.78495,-10.621051,-1.5619501
1778964633536,Accelerometer,-2.3119502,-11.139001,-1.29795
1778964633550,Accelerometer,-2.53305,-11.26095,-1.91805
1778964633550,Gyroscope,0.2699125,0.6689375,-7.0910125
1778964633575,Accelerometer,-1.9009501,-16.10205,-2.9310002
1778964633599,Accelerometer,-5.57805,-23.437952,-2.187
1778964633616,Accelerometer,-11.169001,-22.605001,-1.2430501
1778964633633,Accelerometer,-9.208051,-20.758951,-1.9519501
1778964633633,Gyroscope,0.45319998,1.4399,-6.0146623
1778964633653,Accelerometer,-12.522,-21.41505,-3.8700001
1778964633672,Accelerometer,-16.108051,-14.790001,-5.3920503
1778964633691,Accelerometer,-21.886051,-9.666,-3.3960001
1778964633706,Accelerometer,-25.02,-7.46295,-5.47905
1778964633706,Gyroscope,0.23815,1.1528,-0.327525
1778964633730,Accelerometer,-21.775051,-8.953051,-5.1150002
1778964633750,Accelerometer,-14.736001,-9.846001,-3.1200001
1778964633769,Accelerometer,-10.17,-10.650001,-1.1880001
1778964633783,Accelerometer,37.501053,-18.537,5.769
1778964633783,Gyroscope,1.5125,0.2695,0.0719125
1778964633808,Accelerometer,-1.623,-30.561,-3.1420503
1778964633831,Accelerometer,-5.6719503,-21.240002,-1.84695
1778964633848,Accelerometer,-3.8260503,-8.28705,1.9879501
1778964633865,Accelerometer,-15.249001,6.42495,-5.1199503
1778964633865,Gyroscope,-0.6133875,0.7313625,2.4127126
1778964633885,Accelerometer,-9.249001,-2.3130002,-6.9030004
1778964633905,Accelerometer,-4.58895,-15.585001,-0.264
1778964633924,Accelerometer,-0.30795002,-17.71305,-5.3040004
1778964633949,Accelerometer,-0.25605002,-8.160001,-2.9020503
1778964633949,Gyroscope,-0.0867625,-0.9876625,1.32055
1778964633969,Accelerometer,-1.93605,-7.18305,-2.019
1778964633982,Accelerometer,-4.743,-9.38805,-0.96495
1778964633996,Accelerometer,-3.8710501,-10.533001,-1.8270001
1778964634016,Accelerometer,-2.499,-10.00905,-2.32995
1778964634017,Gyroscope,-0.00495,0.16445,0.3650625
1778964634041,Accelerometer,-2.0629501,-9.204,-2.8500001
1778964634064,Accelerometer,-2.9320502,-9.08895,-2.6179502
1778964634079,Accelerometer,-2.13,-9.03405,-2.63205
1778964634096,Accelerometer,-0.65295005,-9.5460005,-0.94395006
1778964634096,Gyroscope,-0.0537625,-0.6370375,0.026675
1778964634118,Accelerometer,0.55995005,-10.284,-0.77400005
1778964634138,Accelerometer,0.09105001,-10.2619505,-1.863
1778964634153,Accelerometer,-2.08695,-9.592051,-2.33295
1778964634172,Accelerometer,-3.2940001,-9.702001,-1.7839501
1778964634172,Gyroscope,-0.1282875,-0.2717,0.49101248
1778964634200,Accelerometer,-2.18505,-9.967951,-2.1700501
1778964634216,Accelerometer,-0.052050002,-9.70905,-1.13505
1778964634233,Accelerometer,1.33605,-10.578,-2.28495
1778964634249,Accelerometer,0.22005,-11.809051,-2.70405
1778964634249,Gyroscope,0.107525,-0.2754125,1.4964125
1778964634274,Accelerometer,-1.266,-11.079,-3.4080002
1778964634296,Accelerometer,-2.23095,-10.54695,-2.6440501
1778964634313,Accelerometer,-2.04705,-12.135,-2.02605
1778964634329,Accelerometer,-1.2210001,-13.66905,-4.02495
1778964634329,Gyroscope,0.494725,-0.3804625,2.3161874
1778964634351,Accelerometer,-1.2709501,-14.586,-4.75605
1778964634371,Accelerometer,-1.7590501,-15.544051,-3.18
1778964634394,Accelerometer,-0.045,-17.449951,-3.42
1778964634412,Accelerometer,3.795,-18.61395,-5.6610003
1778964634413,Gyroscope,0.560725,-1.1207625,2.985675
1778964634433,Accelerometer,6.18405,-19.29795,-6.87195
1778964634449,Accelerometer,5.5849504,-18.706951,-6.1200004
1778964634468,Accelerometer,2.4750001,-19.198051,-5.373
1778964634482,Accelerometer,0.94995004,-21.144001,-3.8119502
1778964634483,Gyroscope,0.803825,-1.5728625,3.5721126
1778964634507,Accelerometer,-5.8320003,-16.356,-2.091
1778964634527,Accelerometer,-2.1040502,-9.628051,-1.4899501
1778964634546,Accelerometer,5.538,-4.545,-3.7480502
1778964634562,Accelerometer,7.7910004,-2.43105,-3.4819503
1778964634562,Gyroscope,0.35915,1.293325,-1.000725
1778964634585,Accelerometer,4.7449503,0.11595,-3.5110502
1778964634604,Accelerometer,4.1340003,0.549,-2.1079502
1778964634626,Accelerometer,2.83905,-2.16195,-0.15105
1778964634634,Accelerometer,2.05605,-5.3880005,1.10895
1778964634646,Gyroscope,-0.399575,1.7232875,-4.4446874
1778964634662,Accelerometer,1.62495,-7.9420505,0.53205
1778964634682,Accelerometer,0.804,-10.617001,-0.18705001
1778964634701,Accelerometer,-1.4580001,-12.70695,0.291
1778964634714,Accelerometer,-2.4420002,-12.976951,-0.73995006
1778964634715,Gyroscope,-0.38005,1.3959,-6.5118623
1778964634740,Accelerometer,-1.9030501,-17.90205,-2.32305
1778964634759,Accelerometer,-7.6080003,-24.931952,-1.8390001
1778964634779,Accelerometer,-9.814051,-22.123951,-1.2049501
1778964634794,Accelerometer,-6.87795,-18.915,-1.6890001
1778964634794,Gyroscope,-0.1918125,1.956625,-5.500275
1778964634818,Accelerometer,-10.996051,-20.914951,-2.0959501
1778964634838,Accelerometer,-16.14705,-18.00105,-4.04505
1778964634860,Accelerometer,-20.81295,-10.641001,-5.4949503
1778964634879,Accelerometer,-24.388052,-7.188,-6.6520505
1778964634879,Gyroscope,0.1563375,1.0159875,-0.8944375
1778964634899,Accelerometer,-20.86605,-9.879001,-5.1480002
1778964634915,Accelerometer,-15.76605,-11.85,-3.2620502
1778964634935,Accelerometer,-14.479951,-13.04205,-5.4619503
1778964634949,Accelerometer,15.229951,-21.168001,6.77895
1778964634949,Gyroscope,1.2326875,-0.1166,2.163425
1778964634974,Accelerometer,1.28805,-28.369951,-2.127
1778964634993,Accelerometer,-1.6180501,-11.187,-1.45905
1778964635012,Accelerometer,1.2900001,-1.9849501,1.1020501
1778964635027,Accelerometer,-10.471951,0.588,-5.42595
1778964635027,Gyroscope,-0.3383875,0.83765,1.980275
1778964635051,Accelerometer,-15.14805,-8.13405,-7.03695
1778964635071,Accelerometer,-6.2770505,-21.862951,1.641
1778964635093,Accelerometer,-2.1660001,-10.594951,-5.57205
1778964635112,Accelerometer,2.1400502,-4.971,-3.456
1778964635112,Gyroscope,-0.3201,-1.6621,1.246025
1778964635130,Accelerometer,1.194,-8.766001,-0.61305004
1778964635148,Accelerometer,-2.6239502,-11.634001,-1.96905
1778964635168,Accelerometer,-4.4890504,-10.071,-2.46195
1778964635182,Accelerometer,-2.80605,-8.649,-2.3160002
1778964635182,Gyroscope,0.0317625,0.74593747,0.65835
1778964635207,Accelerometer,-1.2559501,-8.802,-3.072
1778964635227,Accelerometer,-3.01395,-10.03005,-2.67705
1778964635245,Accelerometer,-3.7030501,-9.939,-1.84695
1778964635259,Accelerometer,-1.7380501,-9.11295,-1.8870001
1778964635259,Gyroscope,0.025575,-0.611325,0.18315
1778964635277,Accelerometer,0.07095,-9.25695,-1.3609501
1778964635304,Accelerometer,-0.010950001,-9.7879505,-1.57605
1778964635326,Accelerometer,-1.21095,-9.5460005,-1.9230001
1778964635344,Accelerometer,-2.3770502,-9.1390505,-2.946
1778964635344,Gyroscope,-0.2187625,-0.3669875,0.5655375
1778964635361,Accelerometer,-3.3610501,-9.802951,-1.863
1778964635381,Accelerometer,-1.93605,-10.111051,-2.874
1778964635396,Accelerometer,-0.30105,-9.835951,-2.457
1778964635415,Accelerometer,0.873,-10.056001,-2.232
1778964635416,Gyroscope,-0.061049998,-0.63085,0.975975
1778964635435,Accelerometer,-0.44505003,-10.902,-2.62905
1778964635459,Accelerometer,-2.0269501,-11.845051,-2.7490501
1778964635479,Accelerometer,-3.28905,-11.457001,-1.5810001
1778964635493,Accelerometer,-1.728,-10.71195,-1.6360501
1778964635493,Gyroscope,0.240625,-0.418275,1.7554625
1778964635515,Accelerometer,-0.98805004,-13.143001,-4.5739503
1778964635537,Accelerometer,-1.2400501,-14.823001,-5.3179502
1778964635557,Accelerometer,-1.9939501,-14.818951,-3.9850502
1778964635573,Accelerometer,-0.78495,-16.899,-3.1369503
1778964635573,Gyroscope,0.60225,-0.9191875,2.65705
1778964635595,Accelerometer,3.5070002,-19.576052,-4.8510003
1778964635615,Accelerometer,7.59705,-20.685001,-5.48295
1778964635634,Accelerometer,8.755051,-19.372952,-3.6210003
1778964635649,Accelerometer,4.5220504,-16.62405,-3.7999501
1778964635649,Gyroscope,-0.068475,-2.526975,3.3009624
1778964635673,Accelerometer,0.47805002,-18.838951,-2.33295
1778964635692,Accelerometer,-11.17395,-19.29795,-0.573
1778964635711,Accelerometer,-4.85295,-11.352,-3.3360002
1778964635726,Accelerometer,4.9410005,-4.7910004,-3.8550003
1778964635726,Gyroscope,0.781825,1.6671875,1.8385125
1778964635751,Accelerometer,10.185,-3.2929502,-3.5350502
1778964635771,Accelerometer,5.6860504,-1.03695,-4.12095
1778964635789,Accelerometer,4.38105,-0.23505001,-2.397
1778964635806,Accelerometer,3.2340002,-1.5829501,-0.71205
1778964635806,Gyroscope,-0.1502875,0.973225,-3.3012376
1778964635828,Accelerometer,1.67805,-4.40805,-0.99705005
1778964635848,Accelerometer,0.57195,-6.57495,-2.2390501
1778964635867,Accelerometer,0.28905,-7.69605,-2.5480502
1778964635891,Accelerometer,-0.91200006,-10.779,-2.1100502
1778964635892,Gyroscope,0.394625,0.8509875,-6.7854877
1778964635912,Accelerometer,-0.24795002,-11.965051,-3.2070003
1778964635920,Accelerometer,0.9289501,-15.202051,-4.8229504
1778964635945,Accelerometer,-5.35305,-23.670002,-4.6789503
1778964635959,Accelerometer,-8.35095,-22.58805,-5.14095
1778964635959,Gyroscope,-0.3433375,2.518725,-6.6341
1778964635984,Accelerometer,-7.4340005,-19.902,-4.7509503
1778964635996,Accelerometer,-10.6060505,-21.32205,-5.40705
1778964636023,Accelerometer,-13.87905,-18.786001,-5.18205
1778964636041,Accelerometer,-17.88195,-11.28705,-5.1550503
1778964636041,Gyroscope,-0.1588125,0.9207,-3.1252375
1778964636061,Accelerometer,-21.57195,-7.3219504,-5.52405
1778964636076,Accelerometer,-19.09095,-11.26095,-2.3490002
1778964636100,Accelerometer,-13.696951,-12.778951,-0.40500003
1778964636122,Accelerometer,-13.330951,-11.830951,-0.90300006
1778964636122,Gyroscope,-0.1478125,-0.594275,2.455475
1778964636143,Accelerometer,-11.980051,-10.602,-1.91805
1778964636156,Accelerometer,4.22295,-12.432,2.742
1778964636178,Accelerometer,18.94305,-22.581001,0.19695
1778964636192,Accelerometer,-5.2330503,-27.208952,-1.9519501
1778964636193,Gyroscope,-0.96525,-0.11165,4.68875
1778964636217,Accelerometer,0.47100002,-9.352051,-3.59205
1778964636238,Accelerometer,-6.471,-0.67995006,-2.3730001
1778964636255,Accelerometer,-16.38105,0.37005,-8.316
1778964636272,Accelerometer,-4.872,-9.457951,-2.3040001
1778964636272,Gyroscope,-0.64515,-0.583275,1.9448
1778964636294,Accelerometer,-3.7180502,-18.91995,-2.69895
1778964636314,Accelerometer,-2.2020001,-10.36005,-4.0300503
1778964636338,Accelerometer,-1.5370501,-6.5080504,-2.83095
1778964636357,Accelerometer,-3.9090002,-8.301001,-2.42805
1778964636357,Gyroscope,0.0451,-0.257125,0.8746375
1778964636374,Accelerometer,-4.18695,-9.814951,-2.352
1778964636392,Accelerometer,-3.4830003,-10.714951,-2.5170002
1778964636411,Accelerometer,-2.8609502,-9.703951,-3.0960002
1778964636426,Accelerometer,-3.4660501,-9.181951,-3.0270002
1778964636426,Gyroscope,0.0903375,-0.351175,0.186725
1778964636450,Accelerometer,-3.8779502,-9.168,-2.7880502
1778964636470,Accelerometer,-1.9480501,-9.262051,-2.06205
1778964636488,Accelerometer,0.924,-9.05595,-2.184
1778964636504,Accelerometer,-0.010950001,-9.036,-2.15295
1778964636504,Gyroscope,-0.0367125,-0.3339875,0.3480125
1778964636528,Accelerometer,-2.56605,-9.51795,-2.05005
1778964636547,Accelerometer,-3.2370002,-9.349951,-2.08395
1778964636557,Accelerometer,-2.05605,-8.854051,-2.88105
1778964636581,Accelerometer,-0.37800002,-9.328951,-1.88205
1778964636582,Gyroscope,-0.0647625,-0.8886625,0.749925
1778964636610,Accelerometer,-0.33900002,-10.782001,-2.29905
1778964636625,Accelerometer,-1.43805,-12.016951,-2.2750502
1778964636637,Accelerometer,-1.9600501,-11.076,-3.111
1778964636659,Accelerometer,-1.5799501,-10.726951,-2.8860002
1778964636659,Gyroscope,0.2223375,-0.545325,1.6124625
1778964636683,Accelerometer,-1.56105,-11.818951,-3.3430502
1778964636703,Accelerometer,-2.1450002,-13.858951,-4.842
1778964636719,Accelerometer,-2.3389502,-15.172951,-3.8389502
1778964636736,Accelerometer,-1.7830501,-15.127951,-3.35295
1778964636736,Gyroscope,0.4494875,-1.0206625,2.2661376
1778964636761,Accelerometer,-0.25605002,-17.00505,-3.48705
1778964636781,Accelerometer,3.8209503,-19.681051,-5.3179502
1778964636803,Accelerometer,7.8940506,-18.862951,-6.6139503
1778964636819,Accelerometer,7.5340505,-18.07995,-4.827
1778964636819,Gyroscope,-0.1137125,-2.034725,2.8793874
1778964636838,Accelerometer,2.42295,-16.641,-4.28595
1778964636858,Accelerometer,0.42795002,-22.29795,-3.357
1778964636878,Accelerometer,-8.81295,-19.13805,-4.59795
1778964636892,Accelerometer,-0.025950002,-13.554001,-4.1790004
1778964636892,Gyroscope,0.1612875,1.7257625,3.763925
1778964636916,Accelerometer,7.0530005,-7.8460503,-4.26
1778964636935,Accelerometer,6.8590503,-3.9130502,-4.815
1778964636955,Accelerometer,2.9950502,-1.794,-3.69705
1778964636969,Accelerometer,1.3429501,-3.18195,-0.036000002
1778964636969,Gyroscope,-0.5999125,0.1595,-2.6915624
1778964636994,Accelerometer,0.10695001,-4.5589504,0.95895004
1778964637018,Accelerometer,1.74705,-4.353,-0.40005
1778964637035,Accelerometer,3.6079502,-5.29395,-2.56695
1778964637051,Accelerometer,2.38395,-9.23505,-2.3730001
1778964637051,Gyroscope,-0.21133749,2.0471,-6.21005
1778964637071,Accelerometer,-2.9320502,-13.108951,-1.2430501
1778964637091,Accelerometer,-3.8610003,-14.437951,-3.8359501
1778964637111,Accelerometer,-5.1259503,-17.706001,-3.039
1778964637125,Accelerometer,-10.75905,-19.62405,-2.02095
1778964637126,Gyroscope,0.00605,0.5528875,-7.2754
1778964637149,Accelerometer,-7.9200006,-18.34095,-2.2080002
1778964637170,Accelerometer,-6.6439505,-18.45795,-1.6360501
1778964637188,Accelerometer,-9.852,-18.666,-1.31295
1778964637202,Accelerometer,-14.133,-16.82295,-1.69605
1778964637203,Gyroscope,0.1991,1.635425,-3.3317626
1778964637227,Accelerometer,-16.45095,-12.1369505,-2.1100502
1778964637250,Accelerometer,-16.656,-7.4659505,-3.46005
1778964637265,Accelerometer,-16.587,-9.147,-3.2740502
1778964637284,Accelerometer,-15.522,-11.383051,-2.22195
1778964637285,Gyroscope,0.0622875,0.24145,0.903925
1778964637305,Accelerometer,-13.704,-11.14305,-2.3089502
1778964637324,Accelerometer,-14.311951,-8.81595,-3.5820003
1778964637344,Accelerometer,-13.929001,-6.9079504,-4.0999503
1778964637358,Accelerometer,3.45705,-9.192,7.76595
1778964637359,Gyroscope,0.7195375,-1.1757625,1.704175
1778964637383,Accelerometer,22.156052,-16.681051,-2.5069501
1778964637402,Accelerometer,4.242,-29.788052,-6.29505
1778964637421,Accelerometer,-2.3029501,-16.375051,-1.8589501
1778964637436,Accelerometer,-3.9259503,-4.9159503,-1.179
1778964637436,Gyroscope,0.0793375,-0.3707,2.8720999
1778964637460,Accelerometer,-14.740951,-2.9980502,-4.7239504
1778964637482,Accelerometer,-5.925,-8.064,-3.6520503
1778964637501,Accelerometer,-1.2919501,-12.003,-3.0919502
1778964637518,Accelerometer,1.23705,-11.60595,-4.05195
1778964637518,Gyroscope,-0.39833748,-1.521575,1.2936
1778964637537,Accelerometer,-2.18295,-8.445001,-2.6100001
1778964637557,Accelerometer,-4.25595,-8.78505,-2.73705
1778964637577,Accelerometer,-1.7760001,-9.670951,-2.56005
1778964637600,Accelerometer,-2.08695,-9.976951,-3.2689502
1778964637601,Gyroscope,0.058575,0.3183125,0.5275875
1778964637621,Accelerometer,-4.1340003,-9.834001,-2.9929502
1778964637635,Accelerometer,-3.9400501,-9.292951,-3.7210503
1778964637654,Accelerometer,-2.8150501,-8.95695,-3.1950002
1778964637669,Accelerometer,-1.18005,-9.07695,-2.8140001
1778964637669,Gyroscope,0.0378125,-0.942425,0.0671
1778964637694,Accelerometer,1.09605,-9.976951,-2.424
1778964637716,Accelerometer,1.3120501,-9.8550005,-2.0329502
1778964637734,Accelerometer,-1.5270001,-9.040951,-2.01705
1778964637750,Accelerometer,-3.1690502,-9.319051,-2.5530002
1778964637750,Gyroscope,-0.044,-0.0248875,0.6351125
1778964637771,Accelerometer,-3.4780502,-9.35505,-2.46405
1778964637790,Accelerometer,-2.46795,-9.09405,-3.3259501
1778964637814,Accelerometer,-0.49005002,-8.826,-2.19105
1778964637832,Accelerometer,0.76305,-9.637051,-1.7719501
1778964637832,Gyroscope,-0.0281875,-0.6578,1.0395
1778964637839,Accelerometer,0.08805001,-11.40705,-3.2209501
1778964637869,Accelerometer,-2.181,-11.184001,-3.9769502
1778964637888,Accelerometer,-2.76705,-10.554001,-3.52005
1778964637902,Accelerometer,-1.9560001,-11.62905,-3.5680501
1778964637903,Gyroscope,0.284625,-0.74085,1.898325
1778964637919,Accelerometer,-1.503,-14.407051,-4.09695
1778964637946,Accelerometer,-1.11,-14.874001,-4.0279503
1778964637965,Accelerometer,-1.12695,-16.84905,-3.22305
1778964637981,Accelerometer,0.70605004,-19.060951,-3.2590501
1778964637981,Gyroscope,0.6560125,-0.6785625,2.8758125
1778964638000,Accelerometer,3.2989502,-19.509,-5.64405
1778964638024,Accelerometer,6.4069505,-19.81995,-6.1060505
1778964638047,Accelerometer,7.1680503,-18.733051,-5.3299503
1778964638064,Accelerometer,2.976,-17.637001,-4.5880504
1778964638064,Gyroscope,-0.024475,-2.8348374,3.0932
1778964638085,Accelerometer,0.46905002,-21.28605,-3.4459503
1778964638101,Accelerometer,-7.52895,-16.380001,-1.6020001
1778964638121,Accelerometer,-2.2810502,-9.931951,-3.1710002
1778964638135,Accelerometer,4.28805,-4.33605,-4.4950504
1778964638135,Gyroscope,0.5350125,1.227325,1.48665
1778964638160,Accelerometer,8.842051,-2.49495,-2.8620002
1778964638179,Accelerometer,5.6070004,-0.78300005,-3.4630501
1778964638198,Accelerometer,3.6319501,-0.29295,-2.9190001
1778964638215,Accelerometer,2.8150501,-2.1030002,-0.96300006
1778964638216,Gyroscope,-0.44715,0.9964625,-3.5308626
1778964638237,Accelerometer,1.9249501,-4.806,-0.54195005
1778964638257,Accelerometer,0.75105006,-6.8700004,-1.2
1778964638280,Accelerometer,-0.055050004,-8.064,-2.11995
1778964638298,Accelerometer,0.04695,-10.83495,-1.116
1778964638298,Gyroscope,0.0573375,0.9647,-6.6548624
1778964638317,Accelerometer,-1.48395,-12.250051,-1.5619501
1778964638334,Accelerometer,-1.19895,-15.859951,-2.8500001
1778964638354,Accelerometer,-2.6140501,-23.263052,-3.075
1778964638368,Accelerometer,-9.81795,-24.108002,-2.91195
1778964638368,Gyroscope,-0.23333749,1.2480875,-6.79525
1778964638393,Accelerometer,-8.865001,-22.167002,-3.3310502
1778964638412,Accelerometer,-8.578051,-21.070051,-1.7029501
1778964638432,Accelerometer,-12.79905,-17.21805,-3.73305
1778964638447,Accelerometer,-19.543951,-12.525001,-2.433
1778964638447,Gyroscope,-0.1967625,1.595,-2.519275
1778964638470,Accelerometer,-22.05105,-8.244,-3.9420002
1778964638480,Accelerometer,-21.487951,-11.34195,-2.634
1778964638510,Accelerometer,-16.92,-12.70695,-2.32995
1778964638529,Accelerometer,-14.454,-10.61205,-3.11805
1778964638529,Gyroscope,0.041525,-0.2594625,2.9918625
1778964638549,Accelerometer,-0.96195006,-14.272951,1.2
1778964638560,Accelerometer,24.268051,-25.593,-2.1100502
1778964638587,Accelerometer,-6.9619503,-20.97705,-1.4989501
1778964638601,Accelerometer,-0.36105,-8.301001,-1.33395
1778964638602,Gyroscope,-0.6389625,0.9169875,4.3943624
1778964638626,Accelerometer,-7.3450503,0.16095,-5.61
1778964638644,Accelerometer,-13.575001,-2.6839502,-4.9300504
1778964638665,Accelerometer,-6.7540503,-11.871,-2.8860002
1778964638679,Accelerometer,-3.2010002,-17.779951,-1.33395
1778964638679,Gyroscope,-0.2297625,-0.815375,1.3803625
1778964638704,Accelerometer,-1.12995,-9.250051,-5.2110004
1778964638729,Accelerometer,-0.14805001,-6.7330503,-2.187
1778964638746,Accelerometer,-2.4750001,-8.986051,-1.7629501
1778964638760,Accelerometer,-3.9190502,-10.52295,-2.388
1778964638760,Gyroscope,0.0708125,0.039875,0.6265875
1778964638781,Accelerometer,-3.1720502,-10.24995,-3.0960002
1778964638801,Accelerometer,-2.355,-9.514951,-3.1300502
1778964638820,Accelerometer,-2.427,-9.348001,-3.1320002
1778964638835,Accelerometer,-3.11205,-9.123,-2.66805
1778964638835,Gyroscope,0.1087625,-0.7030375,0.119625
1778964638859,Accelerometer,-1.5649501,-8.77305,-1.9450501
1778964638879,Accelerometer,0.53805,-9.44295,-1.7200501
1778964638898,Accelerometer,0.016050002,-9.702001,-2.4859502
1778964638912,Accelerometer,-2.2999501,-9.56595,-2.6580002
1778964638913,Gyroscope,0.002475,-0.2704625,0.5385875
1778964638938,Accelerometer,-2.973,-9.477,-2.67
1778964638960,Accelerometer,-1.9080001,-9.08895,-2.8519502
1778964638978,Accelerometer,-0.69405,-9.345,-2.02605
1778964638994,Accelerometer,-0.44700003,-10.486951,-1.212
1778964638994,Gyroscope,0.0207625,-0.7470375,0.9845
1778964639014,Accelerometer,-0.83505005,-11.646001,-2.397
1778964639034,Accelerometer,-1.0189501,-10.887,-3.5110502
1778964639053,Accelerometer,-1.644,-11.119051,-3.6490502
1778964639068,Accelerometer,-2.16405,-11.76105,-2.2080002
1778964639068,Gyroscope,0.38115,-0.67485,1.8275125
1778964639093,Accelerometer,-2.05395,-13.2960005,-3.7740002
1778964639112,Accelerometer,-1.3549501,-14.701051,-4.09695
1778964639127,Accelerometer,-1.3909501,-14.863951,-3.1710002
1778964639146,Accelerometer,-1.01205,-16.851002,-3.11805
1778964639146,Gyroscope,0.742775,-0.96195,2.618
1778964639170,Accelerometer,2.47305,-17.934,-4.806
1778964639193,Accelerometer,5.676,-18.89895,-5.802
1778964639210,Accelerometer,7.01205,-17.673,-5.2270503
1778964639225,Accelerometer,3.1720502,-15.966001,-6.0220504
1778964639225,Gyroscope,-0.111237496,-2.54045,3.437775
1778964639247,Accelerometer,-0.28695002,-18.204,-4.938
1778964639267,Accelerometer,-10.000051,-18.288,-3.1270502
1778964639282,Accelerometer,-2.025,-11.589001,-2.7540002
1778964639301,Accelerometer,6.117,-7.0320005,-3.1729503
1778964639301,Gyroscope,0.4079625,1.9102875,1.6039375
1778964639330,Accelerometer,10.62495,-2.49795,-5.5270505
1778964639344,Accelerometer,6.747,0.123,-5.5579505
1778964639361,Accelerometer,3.9310503,-0.50295,-2.98095
1778964639378,Accelerometer,0.51405,-3.6679502,-0.549
1778964639379,Gyroscope,-0.4129125,1.680525,-3.15095
1778964639402,Accelerometer,-0.711,-7.0639505,-0.40800002
1778964639423,Accelerometer,0.72495,-7.1710505,-1.50405
1778964639441,Accelerometer,-0.47400004,-8.12895,-2.04795
1778964639456,Accelerometer,-1.455,-10.67895,-2.21295
1778964639456,Gyroscope,0.3311,1.26885,-6.2687626
1778964639481,Accelerometer,-1.4670001,-12.304951,-3.5820003
1778964639500,Accelerometer,-1.9480501,-16.44,-5.06895
1778964639522,Accelerometer,-5.157,-20.1,-4.5760503
1778964639542,Accelerometer,-8.32005,-19.306051,-5.6920505
1778964639542,Gyroscope,-0.2382875,1.7282375,-6.3481
1778964639563,Accelerometer,-8.33895,-18.73995,-5.4240003
1778964639578,Accelerometer,-9.74895,-17.649,-3.5989501
1778964639597,Accelerometer,-11.739,-16.236,-1.9710001
1778964639612,Accelerometer,-14.008051,-15.016951,-1.57095
1778964639612,Gyroscope,-0.4093375,-0.1716,-3.9694874
1778964639636,Accelerometer,-15.061951,-12.10095,-2.32995
1778964639659,Accelerometer,-17.214,-10.38,-1.4779501
1778964639676,Accelerometer,-16.96095,-11.887951,-0.9799501
1778964639691,Accelerometer,-16.507952,-12.502951,-1.8030001
1778964639691,Gyroscope,-0.1502875,-0.4367,1.99485
1778964639714,Accelerometer,-14.7289505,-11.038051,-1.8559501
1778964639733,Accelerometer,-8.134951,-11.7640505,-0.71895003
1778964639758,Accelerometer,37.530003,-18.417002,9.98505
1778964639763,Accelerometer,3.6130502,-24.453001,2.5789502
1778964639776,Gyroscope,-0.0562375,-0.2754125,2.541
1778964639791,Accelerometer,0.84195006,-11.31795,-5.4739504
1778964639811,Accelerometer,-10.033951,-7.1779504,-2.8590002
1778964639830,Accelerometer,-11.403001,-3.7830002,-7.0009503
1778964639843,Accelerometer,-8.05395,-7.6170006,-7.1790004
1778964639845,Gyroscope,-0.4349125,0.0556875,1.9875625
1778964639869,Accelerometer,-2.7120001,-10.545,-3.9820502
1778964639889,Accelerometer,-1.47,-13.866001,-2.601
1778964639908,Accelerometer,-4.02705,-8.325001,-2.96895
1778964639923,Accelerometer,-1.83105,-7.5709505,-2.1750002
1778964639923,Gyroscope,0.00605,-1.030425,0.715825
1778964639947,Accelerometer,0.22905001,-9.778951,-1.5190501
1778964639967,Accelerometer,0.45000002,-10.429951,-2.83995
1778964639990,Accelerometer,-1.8169501,-9.918,-4.3650002
1778964640007,Accelerometer,-6.057,-9.393001,-3.7450502
1778964640007,Gyroscope,0.20405,0.1265,0.467775
1778964640026,Accelerometer,-5.355,-8.48595,-4.16895
1778964640044,Accelerometer,-2.08005,-8.445001,-3.25395
1778964640064,Accelerometer,1.07505,-9.304951,-2.26305
1778964640078,Accelerometer,2.523,-10.51605,-2.505
1778964640078,Gyroscope,0.0292875,-0.545325,0.4543
1778964640103,Accelerometer,0.117000006,-9.86505,-3.28605
1778964640123,Accelerometer,-2.937,-9.30195,-2.5740001
1778964640141,Accelerometer,-3.5650501,-8.96205,-2.7130501
1778964640156,Accelerometer,-2.1730502,-9.06,-2.63205
1778964640156,Gyroscope,0.0133375,-0.8911375,0.699875
1778964640180,Accelerometer,-0.60300004,-9.89805,-2.84505
1778964640200,Accelerometer,-0.20805001,-10.894051,-2.946
1778964640223,Accelerometer,-1.3260001,-11.187,-3.1350002
1778964640239,Accelerometer,-1.9890001,-9.702001,-4.72905
1778964640239,Gyroscope,0.273625,-0.5135625,1.4708375
1778964640260,Accelerometer,-2.05095,-10.36005,-4.071
1778964640277,Accelerometer,-2.571,-12.694951,-2.2060502
1778964640296,Accelerometer,-1.608,-13.786951,-3.4960501
1778964640311,Accelerometer,-1.02195,-14.75895,-3.38805
1778964640311,Gyroscope,0.5082,-0.920425,2.3577125
1778964640336,Accelerometer,-1.5370501,-15.625951,-2.5840502
1778964640355,Accelerometer,-0.54795,-17.802,-3.42405
1778964640374,Accelerometer,3.285,-18.202051,-5.6989503
1778964640389,Accelerometer,6.2200503,-18.63795,-6.9580503
1778964640389,Gyroscope,0.2393875,-1.6522,2.9233875
1778964640408,Accelerometer,5.9280005,-18.046051,-6.7050004
1778964640433,Accelerometer,1.9699501,-18.50295,-5.21295
1778964640456,Accelerometer,-1.7659501,-19.437,-5.5150504
1778964640472,Accelerometer,-5.16195,-17.574001,0.042000003
1778964640473,Gyroscope,0.52648747,6.875E-4,3.531825
1778964640492,Accelerometer,-2.59995,-9.7570505,-2.4880502
1778964640511,Accelerometer,5.97795,-4.224,-3.0559502
1778964640530,Accelerometer,9.0400505,-1.866,-3.7399502
1778964640545,Accelerometer,3.2269502,0.37695003,-3.5820003
1778964640545,Gyroscope,-0.5278625,0.49555,-1.67145
1778964640564,Accelerometer,2.25495,0.35805002,-1.6330501
1778964640588,Accelerometer,2.2429502,-2.28705,-0.39600003
1778964640608,Accelerometer,1.4389501,-5.1600003,0.27105
1778964640622,Accelerometer,1.9009501,-6.76695,-0.513
1778964640622,Gyroscope,-0.3421,1.641475,-5.0091248
1778964640644,Accelerometer,1.6660501,-8.49495,-1.29795
1778964640666,Accelerometer,-0.45000002,-10.97595,-1.5520501
1778964640690,Accelerometer,-2.1330001,-12.196951,-1.5469501
1778964640704,Accelerometer,-1.3740001,-15.574951,-3.1300502
1778964640704,Gyroscope,-0.48633748,1.1015126,-6.6144376
1778964640725,Accelerometer,-4.23,-21.883951,-3.3649502
1778964640744,Accelerometer,-7.89795,-22.483051,-3.7879503
1778964640763,Accelerometer,-7.3980002,-20.943,-3.8839502
1778964640778,Accelerometer,-7.34805,-21.268951,-1.6480501
1778964640778,Gyroscope,-0.6939625,0.2767875,-5.4294624
1778964640802,Accelerometer,-10.67595,-20.352001,-0.027
1778964640822,Accelerometer,-16.747051,-14.503051,-0.072000004
1778964640841,Accelerometer,-20.15895,-8.373,-2.70105
1778964640855,Accelerometer,-21.333,-10.305,-3.1710002
1778964640855,Gyroscope,-0.18933749,0.79365,0.108625
1778964640880,Accelerometer,-17.334002,-12.87195,-2.2150502
1778964640903,Accelerometer,-15.628951,-11.239051,-2.388
1778964640921,Accelerometer,-7.7209506,-10.542001,-1.8270001
1778964640936,Accelerometer,28.972952,-18.820051,5.93895
1778964640936,Gyroscope,1.30845,-0.2949375,0.9307375
1778964640957,Accelerometer,1.194,-30.08505,1.3300501
1778964640977,Accelerometer,0.64095,-10.81305,-3.0889502
1778964640996,Accelerometer,-7.8430505,-2.7589502,-2.8159502
1778964641019,Accelerometer,-16.539001,0.03195,-5.1049504
1778964641020,Gyroscope,-0.7832,1.062325,3.13225
1778964641039,Accelerometer,-6.0709505,-7.9249506,-5.03595
1778964641051,Accelerometer,-5.04405,-15.834001,-2.5069501
1778964641074,Accelerometer,-2.8579502,-11.361001,-5.1000004
1778964641088,Accelerometer,-1.7710501,-7.1350503,-4.18305
1778964641088,Gyroscope,-0.0732875,-1.2527624,1.2728375
1778964641113,Accelerometer,-1.5630001,-8.19795,-2.35395
1778964641125,Accelerometer,-2.46105,-9.867001,-2.421
1778964641152,Accelerometer,-1.8070501,-10.34895,-2.7109501
1778964641170,Accelerometer,-2.66205,-9.798,-3.1660502
1778964641170,Gyroscope,0.130625,0.4112625,0.7206375
1778964641191,Accelerometer,-4.24905,-9.325951,-3.6760502
1778964641205,Accelerometer,-4.60605,-8.890051,-3.4840503
1778964641230,Accelerometer,-2.7270002,-8.46405,-2.8210502
1778964641253,Accelerometer,-0.31305,-8.986051,-2.352
1778964641253,Gyroscope,-0.099,-0.5698,0.1989625
1778964641273,Accelerometer,0.402,-9.592051,-2.5770001
1778964641285,Accelerometer,-1.9410001,-9.505951,-3.22305
1778964641307,Accelerometer,-2.73105,-9.465,-2.59605
1778964641322,Accelerometer,-1.4959501,-8.194051,-2.60805
1778964641322,Gyroscope,-0.11,-0.80685,0.5911125
1778964641346,Accelerometer,-1.182,-8.91195,-2.1990001
1778964641366,Accelerometer,-1.52505,-11.16705,-2.6200502
1778964641384,Accelerometer,-2.47305,-11.43105,-3.2899501
1778964641401,Accelerometer,-1.9800001,-9.72105,-4.5690002
1778964641401,Gyroscope,0.069575,-0.6760875,1.21055
1778964641423,Accelerometer,-1.23705,-9.56805,-4.66905
1778964641443,Accelerometer,-1.9099501,-11.236951,-2.4120002
1778964641466,Accelerometer,-2.2840502,-13.246051,-3.0250502
1778964641483,Accelerometer,-1.455,-14.055,-4.99695
1778964641484,Gyroscope,0.3554375,-0.6870875,2.2160876
1778964641504,Accelerometer,-1.64205,-14.28495,-4.401
1778964641521,Accelerometer,-2.157,-16.348951,-3.5700002
1778964641540,Accelerometer,0.99105006,-19.31505,-4.90395
1778964641555,Accelerometer,5.715,-20.389952,-6.5989504
1778964641555,Gyroscope,0.2248125,-1.6619625,2.6582875
1778964641579,Accelerometer,8.53005,-20.473951,-5.1600003
1778964641598,Accelerometer,6.6340504,-18.94605,-3.9439502
1778964641618,Accelerometer,2.04705,-20.098051,-4.86105
1778964641633,Accelerometer,-8.418,-22.309952,0.85995007
1778964641633,Gyroscope,0.416625,-0.235125,3.9435
1778964641657,Accelerometer,-5.41095,-13.108951,-3.8430002
1778964641676,Accelerometer,4.47195,-6.0529504,-4.1740503
1778964641686,Accelerometer,10.75695,-3.97305,-3.0960002
1778964641710,Accelerometer,6.56895,-1.41795,-3.2329502
1778964641711,Gyroscope,-0.2052875,-0.1716,-2.1148875
1778964641739,Accelerometer,4.5199504,-0.76695,-1.9020001
1778964641754,Accelerometer,4.005,-2.1720002,-0.393
1778964641766,Accelerometer,1.506,-4.557,1.2940501
1778964641791,Accelerometer,1.281,-7.5379505,0.82005006
1778964641792,Gyroscope,-0.122237496,1.5071375,-5.0873623
1778964641820,Accelerometer,1.6969501,-9.53205,-0.19005
1778964641832,Accelerometer,-0.615,-10.720051,0.17805001
1778964641848,Accelerometer,-0.87600005,-13.06095,0.62805
1778964641865,Accelerometer,-1.28805,-17.212952,-1.7050501
1778964641866,Gyroscope,-0.1258125,0.78265,-6.83925
1778964641890,Accelerometer,-4.03905,-25.372952,-1.69095
1778964641915,Accelerometer,-12.832951,-24.618002,-1.3750501
1778964641934,Accelerometer,-9.75405,-21.244951,-1.5499501
1778964641949,Accelerometer,-9.450001,-20.39295,-0.99705005
1778964641949,Gyroscope,-0.074525,1.233375,-4.849075
1778964641968,Accelerometer,-14.57295,-17.48295,-1.84395
1778964641987,Accelerometer,-19.17,-11.26305,-2.9340003
1778964642006,Accelerometer,-22.312052,-7.7910004,-6.0049505
1778964642021,Accelerometer,-22.38795,-8.99295,-5.72805
1778964642021,Gyroscope,0.07205,0.2987875,0.5203
1778964642046,Accelerometer,-17.88195,-9.661051,-4.392
1778964642066,Accelerometer,-15.919051,-9.60105,-4.224
1778964642084,Accelerometer,-7.48395,-10.67205,-0.44595003
1778964642100,Accelerometer,30.88095,-19.227001,9.705001
1778964642100,Gyroscope,1.593075,-0.0176,0.3834875
1778964642123,Accelerometer,3.4710002,-27.930002,-1.2409501
1778964642148,Accelerometer,-1.5490501,-12.307051,-2.0670002
1778964642166,Accelerometer,-15.80895,-8.433001,-5.29005
1778964642181,Accelerometer,-12.98595,-0.74700004,-3.3409503
1778964642181,Gyroscope,-0.8735375,1.3470875,2.825625
1778964642201,Accelerometer,-6.76095,-6.13005,-5.73705
1778964642220,Accelerometer,-2.5759501,-11.922001,-2.8189502
1778964642240,Accelerometer,-0.49005002,-14.263051,-2.055
1778964642254,Accelerometer,-0.531,-9.490951,-3.7240503
1778964642254,Gyroscope,-0.03795,-0.7445625,1.1605
1778964642279,Accelerometer,-4.4620504,-8.409,-1.5619501
1778964642298,Accelerometer,-4.6249504,-8.95695,-0.98505
1778964642317,Accelerometer,-1.8169501,-10.54695,-1.5619501
1778964642329,Accelerometer,-0.109950006,-10.7029505,-3.1420503
1778964642332,Gyroscope,0.0573375,0.438075,0.7060625
1778964642356,Accelerometer,-2.69805,-9.38595,-3.4669502
1778964642379,Accelerometer,-5.9880004,-8.17905,-1.41795
1778964642396,Accelerometer,-2.3790002,-8.61705,-1.1190001
1778964642413,Accelerometer,0.91395,-9.460051,-1.84905
1778964642413,Gyroscope,-0.11605,-0.854425,0.38953748
1778964642434,Accelerometer,1.0000501,-10.092,-1.69305
1778964642453,Accelerometer,-1.2709501,-9.774,-1.6789501
1778964642473,Accelerometer,-2.0320501,-9.08895,-2.9910002
1778964642488,Accelerometer,-2.3050501,-9.309,-2.87805
1778964642488,Gyroscope,0.022,-0.3634125,1.0322125
1778964642512,Accelerometer,-3.3919501,-11.031,-1.59
1778964642532,Accelerometer,-3.4020002,-10.284,-1.4130001
1778964642550,Accelerometer,-1.02195,-9.982051,-2.55795
1778964642565,Accelerometer,0.37095,-12.003,-3.2760003
1778964642565,Gyroscope,0.190575,-0.677325,1.5807
1778964642589,Accelerometer,-0.47400004,-13.240951,-1.5880501
1778964642611,Accelerometer,-1.9909501,-12.609,-1.8679501
1778964642629,Accelerometer,-1.8259501,-13.983001,-4.51905
1778964642644,Accelerometer,-1.71105,-15.26895,-4.092
1778964642644,Gyroscope,0.5594875,-0.694375,2.62405
1778964642667,Accelerometer,-1.7310001,-17.74395,-3.7380002
1778964642687,Accelerometer,2.775,-20.433,-6.168
1778964642706,Accelerometer,7.22805,-20.57205,-5.67495
1778964642729,Accelerometer,9.361051,-19.501951,-4.2790504
1778964642729,Gyroscope,0.0097624995,-2.1605375,2.742575
1778964642749,Accelerometer,4.6729503,-16.947,-3.93405
1778964642764,Accelerometer,-0.48795003,-20.365952,-2.76795
1778964642784,Accelerometer,-8.844001,-16.04895,-1.473
1778964642798,Accelerometer,-2.6520002,-10.30305,-2.6149502
1778964642798,Gyroscope,0.174625,1.784475,3.7406874
1778964642823,Accelerometer,4.32105,-4.605,-4.689
1778964642843,Accelerometer,7.9459505,-2.55795,-3.8410501
1778964642862,Accelerometer,5.9419503,-1.0710001,-3.65895
1778964642877,Accelerometer,3.11205,-0.882,-3.9630003
1778964642878,Gyroscope,-0.421575,0.6628875,-2.3678875
1778964642900,Accelerometer,1.7020501,-2.4810002,-1.93305
1778964642919,Accelerometer,2.2380002,-4.72695,-0.93405
1778964642943,Accelerometer,0.94500005,-7.3890004,-2.4120002
1778964642961,Accelerometer,-0.50205004,-8.77095,-3.39105
1778964642961,Gyroscope,0.3091,1.5571874,-5.4527
1778964642968,Accelerometer,-1.21095,-10.15005,-3.4720502
1778964642997,Accelerometer,-1.48905,-10.83495,-3.6349502
1778964643017,Accelerometer,-0.744,-13.423051,-4.77705
1778964643031,Accelerometer,-1.9030501,-20.293951,-5.2489505
1778964643032,Gyroscope,-0.592625,1.0868,-6.9822497
1778964643049,Accelerometer,-6.4879503,-22.64595,-5.9100003
1778964643075,Accelerometer,-7.6440005,-21.166052,-5.6610003
1778964643094,Accelerometer,-9.5119505,-20.778002,-4.7410502
1778964643111,Accelerometer,-13.129951,-20.208,-3.5680501
1778964643111,Gyroscope,-0.4973375,0.879175,-4.6462626
1778964643129,Accelerometer,-19.47195,-15.637051,-2.4499502
1778964643153,Accelerometer,-21.604952,-9.132,-2.97195
1778964643177,Accelerometer,-22.539001,-10.39395,-1.19505
1778964643194,Accelerometer,-18.553051,-13.576051,0.19695
1778964643194,Gyroscope,-0.1967625,-0.0774125,1.7945125
1778964643214,Accelerometer,-15.925951,-12.46695,-0.70395005
1778964643230,Accelerometer,-10.696951,-10.083,-2.1430502
1778964643250,Accelerometer,31.597052,-15.666,9.82005
1778964643264,Accelerometer,2.9350502,-30.046051,2.469
1778964643264,Gyroscope,-0.132,-1.3272874,2.3601875
1778964643289,Accelerometer,-1.4310001,-18.41505,-2.98095
1778964643309,Accelerometer,-6.9859505,-8.035951,-1.9950001
1778964643327,Accelerometer,-13.005001,2.80005,-5.931
1778964643344,Accelerometer,-10.017,-3.8530502,-5.5939503
1778964643344,Gyroscope,-0.6329125,0.21573749,2.387
1778964643367,Accelerometer,-5.583,-13.99005,-1.9279501
1778964643386,Accelerometer,-3.423,-15.781051,-4.2499504
1778964643409,Accelerometer,-1.6489501,-7.8750005,-3.7909503
1778964643428,Accelerometer,-0.59295005,-7.4059505,-2.2150502
1778964643428,Gyroscope,-0.13805,-1.130525,0.749925
1778964643445,Accelerometer,-2.0010002,-9.606001,-1.7119501
1778964643464,Accelerometer,-1.8070501,-10.7029505,-3.0010502
1778964643483,Accelerometer,-2.0350502,-10.212001,-2.871
1778964643497,Accelerometer,-2.9280002,-9.307051,-3.4339502
1778964643498,Gyroscope,0.11605,0.199925,0.4860625
1778964643522,Accelerometer,-4.0150504,-8.93595,-3.4510503
1778964643541,Accelerometer,-2.76195,-8.467051,-2.6850002
1778964643561,Accelerometer,-0.43305,-8.6959505,-2.1670501
1778964643575,Accelerometer,0.94095004,-9.817051,-2.66505
1778964643575,Gyroscope,-0.090475,-0.38775,0.395725
1778964643600,Accelerometer,-1.14405,-10.1640005,-2.70405
1778964643609,Accelerometer,-3.3660002,-9.43605,-2.5500002
1778964643639,Accelerometer,-1.8739501,-8.34405,-2.424
1778964643660,Accelerometer,-0.31500003,-8.13405,-2.079
1778964643660,Gyroscope,-0.1368125,-0.8300875,0.7280625
1778964643680,Accelerometer,-0.33495003,-10.473001,-1.9849501
1778964643689,Accelerometer,-1.44105,-12.295051,-3.0630002
1778964643716,Accelerometer,-1.6560001,-9.71205,-4.38
1778964643731,Accelerometer,-1.3429501,-9.39795,-4.67205
1778964643731,Gyroscope,0.1233375,-0.74085,1.5673625
1778964643755,Accelerometer,-1.7070001,-10.930051,-2.9550002
1778964643776,Accelerometer,-2.4439502,-13.152,-3.4440002
1778964643794,Accelerometer,-2.2690501,-14.44305,-4.52295
1778964643808,Accelerometer,-2.29305,-14.356951,-4.2670503
1778964643809,Gyroscope,0.4189625,-0.970475,2.3161874
1778964643833,Accelerometer,-2.4490502,-15.5130005,-3.108
1778964643857,Accelerometer,-0.09,-17.565,-3.1200001
1778964643874,Accelerometer,3.5809503,-17.685001,-4.8439503
1778964643891,Accelerometer,7.08405,-18.78795,-6.405
1778964643891,Gyroscope,0.2003375,-1.4848624,2.9478624
1778964643910,Accelerometer,6.87405,-19.011002,-5.06895
1778964643931,Accelerometer,3.8689501,-18.83595,-4.557
1778964643949,Accelerometer,1.539,-20.50995,-3.1969502
1778964643964,Accelerometer,-11.463,-19.84905,-1.1520001
1778964643964,Gyroscope,0.295625,0.2462625,4.299075
1778964643988,Accelerometer,-1.3069501,-10.66695,-0.558
1778964644009,Accelerometer,6.09495,-5.637,-3.69705
1778964644027,Accelerometer,9.61995,-2.124,-4.6069503
1778964644042,Accelerometer,4.64895,0.43005002,-4.46595
1778964644042,Gyroscope,-0.4593875,0.460075,-1.8462125
1778964644066,Accelerometer,2.9179502,0.48900002,-3.147
1778964644089,Accelerometer,2.595,-2.70105,-0.47205
1778964644107,Accelerometer,1.9050001,-5.6010003,0.64695
1778964644123,Accelerometer,1.0720501,-8.08605,-0.43395
1778964644123,Gyroscope,-0.29205,0.94875,-5.251125
1778964644144,Accelerometer,-0.00405,-9.658951,-0.20595
1778964644163,Accelerometer,-0.17895001,-10.85595,-0.31905
1778964644183,Accelerometer,-1.5679501,-11.65305,-0.36
1778964644197,Accelerometer,-1.2400501,-15.87705,-1.21905
1778964644197,Gyroscope,-0.582725,0.8705125,-6.985825
1778964644222,Accelerometer,-3.01095,-23.17695,-1.69095
1778964644241,Accelerometer,-8.236051,-25.807951,-1.5640501
1778964644257,Accelerometer,-9.02595,-23.28,-1.5520501
1778964644275,Accelerometer,-8.619,-21.26205,-0.76005006
1778964644275,Gyroscope,-0.033,0.962225,-5.2889376
1778964644299,Accelerometer,-9.397051,-17.30895,-2.08095
1778964644321,Accelerometer,-15.34395,-13.372951,-2.0310001
1778964644340,Accelerometer,-19.71195,-9.891001,-3.25005
1778964644356,Accelerometer,-19.50105,-10.07295,-3.1009502
1778964644357,Gyroscope,0.1758625,0.5773625,-0.32395
1778964644376,Accelerometer,-16.293001,-10.159051,-1.8940501
1778964644396,Accelerometer,-14.857951,-10.97595,-1.5259501
1778964644411,Accelerometer,-12.427951,-10.47105,-2.088
1778964644430,Accelerometer,1.23,-9.148951,-0.795
1778964644430,Gyroscope,0.33715,1.1015126,2.9123874
1778964644458,Accelerometer,30.103052,-15.9199505,-2.811
1778964644474,Accelerometer,-6.6889505,-27.468,-3.24705
1778964644491,Accelerometer,3.4759502,-16.504051,-3.7759502
1778964644508,Accelerometer,-14.62905,-11.47395,-3.7840502
1778964644508,Gyroscope,-0.67925,0.3892625,3.4560626
1778964644532,Accelerometer,-10.52505,-2.06205,-2.457
1778964644555,Accelerometer,-5.02995,-3.97305,-4.8109503
1778964644573,Accelerometer,-3.4039502,-11.071951,-2.0670002
1778964644587,Accelerometer,-0.63195,-13.50195,-2.7900002
1778964644587,Gyroscope,-0.3042875,-1.34805,1.4671249
1778964644610,Accelerometer,-0.88995004,-9.783,-4.05405
1778964644629,Accelerometer,-3.7870502,-8.58195,-1.7119501
1778964644654,Accelerometer,-2.73405,-9.38595,-2.562
1778964644671,Accelerometer,-1.9200001,-9.558001,-3.70005
1778964644671,Gyroscope,-0.035475,0.2242625,0.473825
1778964644691,Accelerometer,-3.10995,-9.87195,-3.0319502
1778964644707,Accelerometer,-3.2599502,-9.637051,-3.2760003
1778964644726,Accelerometer,-2.98305,-9.199051,-4.0230002
1778964644741,Accelerometer,-0.84495,-8.71605,-3.2689502
1778964644741,Gyroscope,-0.08305,-1.20395,0.169675
1778964644765,Accelerometer,1.4479501,-9.393001,-2.2729502
1778964644787,Accelerometer,0.55995005,-9.661051,-2.02905
1778964644804,Accelerometer,-2.358,-9.27105,-2.45895
1778964644820,Accelerometer,-3.72705,-9.24705,-1.9090501
1778964644820,Gyroscope,-0.035475,-0.3939375,0.5581125
1778964644843,Accelerometer,-2.36505,-9.05595,-2.979
1778964644863,Accelerometer,0.061950002,-8.92605,-2.7970502
1778964644886,Accelerometer,0.35595003,-10.791,-1.2580501
1778964644892,Accelerometer,0.14805001,-10.714951,-3.2260501
1778964644903,Gyroscope,0.0683375,-0.2754125,1.406075
1778964644921,Accelerometer,-0.80895007,-10.5709505,-3.4440002
1778964644940,Accelerometer,-2.59695,-10.626,-2.766
1778964644960,Accelerometer,-2.9590502,-11.851951,-3.1320002
1778964644972,Accelerometer,-2.1760502,-13.593,-5.019
1778964644974,Gyroscope,0.3444375,-0.5075125,2.185425
1778964644999,Accelerometer,-1.335,-14.452051,-4.782
1778964645018,Accelerometer,-1.6060501,-14.692051,-3.72795
1778964645037,Accelerometer,-1.04805,-16.99695,-3.384
1778964645052,Accelerometer,2.2690501,-19.855951,-4.9450502
1778964645052,Gyroscope,0.54725,-1.119525,2.9271
1778964645076,Accelerometer,6.29895,-20.625002,-7.2190504
1778964645096,Accelerometer,8.083051,-19.224,-5.92605
1778964645119,Accelerometer,5.9659505,-17.85495,-4.3770003
1778964645137,Accelerometer,0.40695003,-19.296001,-4.056
1778964645137,Gyroscope,0.152625,-2.5526874,3.702875
1778964645156,Accelerometer,-3.9550502,-19.128,-0.70695
1778964645173,Accelerometer,-6.471,-12.760051,-6.3910503
1778964645193,Accelerometer,3.52395,-6.50295,-3.6880503
1778964645208,Accelerometer,7.46295,-3.1969502,-3.59205
1778964645208,Gyroscope,0.43614998,0.951225,-0.283525
1778964645232,Accelerometer,5.4030004,-1.02495,-3.3409503
1778964645251,Accelerometer,3.177,-0.73095006,-2.4760501
1778964645270,Accelerometer,3.8500502,-2.2060502,-0.37605003
1778964645285,Accelerometer,1.6900501,-4.87995,0.48195
1778964645285,Gyroscope,-0.12705,1.729475,-4.1405373
1778964645309,Accelerometer,-0.72,-7.0990505,-0.59205
1778964645333,Accelerometer,0.36795002,-7.8700504,-1.6650001
1778964645349,Accelerometer,-1.077,-10.474951,-0.855
1778964645367,Accelerometer,-2.0059502,-12.187051,-1.6480501
1778964645367,Gyroscope,0.26015,1.1748,-6.6341
1778964645388,Accelerometer,-0.69105005,-15.132001,-4.5280504
1778964645406,Accelerometer,-5.6860504,-21.243002,-4.42995
1778964645426,Accelerometer,-7.7089505,-21.12495,-4.4610004
1778964645440,Accelerometer,-7.0309505,-20.79705,-4.7580004
1778964645441,Gyroscope,-0.4313375,1.5291375,-6.09895
1778964645465,Accelerometer,-9.081,-21.231,-3.86295
1778964645485,Accelerometer,-13.471951,-18.397951,-3.4390502
1778964645503,Accelerometer,-16.411951,-13.35795,-3.9510002
1778964645518,Accelerometer,-19.354952,-9.20895,-5.3710504
1778964645518,Gyroscope,-0.444675,0.819225,-2.2639375
1778964645537,Accelerometer,-21.751951,-9.846001,-3.90105
1778964645562,Accelerometer,-17.632952,-11.47605,-1.03005
1778964645585,Accelerometer,-15.064051,-10.879951,-1.1400001
1778964645600,Accelerometer,-12.253051,-10.432051,-1.81095
1778964645601,Gyroscope,-0.2077625,0.3575,3.6528249
1778964645620,Accelerometer,11.748,-12.71205,2.2420502
1778964645639,Accelerometer,15.124051,-24.32595,-5.5579505
1778964645659,Accelerometer,-7.6200004,-27.30195,1.07805
1778964645674,Accelerometer,-4.1610003,-11.55,-1.5090001
1778964645674,Gyroscope,-0.70248747,1.0208,4.4138875
1778964645693,Accelerometer,-12.49005,0.40800002,-3.4840503
1778964645717,Accelerometer,-12.021001,0.05595,-7.0800004
1778964645737,Accelerometer,-4.7710505,-11.268001,-0.669
1778964645751,Accelerometer,-0.61005,-18.94395,-2.5429502
1778964645751,Gyroscope,-0.405625,-1.0157125,1.4671249
1778964645773,Accelerometer,-0.109950006,-9.87405,-3.7020001
1778964645795,Accelerometer,-2.463,-6.3310504,-3.6109502
1778964645816,Accelerometer,-5.0560503,-8.409,-2.3779502
1778964645833,Accelerometer,-3.45,-9.321,-3.5460002
1778964645833,Gyroscope,-0.0427625,0.128975,0.638825
1778964645853,Accelerometer,-3.0859501,-10.2289505,-3.08205
1778964645872,Accelerometer,-2.56095,-9.72105,-3.4669502
1778964645892,Accelerometer,-2.87295,-9.151051,-3.9270003
1778964645907,Accelerometer,-3.969,-9.063001,-2.9310002
1778964645907,Gyroscope,-0.0477125,-0.9669,0.042625
1778964645931,Accelerometer,-1.7710501,-9.084001,-2.53905
1778964645950,Accelerometer,0.88305,-9.465,-2.6580002
1778964645970,Accelerometer,-0.13395001,-9.4459505,-2.45895
1778964645984,Accelerometer,-2.83905,-9.285001,-2.53905
1778964645984,Gyroscope,-0.100237496,-0.169125,0.4945875
1778964646009,Accelerometer,-2.9680502,-8.977051,-2.4829502
1778964646030,Accelerometer,-1.041,-8.151,-2.799
1778964646047,Accelerometer,0.081,-8.43105,-2.8279502
1778964646067,Accelerometer,-0.73395,-11.337001,-2.52195
1778964646067,Gyroscope,-0.052525,-0.616275,1.1837375
1778964646086,Accelerometer,-2.23095,-11.79705,-3.3379502
1778964646106,Accelerometer,-1.79805,-9.649051,-4.425
1778964646126,Accelerometer,-1.8019501,-10.24995,-3.8530502
1778964646146,Accelerometer,-1.9099501,-12.24705,-1.8679501
1778964646147,Gyroscope,0.1771,-0.5808,1.8959875
1778964646169,Accelerometer,-1.2919501,-13.630951,-4.191
1778964646180,Accelerometer,-0.9979501,-13.875001,-6.01305
1778964646203,Accelerometer,-1.7230501,-14.359051,-4.7839503
1778964646217,Accelerometer,-1.4460001,-17.56995,-3.8839502
1778964646218,Gyroscope,0.3982,-1.146475,2.9258626
1778964646242,Accelerometer,3.35205,-20.935951,-5.8110003
1778964646254,Accelerometer,6.4090505,-20.199001,-6.51105
1778964646281,Accelerometer,7.3000503,-18.219002,-4.722
1778964646300,Accelerometer,4.02705,-18.774,-3.2740502
1778964646300,Gyroscope,-0.3493875,-2.7115,3.4145374
1778964646322,Accelerometer,-2.4780002,-20.124,-1.9540501
1778964646333,Accelerometer,-7.7089505,-18.379051,-1.38195
1778964646358,Accelerometer,-1.02405,-12.084001,-2.21295
1778964646381,Accelerometer,4.4290504,-6.54405,-3.9510002
1778964646381,Gyroscope,0.566775,0.8694125,1.555125
1778964646401,Accelerometer,6.6769505,-3.69705,-3.0010502
1778964646414,Accelerometer,4.728,-1.3480501,-2.3449502
1778964646436,Accelerometer,3.6340501,-0.29700002,-1.5949501
1778964646451,Accelerometer,2.4540002,-1.2019501,-0.22095
1778964646451,Gyroscope,-0.145475,1.078275,-3.6249125
1778964646475,Accelerometer,0.99600005,-4.35795,-0.50100005
1778964646496,Accelerometer,1.4790001,-6.8550005,-1.4490001
1778964646514,Accelerometer,2.0080502,-8.578951,-2.9290502
1778964646529,Accelerometer,-1.338,-10.873051,-1.3579501
1778964646530,Gyroscope,0.1808125,1.497375,-6.7524877
1778964646553,Accelerometer,-1.8930001,-12.87405,-2.63205
1778964646572,Accelerometer,-1.1770501,-17.46705,-5.019
1778964646592,Accelerometer,-9.44295,-23.361002,-4.15695
1778964646608,Accelerometer,-10.960051,-20.292002,-4.2910504
1778964646608,Gyroscope,-0.245575,1.2200375,-7.0360126
1778964646631,Accelerometer,-7.5510006,-19.000952,-4.806
1778964646650,Accelerometer,-10.956,-22.12095,-3.9150002
1778964646669,Accelerometer,-14.593051,-16.987951,-3.762
1778964646684,Accelerometer,-16.720951,-11.521951,-3.5970001
1778964646684,Gyroscope,-0.18205,1.2078,-2.916375
1778964646708,Accelerometer,-20.45895,-9.11295,-4.9690504
1778964646728,Accelerometer,-21.04305,-9.1060505,-4.9450502
1778964646747,Accelerometer,-17.688002,-11.187,-2.742
1778964646763,Accelerometer,-15.220051,-10.62405,-3.381
1778964646763,Gyroscope,-0.261525,0.133925,2.85505
1778964646786,Accelerometer,-6.0070505,-13.068001,2.223
1778964646805,Accelerometer,35.626953,-21.94395,3.3940501
1778964646815,Accelerometer,-5.40105,-25.441952,-0.79800004
1778964646840,Accelerometer,-1.1389501,-7.8870006,-3.04605
1778964646840,Gyroscope,-0.808775,1.5852375,4.586175
1778964646869,Accelerometer,-17.86095,-4.16895,-7.0969505
1778964646883,Accelerometer,-10.1629505,-4.77705,-4.119
1778964646895,Accelerometer,-6.4140005,-10.13805,-5.9599504
1778964646917,Accelerometer,-3.52605,-13.035001,-1.8390001
1778964646917,Gyroscope,-0.26633748,-1.78915,1.2227875
1778964646941,Accelerometer,-2.394,-10.474951,-2.73495
1778964646961,Accelerometer,-0.19095,-8.8279505,-2.9550002
1778964646980,Accelerometer,-1.28805,-9.502951,-1.1329501
1778964646996,Accelerometer,-1.4500501,-9.9199505,-1.8270001
1778964646996,Gyroscope,0.0097624995,0.427075,0.6791125
1778964647019,Accelerometer,-0.72705,-9.811951,-2.9220002
1778964647045,Accelerometer,-1.77795,-9.43605,-3.831
1778964647061,Accelerometer,-4.75005,-9.280951,-3.11805
1778964647076,Accelerometer,-4.45305,-8.60505,-2.7439501
1778964647076,Gyroscope,-0.0391875,-0.892375,0.1879625
1778964647098,Accelerometer,-1.194,-9.06495,-1.677
1778964647116,Accelerometer,1.269,-9.417001,-1.7629501
1778964647136,Accelerometer,0.47100002,-9.469951,-2.4499502
1778964647150,Accelerometer,-1.43805,-9.53205,-3.28305
1778964647151,Gyroscope,-0.0867625,-0.0358875,0.75116247
1778964647175,Accelerometer,-2.38395,-9.61305,-2.7469501
1778964647196,Accelerometer,-2.7910502,-8.811001,-1.8750001
1778964647213,Accelerometer,-2.1019502,-8.871,-1.8370501
1778964647228,Accelerometer,-0.88995004,-10.72395,-3.0630002
1778964647228,Gyroscope,-0.0977625,-0.870375,1.0725
1778964647252,Accelerometer,-0.91200006,-10.894051,-3.4819503
1778964647277,Accelerometer,-0.96900004,-10.485001,-4.08795
1778964647295,Accelerometer,-1.4620501,-11.81595,-3.3450003
1778964647309,Accelerometer,-2.35095,-12.90795,-2.89995
1778964647309,Gyroscope,0.2699125,-0.8226625,1.9705125
1778964647330,Accelerometer,-2.4150002,-13.729051,-3.79605
1778964647349,Accelerometer,-2.2090502,-14.874001,-4.2120004
1778964647369,Accelerometer,-1.2400501,-15.727951,-3.1420503
1778964647383,Accelerometer,0.38700002,-17.26095,-3.2620502
1778964647384,Gyroscope,0.6560125,-0.9351375,2.6338124
1778964647408,Accelerometer,3.2059503,-18.027,-5.2270503
1778964647428,Accelerometer,5.84595,-19.155,-7.0129504
1778964647447,Accelerometer,6.0280504,-18.132,-5.8570504
1778964647459,Accelerometer,2.5540502,-17.785051,-5.0719504
1778964647460,Gyroscope,-0.04895,-2.54045,3.2825375
1778964647485,Accelerometer,-1.02405,-20.886002,-4.12095
1778964647509,Accelerometer,-7.0870504,-17.991001,-1.95
1778964647526,Accelerometer,-0.58605003,-10.878,-3.9799502
1778964647542,Accelerometer,4.158,-5.11905,-3.5490003
1778964647542,Gyroscope,0.637725,1.238325,2.04985
1778964647563,Accelerometer,9.559951,-2.502,-4.191
1778964647582,Accelerometer,6.10305,0.33900002,-3.6520503
1778964647602,Accelerometer,3.9190502,-0.19905001,-0.73305005
1778964647616,Accelerometer,2.3170502,-2.56005,2.4190502
1778964647617,Gyroscope,-0.42515,1.0025125,-3.788675
1778964647641,Accelerometer,2.4510002,-6.5059505,0.62295
1778964647660,Accelerometer,2.7460501,-9.21105,-0.75705004
1778964647680,Accelerometer,0.16005,-10.02495,-1.18095
1778964647694,Accelerometer,-2.5759501,-11.706,-0.91800004
1778964647694,Gyroscope,-0.1027125,1.8272375,-6.488625
1778964647718,Accelerometer,-1.6369501,-13.498951,-1.6840501
1778964647741,Accelerometer,-2.50395,-18.21405,-3.73095
1778964647760,Accelerometer,-7.9800005,-22.023,-3.288
1778964647775,Accelerometer,-8.109,-20.172,-3.8530502
1778964647775,Gyroscope,-0.3738625,0.6469375,-7.1643
1778964647796,Accelerometer,-5.925,-20.505001,-3.3000002
1778964647815,Accelerometer,-7.7640004,-22.485,-1.8919501
1778964647835,Accelerometer,-13.10805,-19.04895,-2.01195
1778964647860,Accelerometer,-17.95395,-12.70695,-2.26305
1778964647861,Gyroscope,-0.32505,1.0635625,-2.9236624
1778964647880,Accelerometer,-20.656952,-8.376,-2.6869502
1778964647893,Accelerometer,-20.35605,-10.392,-2.4430501
1778964647913,Accelerometer,-16.879051,-12.70005,-1.2580501
1778964647927,Accelerometer,-14.788951,-11.839951,-1.866
1778964647927,Gyroscope,-0.0207625,0.1986875,2.99915
1778964647952,Accelerometer,-7.2060003,-11.424001,-3.0679502
1778964647973,Accelerometer,25.729052,-17.019001,3.8839502
1778964647991,Accelerometer,0.66495,-28.179,0.94395006
1778964648006,Accelerometer,-1.5010501,-13.686001,-1.64295
1778964648006,Gyroscope,-0.736725,0.1681625,5.1591372
1778964648029,Accelerometer,-4.7590504,-3.8410501,-0.609
1778964648048,Accelerometer,-10.5060005,2.1730502,-7.10895
1778964648072,Accelerometer,-9.543,-8.31105,-4.15695
1778964648090,Accelerometer,-4.46505,-17.320951,-1.03005
1778964648091,Gyroscope,-0.4093375,-0.7458,1.8117
1778964648097,Accelerometer,-2.2020001,-12.67605,-5.02605
1778964648126,Accelerometer,-1.659,-6.1920004,-3.42705
1778964648146,Accelerometer,-2.4100502,-7.6090503,-1.74405
1778964648160,Accelerometer,-3.73005,-10.123051,-2.3490002
1778964648161,Gyroscope,0.0793375,-0.0188375,0.7060625
1778964648177,Accelerometer,-3.4380002,-10.50405,-2.637
1778964648205,Accelerometer,-3.0589502,-9.72795,-2.7919502
1778964648223,Accelerometer,-2.736,-9.142051,-3.3600001
1778964648241,Accelerometer,-3.7030501,-9.396001,-2.8210502
1778964648242,Gyroscope,0.1428625,-0.4415125,0.12815
1778964648259,Accelerometer,-3.2719502,-9.040951,-2.8519502
1778964648282,Accelerometer,-0.84000003,-8.875951,-2.25105
1778964648306,Accelerometer,0.624,-9.417001,-1.542
1778964648324,Accelerometer,-0.27195,-9.771001,-2.56005
1778964648324,Gyroscope,-0.066,-0.291225,0.44701248
1778964648341,Accelerometer,-2.9280002,-9.5130005,-3.384
1778964648359,Accelerometer,-4.1200504,-10.012951,-3.1249502
1778964648379,Accelerometer,-0.61695004,-8.221951,-2.5189502
1778964648393,Accelerometer,0.89505005,-9.007951,-2.1049502
1778964648394,Gyroscope,-0.074525,-1.1232375,0.842875
1778964648418,Accelerometer,1.3240501,-11.92605,-2.124
1778964648437,Accelerometer,-1.16295,-11.859,-2.7160501
1778964648457,Accelerometer,-2.1349502,-9.616051,-3.0370502
1778964648473,Accelerometer,-2.91105,-10.31295,-2.7900002
1778964648473,Gyroscope,0.2699125,-0.622325,1.85075
1778964648495,Accelerometer,-2.463,-12.489,-3.6709502
1778964648515,Accelerometer,-2.2020001,-14.128951,-4.3840504
1778964648540,Accelerometer,-2.6590502,-15.1039505,-3.6490502
1778964648556,Accelerometer,-2.23305,-15.838951,-3.1990502
1778964648557,Gyroscope,0.599775,-1.07195,2.4652374
1778964648576,Accelerometer,-0.22500001,-18.118052,-3.9540002
1778964648593,Accelerometer,4.125,-19.58805,-6.25395
1778964648612,Accelerometer,6.7249503,-18.688051,-7.14795
1778964648630,Accelerometer,6.29895,-17.349,-6.5179505
1778964648630,Gyroscope,-0.121,-2.4476376,3.0749125
1778964648659,Accelerometer,1.98705,-18.685051,-5.4310503
1778964648670,Accelerometer,-0.37995002,-21.384,-4.5739503
1778964648690,Accelerometer,-5.77005,-16.392,-1.53495
1778964648704,Accelerometer,0.648,-10.779,-1.45905
1778964648704,Gyroscope,0.2773375,1.2298,3.658875
1778964648729,Accelerometer,4.7400002,-5.26305,-3.3259501
1778964648738,Accelerometer,7.6969504,-2.1700501,-2.8159502
1778964648768,Accelerometer,4.96995,0.26205,-3.62805
1778964648788,Accelerometer,3.2410502,0.22095,-2.9239502
1778964648788,Gyroscope,-0.5803875,1.4289,-2.679325
1778964648807,Accelerometer,1.4070001,-2.84205,-1.1520001
1778964648818,Accelerometer,1.659,-5.6290503,0.16800001
1778964648845,Accelerometer,1.302,-7.8850503,-1.3630501
1778964648860,Accelerometer,0.20805001,-10.297951,-1.5139501
1778964648860,Gyroscope,0.1111,1.5376625,-6.0781875
1778964648884,Accelerometer,-2.19,-12.666,-1.3800001
1778964648904,Accelerometer,-2.904,-13.116,-3.147
1778964648923,Accelerometer,-3.0040503,-17.445002,-4.1790004
1778964648938,Accelerometer,-7.3360505,-22.150051,-3.2590501
1778964648938,Gyroscope,-0.16733749,0.74965,-7.3279247
1778964648961,Accelerometer,-7.1389503,-19.573952,-4.092
1778964648984,Accelerometer,-6.74205,-19.035002,-3.5989501
1778964649003,Accelerometer,-10.024051,-20.826,-1.593
1778964649021,Accelerometer,-12.474001,-18.862951,-1.1689501
1778964649021,Gyroscope,-0.4068625,0.968275,-4.401925
1778964649039,Accelerometer,-16.48905,-14.47605,-0.975
1778964649059,Accelerometer,-19.506,-9.525001,-2.6580002
1778964649078,Accelerometer,-21.249,-9.967951,-2.601
1778964649093,Accelerometer,-17.848951,-11.941051,-0.76905006
1778964649093,Gyroscope,-0.07205,0.2327875,1.5148375
1778964649117,Accelerometer,-15.4140005,-11.26095,-1.4779501
1778964649136,Accelerometer,-9.361051,-10.626,-2.8950002
1778964649156,Accelerometer,23.260052,-17.148,4.28205
1778964649170,Accelerometer,1.7400001,-29.71095,-0.08205
1778964649171,Gyroscope,-0.198,-1.7414374,2.2831874
1778964649195,Accelerometer,-1.659,-13.477951,-1.4830501
1778964649218,Accelerometer,-6.74205,-6.8599505,-2.457
1778964649236,Accelerometer,-11.596951,-0.28095,-5.505
1778964649253,Accelerometer,-9.526051,-6.2470503,-5.5669503
1778964649253,Gyroscope,-0.71225,-0.075075,2.3541374
1778964649272,Accelerometer,-4.72095,-14.72805,-2.0380502
1778964649292,Accelerometer,-1.692,-12.834001,-3.93705
1778964649311,Accelerometer,-2.0080502,-7.6450505,-2.8140001
1778964649326,Accelerometer,-1.302,-7.7220006,-2.838
1778964649327,Gyroscope,-0.195525,-0.7896625,0.9821625
1778964649352,Accelerometer,-3.4620001,-9.634951,-2.53095
1778964649369,Accelerometer,-3.8230503,-9.918,-3.1920002
1778964649385,Accelerometer,-2.90805,-9.642,-3.5130002
1778964649403,Accelerometer,-3.04305,-9.508051,-4.0090504
1778964649403,Gyroscope,0.0182875,-0.0603625,0.2784375
1778964649428,Accelerometer,-4.1730003,-9.160951,-3.63
1778964649447,Accelerometer,-3.2370002,-8.99295,-3.0630002
1778964649464,Accelerometer,0.20505,-9.096001,-2.86905
1778964649480,Accelerometer,1.89795,-9.41205,-2.7520502
1778964649481,Gyroscope,-0.057475,-0.423225,0.180675
1778964649505,Accelerometer,-0.86595005,-9.657001,-2.3160002
1778964649525,Accelerometer,-2.9160001,-9.229951,-2.18205
1778964649540,Accelerometer,-2.5159502,-8.47605,-3.11805
1778964649559,Accelerometer,-0.70095,-8.227051,-3.0289502
1778964649560,Gyroscope,-0.1588125,-0.8556625,0.6045875
1778964649588,Accelerometer,-0.07095,-9.77595,-2.8549502
1778964649603,Accelerometer,-0.87105006,-11.674951,-2.62695
1778964649620,Accelerometer,-1.539,-10.600051,-4.15695
1778964649637,Accelerometer,-1.5130501,-9.68805,-4.425
1778964649637,Gyroscope,0.07205,-0.6650875,1.4353625
1778964649661,Accelerometer,-1.4599501,-10.722,-3.69705
1778964649682,Accelerometer,-1.7590501,-12.594001,-3.35295
1778964649700,Accelerometer,-1.5370501,-13.918051,-4.5930004
1778964649717,Accelerometer,-1.932,-14.863951,-4.38
1778964649717,Gyroscope,0.3408625,-0.958375,2.394425
1778964649739,Accelerometer,-2.2690501,-16.654951,-3.1390502
1778964649758,Accelerometer,0.22695,-18.48405,-3.2209501
1778964649784,Accelerometer,4.08705,-18.798,-5.196
1778964649801,Accelerometer,7.9579506,-19.07805,-5.44005
1778964649802,Gyroscope,0.2088625,-1.8172,2.8342874
1778964649820,Accelerometer,8.526,-17.92395,-4.27005
1778964649836,Accelerometer,4.7860503,-17.08395,-3.48705
1778964649855,Accelerometer,-1.23,-18.736052,-1.00605
1778964649870,Accelerometer,-10.300051,-17.85,-1.116
1778964649870,Gyroscope,0.488675,0.465025,4.011975
1778964649894,Accelerometer,-3.9619503,-9.858001,-3.3649502
1778964649916,Accelerometer,3.69195,-4.806,-4.2169504
1778964649933,Accelerometer,8.82495,-2.7919502,-3.4080002
1778964649948,Accelerometer,6.1150503,-1.13505,-3.6139503
1778964649949,Gyroscope,0.035475,0.12045,-1.956075
1778964649972,Accelerometer,4.51305,-0.546,-2.8900502
1778964649991,Accelerometer,3.5689502,-1.60695,-0.372
1778964650015,Accelerometer,2.7960002,-4.5930004,-0.906
1778964650020,Accelerometer,1.45305,-8.775001,-0.81495005
1778964650032,Gyroscope,-0.079475,1.2590874,-5.07265
1778964650049,Accelerometer,-0.59805006,-10.2619505,-1.059
1778964650069,Accelerometer,-0.92805004,-10.272,-1.24995
1778964650089,Accelerometer,-1.9459502,-11.92905,-1.4989501
1778964650100,Accelerometer,-1.7160001,-16.473001,-2.59395
1778964650103,Gyroscope,-0.0952875,0.526075,-6.8454375
1778964650128,Accelerometer,-3.2940001,-22.380001,-3.2070003
1778964650147,Accelerometer,-8.20005,-22.64595,-3.5149503
1778964650166,Accelerometer,-8.02005,-20.66295,-3.3739502
1778964650181,Accelerometer,-9.579,-21.132002,-1.6669501
1778964650181,Gyroscope,-0.2431,1.2738,-5.1544623
1778964650205,Accelerometer,-12.706051,-19.090052,-1.26705
1778964650224,Accelerometer,-16.95795,-12.760051,-3.04605
1778964650247,Accelerometer,-21.379951,-8.977051,-5.3880005
1778964650264,Accelerometer,-22.91505,-10.38405,-3.89595
1778964650265,Gyroscope,-0.00495,0.8987,0.412775
1778964650284,Accelerometer,-18.213001,-11.385,-3.1630502
1778964650302,Accelerometer,-15.12705,-10.156951,-3.66405
1778964650322,Accelerometer,-5.6719503,-12.39105,-0.27600002
1778964650336,Accelerometer,30.141,-19.789051,-0.11505
1778964650336,Gyroscope,0.9431125,-1.144,0.318725
1778964650361,Accelerometer,-5.3650503,-26.48595,-2.979
1778964650379,Accelerometer,2.04705,-10.746,-1.1740501
1778964650399,Accelerometer,-4.683,-2.5770001,-1.2600001
1778964650413,Accelerometer,-11.20695,0.82905006,-7.1910005
1778964650414,Gyroscope,-0.88825,0.3672625,2.54595
1778964650438,Accelerometer,-9.0,-9.280951,-3.726
1778964650457,Accelerometer,-4.6660504,-19.392,-1.28205
1778964650481,Accelerometer,-2.25,-10.30095,-4.4869504
1778964650497,Accelerometer,-0.25995,-6.5610003,-2.9620502
1778964650497,Gyroscope,-0.2382875,-0.986425,1.3938375
1778964650518,Accelerometer,-2.0299501,-8.656051,-1.7509501
1778964650536,Accelerometer,-4.50105,-10.04895,-2.32305
1778964650555,Accelerometer,-3.8899503,-9.86505,-3.5149503
1778964650569,Accelerometer,-3.25095,-9.5779505,-2.907
1778964650570,Gyroscope,0.041525,0.38073748,0.51301247
1778964650594,Accelerometer,-2.79795,-9.36705,-2.80695
1778964650613,Accelerometer,-3.5410502,-8.95695,-2.76795
1778964650633,Accelerometer,-3.3370502,-8.965051,-2.33295
1778964650647,Accelerometer,-1.1179501,-9.81,-1.6309501
1778964650647,Gyroscope,-0.1172875,-0.5245625,0.20515
1778964650665,Accelerometer,1.302,-9.472051,-2.7900002
1778964650691,Accelerometer,-0.89505005,-8.689051,-2.2080002
1778964650711,Accelerometer,-3.4759502,-9.048,-2.5170002
1778964650730,Accelerometer,-3.55995,-9.168,-3.18
1778964650730,Gyroscope,-0.1148125,-0.69685,0.489775
1778964650749,Accelerometer,-2.2480502,-9.052951,-2.7439501
1778964650769,Accelerometer,-0.75105006,-9.06495,-2.4070501
1778964650788,Accelerometer,-0.53595,-11.577001,-1.6309501
1778964650803,Accelerometer,-1.4959501,-11.814,-2.7850502
1778964650803,Gyroscope,0.066,-0.5135625,1.0847375
1778964650822,Accelerometer,-0.58395004,-9.94095,-4.0950003
1778964650847,Accelerometer,-1.1220001,-10.39605,-3.2899501
1778964650866,Accelerometer,-2.085,-13.075951,-2.80905
1778964650880,Accelerometer,-1.9939501,-14.233951,-3.8530502
1778964650880,Gyroscope,0.3994375,-0.534325,2.2331374
1778964650902,Accelerometer,-1.2559501,-14.397,-4.0350003
1778964650924,Accelerometer,-2.2380002,-16.416,-3.48705
1778964650945,Accelerometer,0.076050006,-18.514952,-3.0960002
1778964650962,Accelerometer,3.5359502,-18.730951,-5.0209503
1778964650962,Gyroscope,0.6109125,-1.1147125,2.81105
1778964650982,Accelerometer,7.4290504,-19.452002,-6.3499503
1778964651002,Accelerometer,7.5100503,-17.64405,-4.401
1778964651021,Accelerometer,2.6839502,-15.328951,-3.9300003
1778964651036,Accelerometer,0.07095,-18.231,-2.16
1778964651036,Gyroscope,0.4104375,-1.6889125,3.4975874
1778964651060,Accelerometer,-8.722051,-19.011002,0.54
1778964651079,Accelerometer,-6.2440505,-11.58195,-3.07695
1778964651099,Accelerometer,4.66095,-4.01805,-3.5460002
1778964651113,Accelerometer,8.443951,-2.2750502,-2.77095
1778964651113,Gyroscope,0.455675,0.95617497,-0.8309125
1778964651138,Accelerometer,3.8400002,-0.87195003,-3.8820002
1778964651162,Accelerometer,2.6809502,-0.20595,-2.8570502
1778964651178,Accelerometer,2.39595,-1.7310001,-1.10895
1778964651196,Accelerometer,0.70605004,-4.3170004,-1.485
1778964651196,Gyroscope,-0.1442375,1.5021875,-3.910775
1778964651215,Accelerometer,0.07095,-6.5509505,-2.36595
1778964651235,Accelerometer,0.48600003,-7.5040503,-3.11595
1778964651255,Accelerometer,-0.19305001,-8.99295,-2.94105
1778964651280,Accelerometer,-1.8259501,-10.26,-2.33295
1778964651280,Gyroscope,-0.3408625,0.5798375,-6.5289125
1778964651297,Accelerometer,-0.82995003,-13.774951,-3.2640002
1778964651308,Accelerometer,-2.38395,-20.589,-3.0700502
1778964651332,Accelerometer,-7.5610504,-21.903002,-2.67
1778964651346,Accelerometer,-5.8180504,-20.917051,-2.871
1778964651347,Gyroscope,-0.841775,1.7502375,-6.113525
1778964651371,Accelerometer,-5.8560004,-21.580051,-2.0359502
1778964651383,Accelerometer,-10.905001,-19.72005,-2.3470502
1778964651410,Accelerometer,-15.8880005,-15.496051,-3.7570503
1778964651428,Accelerometer,-20.35095,-10.689,-4.8439503
1778964651429,Gyroscope,-0.37015,1.3751374,-2.4154625
1778964651448,Accelerometer,-23.382002,-9.805051,-4.2979503
1778964651463,Accelerometer,-18.400051,-12.184951,-1.4629501
1778964651487,Accelerometer,-14.710051,-12.252001,-1.3960501
1778964651510,Accelerometer,-10.73505,-11.737051,-2.19405
1778964651511,Gyroscope,-0.0292875,0.36355,3.3460624
1778964651532,Accelerometer,11.3560505,-15.217951,2.29695
1778964651543,Accelerometer,8.092051,-28.015951,-0.36900002
1778964651565,Accelerometer,-5.88705,-18.867,0.08205
1778964651579,Accelerometer,-4.4620504,-8.23005,0.12795001
1778964651580,Gyroscope,-0.5412,1.2993749,3.9472125
1778964651604,Accelerometer,-5.58795,0.47700003,-4.413
1778964651625,Accelerometer,-12.181951,-2.325,-8.512051
1778964651643,Accelerometer,-6.19605,-12.925051,-1.29795
1778964651660,Accelerometer,-3.1309502,-18.525002,-1.9300501
1778964651660,Gyroscope,-0.1661,-0.959475,1.5343624
1778964651681,Accelerometer,-2.5540502,-7.3050003,-4.93305
1778964651701,Accelerometer,-0.16695,-6.1080003,-2.33295
1778964651725,Accelerometer,-2.13,-9.502951,-1.11195
1778964651744,Accelerometer,-3.7030501,-10.744051,-3.0030003
1778964651744,Gyroscope,-0.03795,0.3905,0.848925
1778964651761,Accelerometer,-4.704,-9.925051,-3.39105
1778964651779,Accelerometer,-3.5530503,-8.72295,-3.73305
1778964651798,Accelerometer,-3.5670002,-9.01305,-3.5800502
1778964651813,Accelerometer,-4.09095,-9.292951,-3.2590501
1778964651813,Gyroscope,0.0048125,-0.8190875,0.037675
1778964651837,Accelerometer,-2.214,-9.525001,-2.32995
1778964651857,Accelerometer,0.45900002,-9.73095,-1.81095
1778964651876,Accelerometer,0.72,-9.408,-2.079
1778964651890,Accelerometer,-2.42205,-9.23505,-2.76795
1778964651891,Gyroscope,-0.124575,-0.0028875,0.49225
1778964651915,Accelerometer,-3.9090002,-8.766001,-2.766
1778964651935,Accelerometer,-2.9659503,-8.16705,-3.7860003
1778964651944,Accelerometer,-1.0390501,-8.871,-4.09695
1778964651969,Accelerometer,-0.43500003,-10.102051,-2.9980502
1778964651969,Gyroscope,-0.1087625,-1.1037124,0.8734
1778964651997,Accelerometer,-1.5169501,-11.344951,-3.04395
1778964652012,Accelerometer,-1.98705,-10.243051,-3.6370502
1778964652023,Accelerometer,-1.52505,-9.8890505,-4.143
1778964652046,Accelerometer,-1.8840001,-10.96395,-2.6250002
1778964652046,Gyroscope,0.1331,-0.9216625,1.72865
1778964652071,Accelerometer,-2.2810502,-12.823951,-3.42
1778964652091,Accelerometer,-1.67805,-14.359051,-4.53795
1778964652107,Accelerometer,-1.218,-16.20705,-4.15005
1778964652124,Accelerometer,0.31095,-19.215,-4.32
1778964652125,Gyroscope,0.61448747,-0.6846125,2.6497624
1778964652148,Accelerometer,3.1980002,-19.75605,-4.9690504
1778964652168,Accelerometer,5.6290503,-19.425001,-5.3970003
1778964652190,Accelerometer,8.08005,-19.48995,-4.65
1778964652207,Accelerometer,5.3170505,-18.25695,-4.64295
1778964652207,Gyroscope,-0.1783375,-2.8458376,3.023625
1778964652227,Accelerometer,0.70095,-18.906,-4.6789503
1778964652245,Accelerometer,-9.141001,-20.292002,-0.13695
1778964652265,Accelerometer,-4.77405,-12.034051,-5.2060504
1778964652279,Accelerometer,3.3060002,-6.0199504,-4.56405
1778964652280,Gyroscope,0.2553375,1.1760375,2.4066625
1778964652304,Accelerometer,7.9819503,-3.4360502,-3.6160502
1778964652323,Accelerometer,5.0869503,-0.82605004,-2.8210502
1778964652342,Accelerometer,2.7580502,-0.22500001,-1.91805
1778964652356,Accelerometer,3.0589502,-1.60905,-0.04095
1778964652357,Gyroscope,-0.8600625,0.6628875,-3.256
1778964652381,Accelerometer,1.8720001,-4.2190504,0.70005006
1778964652405,Accelerometer,1.98195,-6.9889503,0.18300001
1778964652424,Accelerometer,1.98705,-8.092951,-0.86505
1778964652438,Accelerometer,0.96900004,-9.52005,-1.2859501
1778964652439,Gyroscope,-0.118525,1.2993749,-6.515575
1778964652460,Accelerometer,-1.3620001,-12.175051,-0.25905
1778964652480,Accelerometer,-1.12695,-15.111001,-2.4139502
1778964652506,Accelerometer,-3.3610501,-21.15405,-3.7159503
1778964652512,Accelerometer,-9.59805,-23.340002,-3.3019502
1778964652513,Gyroscope,-0.077,0.912175,-7.53445
1778964652537,Accelerometer,-9.47595,-21.550951,-3.4290001
1778964652556,Accelerometer,-8.04705,-21.17505,-2.3730001
1778964652575,Accelerometer,-13.399951,-21.41295,-2.151
1778964652587,Accelerometer,-18.423,-14.910001,-2.457
1778964652590,Gyroscope,-0.0587125,1.646425,-3.258475
1778964652614,Accelerometer,-22.372051,-8.79705,-3.1920002
1778964652638,Accelerometer,-24.471,-8.698951,-3.8910003
1778964652655,Accelerometer,-20.202002,-11.898001,-2.0380502
1778964652673,Accelerometer,-15.913951,-11.634001,-1.9260001
1778964652673,Gyroscope,-0.030524999,0.0056375,3.26425
1778964652692,Accelerometer,-3.4450502,-12.30195,0.64995
1778964652705,Accelerometer,38.26995,-21.028952,-1.21695
1778964652731,Accelerometer,-5.2330503,-24.357,-1.0849501
1778964652746,Accelerometer,0.17400001,-13.011001,-3.4290001
1778964652746,Gyroscope,-0.8980125,1.2065625,5.403475
1778964652770,Accelerometer,-10.498051,-4.6090503,-2.4480002
1778964652789,Accelerometer,-12.936001,3.288,-7.1040006
1778964652809,Accelerometer,-8.095051,-7.38705,-4.701
1778964652823,Accelerometer,-4.3500004,-17.02395,-1.27005
1778964652823,Gyroscope,-0.33605,-1.6644375,1.2716
1778964652848,Accelerometer,-1.8960001,-13.633051,-3.2380502
1778964652869,Accelerometer,0.38700002,-7.7410502,-3.3670502
1778964652887,Accelerometer,-1.2420001,-8.17695,-1.8589501
1778964652904,Accelerometer,-4.3120503,-9.20205,-2.601
1778964652904,Gyroscope,0.0537625,0.34155,0.72435
1778964652925,Accelerometer,-4.5529504,-9.958051,-3.1630502
1778964652944,Accelerometer,-3.081,-10.120951,-2.766
1778964652964,Accelerometer,-2.4100502,-9.27795,-3.89595
1778964652986,Accelerometer,-3.9,-9.156,-2.8519502
1778964652986,Gyroscope,0.088,-1.1537625,0.0328625
1778964653007,Accelerometer,-2.8200002,-9.036,-2.1390002
1778964653019,Accelerometer,0.873,-9.184951,-1.9020001
1778964653041,Accelerometer,1.029,-9.21105,-1.7389501
1778964653056,Accelerometer,-1.98405,-9.23805,-2.2390501
1778964653057,Gyroscope,0.0122375,-0.092125,0.6180625
1778964653081,Accelerometer,-3.6840003,-9.307051,-2.46195
1778964653101,Accelerometer,-3.6120002,-9.19005,-2.7490501
1778964653120,Accelerometer,-1.95105,-9.41205,-2.505
1778964653137,Accelerometer,-0.282,-10.240951,-1.746
1778964653137,Gyroscope,-0.002475,-0.9449,0.83187497
1778964653158,Accelerometer,-0.40605003,-10.959001,-2.2369502
1778964653178,Accelerometer,-0.96195006,-11.29395,-3.0700502
1778964653202,Accelerometer,-2.07795,-11.967001,-3.2070003
1778964653220,Accelerometer,-1.98705,-11.692051,-1.75995
1778964653220,Gyroscope,0.3273875,-0.5209875,1.781175
1778964653226,Accelerometer,-1.62495,-12.973051,-3.3619502
1778964653256,Accelerometer,-1.02195,-14.31795,-4.53795
1778964653275,Accelerometer,-1.3980001,-14.926051,-3.9919503
1778964653289,Accelerometer,-0.93795,-16.744051,-3.8770502
1778964653290,Gyroscope,0.670725,-0.9669,2.675475
1778964653306,Accelerometer,2.5140002,-18.312,-5.5290003
1778964653333,Accelerometer,6.4069505,-18.94395,-6.8029504
1778964653354,Accelerometer,7.80705,-18.441,-6.35505
1778964653369,Accelerometer,4.0339503,-17.407051,-5.091
1778964653370,Gyroscope,-0.2187625,-2.6833124,3.2214875
1778964653387,Accelerometer,-2.07795,-19.794,-4.2769504
1778964653411,Accelerometer,-5.05905,-19.309952,-0.07005
1778964653435,Accelerometer,-3.3610501,-11.74695,-5.21505
1778964653452,Accelerometer,4.1130004,-7.3630505,-2.6920502
1778964653452,Gyroscope,0.433675,0.8204625,2.2636626
1778964653474,Accelerometer,5.43195,-3.2730002,-3.18705
1778964653488,Accelerometer,4.6249504,-0.82605004,-2.562
1778964653508,Accelerometer,1.5150001,-0.08400001,-3.0889502
1778964653522,Accelerometer,2.19495,-0.72300005,-2.8860002
1778964653523,Gyroscope,-0.5082,2.193675,-2.9761875
1778964653547,Accelerometer,2.6260502,-3.3330002,-1.2580501
1778964653566,Accelerometer,1.8720001,-5.9329505,-1.3050001
1778964653585,Accelerometer,0.522,-8.46195,-1.7010001
1778964653602,Accelerometer,-0.76995003,-10.33905,-1.8780001
1778964653602,Gyroscope,0.077,1.43385,-6.256525
1778964653624,Accelerometer,-1.074,-12.144001,-1.5979501
1778964653644,Accelerometer,-2.29095,-14.143051,-3.5490003
1778964653669,Accelerometer,-3.1260002,-19.854,-4.3840504
1778964653684,Accelerometer,-6.2509503,-22.77,-3.72795
1778964653685,Gyroscope,-0.5168625,0.8119375,-7.172825
1778964653704,Accelerometer,-6.8569503,-21.77205,-3.38595
1778964653722,Accelerometer,-8.04705,-22.33695,-1.9849501
1778964653741,Accelerometer,-11.18805,-20.10795,-0.83400005
1778964653756,Accelerometer,-15.787051,-14.272951,-1.8030001
1778964653756,Gyroscope,-0.2382875,1.277375,-3.5833874
1778964653780,Accelerometer,-19.233002,-9.51105,-2.4400501
1778964653799,Accelerometer,-20.748001,-10.05195,-2.5819502
1778964653819,Accelerometer,-18.021,-12.385951,-0.95100003
1778964653834,Accelerometer,-14.86095,-11.755951,-0.99405
1778964653835,Gyroscope,0.0317625,0.0031625,2.427425
1778964653857,Accelerometer,-12.616951,-10.948951,-1.8610501
1778964653867,Accelerometer,-1.7659501,-9.71205,-4.1670003
1778964653897,Accelerometer,32.47095,-15.831,2.2729502
1778964653918,Accelerometer,-3.1309502,-30.610952,-0.97695005
1778964653918,Gyroscope,-0.60225,-1.7804875,3.38525
1778964653938,Accelerometer,0.94500005,-15.010051,-2.6490002
1778964653947,Accelerometer,-5.05095,-5.064,-1.34895
1778964653974,Accelerometer,-8.724,3.4009502,-5.4
1778964653989,Accelerometer,-12.43305,-4.95195,-5.3569503
1778964653989,Gyroscope,-0.8014875,0.0581625,2.5557125
1778964654013,Accelerometer,-4.84305,-18.05805,-1.0519501
1778964654032,Accelerometer,-4.053,-14.545951,-5.1199503
1778964654052,Accelerometer,-2.52795,-6.69705,-3.1900501
1778964654066,Accelerometer,-1.8000001,-7.0609503,-1.6020001
1778964654066,Gyroscope,-0.091575,-0.7555625,1.030975
1778964654091,Accelerometer,-3.21,-9.637051,-2.3710501
1778964654114,Accelerometer,-3.66,-10.66905,-3.5460002
1778964654133,Accelerometer,-3.3390002,-10.107,-3.00495
1778964654148,Accelerometer,-2.2690501,-9.451051,-3.1750503
1778964654148,Gyroscope,0.0647625,-0.2558875,0.3920125
1778964654169,Accelerometer,-3.2440503,-9.075001,-3.31905
1778964654188,Accelerometer,-2.8609502,-8.89995,-2.9620502
1778964654207,Accelerometer,-0.48105,-9.22305,-2.7130501
1778964654222,Accelerometer,0.354,-9.262051,-2.2099502
1778964654222,Gyroscope,0.011,-0.47079998,0.3994375
1778964654247,Accelerometer,-1.728,-9.304951,-2.0640001
1778964654266,Accelerometer,-3.5119503,-9.37395,-2.46705
1778964654285,Accelerometer,-3.7200003,-9.570001,-3.1950002
1778964654299,Accelerometer,-2.0680501,-9.00105,-2.73705
1778964654300,Gyroscope,-0.024475,-0.9436625,0.528825
1778964654324,Accelerometer,-0.43995002,-9.625051,-2.457
1778964654348,Accelerometer,-0.43500003,-10.794001,-2.6440501
1778964654364,Accelerometer,-1.1149501,-11.09805,-3.51795
1778964654382,Accelerometer,-2.04195,-11.890051,-3.28095
1778964654382,Gyroscope,0.1563375,-0.6260375,1.5416499
1778964654402,Accelerometer,-2.23095,-12.120001,-1.72395
1778964654416,Accelerometer,-1.14195,-12.882001,-3.0199502
1778964654441,Accelerometer,-0.38700002,-14.373001,-4.1740503
1778964654455,Accelerometer,-1.05495,-14.99295,-4.57095
1778964654455,Gyroscope,0.46667498,-0.8581375,2.519
1778964654480,Accelerometer,-1.5510001,-16.243052,-4.49205
1778964654499,Accelerometer,1.539,-18.625952,-6.1660504
1778964654514,Accelerometer,6.4830003,-19.116001,-6.8170505
1778964654533,Accelerometer,6.90705,-18.802952,-5.8500004
1778964654533,Gyroscope,0.014712499,-2.636975,2.9453876
1778964654557,Accelerometer,3.3970501,-18.82695,-3.8509502
1778964654579,Accelerometer,-0.24795002,-19.40595,-4.842
1778964654598,Accelerometer,-0.99105006,-17.685001,-1.4610001
1778964654614,Accelerometer,-7.1179504,-14.332951,-4.7920504
1778964654615,Gyroscope,-0.146575,0.8314625,4.2733626
1778964654635,Accelerometer,3.2290502,-6.05595,-2.7829502
1778964654654,Accelerometer,7.0600505,-3.4699502,-2.433
1778964654669,Accelerometer,4.98,-1.3270501,-3.00795
1778964654688,Accelerometer,2.5180502,0.216,-2.871
1778964654689,Gyroscope,-0.554675,1.2628,-2.1784124
1778964654719,Accelerometer,1.7230501,-0.79095006,-1.1689501
1778964654730,Accelerometer,1.8019501,-3.1369503,0.02205
1778964654749,Accelerometer,2.193,-6.0820503,-1.212
1778964654766,Accelerometer,0.17895001,-8.845051,-1.3800001
1778964654766,Gyroscope,0.2382875,1.3275625,-5.85695
1778964654790,Accelerometer,-2.2840502,-11.380051,0.16395001
1778964654811,Accelerometer,-2.085,-11.538,-1.42305
1778964654829,Accelerometer,-1.23195,-14.035951,-2.8210502
1778964654845,Accelerometer,-4.4290504,-20.33505,-2.9860501
1778964654845,Gyroscope,0.0048125,0.8327,-7.4097376
1778964654868,Accelerometer,-6.459,-21.87,-3.6850502
1778964654882,Accelerometer,-6.696,-21.432001,-4.40595
1778964654907,Accelerometer,-10.1320505,-22.219051,-2.8519502
1778964654930,Accelerometer,-12.061951,-19.389002,-2.22
1778964654930,Gyroscope,-0.1698125,1.2628,-4.583975
1778964654952,Accelerometer,-16.149,-14.742001,-2.4430501
1778964654965,Accelerometer,-19.51305,-9.25905,-3.5320501
1778964654984,Accelerometer,-21.886051,-9.03195,-4.06395
1778964654999,Accelerometer,-18.486,-12.372001,-1.62405
1778964655000,Gyroscope,-0.0292875,-0.335225,1.195975
1778964655024,Accelerometer,-15.136051,-12.019951,-1.3219501
1778964655044,Accelerometer,-13.731001,-10.866,-2.5480502
1778964655062,Accelerometer,10.969951,-13.234051,2.9890501
1778964655079,Accelerometer,11.854051,-22.25805,-3.49095
1778964655079,Gyroscope,0.587675,-2.1813,-0.02695
1778964655101,Accelerometer,-5.76,-21.85095,-1.746
1778964655120,Accelerometer,0.246,-10.8490505,-2.5530002
1778964655143,Accelerometer,-13.61295,-5.2920003,-4.5739503
1778964655150,Accelerometer,-12.330001,-4.1280003,-5.5939503
1778964655161,Gyroscope,-0.70248747,0.0312125,2.6558125
1778964655178,Accelerometer,-5.37195,-10.22595,-2.57205
1778964655198,Accelerometer,-2.5420501,-13.79895,-1.2240001
1778964655218,Accelerometer,3.7350001,-9.5779505,-5.1390004
1778964655230,Accelerometer,1.0170001,-8.08395,-2.2750502
1778964655232,Gyroscope,-0.2503875,-1.257575,1.4878875
1778964655257,Accelerometer,-5.18295,-9.147,-2.39205
1778964655278,Accelerometer,-5.44395,-9.432,-2.6869502
1778964655295,Accelerometer,-2.4820502,-9.616051,-2.9860501
1778964655310,Accelerometer,-1.7860501,-9.441,-3.1300502
1778964655310,Gyroscope,-0.008525,0.111925,0.7206375
1778964655334,Accelerometer,-2.6860502,-9.304951,-3.867
1778964655354,Accelerometer,-4.37895,-9.280951,-3.0630002
1778964655375,Accelerometer,-3.07095,-9.06795,-2.84505
1778964655396,Accelerometer,-0.093,-9.25395,-2.697
1778964655396,Gyroscope,-0.019524999,-0.666325,0.4665375
1778964655412,Accelerometer,-0.21495001,-9.496051,-2.60805
1778964655431,Accelerometer,-2.3050501,-9.592051,-2.079
1778964655451,Accelerometer,-2.8990502,-9.309,-2.43105
1778964655465,Accelerometer,-3.5140502,-9.304951,-3.18495
1778964655466,Gyroscope,-0.033,-0.6345625,0.6645375
1778964655490,Accelerometer,-3.15,-9.621,-3.525
1778964655511,Accelerometer,-1.6489501,-9.658951,-3.216
1778964655528,Accelerometer,-0.92595005,-10.27005,-2.36595
1778964655543,Accelerometer,-1.077,-10.76805,-2.5099502
1778964655543,Gyroscope,0.0647625,-0.7238,1.2826
1778964655567,Accelerometer,-1.36695,-10.81995,-2.8279502
1778964655587,Accelerometer,-2.0970001,-11.34195,-2.12205
1778964655610,Accelerometer,-2.4439502,-12.43605,-3.2209501
1778964655627,Accelerometer,-1.83105,-13.624051,-4.6789503
1778964655627,Gyroscope,0.35915,-0.5905625,2.239325
1778964655646,Accelerometer,-1.7740501,-14.448001,-4.08795
1778964655664,Accelerometer,-1.50495,-16.18095,-3.6709502
1778964655684,Accelerometer,2.0659502,-19.89705,-5.9809504
1778964655698,Accelerometer,6.52395,-21.19695,-6.5659504
1778964655699,Gyroscope,0.26015,-1.8294375,2.6778126
1778964655723,Accelerometer,8.63805,-19.423052,-5.51205
1778964655742,Accelerometer,5.0659504,-17.622002,-3.42
1778964655761,Accelerometer,-0.77505004,-19.240952,-3.59205
1778964655777,Accelerometer,-10.03905,-19.71705,-0.28500003
1778964655777,Gyroscope,0.516725,0.2767875,3.80545
1778964655795,Accelerometer,-5.3430004,-11.99295,-4.81995
1778964655820,Accelerometer,4.407,-5.4810004,-4.056
1778964655843,Accelerometer,8.47305,-3.4669502,-2.8930502
1778964655860,Accelerometer,5.3650503,-1.26195,-2.835
1778964655860,Gyroscope,-0.0512875,0.1827375,-1.7545
1778964655879,Accelerometer,3.012,0.01305,-2.4739501
1778964655897,Accelerometer,2.15205,-1.47,-1.4130001
1778964655917,Accelerometer,1.7880001,-3.9559503,-0.50100005
1778964655932,Accelerometer,1.6129501,-6.0360003,-2.6460001
1778964655932,Gyroscope,0.157575,1.8882875,-4.965125
1778964655951,Accelerometer,0.44700003,-8.47605,-3.1300502
1778964655975,Accelerometer,-2.6140501,-10.906051,-1.71
1778964655995,Accelerometer,-2.32005,-11.412001,-3.0270002
1778964656009,Accelerometer,-1.7830501,-14.644051,-3.9460502
1778964656009,Gyroscope,-0.228525,0.3905,-7.012775
1778964656031,Accelerometer,-5.451,-20.35905,-3.38595
1778964656053,Accelerometer,-6.32805,-20.97405,-3.15105
1778964656076,Accelerometer,-4.776,-20.634,-3.5110502
1778964656092,Accelerometer,-6.8260503,-21.405,-2.12895
1778964656093,Gyroscope,-0.4679125,1.6317124,-5.4428
1778964656113,Accelerometer,-9.832951,-19.504051,-1.5310501
1778964656127,Accelerometer,-13.936951,-14.48805,-2.53095
1778964656150,Accelerometer,-18.309,-10.696051,-3.2899501
1778964656165,Accelerometer,-20.57805,-9.77595,-3.9580503
1778964656165,Gyroscope,-0.2052875,1.139325,-0.873675
1778964656190,Accelerometer,-18.595951,-11.613001,-1.6140001
1778964656208,Accelerometer,-16.258951,-11.14605,-1.69605
1778964656228,Accelerometer,-14.338951,-10.576051,-3.5700002
1778964656242,Accelerometer,-2.97105,-11.026051,-3.7240503
1778964656242,Gyroscope,0.0378125,0.813175,3.2825375
1778964656267,Accelerometer,31.570951,-22.368002,1.677
1778964656289,Accelerometer,-6.696,-27.633001,-0.33105
1778964656305,Accelerometer,-2.1780002,-10.983001,-3.039
1778964656321,Accelerometer,-7.5150003,-3.11805,-2.9290502
1778964656321,Gyroscope,-0.4984375,1.2835625,3.4120624
1778964656344,Accelerometer,-9.531,0.73800004,-6.60405
1778964656364,Accelerometer,-5.6569505,-8.34195,-4.413
1778964656384,Accelerometer,-4.254,-18.81705,-0.70395005
1778964656407,Accelerometer,-3.9310503,-11.188951,-4.80105
1778964656407,Gyroscope,-0.132,-0.8349,1.6638875
1778964656427,Accelerometer,-2.83695,-5.8690505,-3.3360002
1778964656437,Accelerometer,-3.9739501,-7.9519506,-1.4989501
1778964656461,Accelerometer,-3.79905,-9.49905,-2.83095
1778964656475,Accelerometer,-3.3079503,-10.49505,-3.17805
1778964656476,Gyroscope,-0.041525,0.1815,0.5570125
1778964656500,Accelerometer,-2.7550502,-9.8550005,-2.7970502
1778964656512,Accelerometer,-3.354,-9.484051,-3.693
1778964656539,Accelerometer,-4.60395,-9.292951,-3.1560001
1778964656558,Accelerometer,-3.07605,-8.9740505,-2.40405
1778964656558,Gyroscope,-0.0367125,-0.854425,-0.013612499
1778964656577,Accelerometer,0.049950004,-9.337951,-1.72695
1778964656592,Accelerometer,0.80205005,-9.23295,-2.0689502
1778964656617,Accelerometer,-1.79295,-9.633,-2.6560502
1778964656640,Accelerometer,-3.5089502,-9.738001,-2.8330503
1778964656640,Gyroscope,-0.0708125,-0.335225,0.478775
1778964656659,Accelerometer,-3.1290002,-8.578951,-3.2020502
1778964656672,Accelerometer,-1.02405,-7.8490505,-2.673
1778964656694,Accelerometer,-0.63195,-9.963,-2.1649501
1778964656709,Accelerometer,-1.40205,-12.09195,-2.59395
1778964656709,Gyroscope,-0.0122375,-0.7665625,1.16545
1778964656733,Accelerometer,-0.744,-10.911,-4.1400003
1778964656754,Accelerometer,-1.182,-11.17905,-3.7519503
1778964656772,Accelerometer,-2.07795,-12.22605,-1.2739501
1778964656789,Accelerometer,-1.7830501,-13.67205,-3.52305
1778964656789,Gyroscope,0.3933875,-0.6260375,2.2185626
1778964656811,Accelerometer,-0.91605,-14.725051,-5.1390004
1778964656830,Accelerometer,-0.82095003,-16.282051,-4.63395
1778964656855,Accelerometer,0.81105006,-19.045052,-4.8780003
1778964656872,Accelerometer,4.743,-19.650002,-6.8959503
1778964656872,Gyroscope,0.5669125,-1.2552375,2.8452876
1778964656890,Accelerometer,8.214001,-19.686,-6.3240004
1778964656908,Accelerometer,7.6489506,-18.82695,-4.9399505
1778964656927,Accelerometer,2.8219502,-17.89995,-4.99695
1778964656942,Accelerometer,-0.99300003,-20.31405,-3.6690001
1778964656942,Gyroscope,0.089237496,-1.5874375,3.38525
1778964656967,Accelerometer,-6.603,-13.33905,-4.3440003
1778964656986,Accelerometer,-1.2280501,-9.867001,-3.4939501
1778964657005,Accelerometer,6.06195,-4.782,-4.38705
1778964657020,Accelerometer,13.317,-4.09695,-0.855
1778964657021,Gyroscope,0.0317625,0.87065,-2.1784124
1778964657044,Accelerometer,6.3109503,-4.368,-2.1430502
1778964657060,Accelerometer,4.82205,-5.064,-0.12495001
1778964657073,Accelerometer,2.43495,-6.91305,0.48900002
1778964657098,Accelerometer,-1.28295,-9.292951,-0.060000002
1778964657098,Gyroscope,-0.063525,3.1697874,-4.6182127
1778964657127,Accelerometer,-1.13205,-9.5460005,-1.485
1778964657141,Accelerometer,-1.6849501,-10.807951,-2.01405
1778964657153,Accelerometer,-3.6529503,-12.132001,-2.32095
1778964657175,Accelerometer,-2.2360501,-13.750951,-4.33395
1778964657175,Gyroscope,0.1857625,0.7264125,-7.2216372
1778964657200,Accelerometer,-3.6750002,-18.094051,-4.78905
1778964657220,Accelerometer,-8.071051,-23.04795,-4.45905
1778964657236,Accelerometer,-8.40795,-22.552052,-3.0319502
1778964657253,Accelerometer,-9.03495,-21.465,-2.8519502
1778964657253,Gyroscope,-0.2443375,0.80465,-5.7336125
1778964657277,Accelerometer,-15.607951,-19.861052,-2.6580002
1778964657297,Accelerometer,-17.668951,-12.52305,-3.834
1778964657319,Accelerometer,-21.603,-8.6650505,-3.6180003
1778964657336,Accelerometer,-23.680952,-11.064,-3.0529501
1778964657336,Gyroscope,-0.0708125,0.6006,0.1672
1778964657355,Accelerometer,-17.11605,-12.028951,-1.35105
1778964657371,Accelerometer,-13.837951,-11.3230505,-1.605
1778964657394,Accelerometer,-9.186001,-11.895,-3.108
1778964657408,Accelerometer,29.75295,-19.26,5.175
1778964657409,Gyroscope,1.266925,1.0880375,1.285075
1778964657433,Accelerometer,-0.38700002,-29.923952,-0.75000006
1778964657453,Accelerometer,-3.2650502,-15.606001,-0.096
1778964657471,Accelerometer,-7.73505,-6.5940003,0.88695
1778964657486,Accelerometer,-7.6180506,5.3590503,-8.48595
1778964657487,Gyroscope,-0.5814875,0.57365,2.3981376
1778964657510,Accelerometer,-10.69995,-3.9630003,-7.2190504
1778964657534,Accelerometer,-4.6969504,-18.051,0.93195003
1778964657552,Accelerometer,-3.6049502,-16.28895,-4.70295
1778964657569,Accelerometer,-2.844,-6.4669504,-4.9999504
1778964657569,Gyroscope,-0.0697125,-0.975425,1.7897
1778964657587,Accelerometer,-0.99300003,-6.3640504,-1.4110501
1778964657607,Accelerometer,-4.4100003,-9.273001,-2.46405
1778964657627,Accelerometer,-4.623,-10.597951,-2.7900002
1778964657641,Accelerometer,-3.21705,-10.126051,-2.673
1778964657642,Gyroscope,0.132,0.194975,0.5790125
1778964657666,Accelerometer,-2.5729501,-9.250051,-3.288
1778964657686,Accelerometer,-3.7420502,-9.319051,-3.2260501
1778964657705,Accelerometer,-3.009,-9.514951,-2.6749501
1778964657717,Accelerometer,-0.85695004,-9.453,-1.7580001
1778964657718,Gyroscope,-0.0,-0.67485,0.1452
1778964657743,Accelerometer,0.342,-9.3810005,-1.8540001
1778964657767,Accelerometer,-1.2540001,-9.44295,-2.2060502
1778964657785,Accelerometer,-3.52905,-9.561001,-2.43105
1778964657800,Accelerometer,-3.61995,-9.27105,-2.31795
1778964657800,Gyroscope,-0.11605,-0.6846125,0.4750625
1778964657821,Accelerometer,-1.7590501,-8.983951,-1.8679501
1778964657840,Accelerometer,-0.201,-8.953051,-2.63205
1778964657860,Accelerometer,-0.28695002,-11.457001,-2.70105
1778964657874,Accelerometer,-0.77505004,-11.428051,-3.96795
1778964657875,Gyroscope,0.0952875,-0.600325,1.4573625
1778964657899,Accelerometer,-2.26395,-10.429951,-3.69495
1778964657918,Accelerometer,-2.4130502,-11.706,-2.9260502
1778964657938,Accelerometer,-1.6710001,-14.211,-3.1590002
1778964657952,Accelerometer,-0.47100002,-15.151051,-4.4110503
1778964657952,Gyroscope,0.444675,-0.953425,2.433475
1778964657976,Accelerometer,-0.79695004,-16.47495,-4.1119504
1778964657998,Accelerometer,-0.42105,-17.90205,-3.93195
1778964658017,Accelerometer,3.2029502,-18.712051,-6.22305
1778964658032,Accelerometer,7.767,-18.67095,-8.09595
1778964658033,Gyroscope,0.55715,-1.8574874,2.7402375
1778964658054,Accelerometer,8.20995,-18.07695,-6.70695
1778964658073,Accelerometer,2.8560002,-18.07995,-4.353
1778964658093,Accelerometer,-3.6100502,-24.775951,-4.119
1778964658117,Accelerometer,-4.83795,-17.389952,-2.742
1778964658117,Gyroscope,0.6829625,0.42473748,3.9227374
1778964658138,Accelerometer,0.097950004,-10.389001,-4.4419503
1778964658149,Accelerometer,7.3999505,-5.814,-3.558
1778964658171,Accelerometer,9.531,-2.979,-1.8510001
1778964658185,Accelerometer,5.2909503,-0.77400005,-3.3690002
1778964658185,Gyroscope,-0.0647625,0.8657,-2.0318375
1778964658210,Accelerometer,3.58905,0.07005,-2.86695
1778964658232,Accelerometer,2.11095,-1.3600501,-1.107
1778964658250,Accelerometer,1.70895,-4.99695,-1.6170001
1778964658264,Accelerometer,1.8499501,-8.6629505,-2.53605
1778964658264,Gyroscope,-0.228525,1.6696625,-5.6615624
1778964658287,Accelerometer,0.19095,-10.741051,-2.2150502
1778964658304,Accelerometer,-2.8200002,-12.396001,-1.7149501
1778964658326,Accelerometer,-2.21895,-13.746,-3.9769502
1778964658349,Accelerometer,-3.2410502,-19.594952,-3.9630003
1778964658349,Gyroscope,-0.5449125,0.3905,-7.4562125
1778964658355,Accelerometer,-7.7110505,-23.613,-2.70795
1778964658385,Accelerometer,-5.367,-21.357,-2.8230002
1778964658404,Accelerometer,-5.3910003,-20.613,-2.25105
1778964658418,Accelerometer,-9.79395,-21.94905,-1.32
1778964658418,Gyroscope,-0.5179625,1.8088125,-5.1055126
1778964658435,Accelerometer,-12.9210005,-18.709051,-1.72395
1778964658461,Accelerometer,-17.605051,-12.90795,-2.62905
1778964658481,Accelerometer,-23.944952,-9.08205,-4.43505
1778964658499,Accelerometer,-23.668951,-10.879951,-3.38595
1778964658499,Gyroscope,-0.1552375,0.0812625,0.2418625
1778964658519,Accelerometer,-18.181952,-12.43395,-1.7719501
1778964658540,Accelerometer,-15.94305,-11.65095,-3.084
1778964658563,Accelerometer,-12.406951,-11.11005,-3.7669501
1778964658579,Accelerometer,5.439,-11.365951,4.3489504
1778964658580,Gyroscope,0.3531,0.3573625,2.9589999
1778964658601,Accelerometer,22.76205,-21.729,0.693
1778964658618,Accelerometer,-4.9339504,-23.893051,-2.46405
1778964658637,Accelerometer,-1.9630501,-14.90505,-3.381
1778964658652,Accelerometer,-12.421051,-5.7709503,-3.9100502
1778964658652,Gyroscope,-0.3421,1.71105,3.403675
1778964658676,Accelerometer,-13.491,-0.83595,-6.8550005
1778964658696,Accelerometer,-6.282,-8.280001,-5.163
1778964658715,Accelerometer,-3.3970501,-14.131051,-3.1630502
1778964658729,Accelerometer,-2.1690001,-11.698951,-2.7250502
1778964658729,Gyroscope,-0.195525,-1.7941,1.29745
1778964658753,Accelerometer,-2.77395,-8.18595,-4.06605
1778964658770,Accelerometer,-3.8760002,-7.8850503,-3.2640002
1778964658792,Accelerometer,-2.631,-9.099,-2.4520502
1778964658813,Accelerometer,-2.4510002,-11.127001,-2.67705
1778964658813,Gyroscope,-0.0171875,0.786225,0.6194375
1778964658833,Accelerometer,-1.21305,-10.684051,-4.89195
1778964658851,Accelerometer,-3.3630002,-8.59395,-4.08495
1778964658870,Accelerometer,-6.1740003,-8.292001,-2.4499502
1778964658884,Accelerometer,-0.88305,-8.775001,-2.21805
1778964658885,Gyroscope,-0.0562375,-0.9865625,0.22605
1778964658909,Accelerometer,1.8600001,-9.0720005,-2.56995
1778964658928,Accelerometer,-0.30105,-9.702001,-2.7250502
1778964658947,Accelerometer,-1.7880001,-9.156,-2.73195
1778964658962,Accelerometer,-2.11395,-7.6840506,-3.6019502
1778964658962,Gyroscope,-0.0257125,-0.632225,0.7610625
1778964658987,Accelerometer,-1.4820001,-7.6170006,-3.69495
1778964658996,Accelerometer,-2.937,-11.332951,-2.73
1778964659026,Accelerometer,-2.50395,-11.524051,-3.1320002
1778964659046,Accelerometer,-0.38505003,-10.38405,-4.43505
1778964659047,Gyroscope,0.16005,-0.7885625,1.3022625
1778964659068,Accelerometer,0.11400001,-11.986051,-4.566
1778964659076,Accelerometer,-0.768,-13.080001,-2.3470502
1778964659103,Accelerometer,-1.28805,-14.31795,-2.9959502
1778964659118,Accelerometer,-0.84495,-15.468,-3.8389502
1778964659118,Gyroscope,0.42515,-0.5564625,2.724425
1778964659142,Accelerometer,-0.72,-16.46805,-3.4789503
1778964659164,Accelerometer,0.64395005,-18.778952,-3.9180002
1778964659181,Accelerometer,6.399,-21.34995,-9.03405
1778964659195,Accelerometer,9.63405,-21.111,-8.31105
1778964659196,Gyroscope,-0.0622875,-2.4061124,3.033525
1778964659220,Accelerometer,5.70795,-18.465,-3.6370502
1778964659243,Accelerometer,-0.165,-19.95405,-3.6660001
1778964659262,Accelerometer,-2.39595,-21.98505,-0.096
1778964659278,Accelerometer,-5.6400003,-13.392,-5.20305
1778964659278,Gyroscope,-0.1442375,0.7165125,4.0156875
1778964659297,Accelerometer,5.0869503,-7.0990505,-3.3960001
1778964659317,Accelerometer,10.66905,-3.4290001,-2.45895
1778964659337,Accelerometer,7.0290003,-1.4080501,-3.2970002
1778964659351,Accelerometer,4.85295,-0.855,-1.9300501
1778964659352,Gyroscope,-0.7464875,0.1362625,-3.0042374
1778964659376,Accelerometer,4.28805,-3.04095,0.58995
1778964659396,Accelerometer,2.22405,-6.67605,0.216
1778964659414,Accelerometer,2.29305,-10.308001,-1.1190001
1778964659428,Accelerometer,-0.19605,-13.39605,-0.48705003
1778964659429,Gyroscope,0.061049998,1.6572875,-6.4750123
1778964659453,Accelerometer,-5.169,-15.955951,-0.156
1778964659476,Accelerometer,-4.28805,-14.074051,-3.4840503
1778964659495,Accelerometer,-6.8689504,-18.355051,-2.5120502
1778964659509,Accelerometer,-8.205,-19.938002,-1.5280501
1778964659509,Gyroscope,-0.1258125,0.3744125,-7.2692122
1778964659531,Accelerometer,-4.446,-19.20495,-2.15505
1778964659548,Accelerometer,-8.20905,-21.882002,-0.72405005
1778964659570,Accelerometer,-13.113001,-19.930052,-0.49905002
1778964659584,Accelerometer,-14.08695,-15.444001,-2.397
1778964659585,Gyroscope,0.1343375,1.6401,-3.866775
1778964659609,Accelerometer,-17.854052,-11.368051,-2.433
1778964659628,Accelerometer,-23.073002,-8.73495,-3.3409503
1778964659645,Accelerometer,-22.491001,-9.690001,-3.072
1778964659662,Accelerometer,-17.99505,-10.31295,-2.80695
1778964659662,Gyroscope,0.1282875,0.2888875,2.2235124
1778964659686,Accelerometer,-15.265051,-9.63,-3.9820502
1778964659708,Accelerometer,-11.712001,-8.59095,-4.3510504
1778964659725,Accelerometer,31.468052,-13.83195,9.777
1778964659743,Accelerometer,1.63995,-32.662952,-4.0279503
1778964659744,Gyroscope,-0.3421,-2.139775,1.70665
1778964659763,Accelerometer,-2.6790001,-19.855951,-1.34595
1778964659783,Accelerometer,-10.066951,-10.85805,-0.11100001
1778964659798,Accelerometer,-13.10595,1.368,-4.59795
1778964659817,Accelerometer,-10.362,-3.5010002,-7.65495
1778964659818,Gyroscope,-1.0971125,-0.8765625,2.0329375
1778964659845,Accelerometer,-4.977,-12.84105,-1.53795
1778964659861,Accelerometer,0.94095004,-15.43605,-4.296
1778964659878,Accelerometer,-1.8100501,-10.189951,-2.28705
1778964659895,Accelerometer,-4.9410005,-7.3560004,-3.5149503
1778964659895,Gyroscope,-0.0842875,-0.731225,1.29745
1778964659920,Accelerometer,-4.704,-7.7410502,-3.1660502
1778964659941,Accelerometer,-3.9190502,-9.56805,-2.7490501
1778964659959,Accelerometer,-3.519,-10.747951,-2.1750002
1778964659974,Accelerometer,-1.7710501,-9.760051,-3.3720002
1778964659975,Gyroscope,0.102575,0.01155,0.5289625
1778964659997,Accelerometer,-2.6160002,-8.754001,-3.4410002
1778964660014,Accelerometer,-3.969,-8.90505,-2.02395
1778964660036,Accelerometer,-1.4479501,-9.408,-1.6860001
1778964660055,Accelerometer,0.057000004,-9.427051,-2.05995
1778964660055,Gyroscope,-0.089237496,-0.4819375,0.4178625
1778964660080,Accelerometer,-1.9240501,-8.854051,-1.9660501
1778964660094,Accelerometer,-4.077,-8.718,-1.8700501
1778964660113,Accelerometer,-3.9310503,-8.89305,-1.7719501
1778964660128,Accelerometer,-1.608,-8.637,-1.8919501
1778964660128,Gyroscope,-0.1588125,-0.8435625,0.6194375
1778964660153,Accelerometer,-0.768,-9.526951,-2.457
1778964660174,Accelerometer,-0.124050006,-11.26095,-3.18705
1778964660193,Accelerometer,-0.648,-10.78905,-3.7549503
1778964660208,Accelerometer,-1.8070501,-11.15295,-4.1670003
1778964660208,Gyroscope,0.1013375,-0.5759875,1.8887
1778964660230,Accelerometer,-2.60205,-12.642,-2.76795
1778964660250,Accelerometer,-2.0680501,-12.625051,-1.9519501
1778964660274,Accelerometer,-1.0819501,-13.759951,-3.8719501
1778964660279,Accelerometer,-1.434,-16.504051,-4.6860003
1778964660291,Gyroscope,0.411675,-0.9950875,3.1556249
1778964660307,Accelerometer,-1.67295,-18.13005,-4.5739503
1778964660325,Accelerometer,1.94895,-21.682951,-6.16095
1778964660346,Accelerometer,7.905,-23.673,-8.07195
1778964660358,Accelerometer,9.574051,-21.574951,-5.4810004
1778964660361,Gyroscope,-0.29205,-3.0195,3.3352
1778964660386,Accelerometer,3.8710501,-18.76695,-3.762
1778964660405,Accelerometer,2.16195,-20.12895,-3.38595
1778964660424,Accelerometer,-4.5610504,-16.267052,-0.56295
1778964660440,Accelerometer,-4.458,-7.8559504,-3.9439502
1778964660440,Gyroscope,0.19305,0.9878,3.7360125
1778964660463,Accelerometer,5.0059505,-1.18095,-4.473
1778964660481,Accelerometer,8.454,-0.34305,-4.15695
1778964660504,Accelerometer,5.35995,0.36495003,-2.80395
1778964660522,Accelerometer,4.76205,-0.01695,-2.5240502
1778964660523,Gyroscope,-0.3201,1.0318,-3.684725
1778964660541,Accelerometer,3.6679502,-3.0889502,-2.187
1778964660560,Accelerometer,3.07095,-6.7120504,-3.108
1778964660580,Accelerometer,2.08005,-10.47795,-4.3510504
1778964660594,Accelerometer,-2.976,-14.598001,-3.6090002
1778964660605,Gyroscope,0.229625,2.3010626,-6.6363
1778964660621,Accelerometer,-3.48795,-14.706,-4.5280504
1778964660638,Accelerometer,-1.9630501,-15.594001,-6.6379504
1778964660658,Accelerometer,-4.6870503,-21.550951,-6.54405
1778964660673,Accelerometer,-7.872,-23.062052,-6.2779503
1778964660673,Gyroscope,-0.444675,2.0103874,-7.1091623
1778964660696,Accelerometer,-6.0280504,-21.250051,-6.1660504
1778964660716,Accelerometer,-9.672001,-22.123951,-4.40595
1778964660738,Accelerometer,-13.266001,-19.58805,-2.8830001
1778964660756,Accelerometer,-16.97505,-14.830951,-2.7589502
1778964660756,Gyroscope,-0.3873375,1.570525,-3.6419625
1778964660774,Accelerometer,-21.34905,-10.243051,-2.5500002
1778964660794,Accelerometer,-24.94095,-10.52805,-2.24895
1778964660813,Accelerometer,-22.032001,-12.250051,-2.1700501
1778964660827,Accelerometer,-19.951052,-9.06795,-4.00605
1778964660828,Gyroscope,-0.063525,0.864325,3.09705
1778964660852,Accelerometer,-12.688951,-9.331051,-3.6139503
1778964660872,Accelerometer,20.46105,-19.039951,6.32205
1778964660890,Accelerometer,-0.18900001,-44.203953,-1.4989501
1778964660905,Accelerometer,-2.77905,-17.02905,1.09695
1778964660905,Gyroscope,-1.0091125,0.3218875,6.28815
1778964660924,Accelerometer,-10.74705,-0.10605001,-2.8900502
1778964660950,Accelerometer,-15.9529505,6.1060505,-7.6770005
1778964660972,Accelerometer,-6.5329504,-7.5400505,-2.73495
1778964660988,Accelerometer,-1.6609501,-18.112951,-4.7580004
1778964660988,Gyroscope,-0.6634375,-1.12585,1.5417875
1778964661007,Accelerometer,-2.286,-14.16705,-2.69895
1778964661027,Accelerometer,-4.79505,-7.4160004,-4.63395
1778964661046,Accelerometer,-5.81295,-6.8890505,-2.60595
1778964661061,Accelerometer,-3.8059502,-8.092951,-2.22705
1778964661061,Gyroscope,0.0793375,-0.135025,0.2993375
1778964661080,Accelerometer,-3.246,-11.236951,-1.5660001
1778964661105,Accelerometer,-1.6800001,-11.3539505,-2.70105
1778964661124,Accelerometer,-1.4620501,-9.634951,-4.1929502
1778964661138,Accelerometer,-5.35305,-8.433001,-2.57205
1778964661138,Gyroscope,-0.08305,-0.66275,0.0427625
1778964661160,Accelerometer,-3.31995,-7.8679504,-1.674
1778964661183,Accelerometer,0.68700004,-8.524051,-1.78005
1778964661201,Accelerometer,-0.30405003,-10.05405,-3.52005
1778964661220,Accelerometer,-2.42505,-9.86205,-3.15105
1778964661220,Gyroscope,-0.1368125,-0.6054125,0.615725
1778964661240,Accelerometer,-2.05095,-8.188951,-3.17805
1778964661258,Accelerometer,-1.23,-7.43205,-3.3360002
1778964661279,Accelerometer,-3.0570002,-10.39605,-2.63895
1778964661294,Accelerometer,-3.39,-12.211051,-2.6820002
1778964661294,Gyroscope,-0.0647625,-0.9620875,1.0701625
1778964661319,Accelerometer,-1.36905,-10.49505,-4.09695
1778964661338,Accelerometer,-0.69105005,-11.115001,-3.8170502
1778964661357,Accelerometer,-0.74205005,-12.325951,-2.05995
1778964661371,Accelerometer,-0.933,-13.758,-3.34995
1778964661372,Gyroscope,0.31515,-0.6787,2.3285625
1778964661396,Accelerometer,-1.3450501,-15.702001,-4.6309505
1778964661418,Accelerometer,-1.8360001,-16.243052,-4.12095
1778964661436,Accelerometer,-0.96000004,-17.598001,-3.9750001
1778964661453,Accelerometer,4.58895,-21.159,-5.6340003
1778964661453,Gyroscope,0.482625,-2.122725,2.7427125
1778964661473,Accelerometer,9.691951,-22.38195,-4.7130003
1778964661493,Accelerometer,9.708,-19.449001,-2.9170501
1778964661513,Accelerometer,2.3749502,-17.898,-5.05305
1778964661534,Accelerometer,-7.5649505,-22.573952,-0.582
1778964661535,Gyroscope,0.4312,0.560175,4.4165
1778964661556,Accelerometer,-5.4370503,-14.400001,-4.1740503
1778964661567,Accelerometer,3.5500503,-6.4939504,-5.1120005
1778964661590,Accelerometer,8.941951,-3.4480503,-3.97005
1778964661604,Accelerometer,4.98,-0.75000006,-4.0090504
1778964661605,Gyroscope,-0.0292875,-0.17655,-1.9058875
1778964661629,Accelerometer,2.43,-0.42405003,-2.63205
1778964661641,Accelerometer,1.59195,-2.2369502,-0.15405001
1778964661669,Accelerometer,2.76705,-5.2870502,-0.88905007
1778964661686,Accelerometer,1.86195,-7.9590006,-1.4470501
1778964661686,Gyroscope,-0.063525,1.233375,-5.2435627
1778964661706,Accelerometer,0.33705002,-10.320001,-2.02905
1778964661721,Accelerometer,-2.63805,-11.755951,-1.8199501
1778964661746,Accelerometer,-2.358,-12.664051,-1.815
1778964661768,Accelerometer,-1.932,-16.36095,-3.1710002
1778964661768,Gyroscope,-0.24805,0.6139375,-6.8233
1778964661789,Accelerometer,-5.2759504,-20.826,-2.6890502
1778964661802,Accelerometer,-6.37305,-19.64595,-2.84295
1778964661823,Accelerometer,-5.085,-19.726952,-2.45895
1778964661838,Accelerometer,-7.8480005,-22.734001,-1.27695
1778964661838,Gyroscope,-0.2101,1.88815,-5.3180876
1778964661862,Accelerometer,-12.711,-19.926,-1.5520501
1778964661884,Accelerometer,-16.93905,-13.858951,-3.28305
1778964661900,Accelerometer,-20.146952,-9.168,-4.8180003
1778964661916,Accelerometer,-23.550001,-8.400001,-4.80105
1778964661916,Gyroscope,0.033,1.3396626,-0.4129125
1778964661940,Accelerometer,-21.028051,-10.854,-3.4080002
1778964661959,Accelerometer,-17.78895,-10.98495,-3.4360502
1778964661983,Accelerometer,-15.282001,-9.68505,-4.497
1778964662001,Accelerometer,-1.7400001,-11.698951,1.9260001
1778964662002,Gyroscope,0.389675,0.521125,3.2448626
1778964662019,Accelerometer,33.936,-26.557951,2.11695
1778964662037,Accelerometer,-5.44605,-25.629002,-5.505
1778964662056,Accelerometer,-3.5740502,-9.099,-4.4950504
1778964662071,Accelerometer,-9.02805,-3.0559502,-2.12895
1778964662071,Gyroscope,-0.615725,1.6792874,3.392675
1778964662095,Accelerometer,-14.248051,-1.1539501,-7.5589504
1778964662116,Accelerometer,-6.80205,-9.316951,-2.63895
1778964662134,Accelerometer,-3.6840003,-15.751951,-3.6730502
1778964662148,Accelerometer,-2.118,-11.251051,-2.9890501
1778964662148,Gyroscope,-0.135575,-1.134375,1.4537874
1778964662173,Accelerometer,-1.968,-7.7080503,-2.3730001
1778964662192,Accelerometer,-4.50105,-8.79195,-1.404
1778964662202,Accelerometer,-3.7150502,-9.85995,-1.8030001
1778964662226,Accelerometer,-3.3589501,-10.297951,-2.83995
1778964662227,Gyroscope,-0.0182875,0.4184125,0.49115
1778964662255,Accelerometer,-2.83695,-9.96105,-2.9020503
1778964662270,Accelerometer,-3.3439503,-9.82695,-3.20895
1778964662282,Accelerometer,-3.7110002,-9.06495,-2.7130501
1778964662304,Accelerometer,-1.6560001,-8.6959505,-1.9810501
1778964662304,Gyroscope,-0.11605,-0.91685,0.0867625
1778964662329,Accelerometer,1.19895,-9.23805,-1.44
1778964662348,Accelerometer,0.45000002,-9.798,-1.5829501
1778964662366,Accelerometer,-2.23305,-9.999001,-1.50405
1778964662381,Accelerometer,-2.9610002,-9.53205,-2.77095
1778964662382,Gyroscope,-0.0647625,-0.1117875,0.786775
1778964662406,Accelerometer,-1.6129501,-8.215051,-3.1420503
1778964662426,Accelerometer,-1.39995,-8.857051,-2.3689501
1778964662448,Accelerometer,-2.52795,-11.62905,-1.8199501
1778964662466,Accelerometer,-2.05905,-11.080951,-2.7280502
1778964662466,Gyroscope,0.0232375,-0.6249375,1.294975
1778964662485,Accelerometer,-0.957,-10.68105,-3.5629501
1778964662503,Accelerometer,-1.146,-11.99295,-2.80395
1778964662522,Accelerometer,-1.6060501,-12.85095,-3.35295
1778964662537,Accelerometer,-1.7659501,-14.196001,-4.53105
1778964662537,Gyroscope,0.39214998,-0.649275,2.4910874
1778964662562,Accelerometer,-1.8000001,-16.00905,-3.9220502
1778964662583,Accelerometer,-1.0189501,-17.448,-3.4990501
1778964662600,Accelerometer,2.6089501,-20.701052,-6.4240503
1778964662615,Accelerometer,7.0990505,-21.520052,-7.8420005
1778964662615,Gyroscope,0.27981248,-2.19725,2.8307126
1778964662639,Accelerometer,7.8240004,-20.500051,-5.6200504
1778964662663,Accelerometer,4.293,-19.789051,-4.23105
1778964662680,Accelerometer,1.9600501,-24.298052,-2.6560502
1778964662698,Accelerometer,-4.91295,-16.195051,-3.0649502
1778964662698,Gyroscope,0.4409625,1.1636626,3.9656374
1778964662718,Accelerometer,-0.34695002,-11.047951,-3.7669501
1778964662736,Accelerometer,7.48605,-4.341,-2.661
1778964662756,Accelerometer,7.2420006,-0.77400005,-3.2350502
1778964662770,Accelerometer,3.5740502,1.1020501,-2.8500001
1778964662771,Gyroscope,0.11605,0.2437875,-2.5766125
1778964662795,Accelerometer,3.0040503,0.88005006,-1.3219501
1778964662814,Accelerometer,1.8259501,-2.6890502,-1.0159501
1778964662833,Accelerometer,2.334,-6.2110505,-1.11405
1778964662846,Accelerometer,2.15205,-8.34,-2.39505
1778964662848,Gyroscope,0.014712499,1.573,-5.6296625
1778964662872,Accelerometer,-0.040050004,-11.59395,-2.62905
1778964662896,Accelerometer,-2.14995,-13.80105,-1.6500001
1778964662913,Accelerometer,-1.7190001,-13.654951,-2.53905
1778964662929,Accelerometer,-1.194,-20.007002,-3.8029501
1778964662930,Gyroscope,-0.560725,0.8619875,-6.9625874
1778964662950,Accelerometer,-6.438,-24.666,-2.73
1778964662969,Accelerometer,-6.90705,-21.56805,-2.55795
1778964662989,Accelerometer,-5.427,-20.40195,-2.15505
1778964663003,Accelerometer,-10.34805,-21.33105,-0.57495004
1778964663004,Gyroscope,0.0097624995,1.6120499,-4.7768874
1778964663028,Accelerometer,-14.56095,-17.230051,-3.039
1778964663048,Accelerometer,-21.04005,-10.573951,-3.9130502
1778964663067,Accelerometer,-24.603,-7.866,-5.15805
1778964663081,Accelerometer,-21.751951,-11.116951,-3.8389502
1778964663081,Gyroscope,0.039049998,-0.1155,0.71596247
1778964663106,Accelerometer,-18.490952,-11.385,-2.83095
1778964663129,Accelerometer,-15.759001,-10.012951,-3.5700002
1778964663148,Accelerometer,-12.153001,-8.979,-3.3450003
1778964663162,Accelerometer,-7.8739505,-6.6520505,-2.2080002
1778964663162,Gyroscope,-0.5119125,0.1692625,3.7200625
1778964663183,Accelerometer,4.314,-4.39605,6.39795
1778964663203,Accelerometer,42.466953,-18.63795,-5.53095
1778964663222,Accelerometer,-6.01095,-52.773003,0.87000006
1778964663246,Accelerometer,-21.583952,-19.594952,-3.693
1778964663246,Gyroscope,-1.466025,2.8521626,8.239275
1778964663264,Accelerometer,-13.237051,10.729951,4.0690503
1778964663280,Accelerometer,-5.77395,-2.63205,-15.71895
1778964663300,Accelerometer,-0.08295,-6.3190503,-1.593
1778964663314,Accelerometer,-2.79795,-11.578951,-1.1590501
1778964663315,Gyroscope,-0.2968625,-1.708575,1.1251625
1778964663339,Accelerometer,0.040050004,-16.64505,-7.8870006
1778964663362,Accelerometer,-5.9760003,-9.70905,-0.10395
1778964663379,Accelerometer,-7.76205,-9.05595,1.21695
1778964663398,Accelerometer,4.94595,-9.633,-3.97005
1778964663398,Gyroscope,-0.0867625,1.0256125,1.2925
1778964663416,Accelerometer,2.49405,-8.541,-4.34595
1778964663436,Accelerometer,-12.250951,-10.056001,-2.0760002
1778964663459,Accelerometer,-3.6000001,-8.58195,-2.6920502
1778964663478,Accelerometer,0.55305004,-8.818951,-2.5530002
1778964663478,Gyroscope,-0.080575,-1.54,0.0012375
1778964663484,Accelerometer,1.7830501,-9.681001,-1.7839501
1778964663514,Accelerometer,0.83295006,-9.795,-2.04495
1778964663533,Accelerometer,-0.82500005,-8.995951,-2.73705
1778964663547,Accelerometer,-2.5900502,-8.409,-2.6920502
1778964663548,Gyroscope,-0.0122375,-0.2376,0.9383
1778964663564,Accelerometer,-5.06295,-9.0720005,-2.088
1778964663592,Accelerometer,-3.1380002,-9.72795,-2.505
1778964663611,Accelerometer,-0.17895001,-10.83195,-3.7120502
1778964663629,Accelerometer,1.3039501,-11.767951,-3.5029502
1778964663629,Gyroscope,0.085525,-1.0781375,1.514975
1778964663645,Accelerometer,0.043050002,-12.4459505,-1.9849501
1778964663669,Accelerometer,-1.5370501,-12.8550005,-1.212
1778964663692,Accelerometer,-1.8720001,-14.32995,-4.25295
1778964663709,Accelerometer,-1.1700001,-15.517951,-5.18895
1778964663709,Gyroscope,0.482625,-0.7214625,2.5619
1778964663729,Accelerometer,-1.6870501,-15.798,-4.46805
1778964663746,Accelerometer,-0.20505,-16.636051,-5.5960503
1778964663766,Accelerometer,3.7540503,-18.54705,-6.0049505
1778964663781,Accelerometer,9.093,-20.341951,-6.57495
1778964663781,Gyroscope,0.510675,-2.4476376,2.5056624
1778964663805,Accelerometer,6.0979505,-17.910002,-5.7060003
1778964663824,Accelerometer,2.226,-17.802,-5.6730003
1778964663844,Accelerometer,0.62895006,-22.795952,-3.3600001
1778964663859,Accelerometer,-5.7580504,-18.38595,-4.2070503
1778964663859,Gyroscope,0.449625,1.1136125,4.1844
1778964663882,Accelerometer,2.937,-11.017051,-3.6139503
1778964663903,Accelerometer,9.196051,-5.36805,-2.9310002
1778964663928,Accelerometer,8.122951,-1.6480501,-4.48995
1778964663943,Accelerometer,5.04405,0.47505003,-4.04505
1778964663943,Gyroscope,-0.1343375,1.2186625,-2.10375
1778964663960,Accelerometer,3.5530503,0.23295002,-2.3730001
1778964663980,Accelerometer,1.371,-2.7870002,-1.2379501
1778964663999,Accelerometer,1.9009501,-6.0270004,-1.815
1778964664013,Accelerometer,2.2020001,-8.56995,-3.5320501
1778964664014,Gyroscope,0.3383875,1.829575,-5.7921877
1778964664038,Accelerometer,-0.165,-11.16495,-3.25395
1778964664058,Accelerometer,-2.73105,-13.168951,-2.946
1778964664077,Accelerometer,-1.335,-15.058051,-5.42805
1778964664091,Accelerometer,-3.17895,-21.310051,-6.2419505
1778964664091,Gyroscope,-0.1991,1.7122875,-7.4536
1778964664116,Accelerometer,-6.90705,-23.767952,-6.1660504
1778964664126,Accelerometer,-5.9110503,-21.361952,-6.88395
1778964664155,Accelerometer,-11.502001,-21.469952,-7.0920005
1778964664176,Accelerometer,-16.024052,-21.04095,-7.215
1778964664176,Gyroscope,-0.1417625,2.2680626,-4.5593624
1778964664194,Accelerometer,-20.55705,-14.364,-6.3100505
1778964664205,Accelerometer,-25.774052,-7.5160503,-6.2640004
1778964664232,Accelerometer,-26.985,-9.51795,-4.8130503
1778964664247,Accelerometer,-20.025002,-12.83895,-1.116
1778964664247,Gyroscope,-0.2908125,-0.9266125,1.371975
1778964664272,Accelerometer,-16.434,-11.910001,-1.3750501
1778964664290,Accelerometer,-6.59805,-11.644051,-0.41205
1778964664310,Accelerometer,47.75595,-27.276001,3.0679502
1778964664326,Accelerometer,-11.676001,-35.452953,3.9559503
1778964664326,Gyroscope,-1.1886874,-0.4367,5.79095
1778964664349,Accelerometer,0.273,-7.353,-3.9889503
1778964664373,Accelerometer,-10.000051,4.9690504,-5.3970003
1778964664391,Accelerometer,-18.334951,3.6139503,-9.481951
1778964664406,Accelerometer,-2.2020001,-10.618951,-2.32305
1778964664407,Gyroscope,-0.5779125,-1.2541375,2.0499876
1778964664426,Accelerometer,-5.1730504,-22.368002,-2.397
1778964664446,Accelerometer,-5.4750004,-10.011001,-3.7549503
1778964664466,Accelerometer,-1.302,-6.11805,-2.3470502
1778964664480,Accelerometer,-3.4660501,-7.9140005,-1.3410001
1778964664480,Gyroscope,-0.1881,-0.803275,0.67925
1778964664505,Accelerometer,-3.39,-9.45495,-3.4440002
1778964664524,Accelerometer,-2.7940502,-11.0140505,-3.5010002
1778964664543,Accelerometer,-1.455,-9.640051,-4.28895
1778964664557,Accelerometer,-4.11795,-8.74695,-4.28895
1778964664558,Gyroscope,-0.0562375,-0.6554625,0.2393875
1778964664582,Accelerometer,-5.1400504,-8.517,-2.598
1778964664606,Accelerometer,-1.7659501,-9.27105,-2.38995
1778964664623,Accelerometer,0.98100007,-9.858001,-2.77095
1778964664640,Accelerometer,-1.2060001,-9.82905,-2.4379501
1778964664640,Gyroscope,-0.196625,-0.19607499,0.2613875
1778964664660,Accelerometer,-4.1989503,-9.92205,-1.7839501
1778964664679,Accelerometer,-1.3470001,-7.9930506,-2.70795
1778964664698,Accelerometer,0.91395,-5.81895,-4.36095
1778964664713,Accelerometer,-1.29495,-8.553,-3.93705
1778964664714,Gyroscope,-0.32615,-0.98285,1.0824
1778964664738,Accelerometer,-2.94405,-10.930051,-4.3510504
1778964664757,Accelerometer,-2.50395,-9.858001,-5.4690003
1778964664774,Accelerometer,-2.298,-10.20705,-4.842
1778964664791,Accelerometer,-2.1400502,-12.004951,-2.63895
1778964664791,Gyroscope,0.0427625,-1.1001375,1.582075
1778964664815,Accelerometer,-2.013,-13.891951,-3.00495
1778964664837,Accelerometer,-0.73200005,-14.062051,-5.6080503
1778964664854,Accelerometer,-1.0669501,-15.120001,-5.34495
1778964664872,Accelerometer,-1.3230001,-17.517,-4.9879503
1778964664872,Gyroscope,0.4593875,-1.5105749,2.5546124
1778964664893,Accelerometer,2.32395,-19.191,-6.4099503
1778964664912,Accelerometer,6.5220003,-20.18205,-7.1950502
1778964664927,Accelerometer,7.49805,-20.557951,-5.64195
1778964664946,Accelerometer,3.3990002,-18.87195,-5.9100003
1778964664946,Gyroscope,-0.5484875,-3.4849374,3.3999624
1778964664974,Accelerometer,3.96705,-20.899952,-5.09595
1778964664990,Accelerometer,-0.94500005,-18.71895,0.22095
1778964665007,Accelerometer,-2.1330001,-12.460051,-3.6829503
1778964665024,Accelerometer,4.4290504,-5.103,-1.7839501
1778964665024,Gyroscope,-0.30305,0.6689375,1.9584125
1778964665048,Accelerometer,10.728001,-2.6200502,-2.4
1778964665070,Accelerometer,6.7230005,-1.521,-3.9940503
1778964665088,Accelerometer,4.8790503,-1.7770501,-3.0679502
1778964665104,Accelerometer,5.27895,-4.083,-0.20205002
1778964665104,Gyroscope,-1.20945,2.15325,-4.2405
1778964665126,Accelerometer,2.7190502,-9.999001,-0.29295
1778964665145,Accelerometer,-1.5079501,-14.281951,-0.0010500001
1778964665170,Accelerometer,-4.539,-14.136001,0.63105005
1778964665188,Accelerometer,-5.478,-12.819,0.171
1778964665188,Gyroscope,0.0378125,-0.29865,-7.2472124
1778964665208,Accelerometer,-1.9890001,-13.581,-0.333
1778964665223,Accelerometer,-0.44205,-19.119001,0.59205
1778964665243,Accelerometer,-1.8259501,-24.250051,0.27600002
1778964665257,Accelerometer,-5.03205,-23.10795,-0.15405001
1778964665257,Gyroscope,-0.5363875,1.9663875,-6.2160997
1778964665282,Accelerometer,-10.222951,-22.734001,-0.14400001
1778964665302,Accelerometer,-14.7630005,-20.323051,-1.7770501
1778964665320,Accelerometer,-17.181002,-14.349001,-3.6660001
1778964665336,Accelerometer,-22.459951,-9.522,-5.1529503
1778964665336,Gyroscope,0.099,2.2290125,-1.56255
1778964665359,Accelerometer,-24.421051,-8.160001,-5.3710504
1778964665379,Accelerometer,-20.55195,-10.98795,-3.0600002
1778964665403,Accelerometer,-16.612951,-11.203051,-3.0220501
1778964665408,Accelerometer,-12.771001,-10.16205,-3.525
1778964665421,Gyroscope,0.121,0.3293125,3.7530625
1778964665436,Accelerometer,26.40105,-12.937051,0.33405003
1778964665456,Accelerometer,1.149,-30.625952,-4.05195
1778964665476,Accelerometer,-8.37195,-25.38705,-1.401
1778964665488,Accelerometer,-0.40905002,-5.6460004,1.1740501
1778964665490,Gyroscope,-0.367675,0.3268375,4.0596876
1778964665515,Accelerometer,-15.445051,4.77495,-4.8679504
1778964665534,Accelerometer,-11.478001,-4.104,-4.5930004
1778964665553,Accelerometer,-1.695,-14.842951,-0.112950005
1778964665571,Accelerometer,-0.85200006,-17.397001,-6.02895
1778964665571,Gyroscope,-0.2908125,-0.55275,1.261975
1778964665592,Accelerometer,-1.2040501,-7.0320005,-3.7879503
1778964665612,Accelerometer,-4.4820004,-6.6280503,-2.66295
1778964665635,Accelerometer,-5.9680505,-9.11295,-3.18705
1778964665653,Accelerometer,-4.33995,-10.155001,-3.1320002
1778964665653,Gyroscope,0.1148125,0.0275,0.1747625
1778964665672,Accelerometer,-3.37995,-9.98505,-2.74005
1778964665690,Accelerometer,-1.3950001,-9.493951,-3.5029502
1778964665709,Accelerometer,-1.5010501,-9.39105,-3.0700502
1778964665724,Accelerometer,-2.217,-9.160951,-2.50305
1778964665724,Gyroscope,0.033,-0.6994625,-0.014712499
1778964665748,Accelerometer,-0.42105,-8.955001,-2.799
1778964665768,Accelerometer,0.31605002,-9.36705,-2.433
1778964665786,Accelerometer,-1.4959501,-9.38595,-1.96905
1778964665801,Accelerometer,-3.0859501,-9.27105,-2.4190502
1778964665801,Gyroscope,-0.1087625,-0.38665,0.372625
1778964665826,Accelerometer,-2.6190002,-9.597,-2.5099502
1778964665845,Accelerometer,0.36600003,-8.742001,-3.63
1778964665867,Accelerometer,0.61995006,-9.781051,-1.5640501
1778964665885,Accelerometer,0.124050006,-10.915951,-1.521
1778964665885,Gyroscope,0.01705,-0.51865,1.30845
1778964665904,Accelerometer,-0.72705,-10.696051,-3.52005
1778964665923,Accelerometer,-1.6470001,-10.863001,-4.602
1778964665942,Accelerometer,-2.4100502,-11.328,-3.3960001
1778964665956,Accelerometer,-2.4420002,-12.501,-3.35295
1778964665957,Gyroscope,0.372625,-0.6787,2.1514626
1778964665981,Accelerometer,-1.5649501,-14.31795,-5.064
1778964666000,Accelerometer,-1.5169501,-15.850951,-4.083
1778964666020,Accelerometer,-2.04405,-16.02495,-2.7610502
1778964666034,Accelerometer,0.36795002,-18.50295,-3.48705
1778964666034,Gyroscope,0.6732,-1.2271875,2.8087125
1778964666054,Accelerometer,4.83795,-19.80105,-6.46005
1778964666078,Accelerometer,8.157001,-20.323051,-6.1129503
1778964666100,Accelerometer,7.4149504,-18.32595,-4.96395
1778964666117,Accelerometer,2.229,-18.28305,-4.485
1778964666117,Gyroscope,0.300575,-2.59435,3.4904375
1778964666136,Accelerometer,-0.69900006,-21.276001,-1.4610001
1778964666156,Accelerometer,-8.66895,-16.48695,-4.28595
1778964666175,Accelerometer,1.6519501,-8.325001,-3.9559503
1778964666190,Accelerometer,8.422951,-4.1329503,-4.2070503
1778964666190,Gyroscope,0.6634375,1.338425,0.460625
1778964666210,Accelerometer,8.632951,-0.94395006,-3.89595
1778964666234,Accelerometer,4.5079503,0.19305001,-3.5080502
1778964666253,Accelerometer,4.36695,-0.52005005,-2.0050502
1778964666267,Accelerometer,2.46795,-3.6210003,-1.04205
1778964666268,Gyroscope,-0.2088625,1.4727625,-4.2271624
1778964666289,Accelerometer,1.71405,-6.5269504,-1.7989501
1778964666311,Accelerometer,1.3950001,-8.385,-2.8950002
1778964666331,Accelerometer,-0.38700002,-10.413,-3.3720002
1778964666349,Accelerometer,-1.6870501,-12.1039505,-2.7280502
1778964666349,Gyroscope,-0.00605,0.92303747,-7.0321627
1778964666369,Accelerometer,-1.1010001,-14.581951,-3.9180002
1778964666389,Accelerometer,-0.90000004,-23.13195,-4.8510003
1778964666409,Accelerometer,-7.3020005,-26.184002,-3.9540002
1778964666423,Accelerometer,-8.04405,-21.271051,-3.86505
1778964666423,Gyroscope,-0.54614997,2.5246375,-5.970525
1778964666447,Accelerometer,-9.052051,-21.525002,-4.3099504
1778964666468,Accelerometer,-12.84195,-20.292002,-3.58995
1778964666486,Accelerometer,-18.12705,-12.715951,-5.076
1778964666500,Accelerometer,-22.855051,-7.7119503,-4.7800503
1778964666500,Gyroscope,-0.504625,1.266375,-1.81665
1778964666525,Accelerometer,-22.02,-9.74505,-3.2950501
1778964666548,Accelerometer,-18.643951,-12.714001,-1.5330001
1778964666565,Accelerometer,-16.32405,-11.505,-1.8919501
1778964666581,Accelerometer,-13.395,-10.2310505,-3.2740502
1778964666582,Gyroscope,-0.19305,0.54065,3.596725
1778964666602,Accelerometer,13.828951,-14.469001,3.31695
1778964666622,Accelerometer,10.776001,-30.642002,-1.81095
1778964666641,Accelerometer,-8.676001,-22.89705,-0.39795002
1778964666664,Accelerometer,-3.3270001,-6.8430004,-0.47505003
1778964666664,Gyroscope,-0.6829625,1.8051,4.596075
1778964666685,Accelerometer,-10.644,2.6250002,-6.7720504
1778964666697,Accelerometer,-12.7900505,-4.37505,-5.4619503
1778964666719,Accelerometer,-2.8180501,-12.92205,-1.71
1778964666734,Accelerometer,-4.94805,-17.35695,-3.7879503
1778964666734,Gyroscope,-0.234575,-1.1551375,1.2827375
1778964666758,Accelerometer,-2.9920502,-7.8079505,-4.3510504
1778964666770,Accelerometer,-2.04405,-6.5179505,-1.46595
1778964666797,Accelerometer,-3.246,-9.132,-2.32305
1778964666816,Accelerometer,-2.676,-10.65705,-2.9929502
1778964666816,Gyroscope,-0.13805,0.1607375,0.4899125
1778964666839,Accelerometer,-2.667,-10.32705,-2.9650502
1778964666850,Accelerometer,-2.6500502,-9.349951,-3.7879503
1778964666875,Accelerometer,-3.24795,-9.1060505,-4.215
1778964666898,Accelerometer,-3.5380502,-8.55795,-2.73
1778964666898,Gyroscope,-0.0427625,-1.0769,-0.0477125
1778964666919,Accelerometer,-0.85695004,-8.7630005,-1.9879501
1778964666930,Accelerometer,1.8600001,-9.537001,-1.77495
1778964666952,Accelerometer,-0.043050002,-9.71205,-2.8230002
1778964666966,Accelerometer,-2.9490001,-9.549001,-2.562
1778964666967,Gyroscope,-0.100237496,-0.069025,0.58025
1778964666991,Accelerometer,-2.8249502,-8.55795,-2.84505
1778964667013,Accelerometer,-1.266,-7.56405,-3.1420503
1778964667030,Accelerometer,-0.897,-9.58005,-2.196
1778964667045,Accelerometer,-2.12805,-11.787001,-3.0700502
1778964667045,Gyroscope,-0.057475,-0.7189875,1.001825
1778964667069,Accelerometer,-1.4460001,-10.861051,-4.464
1778964667088,Accelerometer,-1.1389501,-10.413,-4.49205
1778964667111,Accelerometer,-1.60395,-11.55,-2.66505
1778964667128,Accelerometer,-1.146,-12.582001,-4.0009503
1778964667129,Gyroscope,0.2443375,-0.82885,1.974225
1778964667149,Accelerometer,-1.23,-14.625001,-5.5030503
1778964667166,Accelerometer,-1.7689501,-15.505951,-4.4370003
1778964667185,Accelerometer,-2.061,-16.104,-3.4360502
1778964667200,Accelerometer,0.33705002,-18.39105,-4.18305
1778964667200,Gyroscope,0.5314375,-1.521575,2.6987126
1778964667224,Accelerometer,4.695,-19.660051,-5.64405
1778964667244,Accelerometer,8.575951,-19.84905,-6.0319505
1778964667263,Accelerometer,7.431,-17.673,-5.5219502
1778964667278,Accelerometer,1.8169501,-15.858001,-5.51205
1778964667278,Gyroscope,-0.1148125,-2.7567375,3.6553
1778964667302,Accelerometer,1.02705,-20.629951,-2.1360002
1778964667322,Accelerometer,-9.346951,-16.768051,-1.69605
1778964667331,Accelerometer,-1.2060001,-9.70695,-3.00495
1778964667356,Accelerometer,6.2509503,-4.116,-3.6370502
1778964667356,Gyroscope,0.4178625,1.0868,0.7513
1778964667385,Accelerometer,9.19095,-2.1000001,-2.77605
1778964667399,Accelerometer,4.2520504,-0.55605,-3.039
1778964667411,Accelerometer,3.3370502,-0.31905,-2.232
1778964667433,Accelerometer,3.3370502,-3.1300502,-0.669
1778964667434,Gyroscope,-0.4043875,1.8539125,-3.7188249
1778964667458,Accelerometer,2.121,-6.0150003,-0.95295006
1778964667478,Accelerometer,0.70095,-7.80105,-1.9759501
1778964667494,Accelerometer,-0.94005007,-9.42195,-2.2099502
1778964667511,Accelerometer,-1.6110001,-11.25405,-1.18605
1778964667511,Gyroscope,0.218625,0.9010375,-6.7315874
1778964667535,Accelerometer,-1.3909501,-12.5779505,-2.50305
1778964667555,Accelerometer,-1.3069501,-17.758951,-3.27795
1778964667576,Accelerometer,-4.54395,-23.139002,-3.051
1778964667594,Accelerometer,-6.8929505,-22.86795,-2.9959502
1778964667594,Gyroscope,-0.3653375,1.8381,-6.6460624
1778964667614,Accelerometer,-5.2909503,-22.066051,-2.871
1778964667632,Accelerometer,-9.627001,-22.348951,-2.505
1778964667652,Accelerometer,-14.122951,-17.565,-3.7429502
1778964667666,Accelerometer,-19.87005,-11.16705,-4.58295
1778964667666,Gyroscope,-0.26633748,1.95415,-2.45685
1778964667691,Accelerometer,-25.09605,-8.337001,-5.0020504
1778964667712,Accelerometer,-22.330952,-11.530951,-3.9580503
1778964667729,Accelerometer,-17.854052,-11.6320505,-3.3070502
1778964667744,Accelerometer,-15.249001,-10.76805,-3.4630501
1778964667744,Gyroscope,-0.0952875,-1.0500875,3.132525
1778964667768,Accelerometer,4.98,-14.509951,0.81000006
1778964667793,Accelerometer,21.804,-26.457,-2.505
1778964667811,Accelerometer,-6.234,-24.216002,-0.29700002
1778964667825,Accelerometer,0.804,-11.00895,-0.597
1778964667825,Gyroscope,-0.714725,0.8888,4.971175
1778964667846,Accelerometer,-10.314,0.70005006,-4.638
1778964667865,Accelerometer,-14.526001,0.16605,-6.3190503
1778964667885,Accelerometer,-6.13395,-9.72105,-3.3960001
1778964667899,Accelerometer,-2.8630502,-18.549002,-1.9950001
1778964667900,Gyroscope,-0.37867498,-1.1111375,1.31945
1778964667924,Accelerometer,-0.22695,-10.960951,-5.9359503
1778964667944,Accelerometer,-0.010950001,-6.5130005,-2.6509502
1778964667962,Accelerometer,-2.5180502,-8.23005,-2.0760002
1778964667976,Accelerometer,-3.6340501,-9.891001,-2.6250002
1778964667976,Gyroscope,0.033,0.1485,0.6865375
1778964668001,Accelerometer,-3.4639502,-10.329,-2.8159502
1778964668024,Accelerometer,-2.52795,-9.798,-3.2929502
1778964668041,Accelerometer,-2.59695,-9.333,-4.1329503
1778964668057,Accelerometer,-3.6120002,-9.052951,-3.3930001
1778964668057,Gyroscope,0.0257125,-0.7860875,0.089237496
1778964668079,Accelerometer,-1.93605,-8.743951,-2.7229502
1778964668098,Accelerometer,0.54495,-9.361951,-2.4
1778964668118,Accelerometer,0.9289501,-9.835951,-2.5549502
1778964668132,Accelerometer,-1.8100501,-10.02495,-2.529
1778964668133,Gyroscope,-0.13805,-0.257125,0.516725
1778964668157,Accelerometer,-3.5310001,-9.86205,-2.9170501
1778964668176,Accelerometer,-1.93605,-8.818951,-2.73705
1778964668195,Accelerometer,0.60300004,-8.17695,-2.9530501
1778964668210,Accelerometer,-0.32700002,-10.011001,-2.5549502
1778964668210,Gyroscope,-0.057475,-0.80575,1.100825
1778964668235,Accelerometer,-2.121,-11.637,-2.86695
1778964668256,Accelerometer,-2.09205,-10.23795,-4.104
1778964668275,Accelerometer,-1.3930501,-9.084001,-4.3099504
1778964668291,Accelerometer,-1.89795,-10.609051,-2.60595
1778964668291,Gyroscope,0.1918125,-0.8130375,1.83865
1778964668312,Accelerometer,-1.9200001,-13.279051,-3.7120502
1778964668331,Accelerometer,-1.3450501,-14.589001,-5.5189505
1778964668351,Accelerometer,-2.082,-14.92905,-3.9060001
1778964668375,Accelerometer,-2.2020001,-17.140951,-2.39205
1778964668375,Gyroscope,0.482625,-1.372525,2.6816626
1778964668394,Accelerometer,1.419,-20.13195,-3.4669502
1778964668409,Accelerometer,5.583,-21.472052,-5.29395
1778964668429,Accelerometer,8.620951,-19.104,-5.08605
1778964668443,Accelerometer,7.6090503,-18.61395,-4.67205
1778964668443,Gyroscope,-0.18205,-2.8422625,3.072575
1778964668468,Accelerometer,0.27495003,-19.353,-5.886
1778964668490,Accelerometer,-9.318001,-21.36495,-1.03005
1778964668508,Accelerometer,-7.0980005,-14.14095,-4.827
1778964668523,Accelerometer,3.5740502,-6.1369505,-4.9159503
1778964668523,Gyroscope,0.7110125,1.8539125,2.6279
1778964668547,Accelerometer,8.69295,-3.1230001,-4.40805
1778964668565,Accelerometer,5.8969502,-0.83805007,-3.3070502
1778964668588,Accelerometer,3.2269502,-0.15795001,-2.8830001
1778964668606,Accelerometer,2.703,-0.90495,-1.485
1778964668606,Gyroscope,-0.389675,0.7275125,-3.221625
1778964668613,Accelerometer,2.013,-3.3739502,-0.36900002
1778964668643,Accelerometer,1.1080501,-5.2510505,-1.11195
1778964668662,Accelerometer,0.52905005,-6.0270004,-1.7700001
1778964668676,Accelerometer,0.109950006,-7.7650504,-1.72395
1778964668677,Gyroscope,0.1502875,0.9035125,-6.5910625
1778964668693,Accelerometer,0.055050004,-8.548051,-1.83
1778964668720,Accelerometer,0.58905005,-11.682,-1.11195
1778964668739,Accelerometer,0.90000004,-18.96105,-2.5480502
1778964668756,Accelerometer,-5.3479505,-26.26605,-3.6660001
1778964668756,Gyroscope,-0.438625,0.9560375,-7.5183625
1778964668778,Accelerometer,-9.262951,-24.730951,-4.1020503
1778964668798,Accelerometer,-6.03105,-22.98105,-3.7600503
1778964668822,Accelerometer,-9.3490505,-23.038052,-3.8070002
1778964668839,Accelerometer,-12.972001,-16.528051,-5.2990503
1778964668839,Gyroscope,-0.085525,2.5161126,-3.287625
1778964668857,Accelerometer,-24.538052,-9.85305,-6.453
1778964668875,Accelerometer,-26.50905,-6.7330503,-9.184951
1778964668895,Accelerometer,-21.222,-11.557951,-4.6860003
1778964668909,Accelerometer,-15.924001,-12.682951,-1.9609501
1778964668910,Gyroscope,-0.3751,-1.441,2.5460875
1778964668935,Accelerometer,-10.67805,-12.582001,-0.822
1778964668954,Accelerometer,29.167051,-21.08205,12.86295
1778964668972,Accelerometer,0.9979501,-30.642002,4.7059503
1778964668988,Accelerometer,-0.91905004,-10.846951,-3.3600001
1778964668988,Gyroscope,-0.786775,1.2907125,6.2539124
1778964669012,Accelerometer,-8.03895,-3.55095,-4.27395
1778964669031,Accelerometer,-10.0990505,2.4499502,-9.276
1778964669055,Accelerometer,-11.146951,-6.8239503,-6.0610504
1778964669072,Accelerometer,-7.1970005,-16.890001,-0.846
1778964669072,Gyroscope,-0.2431,-1.8588625,1.6823125
1778964669092,Accelerometer,-7.3309503,-13.771951,-4.3560004
1778964669108,Accelerometer,-1.2760501,-6.46005,-2.45895
1778964669128,Accelerometer,2.77905,-7.6429505,-0.108
1778964669143,Accelerometer,-0.55695003,-10.44705,-1.2070501
1778964669143,Gyroscope,0.0367125,0.6664625,0.6450125
1778964669167,Accelerometer,-2.2840502,-10.83495,-2.6149502
1778964669187,Accelerometer,-3.3660002,-9.805051,-2.9580002
1778964669205,Accelerometer,-5.40105,-9.27795,-3.21795
1778964669221,Accelerometer,-5.9209504,-8.826,-2.6749501
1778964669221,Gyroscope,0.0708125,-0.720225,-0.0257125
1778964669245,Accelerometer,-2.8150501,-8.347051,-2.2800002
1778964669254,Accelerometer,0.83505005,-9.1390505,-1.5520501
1778964669284,Accelerometer,2.9569502,-10.416,-1.914
1778964669304,Accelerometer,-0.30795002,-10.08495,-2.67
1778964669304,Gyroscope,-0.0928125,0.0092124995,0.675675
1778964669325,Accelerometer,-3.1000502,-9.38595,-2.38995
1778964669336,Accelerometer,-3.8260503,-8.859,-2.8879502
1778964669361,Accelerometer,-2.21895,-8.680051,-3.0889502
1778964669376,Accelerometer,-0.85695004,-10.078051,-2.9670002
1778964669376,Gyroscope,-0.050049998,-1.14895,0.8845375
1778964669400,Accelerometer,-0.36795002,-11.58195,-2.0670002
1778964669419,Accelerometer,-0.34905002,-11.40705,-2.9599502
1778964669439,Accelerometer,-1.02705,-10.86795,-3.7480502
1778964669453,Accelerometer,-2.26005,-11.93595,-3.42195
1778964669454,Gyroscope,0.2932875,-0.7715125,2.034175
1778964669477,Accelerometer,-2.83905,-13.50195,-3.48705
1778964669501,Accelerometer,-2.59695,-15.022051,-3.0340502
1778964669518,Accelerometer,-1.2400501,-15.558001,-1.96905
1778964669536,Accelerometer,-0.22200002,-16.729052,-2.16
1778964669536,Gyroscope,0.70125,-0.9510875,2.6646125
1778964669557,Accelerometer,2.63595,-18.10605,-4.9759502
1778964669575,Accelerometer,5.2330503,-19.267052,-8.41905
1778964669594,Accelerometer,5.29605,-18.163052,-8.529
1778964669609,Accelerometer,3.4140003,-19.60695,-6.19005
1778964669609,Gyroscope,-0.195525,-3.1158874,2.8062375
1778964669633,Accelerometer,-2.48895,-19.369951,-5.99805
1778964669655,Accelerometer,-1.8790501,-20.76795,-0.34800002
1778964669672,Accelerometer,-4.5150003,-11.778001,-3.4630501
1778964669687,Accelerometer,4.7119503,-5.50995,-2.7589502
1778964669687,Gyroscope,0.4679125,1.5497625,2.4116125
1778964669711,Accelerometer,9.3490505,-2.256,-3.072
1778964669734,Accelerometer,5.9280005,0.83205,-3.8940003
1778964669753,Accelerometer,3.1620002,1.5169501,-3.3790503
1778964669767,Accelerometer,1.7760001,-1.2739501,-1.79595
1778964669768,Gyroscope,-1.0641125,1.9859124,-3.3523874
1778964669789,Accelerometer,0.90495,-5.1790504,0.40800002
1778964669808,Accelerometer,1.1700001,-7.6189504,1.0330501
1778964669828,Accelerometer,0.96900004,-9.23295,0.52500004
1778964669842,Accelerometer,0.09105001,-11.806951,-0.13005
1778964669842,Gyroscope,0.0122375,1.1099,-6.4372
1778964669866,Accelerometer,-0.85905004,-13.1980505,-0.70905006
1778964669887,Accelerometer,-1.45305,-15.937051,-2.38995
1778964669902,Accelerometer,-2.7859502,-22.533,-2.9670002
1778964669920,Accelerometer,-7.9339504,-23.341951,-3.46005
1778964669920,Gyroscope,-0.1343375,0.84975,-7.047975
1778964669944,Accelerometer,-8.226001,-20.650951,-3.5110502
1778964669965,Accelerometer,-6.912,-18.81195,-2.67705
1778964669983,Accelerometer,-10.05105,-18.94395,-0.44805002
1778964669999,Accelerometer,-15.049951,-16.22895,-0.52695
1778964669999,Gyroscope,-0.2358125,1.0451375,-3.6944876
1778964670022,Accelerometer,-19.567951,-11.44305,-2.421
1778964670041,Accelerometer,-21.868952,-9.891001,-3.0679502
1778964670056,Accelerometer,-19.803001,-11.838,-1.52295
1778964670075,Accelerometer,-16.642052,-11.77095,-1.31505
1778964670076,Gyroscope,0.089237496,-0.1496,2.7451875
1778964670105,Accelerometer,-13.59405,-11.079,-3.25395
1778964670119,Accelerometer,9.780001,-11.934001,-0.82395005
1778964670136,Accelerometer,19.01505,-23.433,-3.8550003
1778964670153,Accelerometer,-9.057,-29.650951,-0.41505003
1778964670153,Gyroscope,-1.382975,-0.3328875,5.6541376
1778964670177,Accelerometer,-1.52505,-11.722951,1.50405
1778964670199,Accelerometer,-12.933001,4.5690002,-5.2819505
1778964670216,Accelerometer,-10.326,0.006,-6.8890505
1778964670233,Accelerometer,-3.3370502,-10.993051,-1.7410501
1778964670233,Gyroscope,-0.61448747,-0.9865625,1.7226
1778964670255,Accelerometer,0.31095,-20.503052,-3.18705
1778964670274,Accelerometer,-3.426,-9.96105,-3.8190002
1778964670301,Accelerometer,-3.6790502,-5.3899503,-3.1369503
1778964670318,Accelerometer,-3.8140502,-8.052,-1.7119501
1778964670318,Gyroscope,0.01705,-0.3707,0.615725
1778964670335,Accelerometer,-2.5129502,-10.2619505,-3.3450003
1778964670352,Accelerometer,-2.63595,-10.851001,-2.93805
1778964670371,Accelerometer,-2.832,-9.795,-3.7189503
1778964670386,Accelerometer,-3.3439503,-9.1710005,-3.86505
1778964670386,Gyroscope,0.024475,-0.7458,0.0488125
1778964670410,Accelerometer,-2.331,-8.57205,-2.946
1778964670433,Accelerometer,0.342,-8.445001,-2.53605
1778964670449,Accelerometer,1.3240501,-8.907001,-2.7439501
1778964670465,Accelerometer,-1.146,-9.475051,-2.7640502
1778964670465,Gyroscope,-0.0732875,-0.2743125,0.4434375
1778964670488,Accelerometer,-3.24795,-9.39795,-2.43105
1778964670508,Accelerometer,-2.2669501,-9.184951,-3.4099503
1778964670534,Accelerometer,-0.864,-8.30595,-3.039
1778964670537,Accelerometer,0.01905,-8.50695,-2.0400002
1778964670550,Gyroscope,-0.0622875,-0.9645625,0.77825
1778964670566,Accelerometer,-1.0510501,-11.55,-1.6000501
1778964670585,Accelerometer,-0.648,-11.637,-3.69
1778964670605,Accelerometer,-1.32105,-9.558001,-4.37295
1778964670617,Accelerometer,-2.4780002,-9.762,-3.8100002
1778964670619,Gyroscope,0.2162875,-0.511225,1.709125
1778964670643,Accelerometer,-2.367,-11.965051,-3.7120502
1778964670665,Accelerometer,-1.74195,-13.894051,-4.8370504
1778964670682,Accelerometer,-1.8259501,-14.557951,-4.25805
1778964670696,Accelerometer,-2.736,-15.508051,-2.62905
1778964670697,Gyroscope,0.444675,-0.8496125,2.4433749
1778964670721,Accelerometer,-1.6350001,-16.926,-1.8559501
1778964670741,Accelerometer,1.4580001,-17.92905,-3.6690001
1778964670764,Accelerometer,5.4079504,-19.324951,-6.4750504
1778964670781,Accelerometer,6.84705,-18.40995,-6.5230503
1778964670781,Gyroscope,-0.168575,-1.7171,2.774475
1778964670801,Accelerometer,6.7660503,-17.883001,-5.80695
1778964670818,Accelerometer,1.7400001,-17.449951,-3.66405
1778964670838,Accelerometer,-15.097951,-24.076952,0.46095002
1778964670852,Accelerometer,-2.39595,-11.28705,-2.1340501
1778964670852,Gyroscope,0.4104375,1.863675,3.61625
1778964670877,Accelerometer,6.7969503,-7.8559504,-4.3170004
1778964670896,Accelerometer,11.99295,-4.21395,-4.6810503
1778964670915,Accelerometer,6.3229504,-2.1409502,-4.78695
1778964670929,Accelerometer,3.7680001,-3.4650002,-3.0960002
1778964670930,Gyroscope,-0.610775,0.157025,-2.85395
1778964670954,Accelerometer,0.897,-6.4870505,-0.23805001
1778964670974,Accelerometer,1.4430001,-7.5829506,-1.9540501
1778964670996,Accelerometer,0.95205003,-7.7839503,-2.6920502
1778964671014,Accelerometer,-4.434,-11.15295,-1.6170001
1778964671014,Gyroscope,0.0427625,0.9560375,-6.0462875
1778964671033,Accelerometer,-2.76195,-11.92905,-3.7480502
1778964671051,Accelerometer,-2.67105,-14.00205,-4.191
1778964671071,Accelerometer,-5.7240005,-18.445951,-2.86905
1778964671085,Accelerometer,-5.9230504,-17.938051,-3.1609502
1778964671086,Gyroscope,-0.5632,1.13685,-6.0303373
1778964671110,Accelerometer,-6.18405,-17.272951,-3.0010502
1778964671130,Accelerometer,-7.0030503,-17.122051,-2.0719502
1778964671148,Accelerometer,-9.483001,-16.677,-2.33505
1778964671163,Accelerometer,-10.302,-14.668051,-2.3689501
1778964671163,Gyroscope,-0.047575,1.2577125,-3.7115374
1778964671182,Accelerometer,-11.58495,-12.727951,-2.49495
1778964671207,Accelerometer,-11.059051,-10.9140005,-3.07995
1778964671230,Accelerometer,-13.450951,-9.39795,-2.77605
1778964671247,Accelerometer,-12.7560005,-9.441,-3.2950501
1778964671248,Gyroscope,-0.13805,1.3286625,-0.0818125
1778964671266,Accelerometer,-12.403951,-10.429951,-3.2040002
1778964671285,Accelerometer,-12.885,-10.61205,-3.0250502
1778964671304,Accelerometer,-13.4740505,-9.4480505,-3.3379502
1778964671319,Accelerometer,-12.553051,-8.96895,-2.2699502
1778964671319,Gyroscope,-0.1953875,0.1692625,2.8062375
1778964671338,Accelerometer,-2.22105,-14.754001,7.05705
1778964671362,Accelerometer,14.526001,-21.606,-3.7120502
1778964671382,Accelerometer,-0.32295,-17.835001,-4.7650504
1778964671396,Accelerometer,5.013,-5.385,-2.6179502
1778964671396,Gyroscope,-0.4862,0.6787,3.8300624
1778964671418,Accelerometer,-1.16805,-0.75705004,-3.93195
1778964671440,Accelerometer,-17.28405,-7.056,-5.61
1778964671461,Accelerometer,-7.2010503,-15.831,0.37905002
1778964671479,Accelerometer,-8.02305,-12.199051,-3.73095
1778964671479,Gyroscope,-0.069575,-1.19295,1.3462625
1778964671498,Accelerometer,0.37995002,-5.41905,-2.3400002
1778964671518,Accelerometer,2.832,-8.578951,-1.3609501
1778964671537,Accelerometer,-3.081,-12.22095,-1.3270501
1778964671552,Accelerometer,-5.6790004,-10.404,-2.7180002
1778964671552,Gyroscope,-0.055,0.39765,0.720775
1778964671576,Accelerometer,-3.8809502,-8.080951,-2.7439501
1778964671596,Accelerometer,-2.9899502,-8.75595,-3.3930001
1778964671615,Accelerometer,-2.7169502,-9.931951,-3.8890502
1778964671629,Accelerometer,-1.8409501,-9.44295,-3.20895
1778964671630,Gyroscope,0.0452375,-1.0806125,-0.143
1778964671654,Accelerometer,-0.13395001,-9.148951,-2.4
1778964671675,Accelerometer,2.289,-9.63,-2.12895
1778964671694,Accelerometer,0.708,-9.490951,-1.674
1778964671710,Accelerometer,-2.2759502,-9.475051,-1.57395
1778964671710,Gyroscope,-0.025575,0.22659999,0.6622
1778964671732,Accelerometer,-3.5020502,-9.453,-2.33505
1778964671751,Accelerometer,-2.73405,-9.331051,-2.66505
1778964671771,Accelerometer,-1.6110001,-10.246051,-1.9350001
1778964671795,Accelerometer,-0.79695004,-10.375051,-1.6000501
1778964671795,Gyroscope,-0.080575,-0.6139375,0.7709625
1778964671814,Accelerometer,-0.30795002,-10.36005,-2.5480502
1778964671823,Accelerometer,-1.33095,-9.82695,-2.799
1778964671848,Accelerometer,-1.9120501,-9.81,-3.69495
1778964671863,Accelerometer,-0.91605,-10.2960005,-4.0950003
1778964671863,Gyroscope,0.1942875,-0.7104625,1.8118374
1778964671887,Accelerometer,-2.3050501,-14.059951,-3.6810002
1778964671899,Accelerometer,-2.4180002,-16.55895,-3.903
1778964671926,Accelerometer,-1.9990501,-17.043001,-3.417
1778964671944,Accelerometer,-0.40395,-18.831001,-2.9910002
1778964671944,Gyroscope,0.5754375,-0.7800375,2.608375
1778964671964,Accelerometer,2.64,-20.958,-5.04495
1778964671979,Accelerometer,3.6360002,-18.333,-6.30705
1778964672004,Accelerometer,6.5860505,-18.841051,-5.385
1778964672026,Accelerometer,4.7140503,-18.762001,-4.296
1778964672026,Gyroscope,-0.2688125,-2.6382124,2.851475
1778964672047,Accelerometer,-0.27,-19.605001,-3.6540003
1778964672059,Accelerometer,-3.9790502,-19.91805,-0.40800002
1778964672081,Accelerometer,-4.8840003,-11.55,-4.17105
1778964672096,Accelerometer,6.10305,-5.7109504,-3.0679502
1778964672096,Gyroscope,0.0867625,1.2871375,2.1269875
1778964672120,Accelerometer,9.59805,-3.6679502,-3.7860003
1778964672141,Accelerometer,6.8260503,-1.6980001,-2.98095
1778964672159,Accelerometer,4.99905,-1.6380001,-1.9930501
1778964672175,Accelerometer,3.5479503,-3.798,-0.76905006
1778964672175,Gyroscope,-1.12035,1.0195625,-3.243625
1778964672198,Accelerometer,2.2069502,-4.7200503,-0.11805001
1778964672217,Accelerometer,1.95105,-5.8950005,-0.975
1778964672242,Accelerometer,0.72495,-8.542951,-1.4490001
1778964672258,Accelerometer,-1.0699501,-10.573951,-0.42900002
1778964672258,Gyroscope,-0.129525,0.83875,-6.2966747
1778964672278,Accelerometer,-2.4079502,-11.7949505,-0.46305
1778964672295,Accelerometer,-1.33305,-15.661051,-1.7530501
1778964672314,Accelerometer,-3.7350001,-20.244001,-1.521
1778964672329,Accelerometer,-7.7070003,-20.248951,-1.3560001
1778964672329,Gyroscope,-0.312675,0.9926125,-6.7401123
1778964672353,Accelerometer,-4.67805,-19.192951,-1.2430501
1778964672374,Accelerometer,-5.229,-20.75595,-0.46995002
1778964672391,Accelerometer,-9.700951,-19.830002,-0.91800004
1778964672409,Accelerometer,-13.779,-14.898001,-3.55095
1778964672409,Gyroscope,-0.0573375,1.746525,-3.408625
1778964672431,Accelerometer,-19.105951,-10.02795,-4.341
1778964672450,Accelerometer,-21.177002,-8.919001,-4.8349504
1778964672460,Accelerometer,-18.675001,-11.392051,-3.11295
1778964672485,Accelerometer,-15.150001,-11.77095,-2.3040001
1778964672485,Gyroscope,-0.055,-0.7275125,2.2638
1778964672514,Accelerometer,-12.61995,-11.859,-2.73495
1778964672528,Accelerometer,-9.979051,-10.135051,-1.9159501
1778964672540,Accelerometer,2.289,-8.658,4.227
1778964672562,Accelerometer,33.40905,-12.74295,0.52305
1778964672562,Gyroscope,1.7336,-1.08295,-2.0574124
1778964672586,Accelerometer,-4.06005,-29.929052,-5.49795
1778964672606,Accelerometer,-2.23095,-24.367052,-1.7770501
1778964672623,Accelerometer,-18.535952,-4.605,-1.7770501
1778964672639,Accelerometer,-8.19705,1.95,-5.9050503
1778964672640,Gyroscope,-0.3163875,0.3073125,2.1417
1778964672664,Accelerometer,-1.77795,-7.8420005,-5.0500503
1778964672684,Accelerometer,1.281,-11.77305,-1.2930001
1778964672706,Accelerometer,-4.359,-15.823951,-2.6869502
1778964672723,Accelerometer,-6.26805,-7.7839503,-4.3510504
1778964672723,Gyroscope,-0.024475,-0.7849875,1.01035
1778964672742,Accelerometer,-4.20405,-6.6210003,-2.1649501
1778964672761,Accelerometer,-0.72495,-9.55395,-1.7890501
1778964672781,Accelerometer,-1.2349501,-11.8279505,-2.9980502
1778964672795,Accelerometer,-2.80605,-10.288951,-4.51905
1778964672795,Gyroscope,0.0012375,-0.56374997,0.3971
1778964672820,Accelerometer,-5.49405,-8.148001,-3.6829503
1778964672839,Accelerometer,-2.0029502,-8.380051,-2.742
1778964672858,Accelerometer,2.8459501,-8.93805,-2.433
1778964672873,Accelerometer,0.76095,-9.943951,-1.95
1778964672873,Gyroscope,0.0317625,-0.44165,0.493625
1778964672897,Accelerometer,-2.1349502,-9.616051,-1.38405
1778964672921,Accelerometer,-2.7460501,-8.22,-2.5069501
1778964672939,Accelerometer,-3.354,-8.364,-3.7450502
1778964672955,Accelerometer,-3.59295,-9.313951,-3.1969502
1778964672956,Gyroscope,-0.0708125,-0.9449,0.593725
1778964672975,Accelerometer,-2.121,-9.86505,-2.1750002
1778964672994,Accelerometer,-0.23895001,-10.156951,-2.25795
1778964673014,Accelerometer,0.43500003,-10.62405,-2.5069501
1778964673028,Accelerometer,-1.1370001,-12.007951,-2.4790502
1778964673029,Gyroscope,0.1087625,-0.3914625,1.6028374
1778964673053,Accelerometer,-2.14695,-11.694,-2.493
1778964673073,Accelerometer,-1.8889501,-12.604051,-4.83195
1778964673091,Accelerometer,-1.74195,-14.48595,-5.1340504
1778964673104,Accelerometer,-2.5450501,-15.190051,-3.8910003
1778964673105,Gyroscope,0.44233748,-0.8020375,2.3738
1778964673130,Accelerometer,-1.9030501,-15.754951,-2.7229502
1778964673154,Accelerometer,1.1029501,-16.851002,-3.6180003
1778964673171,Accelerometer,4.3879504,-18.15105,-6.7570505
1778964673187,Accelerometer,6.222,-18.276001,-7.21005
1778964673188,Gyroscope,0.1942875,-1.6951,2.8967125
1778964673208,Accelerometer,5.4540005,-17.82105,-5.91405
1778964673227,Accelerometer,1.56105,-17.62005,-4.36095
1778964673247,Accelerometer,-3.081,-21.56295,-1.6500001
1778964673261,Accelerometer,-7.0030503,-17.038052,-3.5730002
1778964673262,Gyroscope,0.14533749,0.19607499,3.9534
1778964673286,Accelerometer,0.31305,-11.083951,-3.27795
1778964673305,Accelerometer,7.9990506,-6.6610503,-2.35695
1778964673324,Accelerometer,9.792001,-2.2459502,-3.8389502
1778964673339,Accelerometer,5.32905,-0.59400004,-3.93405
1778964673339,Gyroscope,-0.5534375,0.2523125,-1.7848874
1778964673364,Accelerometer,3.49005,-1.48695,-1.9950001
1778964673387,Accelerometer,2.9880002,-4.4490004,-0.86700004
1778964673404,Accelerometer,2.50395,-6.846,-2.325
1778964673420,Accelerometer,-0.08295,-8.811001,-2.2099502
1778964673420,Gyroscope,-0.058575,0.941325,-5.3791375
1778964673441,Accelerometer,-3.5410502,-11.119051,-1.0180501
1778964673461,Accelerometer,-2.5900502,-10.97805,-2.5890002
1778964673480,Accelerometer,-1.0860001,-12.427051,-3.1390502
1778964673504,Accelerometer,-2.0010002,-17.28195,-2.706
1778964673505,Gyroscope,-0.405625,1.0989,-6.85135
1778964673525,Accelerometer,-3.1980002,-19.140001,-3.2760003
1778964673538,Accelerometer,-3.8850002,-20.25105,-4.13805
1778964673557,Accelerometer,-8.602051,-21.609001,-3.8839502
1778964673572,Accelerometer,-11.379001,-20.352001,-3.89805
1778964673572,Gyroscope,-0.3018125,2.0029626,-5.0285125
1778964673597,Accelerometer,-14.511001,-16.40805,-3.89805
1778964673618,Accelerometer,-17.50395,-12.192,-3.5730002
1778964673637,Accelerometer,-20.13795,-8.61705,-4.1520004
1778964673655,Accelerometer,-22.180052,-10.212001,-2.09805
1778964673655,Gyroscope,-0.2748625,0.4233625,-0.132
1778964673674,Accelerometer,-18.001951,-12.063001,-0.73605
1778964673694,Accelerometer,-16.692001,-11.524051,-2.0400002
1778964673714,Accelerometer,-10.35,-10.521001,-1.4989501
1778964673735,Accelerometer,23.956951,-16.084951,4.1790004
1778964673735,Gyroscope,1.161875,1.1111375,1.3561625
1778964673742,Accelerometer,0.25095,-36.657,1.54005
1778964673772,Accelerometer,-6.28905,-20.008951,-2.18205
1778964673791,Accelerometer,-5.74305,-2.8140001,-2.1769502
1778964673805,Accelerometer,-13.4740505,5.18205,-7.4830503
1778964673806,Gyroscope,-0.69519997,0.65065,2.492325
1778964673823,Accelerometer,-7.7899504,-5.14305,-5.0880003
1778964673849,Accelerometer,-1.7860501,-15.853051,-1.0900501
1778964673869,Accelerometer,-2.6590502,-16.98105,-4.1950502
1778964673885,Accelerometer,-3.2250001,-7.3699503,-4.1400003
1778964673885,Gyroscope,-0.039049998,-0.8680375,1.6285499
1778964673906,Accelerometer,-2.79795,-6.8239503,-0.9990001
1778964673928,Accelerometer,-4.03905,-8.862,-2.26605
1778964673952,Accelerometer,-3.6649501,-10.600051,-2.86905
1778964673968,Accelerometer,-2.73105,-10.51395,-3.108
1778964673969,Gyroscope,-0.008525,0.14973749,0.4752
1778964673988,Accelerometer,-2.6209502,-9.558001,-4.191
1778964674004,Accelerometer,-3.83505,-9.03405,-3.5820003
1778964674024,Accelerometer,-2.43195,-8.56005,-2.3089502
1778964674038,Accelerometer,0.591,-9.240001,-1.6290001
1778964674039,Gyroscope,-0.0268125,-0.6945125,0.2613875
1778964674063,Accelerometer,1.3260001,-9.3810005,-1.69095
1778964674083,Accelerometer,-1.9150501,-9.10095,-2.3830502
1778964674102,Accelerometer,-3.3610501,-8.79705,-1.54005
1778964674117,Accelerometer,-2.499,-8.644051,-2.53905
1778964674117,Gyroscope,-0.033,-0.50765,0.5974375
1778964674140,Accelerometer,-1.1220001,-8.661,-3.24195
1778964674160,Accelerometer,-1.3450501,-10.188001,-2.325
1778964674183,Accelerometer,-1.9890001,-10.807951,-2.7880502
1778964674201,Accelerometer,-1.6129501,-10.726951,-3.55605
1778964674201,Gyroscope,0.044,-0.538175,1.283975
1778964674219,Accelerometer,-1.2900001,-11.212951,-3.72795
1778964674238,Accelerometer,-1.7500501,-12.774,-3.15405
1778964674257,Accelerometer,-1.7310001,-13.67205,-4.0680003
1778964674271,Accelerometer,-1.3549501,-14.263051,-4.605
1778964674272,Gyroscope,0.366575,-0.792275,2.33475
1778964674296,Accelerometer,-1.4770501,-16.09995,-4.2070503
1778964674315,Accelerometer,-0.555,-18.678001,-3.4720502
1778964674334,Accelerometer,3.0880501,-19.831951,-5.28
1778964674349,Accelerometer,6.86595,-19.07805,-6.6880503
1778964674350,Gyroscope,0.2858625,-1.753675,2.801425
1778964674373,Accelerometer,7.8840003,-18.05595,-5.7229505
1778964674383,Accelerometer,4.44105,-18.357,-4.72695
1778964674413,Accelerometer,-3.1620002,-21.583052,-3.1920002
1778964674433,Accelerometer,-4.9170003,-19.26,-2.4810002
1778964674433,Gyroscope,0.521675,-0.3829375,3.8960624
1778964674454,Accelerometer,-2.8650002,-12.361951,-3.6880503
1778964674464,Accelerometer,3.9570003,-6.6130505,-3.0919502
1778964674490,Accelerometer,8.305051,-3.2260501,-2.28705
1778964674505,Accelerometer,6.4429502,-0.35205,-2.18205
1778964674505,Gyroscope,0.022,0.4258375,-1.8569375
1778964674529,Accelerometer,4.3720503,0.49395,-1.7820001
1778964674551,Accelerometer,2.7190502,-0.91695005,-0.86700004
1778964674568,Accelerometer,2.298,-3.7860003,-1.044
1778964674582,Accelerometer,2.4390001,-6.9990005,-1.8010501
1778964674583,Gyroscope,-0.26015,2.2669625,-5.1030374
1778964674607,Accelerometer,0.68205005,-8.7949505,-2.5819502
1778964674631,Accelerometer,-0.80895007,-10.791,-2.2440002
1778964674650,Accelerometer,-2.0680501,-12.73995,-1.9950001
1778964674665,Accelerometer,-1.6129501,-15.223051,-4.00395
1778964674665,Gyroscope,-0.3311,0.8155125,-7.0492125
1778964674684,Accelerometer,-3.7350001,-21.063002,-4.4950504
1778964674704,Accelerometer,-7.5919504,-23.806952,-4.18095
1778964674724,Accelerometer,-5.9230504,-22.44,-4.3699503
1778964674738,Accelerometer,-7.7500505,-22.768051,-3.17805
1778964674738,Gyroscope,-0.621775,1.1160874,-5.54895
1778964674763,Accelerometer,-12.579,-19.641,-2.3800502
1778964674783,Accelerometer,-18.771002,-14.263051,-2.80905
1778964674801,Accelerometer,-22.666052,-8.58195,-3.49095
1778964674815,Accelerometer,-22.836,-9.333,-2.7919502
1778964674815,Gyroscope,-0.2358125,0.17655,-0.146575
1778964674840,Accelerometer,-18.19395,-13.00905,-0.87900007
1778964674864,Accelerometer,-15.495001,-12.11295,-1.2600001
1778964674881,Accelerometer,-13.027051,-11.172001,-1.9399501
1778964674898,Accelerometer,6.0040503,-11.380051,3.006
1778964674898,Gyroscope,0.4508625,1.8308125,3.254625
1778964674917,Accelerometer,23.08995,-22.024952,-1.21695
1778964674937,Accelerometer,-6.46605,-25.198051,-2.112
1778964674957,Accelerometer,0.86205006,-14.43105,-3.2329502
1778964674971,Accelerometer,-9.27495,-2.835,-3.34995
1778964674971,Gyroscope,-0.317625,1.906575,3.1653874
1778964674996,Accelerometer,-15.655951,0.90795004,-6.60405
1778964675015,Accelerometer,-7.8139505,-7.8820505,-3.6810002
1778964675030,Accelerometer,-5.4030004,-16.31295,-1.9519501
1778964675049,Accelerometer,-0.82995003,-12.74295,-5.33295
1778964675049,Gyroscope,-0.240625,-1.416525,1.0360625
1778964675074,Accelerometer,0.80895007,-7.5469503,-2.50005
1778964675095,Accelerometer,-1.8570001,-8.48595,-2.2080002
1778964675113,Accelerometer,-3.1050003,-9.963,-2.6560502
1778964675130,Accelerometer,-3.37995,-10.353001,-3.1630502
1778964675130,Gyroscope,0.1722875,0.58341247,0.5119125
1778964675151,Accelerometer,-3.07605,-9.949051,-3.1729503
1778964675170,Accelerometer,-3.114,-9.3,-3.5130002
1778964675185,Accelerometer,-3.2250001,-8.72805,-2.7589502
1778964675204,Accelerometer,-0.97605,-8.77995,-2.421
1778964675205,Gyroscope,-0.0072875,-0.8850875,0.044
1778964675233,Accelerometer,1.39995,-9.04605,-2.66295
1778964675248,Accelerometer,0.12900001,-9.5779505,-2.66805
1778964675265,Accelerometer,-2.42505,-9.52005,-1.9590001
1778964675282,Accelerometer,-3.00705,-9.184951,-2.9580002
1778964675282,Gyroscope,-0.058575,-0.456225,0.488675
1778964675306,Accelerometer,-1.4929501,-8.806951,-2.33295
1778964675329,Accelerometer,-0.066,-9.163051,-2.469
1778964675348,Accelerometer,-0.87600005,-11.586,-2.124
1778964675361,Accelerometer,-1.3260001,-11.349001,-2.59095
1778964675361,Gyroscope,0.044,-0.3817,1.1801625
1778964675384,Accelerometer,-0.32700002,-9.316951,-4.3699503
1778964675403,Accelerometer,-1.149,-10.542001,-3.66105
1778964675428,Accelerometer,-2.19495,-12.805051,-3.561
1778964675446,Accelerometer,-1.86195,-14.067,-4.87995
1778964675447,Gyroscope,0.3848625,-0.6554625,2.1649375
1778964675464,Accelerometer,-1.8720001,-14.203051,-4.557
1778964675481,Accelerometer,-2.32395,-14.79705,-3.51795
1778964675500,Accelerometer,-1.3570501,-16.00395,-3.1710002
1778964675515,Accelerometer,2.07495,-17.55105,-4.54005
1778964675515,Gyroscope,0.61215,-1.2724249,2.4886124
1778964675540,Accelerometer,6.4399505,-17.802,-7.1449504
1778964675561,Accelerometer,7.3879504,-17.685001,-6.4459505
1778964675578,Accelerometer,4.362,-16.91805,-5.4550505
1778964675594,Accelerometer,-0.68895006,-18.73995,-4.6789503
1778964675594,Gyroscope,-0.1612875,-2.5881624,3.59425
1778964675617,Accelerometer,-2.2480502,-19.974,-3.4459503
1778964675637,Accelerometer,-6.0859504,-16.54005,-4.30095
1778964675661,Accelerometer,0.98805004,-9.48705,-3.072
1778964675666,Accelerometer,8.097,-5.0550003,-2.8210502
1778964675680,Gyroscope,0.44715,1.0660375,0.4679125
1778964675694,Accelerometer,6.8299503,-2.15805,-2.9479501
1778964675714,Accelerometer,4.05105,-1.1329501,-1.8679501
1778964675734,Accelerometer,3.5650501,-1.4299501,0.26895002
1778964675746,Accelerometer,2.84205,-3.3760502,0.48000002
1778964675748,Gyroscope,-0.576675,1.9591,-3.9461124
1778964675773,Accelerometer,2.36295,-6.024,0.027
1778964675793,Accelerometer,1.24905,-8.8279505,-0.31395
1778964675811,Accelerometer,-0.35895002,-10.552051,-0.75705004
1778964675828,Accelerometer,-1.98195,-11.304001,-0.66405004
1778964675828,Gyroscope,0.0672375,1.3432375,-6.6620126
1778964675850,Accelerometer,-2.04705,-14.397,-1.7700001
1778964675870,Accelerometer,-3.351,-19.665,-3.00795
1778964675894,Accelerometer,-6.873,-22.047,-2.9290502
1778964675910,Accelerometer,-6.9259505,-22.246052,-2.5069501
1778964675911,Gyroscope,-0.5339125,1.364,-6.9416876
1778964675930,Accelerometer,-4.31895,-22.377,-2.59605
1778964675947,Accelerometer,-10.02,-23.53395,-3.072
1778964675967,Accelerometer,-17.722052,-17.30895,-3.5490003
1778964675981,Accelerometer,-22.989,-8.70405,-5.1990004
1778964675982,Gyroscope,-0.196625,1.8038625,-2.03775
1778964676006,Accelerometer,-25.89105,-7.5690002,-5.1550503
1778964676025,Accelerometer,-21.258001,-11.869051,-2.2680001
1778964676044,Accelerometer,-16.386002,-12.016951,-1.5330001
1778964676059,Accelerometer,-12.421051,-11.0449505,-2.24895
1778964676059,Gyroscope,0.0342375,0.14355,3.6663
1778964676083,Accelerometer,17.847,-13.554001,3.55395
1778964676103,Accelerometer,8.404051,-24.372002,-4.61205
1778964676127,Accelerometer,-7.7089505,-24.475052,-1.06095
1778964676144,Accelerometer,-1.2349501,-11.047951,-1.45905
1778964676144,Gyroscope,-0.7134875,1.1233749,4.28945
1778964676163,Accelerometer,-11.490001,-0.68295,-5.5909505
1778964676180,Accelerometer,-13.302001,-1.91805,-6.8749504
1778964676200,Accelerometer,-4.4500504,-10.549951,-2.4
1778964676214,Accelerometer,-3.3589501,-16.698,-2.63895
1778964676215,Gyroscope,-0.212575,-1.4287624,1.25345
1778964676239,Accelerometer,-1.0360501,-10.62405,-3.525
1778964676258,Accelerometer,-0.28395,-7.12095,-3.51795
1778964676277,Accelerometer,-2.7820501,-8.49495,-1.8370501
1778964676292,Accelerometer,-4.0750504,-9.793051,-2.91405
1778964676292,Gyroscope,0.0782375,0.5479375,0.6450125
1778964676312,Accelerometer,-3.9190502,-10.20195,-3.1609502
1778964676336,Accelerometer,-3.0550501,-9.75195,-3.3739502
1778964676356,Accelerometer,-2.9299502,-9.280951,-3.8239503
1778964676373,Accelerometer,-3.3390002,-8.955001,-3.048
1778964676373,Gyroscope,0.024475,-1.10495,-0.041525
1778964676395,Accelerometer,-1.4980501,-8.7949505,-2.4450002
1778964676413,Accelerometer,1.506,-9.26595,-1.815
1778964676433,Accelerometer,0.33195,-9.57495,-1.6210501
1778964676447,Accelerometer,-2.0730002,-9.096001,-2.457
1778964676448,Gyroscope,-0.035475,-0.091025,0.5509625
1778964676467,Accelerometer,-2.3389502,-8.589001,-3.0370502
1778964676491,Accelerometer,-1.065,-7.9930506,-2.3040001
1778964676511,Accelerometer,-0.60795003,-9.003,-2.21805
1778964676525,Accelerometer,-2.47005,-12.477,-1.9590001
1778964676525,Gyroscope,-0.0488125,-0.61875,1.0445875
1778964676547,Accelerometer,-1.8889501,-11.527051,-3.1969502
1778964676569,Accelerometer,-0.24105,-9.1369505,-4.6600504
1778964676590,Accelerometer,-0.96900004,-10.39395,-3.6420002
1778964676607,Accelerometer,-1.98195,-12.994051,-2.35695
1778964676607,Gyroscope,0.3163875,-0.544225,1.92665
1778964676627,Accelerometer,-1.9339501,-14.467051,-4.6069503
1778964676647,Accelerometer,-2.08005,-15.046051,-5.019
1778964676666,Accelerometer,-2.1019502,-15.814951,-3.3619502
1778964676681,Accelerometer,0.11895001,-18.501001,-3.4050002
1778964676681,Gyroscope,0.714725,-1.008425,2.4360874
1778964676705,Accelerometer,4.5370502,-19.43205,-5.2390504
1778964676724,Accelerometer,7.9920006,-19.224,-6.9630003
1778964676744,Accelerometer,7.70205,-17.557951,-5.886
1778964676758,Accelerometer,3.4330502,-17.650951,-3.8860502
1778964676758,Gyroscope,-0.201575,-2.531925,3.3353374
1778964676783,Accelerometer,-0.47805002,-19.633951,-2.66805
1778964676805,Accelerometer,-2.5180502,-17.389952,-0.83100003
1778964676822,Accelerometer,-6.8950505,-12.4480505,-4.578
1778964676839,Accelerometer,3.6820502,-5.7439504,-3.3120003
1778964676839,Gyroscope,0.3689125,1.11485,2.2295625
1778964676860,Accelerometer,8.113951,-2.766,-2.80905
1778964676880,Accelerometer,5.8560004,-0.93405,-2.9910002
1778964676900,Accelerometer,3.31995,-0.16800001,-2.43105
1778964676923,Accelerometer,3.11205,-1.22595,-0.87195003
1778964676923,Gyroscope,-0.212575,1.3946625,-3.188625
1778964676945,Accelerometer,2.2020001,-4.188,-1.2529501
1778964676953,Accelerometer,0.80205005,-6.90105,-1.6840501
1778964676977,Accelerometer,-0.033,-7.629,-2.60805
1778964676991,Accelerometer,-0.045,-9.319051,-3.3289502
1778964676992,Gyroscope,0.35433748,1.5107125,-6.4299126
1778964677016,Accelerometer,-0.85200006,-11.44995,-3.2070003
1778964677028,Accelerometer,-1.1560501,-14.553,-4.722
1778964677055,Accelerometer,-2.2020001,-20.97705,-5.1940503
1778964677072,Accelerometer,-8.166,-23.737051,-5.33505
1778964677072,Gyroscope,-0.229625,1.261425,-7.0541625
1778964677094,Accelerometer,-8.6980505,-21.61395,-4.9570503
1778964677108,Accelerometer,-8.99505,-20.81595,-4.5280504
1778964677133,Accelerometer,-12.4140005,-18.594002,-3.4669502
1778964677155,Accelerometer,-18.06405,-13.320001,-3.6520503
1778964677156,Gyroscope,-0.449625,0.676225,-3.1911
1778964677176,Accelerometer,-21.80895,-8.694,-4.49205
1778964677188,Accelerometer,-22.087051,-10.428,-3.7909503
1778964677210,Accelerometer,-17.358002,-12.59895,-1.9780501
1778964677225,Accelerometer,-14.461051,-11.59395,-1.57095
1778964677225,Gyroscope,-0.3188625,-1.0621876,2.6608999
1778964677249,Accelerometer,-12.486001,-10.717051,0.039
1778964677270,Accelerometer,17.17905,-15.811951,14.59395
1778964677288,Accelerometer,13.90995,-24.81495,-0.28995
1778964677304,Accelerometer,-3.01605,-24.393002,-5.8039503
1778964677304,Gyroscope,-1.2034,1.559525,5.4341373
1778964677327,Accelerometer,-3.59805,-14.064001,-5.53095
1778964677346,Accelerometer,-13.465051,2.5530002,-6.9540005
1778964677371,Accelerometer,-14.166,1.8709501,-9.42
1778964677388,Accelerometer,-7.4940004,-11.6970005,-2.6749501
1778964677388,Gyroscope,-0.2162875,-2.3120625,1.1826375
1778964677408,Accelerometer,-4.1800504,-17.539051,-1.6860001
1778964677424,Accelerometer,-1.36395,-10.176001,-2.1649501
1778964677443,Accelerometer,0.91695005,-8.269951,-1.96395
1778964677458,Accelerometer,-0.282,-8.93805,-1.27005
1778964677458,Gyroscope,0.044,0.1692625,0.4398625
1778964677482,Accelerometer,-0.59805006,-10.20495,-2.8620002
1778964677504,Accelerometer,-1.3620001,-10.210051,-3.5680501
1778964677521,Accelerometer,-5.169,-9.901051,-4.12095
1778964677536,Accelerometer,-6.3829503,-8.14605,-3.6160502
1778964677537,Gyroscope,0.0232375,-1.0096625,0.0207625
1778964677560,Accelerometer,-2.2840502,-7.90605,-2.802
1778964677579,Accelerometer,1.9410001,-8.839951,-2.4430501
1778964677589,Accelerometer,2.7120001,-10.47105,-2.388
1778964677614,Accelerometer,0.22500001,-10.509001,-2.4450002
1778964677614,Gyroscope,0.066,-0.169125,0.698775
1778964677642,Accelerometer,-2.19495,-9.144,-1.9900501
1778964677657,Accelerometer,-2.53305,-7.9590006,-2.1790502
1778964677668,Accelerometer,-1.9650002,-8.25405,-2.5480502
1778964677691,Accelerometer,-2.0730002,-11.03295,-2.6820002
1778964677691,Gyroscope,-0.0292875,-0.7140375,1.01035
1778964677716,Accelerometer,-2.50605,-11.706,-2.7880502
1778964677735,Accelerometer,-1.09605,-9.793051,-3.6880503
1778964677752,Accelerometer,-0.64095,-10.24995,-4.176
1778964677768,Accelerometer,-1.28505,-12.288,-2.94105
1778964677769,Gyroscope,0.22605,-0.7275125,1.786125
1778964677793,Accelerometer,-2.01495,-14.17905,-3.4840503
1778964677813,Accelerometer,-1.9699501,-14.457001,-3.93195
1778964677836,Accelerometer,-1.7860501,-14.75205,-3.3049502
1778964677853,Accelerometer,-0.41400003,-16.794,-3.4339502
1778964677853,Gyroscope,0.6549125,-0.92785,2.4910874
1778964677871,Accelerometer,2.6500502,-18.480001,-4.04895
1778964677890,Accelerometer,5.29605,-18.41205,-6.4440002
1778964677910,Accelerometer,7.4550004,-17.97705,-6.46995
1778964677924,Accelerometer,5.748,-17.48805,-5.907
1778964677924,Gyroscope,-0.0818125,-2.503875,2.981
1778964677948,Accelerometer,1.728,-18.96795,-4.1020503
1778964677967,Accelerometer,-3.5839503,-22.557001,-1.3560001
1778964677987,Accelerometer,-6.9810004,-15.333001,-3.0529501
1778964678002,Accelerometer,1.9890001,-8.823,-1.18095
1778964678002,Gyroscope,0.4728625,1.735525,3.5734875
1778964678026,Accelerometer,7.7710505,-3.6130502,-3.4339502
1778964678051,Accelerometer,7.3639503,-1.107,-3.2020502
1778964678068,Accelerometer,3.6049502,0.31005,-3.24705
1778964678084,Accelerometer,2.535,-0.052950002,-2.328
1778964678084,Gyroscope,-0.2358125,1.1295625,-2.8367624
1778964678103,Accelerometer,1.28505,-2.63205,-1.19805
1778964678123,Accelerometer,1.86705,-5.637,-1.605
1778964678143,Accelerometer,1.5649501,-7.071,-2.73195
1778964678157,Accelerometer,-0.29895002,-8.55795,-3.0340502
1778964678158,Gyroscope,0.3653375,1.051325,-6.22215
1778964678182,Accelerometer,-2.217,-11.425951,-2.091
1778964678201,Accelerometer,-1.24695,-12.396001,-3.0529501
1778964678220,Accelerometer,-0.86595005,-17.232,-4.1449504
1778964678231,Accelerometer,-5.0490003,-22.059002,-4.056
1778964678235,Gyroscope,-0.527725,1.0806125,-7.173925
1778964678259,Accelerometer,-5.7979503,-21.913052,-4.5880504
1778964678282,Accelerometer,-5.4420004,-21.583052,-4.104
1778964678300,Accelerometer,-10.90095,-22.504051,-3.072
1778964678317,Accelerometer,-13.354951,-17.095951,-2.32305
1778964678318,Gyroscope,-0.1808125,0.9645625,-4.0451126
1778964678337,Accelerometer,-19.470001,-11.46195,-2.9860501
1778964678356,Accelerometer,-22.798052,-8.055,-4.164
1778964678376,Accelerometer,-20.671951,-11.802001,-1.08
1778964678391,Accelerometer,-16.731,-13.777051,-0.86700004
1778964678391,Gyroscope,0.0072875,-0.654225,2.0194626
1778964678415,Accelerometer,-15.226951,-10.938001,-3.1249502
1778964678434,Accelerometer,0.13095,-14.995951,3.7339501
1778964678454,Accelerometer,24.498001,-25.417952,-0.26895002
1778964678468,Accelerometer,-5.88,-22.903952,-1.6690501
1778964678468,Gyroscope,-1.0066375,-0.146025,5.1409874
1778964678493,Accelerometer,-1.113,-8.8279505,-2.83995
1778964678515,Accelerometer,-8.18295,-1.4800501,-4.6069503
1778964678532,Accelerometer,-12.739051,-0.53895,-8.115001
1778964678549,Accelerometer,-5.6329503,-8.93595,-3.93195
1778964678550,Gyroscope,-0.4263875,-0.2486,2.23575
1778964678570,Accelerometer,-3.828,-17.761051,-1.19295
1778964678589,Accelerometer,-4.2450004,-10.873051,-5.4210005
1778964678609,Accelerometer,-1.3980001,-6.5389504,-3.0030003
1778964678633,Accelerometer,-0.72,-8.55,-1.3369501
1778964678633,Gyroscope,-0.02805,-0.5014625,0.676775
1778964678653,Accelerometer,-2.74095,-10.473001,-2.8950002
1778964678667,Accelerometer,-3.2629502,-10.04205,-3.561
1778964678686,Accelerometer,-3.2749503,-9.637051,-3.62295
1778964678701,Accelerometer,-3.3679502,-9.229951,-4.2259502
1778964678701,Gyroscope,0.09405,-0.57475,0.22605
1778964678726,Accelerometer,-3.14295,-8.754001,-3.5970001
1778964678748,Accelerometer,-0.99495006,-8.874001,-2.4829502
1778964678766,Accelerometer,1.0669501,-9.451051,-1.9159501
1778964678782,Accelerometer,0.40395,-9.538951,-1.9230001
1778964678782,Gyroscope,-0.0072875,-0.2388375,0.4899125
1778964678803,Accelerometer,-2.4060001,-9.573001,-2.2080002
1778964678822,Accelerometer,-3.3439503,-9.192,-2.5069501
1778964678848,Accelerometer,-2.11095,-8.376,-2.86905
1778964678867,Accelerometer,-0.72495,-8.6959505,-2.562
1778964678867,Gyroscope,-0.102575,-0.7788,0.6829625
1778964678871,Accelerometer,-1.24395,-11.232,-2.1340501
1778964678901,Accelerometer,-1.6680001,-11.301001,-3.0220501
1778964678920,Accelerometer,-0.82095003,-10.104,-4.1520004
1778964678936,Accelerometer,-0.54300004,-10.600051,-4.176
1778964678936,Gyroscope,0.135575,-0.682275,1.7018375
1778964678951,Accelerometer,-1.4770501,-12.0720005,-2.9479501
1778964678979,Accelerometer,-2.082,-14.017051,-3.73305
1778964678997,Accelerometer,-1.55595,-15.123001,-4.6189504
1778964679016,Accelerometer,-1.33305,-15.814951,-3.7600503
1778964679016,Gyroscope,0.521675,-0.958375,2.6351874
1778964679034,Accelerometer,-0.31500003,-18.183,-3.9850502
1778964679056,Accelerometer,3.55695,-19.79895,-5.95305
1778964679080,Accelerometer,7.0459504,-20.115002,-6.33795
1778964679097,Accelerometer,8.190001,-18.184952,-5.82105
1778964679097,Gyroscope,-0.099,-2.42935,2.85395
1778964679117,Accelerometer,4.4820004,-17.325,-4.5760503
1778964679133,Accelerometer,-2.298,-21.231,-2.9910002
1778964679153,Accelerometer,-5.98005,-17.701052,-1.57395
1778964679168,Accelerometer,-3.0040503,-10.542001,-3.7159503
1778964679168,Gyroscope,0.0427625,1.4276625,3.8985374
1778964679192,Accelerometer,5.3170505,-5.36805,-3.693
1778964679211,Accelerometer,7.9680004,-2.7510002,-2.7439501
1778964679230,Accelerometer,4.8889503,-0.69000006,-2.50305
1778964679247,Accelerometer,3.5809503,-0.30900002,-2.1700501
1778964679247,Gyroscope,-0.54614997,0.68475,-2.6681874
1778964679269,Accelerometer,2.9680502,-2.43105,-0.657
1778964679289,Accelerometer,2.3770502,-4.96605,0.312
1778964679313,Accelerometer,1.371,-6.9970503,-1.0900501
1778964679330,Accelerometer,0.33,-9.075001,-1.1230501
1778964679330,Gyroscope,0.02805,1.3652375,-6.2539124
1778964679350,Accelerometer,-1.44105,-11.674951,-0.63495004
1778964679367,Accelerometer,-1.7160001,-12.283051,-1.15695
1778964679386,Accelerometer,-1.371,-15.52305,-3.27795
1778964679403,Accelerometer,-5.04405,-21.775951,-2.838
1778964679403,Gyroscope,-0.394625,0.1485,-7.605125
1778964679425,Accelerometer,-7.2900004,-23.254051,-2.53095
1778964679444,Accelerometer,-5.9040003,-21.91995,-2.09805
1778964679464,Accelerometer,-6.6510005,-21.799952,-0.41205
1778964679478,Accelerometer,-10.383,-18.465,-0.93195003
1778964679478,Gyroscope,-0.267575,1.2186625,-4.2955
1778964679503,Accelerometer,-16.779001,-13.921051,-1.914
1778964679512,Accelerometer,-22.38105,-9.649051,-3.4150503
1778964679542,Accelerometer,-23.00595,-8.886001,-3.4320002
1778964679562,Accelerometer,-18.294,-10.95195,-1.64295
1778964679562,Gyroscope,0.052525,-0.6444625,1.69455
1778964679584,Accelerometer,-14.770051,-11.77095,-1.554
1778964679592,Accelerometer,-11.434951,-12.05805,-2.46705
1778964679619,Accelerometer,-5.88705,-11.22,-2.08095
1778964679634,Accelerometer,60.60105,-13.858951,2.02605
1778964679634,Gyroscope,1.7568375,0.5016,-2.1074624
1778964679659,Accelerometer,-5.5090504,-28.396952,-1.53795
1778964679680,Accelerometer,-7.7209506,-28.77,-1.3270501
1778964679697,Accelerometer,-6.399,-5.95305,-0.37905002
1778964679712,Accelerometer,-13.696951,5.5870504,-7.0849504
1778964679712,Gyroscope,-0.549725,-0.03355,2.305325
1778964679736,Accelerometer,-5.6239505,-4.842,-5.04495
1778964679760,Accelerometer,0.14295001,-12.805051,-2.5549502
1778964679778,Accelerometer,-0.21495001,-19.084951,-3.4819503
1778964679794,Accelerometer,-5.748,-8.380051,-4.25805
1778964679794,Gyroscope,0.0537625,-0.908325,1.343925
1778964679813,Accelerometer,-5.8630505,-5.8039503,-1.9729501
1778964679833,Accelerometer,-2.298,-8.29905,-1.3410001
1778964679852,Accelerometer,-2.90805,-11.163,-2.50305
1778964679867,Accelerometer,-2.7820501,-11.245951,-3.9150002
1778964679867,Gyroscope,-0.14905,0.289025,0.5289625
1778964679891,Accelerometer,-2.36505,-9.292951,-5.1720004
1778964679912,Accelerometer,-5.0610003,-8.41905,-2.9220002
1778964679930,Accelerometer,-2.025,-8.433001,-2.1990001
1778964679944,Accelerometer,2.53305,-9.313951,-1.983
1778964679945,Gyroscope,-0.063525,-0.97185,0.1343375
1778964679969,Accelerometer,1.02705,-9.949051,-2.3710501
1778964679992,Accelerometer,-1.197,-9.38805,-2.36595
1778964680008,Accelerometer,-1.6060501,-8.601001,-2.84295
1778964680026,Accelerometer,-0.98805004,-8.28495,-3.1750503
1778964680026,Gyroscope,0.02695,-0.3108875,0.78429997
1778964680047,Accelerometer,-1.3069501,-9.28995,-1.4950501
1778964680066,Accelerometer,-2.394,-10.927951,-1.09695
1778964680086,Accelerometer,-1.812,-10.765051,-2.5890002
1778964680100,Accelerometer,-0.58605003,-10.473001,-3.9270003
1778964680101,Gyroscope,0.113575,-0.4709375,1.409925
1778964680125,Accelerometer,-0.933,-10.96605,-3.8070002
1778964680144,Accelerometer,-1.572,-11.590951,-2.33295
1778964680161,Accelerometer,-1.9390501,-13.075951,-3.5389502
1778964680178,Accelerometer,-1.4239501,-14.194051,-5.268
1778964680178,Gyroscope,0.394625,-0.34265,2.4446125
1778964680202,Accelerometer,-1.3549501,-14.998051,-5.06895
1778964680225,Accelerometer,-1.3980001,-17.164951,-3.9580503
1778964680234,Accelerometer,1.9800001,-19.795952,-4.48005
1778964680256,Accelerometer,6.6250505,-20.184,-6.26205
1778964680256,Gyroscope,0.3348125,-1.7133875,2.7757125
1778964680281,Accelerometer,9.394951,-19.179,-6.5610003
1778964680299,Accelerometer,7.2060003,-17.68005,-4.3489504
1778964680314,Accelerometer,-0.51195,-18.30495,-4.16895
1778964680333,Accelerometer,-7.2060003,-22.782001,1.176
1778964680333,Gyroscope,0.6389625,-0.6725125,4.026825
1778964680362,Accelerometer,-8.75805,-13.096951,-5.23005
1778964680377,Accelerometer,3.8110502,-6.7590003,-3.69495
1778964680393,Accelerometer,8.38395,-4.01595,-3.8860502
1778964680411,Accelerometer,6.6720004,-1.4629501,-2.6250002
1778964680411,Gyroscope,0.3152875,0.3036,-1.7543625
1778964680435,Accelerometer,4.3429503,-0.09105001,-1.9930501
1778964680456,Accelerometer,4.08405,-0.048,-0.88905007
1778964680474,Accelerometer,2.7460501,-2.634,-0.51795
1778964680488,Accelerometer,1.3399501,-5.76105,-1.167
1778964680488,Gyroscope,0.113575,2.061675,-4.79765
1778964680512,Accelerometer,0.43305,-8.059951,-1.9350001
1778964680532,Accelerometer,0.10005,-10.104,-2.67705
1778964680553,Accelerometer,-0.9979501,-11.445001,-2.1460502
1778964680570,Accelerometer,-0.76605004,-13.52805,-3.072
1778964680570,Gyroscope,0.02805,1.294425,-6.931925
1778964680593,Accelerometer,-1.5960001,-20.39505,-5.2699504
1778964680610,Accelerometer,-7.7110505,-25.12605,-5.4910502
1778964680630,Accelerometer,-10.005,-22.863,-5.3809505
1778964680644,Accelerometer,-6.76095,-20.272951,-4.473
1778964680644,Gyroscope,-0.4153875,0.94875,-6.026625
1778964680669,Accelerometer,-10.09395,-20.296951,-3.8050501
1778964680689,Accelerometer,-17.515951,-16.23105,-3.051
1778964680707,Accelerometer,-23.008951,-8.931001,-3.5080502
1778964680724,Accelerometer,-24.418951,-8.91705,-3.48705
1778964680725,Gyroscope,-0.2382875,0.4893625,-0.1258125
1778964680746,Accelerometer,-19.42395,-12.89805,-2.05695
1778964680766,Accelerometer,-15.118951,-11.811001,-1.485
1778964680792,Accelerometer,-10.024051,-11.14305,-0.95100003
1778964680794,Accelerometer,35.362953,-16.626001,7.1719503
1778964680808,Gyroscope,1.549075,1.21385,0.67925
1778964680824,Accelerometer,1.28295,-29.532001,1.5690001
1778964680843,Accelerometer,-4.9360504,-21.913052,-1.30095
1778964680863,Accelerometer,-7.3879504,-6.42705,-1.8370501
1778964680875,Accelerometer,-12.184051,5.874,-8.74005
1778964680877,Gyroscope,-0.7720625,1.3322375,2.7561874
1778964680902,Accelerometer,-10.993951,-4.236,-6.6660004
1778964680921,Accelerometer,-7.3830004,-17.05005,0.54195005
1778964680940,Accelerometer,-5.04405,-14.802001,-4.6789503
1778964680956,Accelerometer,-0.83505005,-8.092951,-3.8839502
1778964680956,Gyroscope,-0.2052875,-1.741575,1.17645
1778964680979,Accelerometer,0.55695003,-8.200951,-1.1329501
1778964680998,Accelerometer,-1.6830001,-9.024,-2.328
1778964681018,Accelerometer,-3.1909502,-10.281,-2.8279502
1778964681037,Accelerometer,-2.8849502,-9.955951,-3.42
1778964681037,Gyroscope,-0.022,0.90227497,0.68901247
1778964681056,Accelerometer,-2.7499502,-9.316951,-3.90105
1778964681076,Accelerometer,-4.05795,-8.979,-3.7690501
1778964681096,Accelerometer,-3.6750002,-8.922001,-2.8279502
1778964681110,Accelerometer,-0.24795002,-8.922001,-2.69895
1778964681111,Gyroscope,0.011,-0.8630875,0.2077625
1778964681134,Accelerometer,2.6260502,-9.147,-1.6690501
1778964681155,Accelerometer,-0.30105,-9.21405,-2.26305
1778964681173,Accelerometer,-2.94405,-9.361951,-2.23005
1778964681188,Accelerometer,-3.8880002,-9.036,-2.86695
1778964681188,Gyroscope,0.0342375,-0.2644125,0.549725
1778964681212,Accelerometer,-2.26005,-8.41395,-3.0169501
1778964681232,Accelerometer,-0.93795,-9.52995,-1.5810001
1778964681253,Accelerometer,-0.92805004,-11.859,-1.4280001
1778964681272,Accelerometer,-0.50205004,-11.26605,-3.5059502
1778964681272,Gyroscope,0.079475,-0.3988875,1.156925
1778964681291,Accelerometer,-0.37500003,-10.38405,-4.7200503
1778964681309,Accelerometer,-1.575,-11.524051,-3.73305
1778964681330,Accelerometer,-1.83105,-13.236001,-2.73705
1778964681344,Accelerometer,-1.5289501,-14.376,-3.5820003
1778964681344,Gyroscope,0.3958625,-0.6835125,2.2039876
1778964681368,Accelerometer,-1.098,-14.78505,-3.9889503
1778964681387,Accelerometer,-0.84900004,-15.013051,-4.2000003
1778964681407,Accelerometer,0.11400001,-17.115002,-4.0279503
1778964681421,Accelerometer,3.3439503,-18.64005,-5.3970003
1778964681421,Gyroscope,0.5119125,-1.3469499,2.7977126
1778964681439,Accelerometer,6.9289503,-19.131,-6.14895
1778964681465,Accelerometer,7.3759503,-17.730001,-4.7959504
1778964681487,Accelerometer,3.55995,-16.993052,-3.6450002
1778964681504,Accelerometer,-0.44505003,-20.413952,-2.49105
1778964681504,Gyroscope,0.4373875,-1.9174374,3.4513874
1778964681522,Accelerometer,-7.122,-16.87095,-1.6620001
1778964681542,Accelerometer,-3.31095,-10.19295,-3.7360501
1778964681562,Accelerometer,5.31195,-4.1740503,-4.7530503
1778964681577,Accelerometer,8.823,-2.457,-2.9260502
1778964681577,Gyroscope,0.4019125,0.5308875,-1.1666875
1778964681597,Accelerometer,3.5860503,-0.85800004,-2.9910002
1778964681621,Accelerometer,3.5310001,-0.264,-2.25105
1778964681640,Accelerometer,3.6510003,-2.2410002,-0.633
1778964681654,Accelerometer,2.97105,-5.3920503,-1.3050001
1778964681654,Gyroscope,-0.036575,2.36225,-4.3652124
1778964681676,Accelerometer,2.4490502,-7.18305,-3.59205
1778964681698,Accelerometer,0.34395,-9.56595,-4.4110503
1778964681718,Accelerometer,-3.1260002,-13.047001,-2.8500001
1778964681736,Accelerometer,-2.8129501,-13.1640005,-4.9620004
1778964681736,Gyroscope,-0.099,1.559525,-6.4334874
1778964681756,Accelerometer,-2.0989501,-17.497952,-5.80905
1778964681775,Accelerometer,-6.81405,-21.324001,-5.55495
1778964681795,Accelerometer,-4.7520003,-19.58295,-6.2190003
1778964681810,Accelerometer,-6.2650504,-20.518951,-6.0199504
1778964681810,Gyroscope,-0.8905875,1.222375,-5.9057627
1778964681835,Accelerometer,-10.141951,-21.553951,-4.9729505
1778964681854,Accelerometer,-13.060051,-16.810951,-2.94105
1778964681873,Accelerometer,-16.27305,-12.27105,-2.42595
1778964681887,Accelerometer,-20.796001,-9.06795,-3.49095
1778964681887,Gyroscope,-0.7610625,0.3513125,-1.9839875
1778964681912,Accelerometer,-18.792002,-11.742001,-0.906
1778964681935,Accelerometer,-14.844001,-13.435051,0.65895003
1778964681952,Accelerometer,-14.21895,-11.799001,-0.49395
1778964681968,Accelerometer,-11.590051,-11.304001,-1.22595
1778964681968,Gyroscope,-0.1307625,0.952325,3.7530625
1778964681989,Accelerometer,-2.18295,-11.75205,3.6660001
1778964682009,Accelerometer,38.87805,-19.171051,7.1050506
1778964682029,Accelerometer,-6.6510005,-28.497002,-0.132
1778964682053,Accelerometer,-1.3759501,-15.372001,-4.08495
1778964682053,Gyroscope,-0.9431125,1.1759,5.5026126
1778964682074,Accelerometer,-5.5729504,-3.8430002,-1.9950001
1778964682084,Accelerometer,-11.016001,2.62995,-8.02095
1778964682105,Accelerometer,-7.6180506,-5.6410503,-6.30495
1778964682121,Accelerometer,-3.6000001,-14.541,-0.43395
1778964682121,Gyroscope,-0.322575,-1.4007125,1.6493125
1778964682145,Accelerometer,-4.49595,-15.817051,-5.2990503
1778964682157,Accelerometer,-3.49005,-6.93195,-3.6469502
1778964682184,Accelerometer,-1.0699501,-6.90105,-1.0849501
1778964682202,Accelerometer,-1.2760501,-9.783,-1.9590001
1778964682203,Gyroscope,0.013475,0.2938375,0.670725
1778964682223,Accelerometer,-2.5729501,-10.653001,-3.3739502
1778964682237,Accelerometer,-4.4940004,-9.99405,-3.7069502
1778964682262,Accelerometer,-4.7070003,-9.007951,-4.4830503
1778964682285,Accelerometer,-3.7369502,-8.731951,-3.79605
1778964682286,Gyroscope,0.0782375,-0.9229,-0.050049998
1778964682306,Accelerometer,-1.6300501,-8.62005,-3.051
1778964682317,Accelerometer,0.77505004,-9.37395,-2.4379501
1778964682339,Accelerometer,1.5850501,-9.774,-2.09295
1778964682354,Accelerometer,-1.3230001,-9.802951,-1.9110001
1778964682354,Gyroscope,-0.0488125,0.0446875,0.5033875
1778964682378,Accelerometer,-3.59805,-9.48705,-1.9279501
1778964682400,Accelerometer,-3.01095,-8.754001,-2.9860501
1778964682416,Accelerometer,-0.105000004,-8.24895,-3.3090003
1778964682431,Accelerometer,-0.85695004,-10.080001,-2.8930502
1778964682432,Gyroscope,-0.1062875,-0.8606125,0.86501247
1778964682455,Accelerometer,-1.371,-11.14305,-2.64105
1778964682475,Accelerometer,-1.2589501,-10.69305,-3.657
1778964682498,Accelerometer,-0.91605,-10.107,-4.8780003
1778964682516,Accelerometer,-1.55295,-11.479051,-4.2070503
1778964682516,Gyroscope,0.1722875,-0.7580375,1.8143125
1778964682535,Accelerometer,-2.0989501,-13.52595,-3.6330001
1778964682553,Accelerometer,-1.575,-14.11005,-3.5080502
1778964682572,Accelerometer,-1.0030501,-14.737051,-3.015
1778964682586,Accelerometer,-0.21495001,-17.02605,-2.8140001
1778964682587,Gyroscope,0.5388625,-0.974325,2.7402375
1778964682611,Accelerometer,2.04405,-19.128,-5.1150002
1778964682632,Accelerometer,4.44105,-19.239,-7.5400505
1778964682650,Accelerometer,6.0739503,-18.622952,-5.2510505
1778964682665,Accelerometer,5.8699503,-18.192001,-3.6090002
1778964682665,Gyroscope,-0.317625,-2.88255,2.8001876
1778964682689,Accelerometer,1.9990501,-19.549952,-3.8550003
1778964682708,Accelerometer,-4.49595,-20.721,1.33395
1778964682718,Accelerometer,-5.8560004,-14.139001,-3.3720002
1778964682743,Accelerometer,1.9440001,-8.58195,-1.7910001
1778964682743,Gyroscope,0.2211,1.1331375,3.0152376
1778964682772,Accelerometer,8.052,-3.1729503,-2.80395
1778964682786,Accelerometer,9.01395,-1.23105,-2.766
1778964682797,Accelerometer,4.6330504,-0.91995007,-3.69495
1778964682820,Accelerometer,4.182,-1.6639501,-2.742
1778964682820,Gyroscope,-0.6670125,0.99385,-3.2839124
1778964682845,Accelerometer,3.2389503,-4.2840004,-0.62100005
1778964682865,Accelerometer,2.0629501,-7.26,-1.72395
1778964682883,Accelerometer,0.31605002,-9.73095,-2.6890502
1778964682897,Accelerometer,-2.36505,-11.946,-1.8060001
1778964682898,Gyroscope,0.143,0.549175,-6.6033
1778964682922,Accelerometer,-2.80995,-11.7300005,-1.84695
1778964682942,Accelerometer,-1.1700001,-13.674001,-3.5989501
1778964682964,Accelerometer,-1.692,-20.220001,-3.015
1778964682981,Accelerometer,-4.716,-23.218052,-3.384
1778964682981,Gyroscope,-0.7500625,0.7104625,-7.1665
1778964683001,Accelerometer,-5.82705,-22.854002,-2.9839501
1778964683019,Accelerometer,-8.68095,-23.29005,-2.196
1778964683039,Accelerometer,-13.395,-19.74105,-2.778
1778964683053,Accelerometer,-18.76095,-13.425,-3.18705
1778964683053,Gyroscope,-0.4679125,1.50095,-3.1251
1778964683078,Accelerometer,-22.750051,-9.538951,-3.252
1778964683099,Accelerometer,-22.602001,-9.86205,-2.4430501
1778964683116,Accelerometer,-18.711,-12.460051,-0.48195
1778964683132,Accelerometer,-15.33705,-12.192,-0.76395005
1778964683132,Gyroscope,-0.0952875,0.1925,3.2693374
1778964683156,Accelerometer,-12.45705,-11.77095,-1.1550001
1778964683180,Accelerometer,21.117,-15.159,11.59605
1778964683198,Accelerometer,10.156051,-29.041052,-2.5150502
1778964683213,Accelerometer,-7.8169503,-21.760052,-0.906
1778964683213,Gyroscope,-1.2705,1.5375249,6.378625
1778964683233,Accelerometer,-7.04295,-9.40995,-2.811
1778964683252,Accelerometer,-13.29705,3.1230001,-8.356951
1778964683272,Accelerometer,-13.2949505,-3.7450502,-7.3180504
1778964683286,Accelerometer,-3.8779502,-11.830951,-2.7520502
1778964683287,Gyroscope,-0.40315,-2.398825,1.2376375
1778964683311,Accelerometer,-2.8579502,-15.25905,-2.4829502
1778964683330,Accelerometer,-0.873,-11.194051,-2.5770001
1778964683349,Accelerometer,0.67995006,-7.7170506,-2.421
1778964683364,Accelerometer,-2.2740002,-8.27505,-0.96795005
1778964683364,Gyroscope,0.1502875,0.494175,0.8100125
1778964683388,Accelerometer,-2.1709502,-10.1310005,-2.2150502
1778964683412,Accelerometer,-2.42505,-10.96905,-3.0649502
1778964683429,Accelerometer,-4.347,-9.81,-3.6109502
1778964683446,Accelerometer,-5.4300003,-8.29395,-3.31905
1778964683446,Gyroscope,0.113575,-0.6457,0.1087625
1778964683466,Accelerometer,-3.01095,-8.17695,-2.1649501
1778964683485,Accelerometer,0.73695004,-9.09195,-1.57605
1778964683505,Accelerometer,1.9440001,-10.03005,-1.7580001
1778964683519,Accelerometer,-1.26795,-10.092,-2.15805
1778964683520,Gyroscope,-0.030524999,0.0042625,0.676775
1778964683544,Accelerometer,-3.10995,-9.472051,-2.4550502
1778964683563,Accelerometer,-3.7390501,-9.181951,-2.1769502
1778964683583,Accelerometer,-2.15205,-8.62905,-2.1649501
1778964683597,Accelerometer,-0.75600004,-9.666,-2.2420502
1778964683597,Gyroscope,-0.0818125,-0.9218,0.758725
1778964683621,Accelerometer,-0.49995002,-11.722951,-2.091
1778964683647,Accelerometer,0.19095,-11.15295,-3.58995
1778964683664,Accelerometer,-0.42600003,-10.747951,-3.9889503
1778964683678,Accelerometer,-2.02005,-12.417001,-3.45795
1778964683679,Gyroscope,0.2602875,-0.65174997,1.9657
1778964683699,Accelerometer,-2.52495,-13.73595,-3.4510503
1778964683718,Accelerometer,-2.21895,-14.143051,-3.3619502
1778964683738,Accelerometer,-1.59405,-14.743951,-2.5500002
1778964683763,Accelerometer,-0.924,-14.854951,-2.6179502
1778964683763,Gyroscope,0.5302,-1.0488499,2.5020876
1778964683783,Accelerometer,0.40695003,-16.413,-3.8389502
1778964683796,Accelerometer,4.3240504,-17.493,-6.6180005
1778964683816,Accelerometer,6.9019504,-18.352951,-6.2449503
1778964683830,Accelerometer,4.63005,-17.898,-5.4310503
1778964683831,Gyroscope,-0.2748625,-3.1037874,2.8881874
1778964683855,Accelerometer,2.08005,-18.682951,-4.58295
1778964683877,Accelerometer,-0.84495,-22.015951,-2.9650502
1778964683895,Accelerometer,-8.01105,-16.09995,-4.059
1778964683908,Accelerometer,-0.19305001,-8.031,-2.18205
1778964683909,Gyroscope,0.0622875,1.4214749,3.7910125
1778964683933,Accelerometer,6.1530004,-3.0600002,-3.79605
1778964683952,Accelerometer,7.7040005,-1.5520501,-3.18495
1778964683975,Accelerometer,3.58905,-0.23700002,-3.55395
1778964683994,Accelerometer,2.5519502,-0.29295,-3.1420503
1778964683994,Gyroscope,-0.8503,1.2566125,-2.761
1778964684000,Accelerometer,2.3440502,-2.8900502,-1.365
1778964684029,Accelerometer,1.76205,-5.2060504,-0.99405
1778964684049,Accelerometer,0.93600005,-7.5160503,-1.9969501
1778964684063,Accelerometer,-0.411,-10.30305,-1.5160501
1778964684064,Gyroscope,-0.2063875,1.5167625,-6.037625
1778964684080,Accelerometer,-1.44105,-11.673,-1.5469501
1778964684107,Accelerometer,-1.695,-11.998051,-2.0329502
1778964684126,Accelerometer,-0.03795,-17.44305,-3.0679502
1778964684145,Accelerometer,-3.423,-23.84505,-2.88105
1778964684145,Gyroscope,-0.5594875,0.90956247,-7.1237373
1778964684164,Accelerometer,-6.6870003,-22.045052,-2.9340003
1778964684185,Accelerometer,-4.8019505,-21.15405,-4.092
1778964684209,Accelerometer,-11.491951,-23.172,-2.5549502
1778964684226,Accelerometer,-10.491,-15.973051,-2.5789502
1778964684226,Gyroscope,-0.52525,1.9883875,-3.7775376
1778964684244,Accelerometer,-16.47705,-12.736051,-2.19105
1778964684263,Accelerometer,-21.19095,-10.344001,-4.44705
1778964684282,Accelerometer,-20.64105,-11.27505,-3.7570503
1778964684296,Accelerometer,-18.06195,-12.46695,-1.6500001
1778964684297,Gyroscope,-0.1258125,-0.56374997,1.521025
1778964684321,Accelerometer,-15.16005,-12.019951,-1.9810501
1778964684341,Accelerometer,-8.34105,-12.321001,-3.3120003
1778964684359,Accelerometer,21.768002,-13.600051,-0.88905007
1778964684376,Accelerometer,6.31995,-26.71095,3.1660502
1778964684376,Gyroscope,0.4239125,-1.5118124,1.7593125
1778964684398,Accelerometer,-5.37195,-21.010052,0.98205006
1778964684418,Accelerometer,-7.1029506,-7.18095,-0.49605003
1778964684442,Accelerometer,-11.581051,-0.264,-6.2449503
1778964684458,Accelerometer,-9.411,-5.3320503,-5.385
1778964684459,Gyroscope,-0.9761125,-0.2376,2.36775
1778964684479,Accelerometer,-2.94705,-11.649,-4.2340503
1778964684495,Accelerometer,-0.33,-15.664051,-3.31695
1778964684515,Accelerometer,-3.1020002,-8.977051,-3.4650002
1778964684530,Accelerometer,-3.1000502,-6.69495,-3.1270502
1778964684530,Gyroscope,-0.124575,-0.5479375,1.2791625
1778964684554,Accelerometer,-3.351,-8.863951,-2.1750002
1778964684574,Accelerometer,-3.5329502,-10.305,-3.28605
1778964684593,Accelerometer,-2.8849502,-10.2310505,-3.0679502
1778964684608,Accelerometer,-2.2840502,-9.70005,-3.5820003
1778964684609,Gyroscope,0.014712499,0.1485,0.3493875
1778964684632,Accelerometer,-2.8489501,-9.205951,-4.425
1778964684641,Accelerometer,-3.7230003,-9.07695,-2.8980002
1778964684671,Accelerometer,-1.0390501,-9.489,-2.184
1778964684691,Accelerometer,2.29095,-8.862,-2.3400002
1778964684692,Gyroscope,-0.1111,-0.36465,0.2321
1778964684712,Accelerometer,-0.20505,-8.814,-2.38995
1778964684722,Accelerometer,-2.6809502,-9.03195,-2.7919502
1778964684748,Accelerometer,-2.45595,-8.45205,-3.525
1778964684763,Accelerometer,-0.19305001,-7.3080006,-4.056
1778964684763,Gyroscope,-0.22605,-0.8228,0.725725
1778964684787,Accelerometer,0.25095,-8.622001,-3.7480502
1778964684808,Accelerometer,-1.71105,-11.074051,-3.4669502
1778964684826,Accelerometer,-2.2810502,-10.818001,-3.384
1778964684840,Accelerometer,-1.51005,-10.075951,-4.3650002
1778964684841,Gyroscope,0.0587125,-0.6505125,1.327975
1778964684865,Accelerometer,-1.5990001,-10.585951,-4.176
1778964684887,Accelerometer,-1.8840001,-11.424001,-3.5059502
1778964684906,Accelerometer,-1.6279501,-13.104001,-5.7319503
1778964684922,Accelerometer,-2.8249502,-14.361001,-5.80905
1778964684922,Gyroscope,0.24805,-0.9620875,2.1770375
1778964684942,Accelerometer,-2.877,-14.14095,-4.119
1778964684962,Accelerometer,-2.01105,-16.140001,-2.53605
1778964684981,Accelerometer,0.771,-17.761051,-3.11295
1778964684996,Accelerometer,3.9840002,-18.775951,-5.3710504
1778964684996,Gyroscope,0.3433375,-1.441,2.4838
1778964685020,Accelerometer,6.68205,-18.693,-5.0070004
1778964685039,Accelerometer,6.43095,-17.74695,-2.7799501
1778964685059,Accelerometer,3.55995,-17.581951,-4.25295
1778964685073,Accelerometer,-0.60795003,-20.08605,-2.163
1778964685073,Gyroscope,0.1992375,-1.355475,3.3108625
1778964685098,Accelerometer,-7.9170003,-17.208,-2.1390002
1778964685122,Accelerometer,-0.837,-9.678,-3.6019502
1778964685140,Accelerometer,6.0709505,-6.156,-4.083
1778964685155,Accelerometer,9.438001,-3.7140002,-3.321
1778964685156,Gyroscope,0.2627625,0.43559998,-1.1484
1778964685175,Accelerometer,5.3509502,-2.028,-3.8460002
1778964685195,Accelerometer,5.2309504,-1.7869501,-2.289
1778964685215,Accelerometer,3.96705,-3.3979502,-0.87195003
1778964685229,Accelerometer,1.79805,-5.95695,-1.365
1778964685229,Gyroscope,-0.0537625,1.1796125,-4.458025
1778964685253,Accelerometer,1.5990001,-7.7530503,-1.641
1778964685273,Accelerometer,1.04805,-8.874001,-3.18495
1778964685289,Accelerometer,-0.423,-11.698951,-3.6060002
1778964685307,Accelerometer,-0.97200006,-13.368001,-3.381
1778964685307,Gyroscope,0.02695,1.112375,-6.84035
1778964685331,Accelerometer,-0.67005,-16.993052,-4.56195
1778964685353,Accelerometer,-4.005,-22.018051,-5.3250003
1778964685371,Accelerometer,-6.9550505,-23.232,-5.18205
1778964685389,Accelerometer,-9.700951,-22.140001,-3.9940503
1778964685389,Gyroscope,-0.53625,2.353725,-5.97905
1778964685409,Accelerometer,-10.351951,-20.764051,-4.8349504
1778964685428,Accelerometer,-14.86095,-19.167002,-4.78695
1778964685443,Accelerometer,-20.83695,-11.6970005,-6.1540504
1778964685462,Accelerometer,-27.237001,-7.3369503,-4.806
1778964685462,Gyroscope,-0.4629625,0.92675,-0.95535
1778964685492,Accelerometer,-21.795002,-11.875951,-1.9950001
1778964685506,Accelerometer,-16.855051,-13.329,-2.2099502
1778964685523,Accelerometer,-14.131051,-11.248951,-3.1350002
1778964685540,Accelerometer,-0.165,-12.846001,4.56195
1778964685540,Gyroscope,0.5278625,1.1405625,3.5600126
1778964685564,Accelerometer,28.128002,-23.449951,1.725
1778964685585,Accelerometer,-6.162,-23.608051,-1.5810001
1778964685604,Accelerometer,-4.21605,-14.263051,-3.4960501
1778964685620,Accelerometer,-8.04405,-4.42995,-2.53905
1778964685621,Gyroscope,-0.461725,1.454475,3.1593375
1778964685642,Accelerometer,-11.4199505,-0.17295001,-7.3290005
1778964685661,Accelerometer,-4.656,-6.9340506,-4.90395
1778964685687,Accelerometer,-4.58895,-15.826951,-0.93000007
1778964685705,Accelerometer,-4.24905,-12.774,-4.5859504
1778964685705,Gyroscope,-0.1172875,-0.8778,1.45145
1778964685725,Accelerometer,-1.7070001,-6.57495,-3.18705
1778964685739,Accelerometer,-2.7940502,-8.3209505,-1.7479501
1778964685758,Accelerometer,-3.1600502,-10.116,-1.9090501
1778964685773,Accelerometer,-3.1579502,-10.48305,-2.835
1778964685773,Gyroscope,-0.0512875,0.4686,0.526625
1778964685797,Accelerometer,-3.3390002,-9.3,-3.5370002
1778964685819,Accelerometer,-3.1690502,-8.977051,-4.04895
1778964685836,Accelerometer,-2.9179502,-9.345,-2.907
1778964685852,Accelerometer,-0.924,-9.168,-2.1409502
1778964685852,Gyroscope,-0.080575,-1.02685,0.0488125
1778964685875,Accelerometer,1.3450501,-9.07995,-1.95
1778964685894,Accelerometer,0.66495,-9.325951,-1.83
1778964685920,Accelerometer,-2.0029502,-9.81,-2.3760002
1778964685924,Accelerometer,-2.7120001,-9.39795,-3.11805
1778964685937,Gyroscope,-0.0561,-0.34759998,0.5729625
1778964685952,Accelerometer,-1.4650501,-8.208,-3.6450002
1778964685972,Accelerometer,-0.87600005,-9.22305,-2.53395
1778964685991,Accelerometer,-1.35,-11.538,-1.8919501
1778964686004,Accelerometer,-1.1890501,-11.332951,-2.67705
1778964686006,Gyroscope,0.0207625,-0.61875,1.2486374
1778964686031,Accelerometer,-0.094950005,-10.132951,-4.2169504
1778964686051,Accelerometer,-1.503,-11.12895,-3.9390001
1778964686069,Accelerometer,-2.358,-12.08205,-1.9729501
1778964686085,Accelerometer,-2.39895,-13.50195,-3.1750503
1778964686085,Gyroscope,0.344575,-0.6664625,2.2394624
1778964686108,Accelerometer,-1.386,-14.98095,-4.73595
1778964686128,Accelerometer,-1.5769501,-15.456,-4.2259502
1778964686152,Accelerometer,-1.197,-16.959002,-3.4650002
1778964686169,Accelerometer,2.3149502,-18.954,-5.1049504
1778964686170,Gyroscope,0.570625,-1.1869,2.6351874
1778964686185,Accelerometer,7.2730503,-20.02905,-7.248
1778964686205,Accelerometer,8.700001,-19.435051,-6.5149503
1778964686225,Accelerometer,5.24805,-18.841051,-4.7920504
1778964686239,Accelerometer,0.84195006,-22.267052,-5.08605
1778964686240,Gyroscope,0.3018125,-2.1360624,3.546675
1778964686264,Accelerometer,-6.6870003,-19.21005,-1.31295
1778964686283,Accelerometer,-2.832,-12.991951,-2.5240502
1778964686302,Accelerometer,5.6599503,-6.56295,-4.43205
1778964686318,Accelerometer,9.64095,-4.08705,-3.3310502
1778964686319,Gyroscope,0.322575,1.355475,-0.6499625
1778964686341,Accelerometer,6.8040004,-0.69705003,-3.381
1778964686361,Accelerometer,4.893,0.034950003,-2.15805
1778964686383,Accelerometer,3.7440002,-2.2770002,0.78105
1778964686401,Accelerometer,1.9530001,-6.54405,1.1910001
1778964686401,Gyroscope,-0.3579125,1.6512375,-4.685175
1778964686420,Accelerometer,2.2690501,-9.295051,0.726
1778964686438,Accelerometer,1.07895,-9.858001,-0.384
1778964686458,Accelerometer,-1.7040001,-12.369,0.13995
1778964686472,Accelerometer,-1.812,-13.38405,-1.557
1778964686473,Gyroscope,0.0977625,1.4117125,-7.11645
1778964686497,Accelerometer,-1.8360001,-17.935951,-3.4939501
1778964686516,Accelerometer,-6.3949504,-24.621,-3.4650002
1778964686535,Accelerometer,-10.2640505,-24.480001,-3.3670502
1778964686550,Accelerometer,-9.226951,-22.216951,-2.46705
1778964686550,Gyroscope,-0.140525,1.178375,-6.0548124
1778964686568,Accelerometer,-12.672001,-21.052952,-2.184
1778964686594,Accelerometer,-17.119051,-15.364951,-2.8549502
1778964686614,Accelerometer,-19.678051,-10.899,-3.3049502
1778964686632,Accelerometer,-24.507002,-9.42195,-4.1140504
1778964686632,Gyroscope,0.0477125,1.294425,-0.499675
1778964686652,Accelerometer,-22.465052,-10.842001,-2.9910002
1778964686671,Accelerometer,-17.20005,-11.51895,-2.5860002
1778964686691,Accelerometer,-14.929951,-10.450951,-3.8029501
1778964686705,Accelerometer,11.250001,-13.64805,3.0919502
1778964686706,Gyroscope,0.8100125,1.2456125,2.580325
1778964686725,Accelerometer,13.8,-28.330051,-5.8639503
1778964686749,Accelerometer,-10.860001,-24.19695,0.025050001
1778964686769,Accelerometer,-3.31995,-11.248951,1.5690001
1778964686783,Accelerometer,-9.229051,-0.28095,-4.31505
1778964686783,Gyroscope,-0.4263875,0.5418875,2.641375
1778964686805,Accelerometer,-6.3130503,0.51600003,-7.6480503
1778964686827,Accelerometer,-9.56505,-8.77305,-6.1080003
1778964686849,Accelerometer,-2.9160001,-23.014051,-0.064950004
1778964686865,Accelerometer,-0.897,-10.677,-4.90395
1778964686866,Gyroscope,0.13805,-0.787325,1.387925
1778964686885,Accelerometer,-2.3719501,-5.589,-3.8700001
1778964686905,Accelerometer,-3.1189501,-7.96395,-0.89595
1778964686924,Accelerometer,-3.34695,-9.748051,-1.9279501
1778964686939,Accelerometer,-4.122,-10.465951,-2.8570502
1778964686939,Gyroscope,0.079475,0.2828375,0.5314375
1778964686963,Accelerometer,-3.45195,-10.03995,-2.7469501
1778964686982,Accelerometer,-2.39595,-9.292951,-3.216
1778964687001,Accelerometer,-3.3610501,-9.216001,-3.11805
1778964687016,Accelerometer,-2.94705,-9.051001,-3.1680002
1778964687017,Gyroscope,0.123475,-1.0451375,0.11605
1778964687041,Accelerometer,-0.49305,-9.333,-1.7820001
1778964687062,Accelerometer,0.81405,-9.312,-1.64505
1778964687079,Accelerometer,-0.84495,-8.81595,-1.8229501
1778964687097,Accelerometer,-2.8650002,-8.967,-1.7410501
1778964687097,Gyroscope,0.0171875,-0.1568875,0.6329125
1778964687118,Accelerometer,-3.65805,-9.65205,-2.9340003
1778964687138,Accelerometer,-2.118,-9.666,-2.6869502
1778964687157,Accelerometer,-0.27705002,-9.172951,-1.7890501
1778964687180,Accelerometer,-0.55005,-11.41905,-1.81095
1778964687181,Gyroscope,0.0537625,-0.765325,1.222925
1778964687203,Accelerometer,-1.098,-11.521951,-2.9670002
1778964687211,Accelerometer,-1.67505,-10.902,-3.11295
1778964687235,Accelerometer,-1.539,-11.433001,-1.8370501
1778964687249,Accelerometer,-1.9750501,-14.196001,-3.04095
1778964687250,Gyroscope,0.449625,-0.4379375,2.2297
1778964687274,Accelerometer,-1.5769501,-15.331051,-3.8410501
1778964687286,Accelerometer,-0.87795,-15.313951,-4.24095
1778964687313,Accelerometer,-0.14295001,-17.254051,-4.9180503
1778964687332,Accelerometer,3.285,-21.034052,-6.6210003
1778964687332,Gyroscope,0.692725,-1.13795,2.9517124
1778964687351,Accelerometer,8.14005,-21.441002,-6.9660006
1778964687366,Accelerometer,10.218,-19.653002,-5.103
1778964687391,Accelerometer,5.1540003,-17.035952,-4.8829503
1778964687411,Accelerometer,-0.27495003,-22.53495,-2.3400002
1778964687411,Gyroscope,0.34814999,-1.9344875,3.6614876
1778964687432,Accelerometer,-9.49995,-19.132952,-3.0700502
1778964687446,Accelerometer,0.112050004,-9.74505,-1.8510001
1778964687468,Accelerometer,8.226001,-4.01595,-4.51905
1778964687483,Accelerometer,8.71695,-1.3579501,-3.9889503
1778964687483,Gyroscope,0.388575,1.697575,-0.9065375
1778964687507,Accelerometer,3.9720001,0.47505003,-4.66905
1778964687528,Accelerometer,3.1240501,-0.34305,-4.1020503
1778964687546,Accelerometer,1.9890001,-3.039,-1.3750501
1778964687562,Accelerometer,2.2480502,-6.834,-2.39205
1778964687562,Gyroscope,0.0,2.287725,-4.563075
1778964687585,Accelerometer,-0.066,-9.949051,-3.3430502
1778964687604,Accelerometer,-3.3750002,-10.116,-2.5120502
1778964687628,Accelerometer,-2.53695,-10.633051,-3.6400502
1778964687646,Accelerometer,-1.9770001,-12.295051,-3.8719501
1778964687646,Gyroscope,-0.3383875,-0.0457875,-7.1616874
1778964687665,Accelerometer,-1.18005,-16.995,-3.7050002
1778964687682,Accelerometer,-2.217,-21.726002,-3.7570503
1778964687701,Accelerometer,-6.2959504,-21.829052,-3.5419502
1778964687716,Accelerometer,-7.8690004,-21.954,-2.5189502
1778964687716,Gyroscope,-0.7940625,1.2736624,-6.3822
1778964687740,Accelerometer,-9.90705,-21.465,-1.8270001
1778964687761,Accelerometer,-13.552951,-18.994051,-1.9039501
1778964687780,Accelerometer,-18.213001,-13.171051,-2.39505
1778964687794,Accelerometer,-21.96495,-9.154051,-1.4059501
1778964687795,Gyroscope,-0.5985375,1.6389999,-1.0751125
1778964687818,Accelerometer,-22.987051,-10.365001,-1.02795
1778964687837,Accelerometer,-19.206001,-12.24495,-0.906
1778964687847,Accelerometer,-15.984001,-10.621051,-1.8349501
1778964687871,Accelerometer,-8.545051,-10.55895,-1.9660501
1778964687871,Gyroscope,0.052525,1.2761375,4.1196375
1778964687901,Accelerometer,48.90795,-15.913051,4.6789503
1778964687915,Accelerometer,-4.3830004,-35.754,0.966
1778964687927,Accelerometer,-3.0310502,-17.248951,-2.4709501
1778964687949,Accelerometer,-12.712951,-3.5680501,-4.6530004
1778964687949,Gyroscope,-0.55825,2.2889626,4.1184
1778964687973,Accelerometer,-17.767052,3.2740502,-7.1280003
1778964687993,Accelerometer,-6.25605,-7.6930504,-4.30095
1778964688011,Accelerometer,-3.828,-15.714001,-1.626
1778964688027,Accelerometer,-2.60205,-12.88395,-2.9020503
1778964688027,Gyroscope,-0.279675,-1.5753375,1.4575
1778964688051,Accelerometer,-0.87105006,-8.376,-4.5019503
1778964688071,Accelerometer,-3.1000502,-8.151,-1.7869501
1778964688092,Accelerometer,-3.4639502,-8.48595,-2.0689502
1778964688110,Accelerometer,-2.703,-9.96105,-2.7490501
1778964688110,Gyroscope,0.11605,0.5784625,0.5913875
1778964688131,Accelerometer,-2.52795,-10.36005,-3.3619502
1778964688148,Accelerometer,-3.4380002,-9.691951,-3.90105
1778964688168,Accelerometer,-5.02005,-8.74005,-3.3049502
1778964688182,Accelerometer,-2.8200002,-8.673,-2.60805
1778964688182,Gyroscope,0.0207625,-1.024375,-0.01705
1778964688206,Accelerometer,1.23,-8.821051,-2.0310001
1778964688226,Accelerometer,1.5370501,-9.34095,-1.33395
1778964688245,Accelerometer,-2.2690501,-10.18095,-2.4859502
1778964688260,Accelerometer,-3.52605,-9.549001,-2.529
1778964688260,Gyroscope,-0.0732875,-0.2058375,0.5119125
1778964688284,Accelerometer,-2.973,-8.47395,-3.3289502
1778964688307,Accelerometer,-0.65505004,-8.212951,-3.0169501
1778964688326,Accelerometer,-0.51195,-11.352,-2.328
1778964688343,Accelerometer,-1.04805,-12.096001,-2.16
1778964688343,Gyroscope,0.0012375,-0.6810375,1.2144
1778964688362,Accelerometer,-0.20505,-10.011001,-4.224
1778964688381,Accelerometer,-1.0000501,-10.6050005,-4.0300503
1778964688401,Accelerometer,-1.8910501,-12.589951,-3.3720002
1778964688415,Accelerometer,-1.66305,-13.665001,-4.65
1778964688415,Gyroscope,0.3898125,-0.654225,2.3530376
1778964688440,Accelerometer,-1.1220001,-14.409,-4.89405
1778964688460,Accelerometer,-1.3120501,-15.477001,-3.73095
1778964688478,Accelerometer,-0.14295001,-17.958,-3.4669502
1778964688492,Accelerometer,4.2109504,-18.712051,-5.67705
1778964688492,Gyroscope,0.46667498,-1.49105,2.8136625
1778964688517,Accelerometer,7.7790003,-19.75605,-6.1870503
1778964688540,Accelerometer,7.00995,-18.376951,-4.5430503
1778964688558,Accelerometer,2.5570502,-18.207,-4.059
1778964688575,Accelerometer,-1.9120501,-22.179,-0.96495
1778964688575,Gyroscope,0.438625,-1.162425,3.574725
1778964688595,Accelerometer,-6.852,-15.843,-2.5410001
1778964688614,Accelerometer,0.294,-10.600051,-1.143
1778964688634,Accelerometer,3.9499502,-4.89195,-3.867
1778964688648,Accelerometer,5.56605,-2.29695,-2.95005
1778964688649,Gyroscope,0.2602875,1.4251875,-0.874775
1778964688673,Accelerometer,3.14805,-0.47400004,-4.1140504
1778964688692,Accelerometer,2.69295,0.06105,-3.8770502
1778964688711,Accelerometer,2.3410501,-2.0740502,-1.2049501
1778964688726,Accelerometer,1.1899501,-5.1670504,0.043950003
1778964688726,Gyroscope,-0.091575,1.26885,-4.695075
1778964688750,Accelerometer,1.4940001,-7.6069503,-1.8679501
1778964688773,Accelerometer,-0.040050004,-9.514951,-1.45095
1778964688792,Accelerometer,-2.67405,-11.251051,-1.27005
1778964688808,Accelerometer,-0.66495,-12.228001,-2.60595
1778964688808,Gyroscope,-0.3201,0.4796,-7.0456376
1778964688828,Accelerometer,-1.1389501,-17.199001,-3.453
1778964688847,Accelerometer,-4.9939504,-22.309952,-3.4440002
1778964688867,Accelerometer,-6.222,-21.71895,-3.8029501
1778964688889,Accelerometer,-8.229,-21.493952,-2.63895
1778964688890,Gyroscope,-0.709775,1.3726625,-5.9387627
1778964688910,Accelerometer,-10.438951,-21.50805,-1.38705
1778964688925,Accelerometer,-14.272051,-18.03405,-1.143
1778964688946,Accelerometer,-18.009,-11.590951,-2.13105
1778964688959,Accelerometer,-22.161001,-8.2560005,-2.9239502
1778964688960,Gyroscope,-0.3323375,1.4667125,-1.17645
1778964688984,Accelerometer,-22.16595,-11.086051,-2.09805
1778964689006,Accelerometer,-18.091051,-11.497951,-1.9210501
1778964689023,Accelerometer,-16.024052,-9.89595,-2.86905
1778964689040,Accelerometer,-1.8550501,-11.497951,-2.421
1778964689040,Gyroscope,0.32381248,0.7299875,2.983475
1778964689061,Accelerometer,34.828953,-21.580051,-2.2680001
1778964689081,Accelerometer,-10.048051,-37.20795,2.046
1778964689105,Accelerometer,3.7390501,-10.31295,-1.521
1778964689123,Accelerometer,-6.80595,3.90105,-3.1420503
1778964689123,Gyroscope,-0.416625,1.6438125,3.2240999
1778964689129,Accelerometer,-15.768001,6.1420503,-7.8829503
1778964689158,Accelerometer,-4.39095,-9.489,-0.9799501
1778964689178,Accelerometer,-2.73405,-22.882952,-4.155
1778964689192,Accelerometer,-4.00995,-11.58195,-3.82905
1778964689192,Gyroscope,-0.0988625,-0.9218,1.6138375
1778964689209,Accelerometer,-0.45405003,-5.9359503,-3.4410002
1778964689236,Accelerometer,-2.808,-7.8559504,-1.6669501
1778964689255,Accelerometer,-4.53195,-9.38805,-3.5370002
1778964689272,Accelerometer,-4.36695,-10.107,-3.2400002
1778964689272,Gyroscope,0.019524999,0.2633125,0.5168625
1778964689292,Accelerometer,-2.80605,-9.582001,-3.2209501
1778964689314,Accelerometer,-1.6540501,-9.1369505,-3.9390001
1778964689337,Accelerometer,-3.8730001,-9.08205,-2.91
1778964689354,Accelerometer,-3.5310001,-8.859,-2.4550502
1778964689355,Gyroscope,0.050049998,-0.6199875,0.085525
1778964689376,Accelerometer,-0.97395,-9.04605,-2.1750002
1778964689391,Accelerometer,-0.08295,-9.087001,-2.3089502
1778964689411,Accelerometer,-1.7260501,-8.77095,-2.637
1778964689425,Accelerometer,-3.3130503,-8.75205,-2.2030501
1778964689426,Gyroscope,-0.0878625,-0.246125,0.36781248
1778964689450,Accelerometer,-2.91105,-9.010051,-2.529
1778964689471,Accelerometer,-1.04805,-9.123,-2.97195
1778964689489,Accelerometer,-0.58395004,-9.616051,-3.0340502
1778964689505,Accelerometer,-1.2970501,-11.019,-2.529
1778964689506,Gyroscope,-0.050049998,-0.6347,0.93953747
1778964689527,Accelerometer,-2.2090502,-10.885051,-3.3979502
1778964689547,Accelerometer,-1.5700501,-10.00395,-4.2340503
1778964689571,Accelerometer,-1.2919501,-11.31105,-3.111
1778964689587,Accelerometer,-1.9099501,-12.393001,-1.7340001
1778964689588,Gyroscope,0.2382875,-0.5564625,1.7373124
1778964689608,Accelerometer,-1.4980501,-12.915001,-4.0090504
1778964689624,Accelerometer,-1.6990501,-13.416,-4.806
1778964689644,Accelerometer,-2.5519502,-14.895,-3.834
1778964689659,Accelerometer,-1.28505,-16.938002,-3.1560001
1778964689659,Gyroscope,0.6109125,-0.881375,2.3885124
1778964689683,Accelerometer,2.84205,-17.056952,-4.65705
1778964689703,Accelerometer,6.66795,-19.296001,-5.99805
1778964689721,Accelerometer,6.5070004,-19.132952,-4.70295
1778964689736,Accelerometer,3.5719502,-17.28,-2.57205
1778964689737,Gyroscope,-0.1392875,-2.5026374,3.0017624
1778964689760,Accelerometer,-0.165,-17.539051,-4.2000003
1778964689770,Accelerometer,-4.80495,-20.349,0.90795004
1778964689800,Accelerometer,-6.74205,-13.332001,-4.58295
1778964689820,Accelerometer,1.9009501,-6.8650503,-3.6370502
1778964689820,Gyroscope,0.416625,1.2296625,2.724425
1778964689840,Accelerometer,6.05205,-3.4770002,-3.9270003
1778964689850,Accelerometer,5.74305,-1.52295,-3.00495
1778964689877,Accelerometer,2.83695,-0.61605,-3.4669502
1778964689891,Accelerometer,2.76495,-0.9889501,-2.49795
1778964689892,Gyroscope,-0.367675,1.02685,-3.017575
1778964689916,Accelerometer,2.0989501,-3.66105,-0.75195
1778964689935,Accelerometer,0.70095,-5.8500004,-0.87405
1778964689955,Accelerometer,0.012,-7.6050005,-1.07805
1778964689969,Accelerometer,-0.00405,-10.222051,-0.95295006
1778964689969,Gyroscope,0.2871,0.5564625,-6.500725
1778964689993,Accelerometer,-1.6609501,-12.016951,-0.064950004
1778964690010,Accelerometer,-0.84195006,-13.375051,-1.6810501
1778964690033,Accelerometer,-1.7689501,-19.23105,-2.4139502
1778964690052,Accelerometer,-6.9690003,-22.570951,-1.9609501
1778964690053,Gyroscope,-0.3053875,1.2126125,-6.9051123
1778964690072,Accelerometer,-6.68205,-21.448051,-2.421
1778964690091,Accelerometer,-6.25995,-21.160952,-1.9399501
1778964690110,Accelerometer,-8.872951,-20.560051,-1.914
1778964690125,Accelerometer,-12.9210005,-16.18305,-2.91195
1778964690125,Gyroscope,-0.047575,1.4997125,-3.8313
1778964690149,Accelerometer,-18.816,-11.158051,-3.6330001
1778964690168,Accelerometer,-22.25205,-8.424001,-4.71
1778964690188,Accelerometer,-20.11095,-10.594951,-2.8830001
1778964690202,Accelerometer,-15.7560005,-10.98495,-1.9710001
1778964690203,Gyroscope,-0.003575,-0.6664625,2.100175
1778964690227,Accelerometer,-13.206,-10.92105,-2.0959501
1778964690251,Accelerometer,-5.925,-11.170051,-2.838
1778964690269,Accelerometer,41.461052,-13.753051,1.7340001
1778964690284,Accelerometer,-2.5780501,-26.653952,-3.9150002
1778964690284,Gyroscope,-0.6853,-2.365825,2.3225124
1778964690304,Accelerometer,-6.1380005,-25.63095,-0.78105
1778964690324,Accelerometer,-3.624,-7.0279503,0.633
1778964690344,Accelerometer,-9.98595,4.68195,-6.36
1778964690358,Accelerometer,-10.077001,-3.3379502,-5.223
1778964690358,Gyroscope,-0.996875,-0.38541248,2.4715624
1778964690383,Accelerometer,-0.84495,-13.80105,-0.36
1778964690402,Accelerometer,-0.675,-19.722,-5.0790005
1778964690418,Accelerometer,-2.013,-6.8620505,-4.57095
1778964690436,Accelerometer,-2.2020001,-5.9929504,-1.4749501
1778964690436,Gyroscope,-0.039049998,-0.1056,1.3866875
1778964690460,Accelerometer,-4.5700502,-9.625051,-1.72395
1778964690484,Accelerometer,-4.85295,-10.578,-2.9220002
1778964690502,Accelerometer,-3.9640503,-9.55095,-2.7490501
1778964690518,Accelerometer,-2.355,-8.90505,-3.34995
1778964690518,Gyroscope,-0.022,-0.119075,0.4398625
1778964690537,Accelerometer,-2.7190502,-9.084001,-3.39105
1778964690557,Accelerometer,-3.5479503,-9.252001,-3.2899501
1778964690572,Accelerometer,-2.214,-9.24195,-2.0050502
1778964690591,Accelerometer,0.021000002,-9.906,-1.6170001
1778964690592,Gyroscope,-0.141625,-0.16555,0.2883375
1778964690621,Accelerometer,0.39705002,-9.321,-2.6220002
1778964690635,Accelerometer,-3.0619502,-9.144,-2.66505
1778964690651,Accelerometer,-4.125,-9.453,-2.4019501
1778964690669,Accelerometer,-2.7529502,-9.39795,-3.1320002
1778964690669,Gyroscope,-0.080575,-0.770275,0.2833875
1778964690693,Accelerometer,-0.009000001,-8.373,-2.8980002
1778964690715,Accelerometer,0.83295006,-8.613001,-1.9090501
1778964690733,Accelerometer,-0.19305001,-10.401,-2.93595
1778964690749,Accelerometer,-1.7710501,-11.335051,-3.55395
1778964690749,Gyroscope,0.01595,-0.32793748,1.433025
1778964690771,Accelerometer,-2.3119502,-10.285951,-4.1620502
1778964690790,Accelerometer,-2.59695,-10.71,-3.04605
1778964690814,Accelerometer,-2.25495,-12.834001,-3.5749502
1778964690833,Accelerometer,-1.7380501,-14.60805,-4.9729505
1778964690833,Gyroscope,0.3213375,-0.7470375,2.183225
1778964690852,Accelerometer,-1.6900501,-15.027,-4.557
1778964690868,Accelerometer,-2.193,-15.879001,-2.86905
1778964690887,Accelerometer,-0.186,-18.147001,-2.6749501
1778964690902,Accelerometer,3.9090002,-18.751951,-5.05305
1778964690902,Gyroscope,0.5119125,-1.306525,2.8307126
1778964690926,Accelerometer,7.4479504,-19.914001,-6.7240505
1778964690948,Accelerometer,7.28805,-18.82695,-5.1480002
1778964690967,Accelerometer,3.7110002,-18.312,-3.6520503
1778964690981,Accelerometer,-0.16905001,-20.143951,-2.22495
1778964690981,Gyroscope,0.61215,-2.1593,3.53815
1778964691003,Accelerometer,-7.37895,-17.122051,-1.53495
1778964691023,Accelerometer,-2.226,-10.50195,-2.7559502
1778964691047,Accelerometer,4.86705,-5.0280004,-4.6140003
1778964691053,Accelerometer,7.4389505,-2.4880502,-3.4699502
1778964691066,Gyroscope,0.543675,1.0500875,-0.8490625
1778964691081,Accelerometer,3.80205,-0.58005005,-2.50005
1778964691101,Accelerometer,2.63595,-0.22095,-2.7250502
1778964691120,Accelerometer,2.6880002,-2.196,-1.19295
1778964691132,Accelerometer,1.59195,-4.58295,-0.84105
1778964691135,Gyroscope,0.176,2.0249624,-4.6803627
1778964691160,Accelerometer,1.08405,-6.9610505,-2.4880502
1778964691180,Accelerometer,-0.23205002,-9.451051,-2.8159502
1778964691199,Accelerometer,-1.9939501,-11.43105,-1.8540001
1778964691214,Accelerometer,-1.6710001,-11.755951,-2.5170002
1778964691214,Gyroscope,-0.066,0.6529875,-7.0211625
1778964691237,Accelerometer,-0.9670501,-16.75995,-4.3440003
1778964691257,Accelerometer,-4.7190003,-24.841051,-3.9420002
1778964691280,Accelerometer,-8.51805,-23.86395,-4.18095
1778964691297,Accelerometer,-6.234,-20.455051,-4.2790504
1778964691297,Gyroscope,-0.566775,1.9614375,-5.9167624
1778964691317,Accelerometer,-11.575951,-21.573002,-4.191
1778964691333,Accelerometer,-16.37895,-18.163052,-4.827
1778964691353,Accelerometer,-20.202002,-10.18095,-5.23005
1778964691368,Accelerometer,-24.330002,-6.56295,-5.79195
1778964691368,Gyroscope,-0.4153875,1.0610875,-0.8661125
1778964691393,Accelerometer,-21.21495,-10.365001,-4.0300503
1778964691413,Accelerometer,-15.282001,-11.766001,-2.02095
1778964691431,Accelerometer,-13.486051,-10.462951,-2.7180002
1778964691446,Accelerometer,-7.6470003,-10.64505,-1.8199501
1778964691446,Gyroscope,-0.278575,0.7324625,3.8605876
1778964691470,Accelerometer,46.164,-15.850951,9.51105
1778964691490,Accelerometer,-1.0530001,-27.642002,1.31505
1778964691512,Accelerometer,-3.2340002,-19.76505,-3.4050002
1778964691531,Accelerometer,-7.1029506,-7.9110003,-0.55605
1778964691531,Gyroscope,-0.538725,2.0873876,3.8765376
1778964691549,Accelerometer,-16.84605,2.5489502,-6.9870005
1778964691567,Accelerometer,-4.9360504,-5.4090004,-5.4810004
1778964691587,Accelerometer,-3.6100502,-13.606951,-1.3609501
1778964691601,Accelerometer,-2.9659503,-16.023,-3.2950501
1778964691601,Gyroscope,-0.168575,-1.283425,1.4049749
1778964691626,Accelerometer,-2.6809502,-7.9590006,-3.70005
1778964691645,Accelerometer,-3.6910503,-6.9409504,-1.8079501
1778964691664,Accelerometer,-2.6209502,-8.479051,-1.8030001
1778964691679,Accelerometer,-2.5519502,-10.66905,-2.3449502
1778964691679,Gyroscope,-0.118525,0.6994625,0.6584875
1778964691698,Accelerometer,-2.631,-10.444051,-3.35505
1778964691723,Accelerometer,-3.486,-9.561001,-4.12605
1778964691745,Accelerometer,-5.49195,-8.58405,-2.91195
1778964691763,Accelerometer,-2.9659503,-8.28495,-2.97195
1778964691763,Gyroscope,-0.052525,-0.8850875,0.039049998
1778964691781,Accelerometer,1.31595,-9.154051,-2.56005
1778964691801,Accelerometer,1.8240001,-9.60105,-2.5240502
1778964691820,Accelerometer,-1.70895,-9.27105,-2.5099502
1778964691834,Accelerometer,-3.4350002,-8.68395,-2.2009501
1778964691835,Gyroscope,-0.052525,-0.0347875,0.587675
1778964691854,Accelerometer,-3.39,-8.364,-2.874
1778964691878,Accelerometer,-2.4439502,-9.205951,-3.7050002
1778964691897,Accelerometer,-2.18805,-10.143001,-2.23005
1778964691912,Accelerometer,-1.47405,-10.276951,-1.8180001
1778964691912,Gyroscope,-0.0891,-0.6945125,0.758725
1778964691934,Accelerometer,-0.65805006,-10.67205,-2.95005
1778964691956,Accelerometer,-0.648,-10.722,-3.7120502
1778964691977,Accelerometer,-1.67505,-11.30595,-3.0199502
1778964691995,Accelerometer,-2.36295,-12.163051,-3.6019502
1778964691995,Gyroscope,0.162525,-0.48565,1.7923125
1778964692014,Accelerometer,-2.59995,-13.54695,-4.4040003
1778964692033,Accelerometer,-2.1709502,-13.633051,-4.1860504
1778964692053,Accelerometer,-1.98195,-14.0119505,-4.03695
1778964692068,Accelerometer,-0.74895006,-15.774001,-4.8250504
1778964692068,Gyroscope,0.4679125,-1.1551375,2.36775
1778964692092,Accelerometer,2.3389502,-16.78005,-6.6709504
1778964692112,Accelerometer,4.6420503,-17.038052,-7.66695
1778964692131,Accelerometer,5.9010005,-17.874,-6.58995
1778964692145,Accelerometer,2.832,-18.20895,-3.62595
1778964692145,Gyroscope,-0.45815,-2.8593125,3.154525
1778964692170,Accelerometer,-1.6129501,-19.420052,-3.2400002
1778964692193,Accelerometer,-3.21,-18.529951,-1.7770501
1778964692212,Accelerometer,-7.3330503,-14.086051,-2.9620502
1778964692226,Accelerometer,2.8920002,-7.827,-2.055
1778964692227,Gyroscope,0.256575,1.183325,2.5399
1778964692247,Accelerometer,7.17495,-3.72795,-3.21795
1778964692267,Accelerometer,6.2100005,0.24495001,-3.7210503
1778964692286,Accelerometer,4.4170504,1.3969501,-2.25795
1778964692301,Accelerometer,1.6180501,-1.53495,0.43695003
1778964692301,Gyroscope,-1.1996875,1.6072375,-3.000525
1778964692325,Accelerometer,0.00405,-4.97805,1.70595
1778964692342,Accelerometer,0.73695004,-6.9799504,1.1050501
1778964692364,Accelerometer,-0.57405,-8.172,1.263
1778964692378,Accelerometer,-1.077,-8.883,1.43505
1778964692378,Gyroscope,-0.56925,0.3806,-6.43225
1778964692403,Accelerometer,-1.47405,-10.332001,1.35105
1778964692415,Accelerometer,-1.9120501,-14.158051,-0.09195001
1778964692442,Accelerometer,-7.24905,-22.555052,-1.21905
1778964692461,Accelerometer,-11.277,-22.807951,-0.60195005
1778964692461,Gyroscope,-0.67925,-0.57722497,-6.37615
1778964692481,Accelerometer,-6.6390004,-16.22595,-1.5690001
1778964692495,Accelerometer,-10.036051,-16.614,1.605
1778964692520,Accelerometer,-9.318001,-18.183,-0.97305006
1778964692542,Accelerometer,-12.493051,-14.854951,-0.076950006
1778964692542,Gyroscope,-0.4459125,-0.4404125,-3.6883
1778964692564,Accelerometer,-14.794051,-10.576051,0.48705003
1778964692575,Accelerometer,-13.908001,-9.075001,-0.65205
1778964692597,Accelerometer,-14.928,-11.707951,0.01305
1778964692611,Accelerometer,-13.336051,-11.245951,-0.92205006
1778964692612,Gyroscope,-0.2431,-1.2332375,0.62315
1778964692636,Accelerometer,-16.483952,-12.913051,0.42000002
1778964692658,Accelerometer,-4.48395,-18.999,-1.4059501
1778964692674,Accelerometer,22.546951,-37.18095,-1.3750501
1778964692692,Accelerometer,-5.28105,-15.172951,1.3609501
1778964692692,Gyroscope,-0.7794875,0.311025,5.9362874
1778964692713,Accelerometer,5.202,10.878,-5.2200003
1778964692733,Accelerometer,-21.936,4.1140504,-9.349951
1778964692758,Accelerometer,-5.57805,-11.48805,-3.7519503
1778964692776,Accelerometer,-7.1610003,-21.975,-0.076950006
1778964692776,Gyroscope,-0.129525,-1.57905,0.8833
1778964692792,Accelerometer,-2.9850001,-9.273001,-6.1870503
1778964692811,Accelerometer,1.2280501,-4.5280504,-2.9020503
1778964692830,Accelerometer,-0.49005002,-7.66695,-2.13105
1778964692845,Accelerometer,-2.94195,-12.043951,-4.54005
1778964692845,Gyroscope,-0.069575,0.2058375,0.93334997
1778964692869,Accelerometer,-4.5799503,-10.329,-3.73305
1778964692889,Accelerometer,-5.097,-6.8190002,-4.605
1778964692908,Accelerometer,-5.07495,-7.1710505,-4.7580004
1778964692925,Accelerometer,-3.7180502,-8.562,-4.7509503
1778964692925,Gyroscope,-0.1172875,-1.1429,-0.2028125
1778964692947,Accelerometer,-1.74195,-9.151051,-5.1670504
1778964692966,Accelerometer,0.507,-9.120001,-4.31295
1778964692976,Accelerometer,0.30405003,-8.332951,-3.5749502
1778964693000,Accelerometer,-2.04405,-8.13105,-3.0199502
1778964693001,Gyroscope,0.061049998,0.1997875,0.2833875
1778964693031,Accelerometer,-3.7680001,-8.479051,-3.8910003
1778964693044,Accelerometer,-4.479,-9.328951,-4.2670503
1778964693056,Accelerometer,-4.2130504,-9.199051,-3.93405
1778964693078,Accelerometer,-1.76205,-8.03295,-2.9890501
1778964693078,Gyroscope,-0.23815,-1.5277625,-0.0562375
1778964693102,Accelerometer,0.39195,-8.347051,-3.7669501
1778964693123,Accelerometer,2.0320501,-9.98505,-4.64295
1778964693139,Accelerometer,0.39900002,-11.035951,-4.98105
1778964693157,Accelerometer,-1.21605,-10.063951,-4.31505
1778964693157,Gyroscope,-0.107525,-0.56993747,1.4526875
1778964693180,Accelerometer,-2.35095,-10.795951,-4.1400003
1778964693200,Accelerometer,-1.9270501,-12.075001,-5.2699504
1778964693223,Accelerometer,-1.2400501,-13.401001,-5.64405
1778964693241,Accelerometer,-1.3620001,-15.71205,-5.2270503
1778964693241,Gyroscope,-0.1551,-1.3932875,2.5326126
1778964693259,Accelerometer,-0.009000001,-18.184952,-5.0599504
1778964693277,Accelerometer,1.30005,-18.910051,-6.5659504
1778964693296,Accelerometer,4.43895,-21.073051,-5.8500004
1778964693311,Accelerometer,3.8620503,-21.535051,-3.693
1778964693312,Gyroscope,-1.2485,-3.21365,2.915
1778964693336,Accelerometer,2.6140501,-17.917051,-5.4
1778964693355,Accelerometer,-0.32505003,-17.57895,-3.5130002
1778964693374,Accelerometer,-13.53705,-14.301001,-2.5459502
1778964693389,Accelerometer,-1.2229501,-3.0580502,-3.6850502
1778964693389,Gyroscope,-0.6865375,0.0605,2.1306999
1778964693413,Accelerometer,9.55305,-2.08095,-2.148
1778964693437,Accelerometer,9.93795,-0.64905006,-0.33795002
1778964693453,Accelerometer,5.5300503,1.6699501,1.404
1778964693470,Accelerometer,3.177,-0.22305001,3.1060503
1778964693470,Gyroscope,-2.195325,0.8265125,-2.9833374
1778964693491,Accelerometer,3.4710002,-3.111,2.7829502
1778964693509,Accelerometer,3.7470002,-5.5140004,1.7509501
1778964693529,Accelerometer,-0.86100006,-9.73095,3.3310502
1778964693543,Accelerometer,-2.0080502,-12.349951,5.47695
1778964693543,Gyroscope,-0.9493,0.9389875,-6.0608625
1778964693568,Accelerometer,-1.3810501,-12.8890505,4.62195
1778964693587,Accelerometer,-2.72895,-15.499051,2.35695
1778964693607,Accelerometer,-7.7550006,-21.031952,2.9310002
1778964693621,Accelerometer,-6.1140003,-20.53605,1.3750501
1778964693622,Gyroscope,0.0782375,0.001925,-6.70835
1778964693646,Accelerometer,-1.7209501,-19.000952,-0.11805001
1778964693668,Accelerometer,-6.9480004,-19.042051,0.33105
1778964693687,Accelerometer,-8.6980505,-14.95995,-1.6500001
1778964693703,Accelerometer,-10.371,-11.737051,-2.7439501
1778964693703,Gyroscope,-0.044,-0.49665,-4.0671124
1778964693723,Accelerometer,-12.450001,-10.609051,-2.7250502
1778964693743,Accelerometer,-13.363951,-10.401,-4.12605
1778964693762,Accelerometer,-13.716001,-9.783,-2.46405
1778964693777,Accelerometer,-11.494051,-10.6050005,-0.25905
1778964693777,Gyroscope,0.08305,-2.4220624,0.7294375
1778964693801,Accelerometer,-9.967051,-11.292001,1.7200501
1778964693820,Accelerometer,-6.15,-12.87195,1.81305
1778964693840,Accelerometer,-0.48105,-11.15505,-1.53495
1778964693854,Accelerometer,35.68605,-4.78695,-12.23805
1778964693854,Gyroscope,0.3713875,2.944975,-0.1233375
1778964693879,Accelerometer,-0.91905004,-40.962,-10.02105
1778964693902,Accelerometer,-14.650051,-33.94905,6.5520005
1778964693919,Accelerometer,-8.973001,11.26095,-3.2590501
1778964693935,Accelerometer,-11.7289505,5.56995,-8.080951
1778964693935,Gyroscope,-0.8881125,-1.3652375,2.183225
1778964693957,Accelerometer,-1.7500501,-8.811001,-3.348
1778964693976,Accelerometer,-2.38695,-21.98505,-3.2950501
1778964693995,Accelerometer,-5.4220505,-11.151001,-6.4120502
1778964694018,Accelerometer,-5.8680005,-2.3419502,-4.8439503
1778964694018,Gyroscope,-0.174625,-1.0756625,1.282875
1778964694040,Accelerometer,-5.80095,-5.3370004,-2.943
1778964694053,Accelerometer,-2.8630502,-10.468051,-3.6090002
1778964694073,Accelerometer,-1.9939501,-12.819,-3.3649502
1778964694087,Accelerometer,-1.7740501,-8.874001,-5.3250003
1778964694088,Gyroscope,0.033,-0.2376,0.4642
1778964694112,Accelerometer,-3.8490002,-7.3770003,-3.9510002
1778964694135,Accelerometer,-3.68895,-8.26095,-3.9820502
1778964694152,Accelerometer,-1.7899501,-9.00105,-4.43505
1778964694167,Accelerometer,-1.8210001,-8.799001,-3.7720501
1778964694168,Gyroscope,-0.0561,-0.47575,0.12705
1778964694190,Accelerometer,-2.59995,-8.1,-3.07995
1778964694209,Accelerometer,-3.65805,-8.39505,-3.5130002
1778964694229,Accelerometer,-4.182,-9.280951,-4.605
1778964694252,Accelerometer,-3.22005,-9.384001,-5.37795
1778964694253,Gyroscope,-0.2919125,-1.3872375,-0.057475
1778964694258,Accelerometer,-1.0309501,-9.06795,-4.31505
1778964694287,Accelerometer,0.27705002,-9.65205,-4.1140504
1778964694307,Accelerometer,0.50205004,-9.979951,-4.51095
1778964694321,Accelerometer,-0.423,-10.81995,-5.5579505
1778964694321,Gyroscope,-0.1343375,-1.184425,1.3365
1778964694338,Accelerometer,-1.8049501,-12.159,-5.0790005
1778964694365,Accelerometer,-2.6550002,-12.22305,-2.39205
1778964694384,Accelerometer,-1.4790001,-12.192,-2.5189502
1778964694402,Accelerometer,-0.68700004,-13.102051,-4.236
1778964694402,Gyroscope,-0.0402875,-1.3371875,2.244275
1778964694419,Accelerometer,-1.1509501,-13.99005,-5.82105
1778964694443,Accelerometer,-1.065,-15.532051,-6.5680504
1778964694468,Accelerometer,1.8259501,-15.640051,-7.662
1778964694485,Accelerometer,5.9689503,-16.926,-8.088
1778964694486,Gyroscope,-0.26015,-2.6406875,2.4226124
1778964694504,Accelerometer,4.9630504,-19.09695,-5.919
1778964694520,Accelerometer,1.9339501,-19.452002,-4.9110003
1778964694540,Accelerometer,-2.0320501,-21.43395,-3.9100502
1778964694554,Accelerometer,-9.10005,-16.875,-3.38595
1778964694554,Gyroscope,-0.6230125,-0.6749875,3.8753
1778964694579,Accelerometer,-2.1019502,-9.846001,-2.90505
1778964694600,Accelerometer,7.3240504,-5.0830503,-1.8030001
1778964694618,Accelerometer,8.31495,-2.352,-2.84295
1778964694634,Accelerometer,5.24805,-0.573,-2.598
1778964694635,Gyroscope,-1.863125,-0.1923625,-2.2638
1778964694656,Accelerometer,4.1010003,-1.1689501,0.96795005
1778964694676,Accelerometer,0.33,-5.6680503,3.216
1778964694698,Accelerometer,1.16805,-9.573001,3.7890003
1778964694715,Accelerometer,0.04695,-12.175051,4.7320504
1778964694715,Gyroscope,-1.8398875,0.30855,-6.3479624
1778964694737,Accelerometer,-0.10005,-12.835951,5.33505
1778964694754,Accelerometer,-1.21305,-14.260951,6.339
1778964694773,Accelerometer,-1.2970501,-18.83595,7.4809504
1778964694787,Accelerometer,-2.32005,-24.108002,5.00295
1778964694788,Gyroscope,-0.6719625,-0.9229,-7.7664123
1778964694812,Accelerometer,-6.0280504,-26.083952,5.6970005
1778964694831,Accelerometer,-3.69405,-22.351051,3.14505
1778964694851,Accelerometer,-5.571,-23.05005,1.6720501
1778964694866,Accelerometer,-11.403001,-22.459051,0.36495003
1778964694867,Gyroscope,0.3823875,1.007325,-5.2386127
1778964694889,Accelerometer,-15.874051,-16.02795,-2.66295
1778964694899,Accelerometer,-19.53705,-11.707951,-1.09695
1778964694929,Accelerometer,-20.169,-11.188951,-2.19105
1778964694950,Accelerometer,-20.66205,-11.332951,-3.24195
1778964694951,Gyroscope,0.4961,-1.5888125,0.3799125
1778964694970,Accelerometer,-16.647001,-10.52295,-2.088
1778964694980,Accelerometer,-13.56105,-9.658951,-1.5660001
1778964695006,Accelerometer,-1.3470001,-9.843,-3.66405
1778964695021,Accelerometer,32.33895,-11.886001,-5.05695
1778964695022,Gyroscope,0.8943,-0.2424125,-0.3751
1778964695045,Accelerometer,-3.2580001,-30.951002,-4.7959504
1778964695064,Accelerometer,-1.3909501,-19.243052,-3.3450003
1778964695084,Accelerometer,-5.1469502,-1.75995,-5.826
1778964695098,Accelerometer,-18.487951,1.074,-4.63395
1778964695099,Gyroscope,-0.3053875,0.322025,2.992
1778964695123,Accelerometer,-5.13,-5.9100003,-4.70295
1778964695147,Accelerometer,-2.50395,-13.19505,-3.3360002
1778964695165,Accelerometer,-0.17205001,-14.206051,-2.80905
1778964695181,Accelerometer,-1.8840001,-7.6650004,-4.7580004
1778964695181,Gyroscope,-0.02805,-0.7495125,1.2937375
1778964695200,Accelerometer,-5.2309504,-6.609,-3.015
1778964695220,Accelerometer,-3.9840002,-8.203051,-3.28305
1778964695239,Accelerometer,-2.8819501,-10.02495,-3.834
1778964695254,Accelerometer,-3.22005,-9.8550005,-4.1070004
1778964695254,Gyroscope,0.0732875,-0.02255,0.3042875
1778964695279,Accelerometer,-3.8610003,-8.75205,-4.4419503
1778964695299,Accelerometer,-3.6769502,-8.500051,-4.21005
1778964695317,Accelerometer,-1.7710501,-8.505,-3.48705
1778964695331,Accelerometer,0.91395,-9.08895,-3.4939501
1778964695332,Gyroscope,-0.011,-0.50875,0.055
1778964695355,Accelerometer,0.75600004,-9.42405,-3.31695
1778964695380,Accelerometer,-2.53305,-8.866051,-2.7799501
1778964695398,Accelerometer,-3.9160502,-8.823,-3.7759502
1778964695413,Accelerometer,-3.9499502,-9.328951,-3.7240503
1778964695413,Gyroscope,-0.179575,-0.87285,0.187
1778964695430,Accelerometer,-1.9099501,-8.554951,-4.6860003
1778964695453,Accelerometer,0.54795,-8.625,-3.762
1778964695473,Accelerometer,0.9979501,-10.66905,-3.6850502
1778964695487,Accelerometer,0.165,-11.674951,-4.51905
1778964695487,Gyroscope,-0.0378125,-0.660275,1.360975
1778964695511,Accelerometer,-0.84195006,-10.444051,-5.1220503
1778964695531,Accelerometer,-2.1349502,-10.48305,-3.999
1778964695546,Accelerometer,-3.1309502,-11.919001,-3.8100002
1778964695565,Accelerometer,-2.868,-13.099951,-4.4419503
1778964695565,Gyroscope,0.096525,-1.118425,2.2479875
1778964695589,Accelerometer,-2.32005,-13.594951,-4.8130503
1778964695613,Accelerometer,-2.01105,-13.903951,-5.08605
1778964695629,Accelerometer,-0.97395,-14.854951,-5.01405
1778964695645,Accelerometer,1.4959501,-16.05195,-6.762
1778964695645,Gyroscope,-0.0048125,-1.8368624,2.8576624
1778964695667,Accelerometer,4.66095,-17.92395,-8.54595
1778964695687,Accelerometer,5.6929502,-19.677,-7.0639505
1778964695701,Accelerometer,2.664,-19.807951,-4.54005
1778964695720,Accelerometer,0.63600004,-20.911951,-4.97805
1778964695721,Gyroscope,-0.4959625,-2.36335,3.71525
1778964695745,Accelerometer,-7.2450004,-18.34095,-0.57795
1778964695763,Accelerometer,-4.077,-11.17695,-0.68805003
1778964695781,Accelerometer,4.5199504,-5.742,-1.8370501
1778964695797,Accelerometer,8.04195,-1.43505,-3.7600503
1778964695798,Gyroscope,-0.60225,0.610225,-0.7403
1778964695822,Accelerometer,5.7720003,1.9039501,-2.69895
1778964695846,Accelerometer,3.0930002,1.34895,-0.65895003
1778964695862,Accelerometer,0.23205002,-3.6349502,2.53395
1778964695877,Accelerometer,0.20295002,-7.8370504,3.9799502
1778964695877,Gyroscope,-1.897225,0.6774625,-4.7194123
1778964695900,Accelerometer,0.68895006,-10.19295,5.2180505
1778964695919,Accelerometer,0.62205005,-10.909051,5.17005
1778964695939,Accelerometer,0.58905005,-12.280951,4.32495
1778964695961,Accelerometer,0.294,-15.025051,5.5530005
1778964695962,Gyroscope,-1.035925,0.2278375,-7.2007375
1778964695985,Accelerometer,-0.33495003,-19.983002,4.90005
1778964695996,Accelerometer,-3.9120002,-24.108002,2.01405
1778964696016,Accelerometer,-7.9920006,-24.250051,0.64305
1778964696031,Accelerometer,-9.12195,-24.585001,0.633
1778964696031,Gyroscope,-0.2919125,0.091025,-7.208025
1778964696055,Accelerometer,-7.0789504,-24.163952,1.0849501
1778964696075,Accelerometer,-12.57705,-20.548052,-0.45105
1778964696093,Accelerometer,-21.771002,-12.240001,-1.4320501
1778964696109,Accelerometer,-24.45,-9.205951,-1.03695
1778964696109,Gyroscope,-0.201575,-0.53075,-1.5857875
1778964696132,Accelerometer,-21.622051,-11.811001,-0.37395
1778964696152,Accelerometer,-19.174952,-11.46405,-1.4970001
1778964696175,Accelerometer,-15.874051,-9.475051,-2.56005
1778964696181,Accelerometer,8.578051,-10.08495,-6.29505
1778964696194,Gyroscope,0.4178625,0.66522497,2.702425
1778964696210,Accelerometer,20.205002,-23.806952,-7.6980004
1778964696229,Accelerometer,-6.0690002,-29.761051,0.99405
1778964696249,Accelerometer,6.05205,-8.07405,-1.6210501
1778964696261,Accelerometer,-14.845951,4.689,-5.328
1778964696263,Gyroscope,0.09405,2.0238626,2.956525
1778964696288,Accelerometer,-11.217001,1.15005,-8.863951
1778964696307,Accelerometer,-6.984,-13.200001,-0.27405003
1778964696327,Accelerometer,-4.8790503,-17.77305,-4.9690504
1778964696343,Accelerometer,-3.8490002,-8.007,-3.4480503
1778964696343,Gyroscope,-0.1123375,-1.3627625,1.5002625
1778964696365,Accelerometer,-2.29305,-6.0820503,-3.1369503
1778964696385,Accelerometer,-3.3730502,-8.016001,-2.7919502
1778964696409,Accelerometer,-3.9259503,-9.44295,-4.5019503
1778964696428,Accelerometer,-4.33995,-9.52005,-4.18305
1778964696428,Gyroscope,0.090475,0.39765,0.4703875
1778964696445,Accelerometer,-3.897,-8.851951,-4.0129504
1778964696463,Accelerometer,-3.9160502,-8.524051,-4.36305
1778964696482,Accelerometer,-4.1460004,-8.56005,-4.54005
1778964696497,Accelerometer,-3.3919501,-8.866051,-3.693
1778964696497,Gyroscope,0.0807125,-0.847275,-0.317625
1778964696521,Accelerometer,-1.3950001,-9.08205,-3.31695
1778964696541,Accelerometer,0.36105,-9.193951,-3.6349502
1778964696560,Accelerometer,-0.90000004,-8.719951,-3.4630501
1778964696576,Accelerometer,-4.1059504,-8.39505,-3.42195
1778964696577,Gyroscope,-0.1233375,-0.4257,0.129525
1778964696599,Accelerometer,-4.9240503,-9.096001,-3.7999501
1778964696619,Accelerometer,-2.53305,-7.8439503,-3.86505
1778964696642,Accelerometer,0.43500003,-8.00895,-3.8170502
1778964696659,Accelerometer,1.506,-10.248,-3.3409503
1778964696659,Gyroscope,-0.157575,-1.0671375,0.77825
1778964696677,Accelerometer,0.55695003,-11.352,-4.77705
1778964696696,Accelerometer,-0.51900005,-10.37205,-5.45205
1778964696716,Accelerometer,-1.7809501,-10.066051,-5.163
1778964696730,Accelerometer,-3.081,-11.397,-3.8479502
1778964696730,Gyroscope,0.055,-0.9326625,2.067175
1778964696755,Accelerometer,-3.3660002,-12.817051,-4.4419503
1778964696774,Accelerometer,-3.0330002,-13.79895,-4.827
1778964696793,Accelerometer,-2.331,-15.594001,-5.23005
1778964696809,Accelerometer,0.43095002,-18.268951,-6.9799504
1778964696809,Gyroscope,0.1588125,-1.4348125,2.928475
1778964696826,Accelerometer,3.1270502,-19.23405,-8.931001
1778964696852,Accelerometer,5.1859503,-19.94205,-8.397
1778964696873,Accelerometer,5.70795,-20.127,-5.6850004
1778964696891,Accelerometer,0.90000004,-19.00605,-6.43905
1778964696891,Gyroscope,-0.8845375,-4.2387123,3.30715
1778964696911,Accelerometer,2.1420002,-20.74695,-2.7160501
1778964696933,Accelerometer,-7.8480005,-15.859951,0.063
1778964696958,Accelerometer,-0.77805007,-8.376,0.56595004
1778964696963,Accelerometer,6.7560005,-3.3720002,-1.3050001
1778964696964,Gyroscope,0.151525,0.869275,0.421575
1778964696983,Accelerometer,8.262,0.087000005,-2.5480502
1778964697007,Accelerometer,4.2709503,1.93605,-2.2420502
1778964697026,Accelerometer,3.49005,-0.30405003,-1.1329501
1778964697041,Accelerometer,1.6009501,-5.36805,2.02905
1778964697041,Gyroscope,-1.4355,2.155725,-3.878875
1778964697063,Accelerometer,-0.36795002,-8.088,2.4120002
1778964697085,Accelerometer,-1.3759501,-9.72105,2.7570002
1778964697107,Accelerometer,-0.77505004,-10.465951,2.8140001
1778964697125,Accelerometer,-0.85200006,-11.017051,2.32305
1778964697125,Gyroscope,-0.5534375,0.0055,-7.0076876
1778964697143,Accelerometer,-0.91395,-13.722001,1.8919501
1778964697162,Accelerometer,-0.40605003,-19.476002,0.81495005
1778964697182,Accelerometer,-5.4679503,-25.174051,0.34995002
1778964697196,Accelerometer,-7.1700006,-23.57505,-0.16095
1778964697197,Gyroscope,-0.1062875,0.58341247,-7.084687
1778964697221,Accelerometer,-6.4230003,-21.96795,-0.59895
1778964697240,Accelerometer,-8.6640005,-21.252,-1.1550001
1778964697260,Accelerometer,-13.867051,-17.847,-2.05005
1778964697274,Accelerometer,-19.594051,-12.276001,-1.3080001
1778964697274,Gyroscope,-0.078099996,0.7019375,-2.675475
1778964697299,Accelerometer,-24.403952,-8.910001,-2.6100001
1778964697322,Accelerometer,-21.819,-10.6380005,-2.6890502
1778964697340,Accelerometer,-16.24905,-11.731951,-2.15805
1778964697355,Accelerometer,-11.65005,-11.12205,-4.722
1778964697356,Gyroscope,0.2468125,-0.9876625,3.2021
1778964697377,Accelerometer,17.808,-11.965051,-2.742
1778964697396,Accelerometer,7.7260504,-31.653002,-4.2190504
1778964697415,Accelerometer,-5.87505,-26.50995,0.75495005
1778964697430,Accelerometer,3.2920501,-4.72905,-1.6099501
1778964697430,Gyroscope,-0.1368125,0.6738875,4.370025
1778964697454,Accelerometer,-16.173,7.5720005,-7.2700505
1778964697473,Accelerometer,-12.12705,-2.8230002,-5.4090004
1778964697493,Accelerometer,-3.79695,-16.018051,-1.8940501
1778964697507,Accelerometer,-4.76595,-18.577951,-4.602
1778964697507,Gyroscope,-0.207625,-1.438525,0.99935
1778964697532,Accelerometer,-1.266,-6.8650503,-4.52295
1778964697544,Accelerometer,-1.8859501,-7.0969505,-2.73495
1778964697571,Accelerometer,-3.4020002,-8.28705,-3.8029501
1778964697590,Accelerometer,-4.4770503,-9.096001,-3.9540002
1778964697590,Gyroscope,0.0501875,0.0287375,0.377575
1778964697609,Accelerometer,-3.828,-10.035001,-3.2590501
1778964697624,Accelerometer,-1.63995,-9.336,-5.4240003
1778964697649,Accelerometer,-3.00705,-8.521951,-4.24305
1778964697673,Accelerometer,-4.7779503,-8.526,-3.1560001
1778964697673,Gyroscope,0.1588125,-0.9070875,-0.0573375
1778964697693,Accelerometer,-1.31895,-8.613001,-3.9390001
1778964697704,Accelerometer,1.21095,-8.79705,-3.31905
1778964697726,Accelerometer,-1.2610501,-8.95005,-2.697
1778964697740,Accelerometer,-3.354,-8.842951,-2.7130501
1778964697741,Gyroscope,0.066,-0.0628375,0.4191
1778964697765,Accelerometer,-4.35195,-9.481951,-3.2020502
1778964697786,Accelerometer,-3.1740003,-9.534,-3.3360002
1778964697805,Accelerometer,-0.22005,-8.232,-3.49095
1778964697821,Accelerometer,0.01905,-8.96205,-2.8230002
1778964697821,Gyroscope,-0.0048125,-1.07195,0.775775
1778964697842,Accelerometer,-0.98805004,-10.626,-3.21405
1778964697862,Accelerometer,-0.957,-10.152,-5.19105
1778964697887,Accelerometer,-1.6510501,-10.674001,-5.433
1778964697904,Accelerometer,-2.394,-11.821051,-3.072
1778964697904,Gyroscope,0.2443375,-0.7775625,1.824075
1778964697925,Accelerometer,-2.298,-13.068001,-2.33295
1778964697939,Accelerometer,-0.33495003,-14.206051,-3.1990502
1778964697959,Accelerometer,0.034950003,-15.0720005,-3.1950002
1778964697974,Accelerometer,0.42105,-17.788052,-3.22305
1778964697974,Gyroscope,0.4203375,-0.9950875,3.171575
1778964697998,Accelerometer,3.6700501,-22.18305,-5.3830504
1778964698018,Accelerometer,6.5500503,-24.373951,-6.4219503
1778964698037,Accelerometer,8.439,-22.018051,-2.5770001
1778964698052,Accelerometer,2.50395,-19.476002,-3.20895
1778964698052,Gyroscope,0.11,-3.7853749,3.35115
1778964698075,Accelerometer,-4.23705,-23.140951,-0.20895001
1778964698095,Accelerometer,-12.780001,-19.911001,-4.485
1778964698105,Accelerometer,-0.36795002,-8.6629505,-5.151
1778964698129,Accelerometer,0.46905002,-5.8500004,-6.729
1778964698129,Gyroscope,0.786775,1.3836625,1.2291125
1778964698157,Accelerometer,0.177,-5.1649504,-3.4960501
1778964698173,Accelerometer,-1.9270501,-4.413,-4.3320003
1778964698185,Accelerometer,-0.03795,-1.54005,-2.91405
1778964698207,Accelerometer,-0.94500005,-1.91295,-2.799
1778964698207,Gyroscope,1.69455,1.3127126,-3.1238625
1778964698231,Accelerometer,-1.113,-3.15405,-4.36095
1778964698251,Accelerometer,-2.08005,-3.9199502,-4.67205
1778964698269,Accelerometer,-1.4479501,-4.46805,-4.78905
1778964698285,Accelerometer,-1.05495,-4.59495,-5.0719504
1778964698285,Gyroscope,1.3341625,0.8240375,-6.2929626
1778964698309,Accelerometer,0.32295,-6.4890003,-4.39605
1778964698328,Accelerometer,0.483,-9.760051,-4.01595
1778964698351,Accelerometer,-1.7809501,-12.585001,-5.23005
1778964698369,Accelerometer,-4.1080503,-14.356951,-8.0449505
1778964698369,Gyroscope,0.7612,4.1630874,-6.246625
1778964698387,Accelerometer,-9.177,-17.09295,-10.078051
1778964698406,Accelerometer,-17.96895,-15.490951,-12.08895
1778964698425,Accelerometer,-17.820002,-13.594951,-12.405001
1778964698440,Accelerometer,-21.459002,-12.645,-12.67395
1778964698440,Gyroscope,0.339625,1.8393375,-3.47325
1778964698465,Accelerometer,-21.63705,-7.9489503,-10.807951
1778964698484,Accelerometer,-20.674051,-5.6460004,-6.846
1778964698503,Accelerometer,-19.510052,-8.00205,-5.0290504
1778964698518,Accelerometer,-17.15505,-10.66905,-2.2099502
1778964698518,Gyroscope,-0.880825,-1.0976624,1.398925
1778964698542,Accelerometer,-15.4789505,-9.951,0.34095
1778964698562,Accelerometer,-10.884001,-7.2360005,2.93895
1778964698584,Accelerometer,25.32405,-8.943001,23.788052
1778964698602,Accelerometer,31.726051,-57.351,-20.862001
1778964698602,Gyroscope,0.195525,-2.5746875,-1.0371625
1778964698620,Accelerometer,-28.065,-30.92505,-7.29405
1778964698639,Accelerometer,-8.20695,8.54895,7.2000003
1778964698658,Accelerometer,-16.953001,4.5019503,-5.7780004
1778964698673,Accelerometer,-2.69805,-11.89305,-5.3899503
1778964698673,Gyroscope,-1.068925,-2.7482126,1.2584
1778964698698,Accelerometer,3.48795,-12.484051,-0.171
1778964698717,Accelerometer,-0.56895,-18.049051,-1.6099501
1778964698736,Accelerometer,-1.6830001,-8.505,-3.594
1778964698749,Accelerometer,-4.6639504,-6.6109505,-0.076950006
1778964698750,Gyroscope,0.033,0.5687,1.150875
1778964698775,Accelerometer,-2.085,-8.313001,-2.09805
1778964698798,Accelerometer,-3.2050502,-12.316951,-2.26095
1778964698816,Accelerometer,-6.3469505,-10.76805,-2.8330503
1778964698833,Accelerometer,-6.6240005,-6.9889503,-3.1200001
1778964698833,Gyroscope,0.0732875,-0.9290875,0.0842875
1778964698852,Accelerometer,-3.8760002,-7.7650504,-2.5150502
1778964698872,Accelerometer,-0.64095,-10.143001,-1.6330501
1778964698892,Accelerometer,1.52505,-11.401951,-1.095
1778964698906,Accelerometer,0.19305001,-9.955951,-1.7050501
1778964698907,Gyroscope,0.0697125,-0.01155,0.438625
1778964698932,Accelerometer,-1.8769501,-8.74005,-0.81705004
1778964698951,Accelerometer,-3.486,-9.160951,-1.13505
1778964698969,Accelerometer,-3.5740502,-9.778951,-1.167
1778964698983,Accelerometer,-3.01605,-10.21395,-1.7170501
1778964698984,Gyroscope,0.0367125,-0.4098875,0.4741
1778964699008,Accelerometer,-2.2789502,-10.726951,-2.1460502
1778964699033,Accelerometer,-0.9480001,-11.20995,-1.7629501
1778964699051,Accelerometer,-0.093,-9.352051,-1.284
1778964699066,Accelerometer,-0.65295005,-9.307051,-1.3630501
1778964699067,Gyroscope,0.18205,-0.092125,1.488025
1778964699086,Accelerometer,-2.12295,-10.49505,-2.08395
1778964699105,Accelerometer,-2.80605,-11.98095,-1.9969501
1778964699125,Accelerometer,-2.0059502,-12.83895,-2.364
1778964699139,Accelerometer,-1.04595,-13.689001,-4.1400003
1778964699140,Gyroscope,0.52415,-0.113025,2.2540374
1778964699164,Accelerometer,-1.0339501,-14.079,-4.5880504
1778964699184,Accelerometer,-1.335,-14.802001,-3.9850502
1778964699203,Accelerometer,0.21495001,-16.963951,-5.3299503
1778964699217,Accelerometer,5.499,-22.267052,-6.20205
1778964699217,Gyroscope,0.6243875,-1.83315,2.5936625
1778964699241,Accelerometer,6.6840005,-21.049051,-4.40805
1778964699263,Accelerometer,7.3399506,-17.84295,-3.38805
1778964699280,Accelerometer,0.91695005,-20.323051,-1.59
1778964699297,Accelerometer,-9.229051,-20.448002,-0.46695003
1778964699298,Gyroscope,0.874775,1.3506625,4.5777874
1778964699319,Accelerometer,-3.6720002,-12.4480505,-5.51205
1778964699339,Accelerometer,6.04995,-7.4010005,-4.99305
1778964699358,Accelerometer,6.7590003,-3.3280501,-5.74695
1778964699379,Accelerometer,4.11795,-0.60405004,-4.839
1778964699380,Gyroscope,0.09295,0.731225,-1.0091125
1778964699387,Accelerometer,4.0150504,0.372,-2.634
1778964699416,Accelerometer,2.29605,-1.37205,-0.669
1778964699435,Accelerometer,1.36695,-4.269,-1.2550501
1778964699450,Accelerometer,2.69295,-5.8279505,-2.6490002
1778964699450,Gyroscope,0.852775,1.7342875,-4.7256
1778964699467,Accelerometer,0.79395,-6.9490504,-3.4080002
1778964699494,Accelerometer,-2.23305,-8.75205,-3.0340502
1778964699513,Accelerometer,-1.0890001,-11.007001,-3.48705
1778964699531,Accelerometer,-0.064050004,-14.646001,-4.2259502
1778964699531,Gyroscope,0.4398625,1.702525,-6.936875
1778964699549,Accelerometer,-3.5689502,-20.79705,-5.589
1778964699572,Accelerometer,-7.3999505,-22.510952,-6.7500005
1778964699595,Accelerometer,-6.9670506,-21.472052,-7.1710505
1778964699612,Accelerometer,-8.66205,-20.983952,-5.682
1778964699613,Gyroscope,-0.477675,2.7091625,-5.654
1778964699634,Accelerometer,-13.42905,-20.698952,-5.9670005
1778964699649,Accelerometer,-17.629051,-16.71705,-5.4139504
1778964699669,Accelerometer,-23.262001,-9.814951,-6.3360004
1778964699683,Accelerometer,-26.076002,-5.9170504,-6.57495
1778964699683,Gyroscope,-0.3994375,0.4918375,-0.9101125
1778964699708,Accelerometer,-21.234001,-11.292001,-1.7700001
1778964699729,Accelerometer,-16.07895,-12.048,-0.51105005
1778964699746,Accelerometer,-11.06295,-10.34595,-1.21695
1778964699763,Accelerometer,23.674051,-18.094051,8.27505
1778964699763,Gyroscope,1.3794,1.4801875,1.5247375
1778964699785,Accelerometer,1.8169501,-34.96905,-2.799
1778964699805,Accelerometer,-9.75105,-20.716051,-0.99705005
1778964699829,Accelerometer,-1.0309501,-3.39105,0.46800002
1778964699846,Accelerometer,-13.26105,8.41905,-8.30895
1778964699846,Gyroscope,-0.78429997,1.089275,2.1967
1778964699865,Accelerometer,-9.77805,-2.802,-7.6459503
1778964699882,Accelerometer,-6.9670506,-18.118052,0.28305
1778964699902,Accelerometer,-6.438,-17.31105,-4.04505
1778964699916,Accelerometer,-1.8910501,-8.44005,-2.907
1778964699917,Gyroscope,-0.152625,-0.952325,1.569975
1778964699941,Accelerometer,0.23400001,-8.6650505,-1.00605
1778964699962,Accelerometer,-3.3780003,-9.06,-0.333
1778964699979,Accelerometer,-5.5420504,-9.283051,-2.4450002
1778964699996,Accelerometer,-4.4149504,-9.463051,-2.0719502
1778964699996,Gyroscope,-0.033,0.703175,0.499675
1778964700018,Accelerometer,-2.66895,-9.726001,-2.5120502
1778964700028,Accelerometer,-3.009,-9.393001,-2.8950002
1778964700058,Accelerometer,-3.3130503,-8.965051,-1.8610501
1778964700080,Accelerometer,-1.3470001,-9.525001,-0.91005003
1778964700080,Gyroscope,-0.240625,-0.6615125,0.0757625
1778964700099,Accelerometer,0.59805006,-9.55395,-0.822
1778964700110,Accelerometer,-0.40605003,-8.955001,-1.3050001
1778964700135,Accelerometer,-2.7270002,-8.404051,-3.2710502
1778964700149,Accelerometer,-3.2220001,-8.63895,-4.08795
1778964700150,Gyroscope,-0.2651,-0.54175,0.5839625
1778964700174,Accelerometer,-0.97200006,-8.701051,-3.9180002
1778964700193,Accelerometer,-1.1389501,-10.2960005,-1.9159501
1778964700213,Accelerometer,-1.6159501,-11.847,-0.78795004
1778964700228,Accelerometer,-1.0669501,-11.251051,-2.7439501
1778964700228,Gyroscope,0.029424999,-0.5589375,1.1215875
1778964700252,Accelerometer,-0.67005,-10.38405,-3.1590002
1778964700268,Accelerometer,-1.4290501,-10.375051,-2.7490501
1778964700291,Accelerometer,-1.77795,-11.446951,-4.17105
1778964700309,Accelerometer,-2.43,-13.425,-5.6010003
1778964700310,Gyroscope,0.4618625,-0.5955125,2.1599874
1778964700330,Accelerometer,-2.8489501,-14.601001,-4.7650504
1778964700349,Accelerometer,-1.9290001,-15.702001,-2.59395
1778964700368,Accelerometer,0.72495,-18.28605,-1.6789501
1778964700383,Accelerometer,5.3440504,-20.97405,-4.176
1778964700383,Gyroscope,0.83325,-1.0109,2.751375
1778964700407,Accelerometer,8.832001,-21.244951,-4.92105
1778964700428,Accelerometer,8.254951,-19.20705,-3.9750001
1778964700446,Accelerometer,3.8590503,-18.42,-4.77705
1778964700461,Accelerometer,-1.7659501,-20.83995,-3.7140002
1778964700461,Gyroscope,0.4533375,-1.388475,3.6785374
1778964700485,Accelerometer,-5.8099504,-15.71895,-2.5480502
1778964700508,Accelerometer,-1.2250501,-10.120951,-4.9690504
1778964700526,Accelerometer,4.36905,-3.97305,-4.9300504
1778964700543,Accelerometer,5.9209504,-1.743,-2.9530501
1778964700543,Gyroscope,0.5498625,0.50888747,-1.0481625
1778964700562,Accelerometer,3.5410502,0.30495003,-1.99995
1778964700582,Accelerometer,4.125,0.492,-1.53495
1778964700601,Accelerometer,3.03795,-1.9279501,-1.296
1778964700616,Accelerometer,2.32005,-4.9350004,-1.58595
1778964700616,Gyroscope,0.460625,2.5223,-4.3797874
1778964700640,Accelerometer,1.64205,-6.7120504,-3.2590501
1778964700660,Accelerometer,0.39195,-7.6600504,-4.947
1778964700675,Accelerometer,-0.43005002,-10.329,-3.8820002
1778964700693,Accelerometer,-2.355,-12.12705,-4.26
1778964700693,Gyroscope,0.5291,1.7513375,-6.7291126
1778964700718,Accelerometer,-2.66895,-16.58595,-6.8910003
1778964700741,Accelerometer,-6.0330005,-22.782001,-6.8959503
1778964700749,Accelerometer,-9.933001,-21.889051,-5.79195
1778964700772,Accelerometer,-7.14405,-19.79895,-4.38705
1778964700772,Gyroscope,-0.7403,1.8442875,-5.9093375
1778964700797,Accelerometer,-10.981951,-22.54005,-4.62195
1778964700815,Accelerometer,-16.812,-18.67605,-4.2340503
1778964700829,Accelerometer,-22.180052,-9.07995,-5.1319504
1778964700849,Accelerometer,-25.795052,-6.8290505,-4.2720003
1778964700849,Gyroscope,-0.372625,0.49307498,-0.61448747
1778964700873,Accelerometer,-21.58905,-12.73995,-1.3920001
1778964700892,Accelerometer,-15.331951,-13.308001,-1.31505
1778964700910,Accelerometer,-7.1269503,-12.372001,1.14495
1778964700927,Accelerometer,32.54805,-21.271051,9.166051
1778964700927,Gyroscope,1.6775,0.8009375,0.4043875
1778964700951,Accelerometer,-0.79005,-27.334051,1.07805
1778964700973,Accelerometer,-3.9049501,-15.738001,-2.15805
1778964700990,Accelerometer,-6.6460505,-5.2770004,-3.9100502
1778964701007,Accelerometer,-11.929951,3.9130502,-10.087951
1778964701008,Gyroscope,-1.118975,1.4509,2.7842374
1778964701029,Accelerometer,-7.49595,-5.268,-6.5350504
1778964701048,Accelerometer,-8.75805,-13.389001,1.41795
1778964701068,Accelerometer,-5.26905,-15.802951,-3.7789502
1778964701090,Accelerometer,-0.90195006,-9.906,-4.1790004
1778964701091,Gyroscope,-0.1368125,-1.4202375,1.21935
1778964701111,Accelerometer,0.53595,-8.65305,-0.34500003
1778964701126,Accelerometer,-1.74495,-8.58195,-0.93000007
1778964701145,Accelerometer,-3.5020502,-10.00395,-2.56995
1778964701160,Accelerometer,-3.663,-10.47795,-1.9900501
1778964701160,Gyroscope,0.234575,1.007325,0.907775
1778964701184,Accelerometer,-3.55995,-9.307051,-2.871
1778964701207,Accelerometer,-4.977,-8.578951,-2.562
1778964701224,Accelerometer,-3.732,-8.45505,-1.6170001
1778964701240,Accelerometer,-1.218,-8.931001,-1.60695
1778964701240,Gyroscope,-0.0891,-0.693275,0.09405
1778964701262,Accelerometer,0.177,-9.604051,-2.1769502
1778964701281,Accelerometer,-1.21305,-9.75,-1.8679501
1778964701305,Accelerometer,-2.67405,-9.08205,-2.7610502
1778964701310,Accelerometer,-3.34695,-8.90505,-2.9890501
1778964701322,Gyroscope,-0.08305,-0.616275,0.5803875
1778964701339,Accelerometer,-2.4150002,-9.118051,-2.60595
1778964701359,Accelerometer,-1.09605,-9.81,-2.2420502
1778964701378,Accelerometer,-1.3039501,-11.503051,-1.914
1778964701390,Accelerometer,-1.39995,-11.412001,-2.7559502
1778964701393,Gyroscope,0.123475,-0.5808,1.2621125
1778964701418,Accelerometer,-0.9979501,-10.554001,-3.4990501
1778964701439,Accelerometer,-1.8430501,-11.890051,-1.7200501
1778964701456,Accelerometer,-2.2690501,-13.78005,-2.5890002
1778964701472,Accelerometer,-1.8190501,-14.92905,-4.2120004
1778964701472,Gyroscope,0.5193375,-0.6127,2.316325
1778964701495,Accelerometer,-1.8430501,-14.965051,-3.6210003
1778964701515,Accelerometer,-1.3470001,-16.284,-3.65895
1778964701538,Accelerometer,2.38905,-18.61095,-6.0990005
1778964701555,Accelerometer,6.11205,-19.015951,-8.38095
1778964701556,Gyroscope,0.5498625,-1.328525,2.901525
1778964701575,Accelerometer,8.313001,-19.51395,-7.5760503
1778964701592,Accelerometer,4.623,-18.397951,-3.31905
1778964701612,Accelerometer,-4.67805,-19.99995,-3.3019502
1778964701626,Accelerometer,-7.7160006,-20.469002,1.2270001
1778964701626,Gyroscope,0.504625,0.5773625,4.5423126
1778964701650,Accelerometer,-1.70895,-12.015,-1.28205
1778964701671,Accelerometer,7.2709503,-7.5349503,-3.11295
1778964701689,Accelerometer,7.2640505,-1.72695,-3.5269501
1778964701704,Accelerometer,4.55595,1.3990501,-3.6690001
1778964701705,Gyroscope,-0.0548625,1.87605,-0.952875
1778964701728,Accelerometer,3.3990002,1.43295,-3.6829503
1778964701748,Accelerometer,1.05795,-1.2430501,-1.9399501
1778964701769,Accelerometer,0.012,-3.9630003,-0.30705002
1778964701787,Accelerometer,0.57405,-5.68905,-0.43605003
1778964701788,Gyroscope,0.1588125,1.3396626,-4.718175
1778964701808,Accelerometer,-0.58095,-7.3770003,-0.13695
1778964701825,Accelerometer,-1.1370001,-8.72295,-0.61095005
1778964701844,Accelerometer,0.00705,-9.163051,-1.7389501
1778964701859,Accelerometer,0.45900002,-11.397,-2.2080002
1778964701860,Gyroscope,-0.130625,0.885225,-7.01745
1778964701884,Accelerometer,-1.04805,-17.59095,-3.01005
1778964701903,Accelerometer,-4.77405,-23.479052,-4.18095
1778964701922,Accelerometer,-8.073,-24.585001,-5.3920503
1778964701937,Accelerometer,-12.024,-24.43695,-4.39605
1778964701937,Gyroscope,-0.6254875,0.8839875,-6.2051
1778964701958,Accelerometer,-15.816001,-21.00105,-3.21105
1778964701981,Accelerometer,-22.858051,-16.44195,0.73095006
1778964702002,Accelerometer,-17.60205,-6.0030003,-4.3840504
1778964702019,Accelerometer,-24.187052,-9.8890505,-2.9670002
1778964702019,Gyroscope,-0.16115,0.27555,-0.4874375
1778964702040,Accelerometer,-20.53305,-15.040951,-2.26095
1778964702058,Accelerometer,-21.400051,-20.08395,0.46095002
1778964702078,Accelerometer,23.236052,-25.56405,1.99995
1778964702092,Accelerometer,-5.4420004,-27.03,-2.0329502
1778964702093,Gyroscope,-0.4104375,-1.199,3.92535
1778964702112,Accelerometer,2.4820502,-8.94495,0.87495005
1778964702137,Accelerometer,-4.2130504,3.6670501,-5.2369504
1778964702155,Accelerometer,-13.551001,5.4739504,-6.67605
1778964702170,Accelerometer,-7.4050503,-9.099,-3.8700001
1778964702170,Gyroscope,-0.1783375,-0.389125,2.0794125
1778964702192,Accelerometer,-4.57305,-22.236002,-1.593
1778964702214,Accelerometer,-5.6329503,-11.707951,-4.4440503
1778964702235,Accelerometer,-0.55995005,-7.1190004,-3.49095
1778964702253,Accelerometer,1.83105,-8.15295,-0.49095002
1778964702253,Gyroscope,0.02695,-0.5454625,0.6744375
1778964702273,Accelerometer,-1.6129501,-10.24995,-2.4829502
1778964702291,Accelerometer,-1.77795,-10.095,-2.8140001
1778964702311,Accelerometer,-2.49195,-9.451051,-2.4810002
1778964702325,Accelerometer,-3.8179502,-9.283051,-3.9769502
1778964702326,Gyroscope,0.0562375,0.045925,0.5033875
1778964702350,Accelerometer,-4.2780004,-9.147,-3.7549503
1778964702370,Accelerometer,-2.41995,-8.85,-2.3110502
1778964702389,Accelerometer,0.097950004,-9.23805,-1.7820001
1778964702403,Accelerometer,1.05795,-9.949051,-2.433
1778964702403,Gyroscope,-0.0488125,-0.3084125,0.460625
1778964702428,Accelerometer,-1.9219501,-10.210051,-2.7229502
1778964702450,Accelerometer,-3.11205,-9.597,-2.9530501
1778964702469,Accelerometer,-2.3430002,-9.42,-3.8839502
1778964702484,Accelerometer,-1.4070001,-9.405001,-2.87595
1778964702484,Gyroscope,-0.0451,-1.0036125,0.8490625
1778964702505,Accelerometer,-1.3789501,-10.236,-1.899
1778964702524,Accelerometer,-1.74705,-10.85595,-1.77495
1778964702544,Accelerometer,-0.16005,-10.69095,-3.7429502
1778964702559,Accelerometer,-0.11400001,-11.719951,-4.2169504
1778964702559,Gyroscope,0.2468125,-0.7348,1.9034125
1778964702584,Accelerometer,-2.04405,-12.262051,-2.4139502
1778964702602,Accelerometer,-3.2599502,-12.85095,-2.6490002
1778964702622,Accelerometer,-2.2690501,-14.325001,-4.48005
1778964702636,Accelerometer,-1.2540001,-14.881051,-4.7080503
1778964702636,Gyroscope,0.5339125,-1.2711875,2.5839
1778964702661,Accelerometer,-0.058950003,-16.46805,-4.40805
1778964702673,Accelerometer,3.933,-18.03705,-6.5389504
1778964702700,Accelerometer,7.9990506,-19.594952,-8.8279505
1778964702718,Accelerometer,6.57705,-19.416,-6.64905
1778964702719,Gyroscope,-0.361625,-2.62845,3.204575
1778964702738,Accelerometer,-0.56205004,-18.06105,-4.87095
1778964702753,Accelerometer,-3.45405,-20.48595,-2.25795
1778964702777,Accelerometer,-7.872,-13.873051,-3.6090002
1778964702800,Accelerometer,0.28695002,-9.858001,-0.91995007
1778964702800,Gyroscope,0.107525,0.7484125,3.3303876
1778964702823,Accelerometer,4.78305,-3.9799502,-2.232
1778964702833,Accelerometer,7.31895,-0.43095002,-3.0010502
1778964702855,Accelerometer,5.4150004,1.5259501,-2.8189502
1778964702869,Accelerometer,3.4470003,0.40800002,-1.9110001
1778964702869,Gyroscope,-1.06645,1.5217125,-2.6938999
1778964702894,Accelerometer,0.81600004,-3.9490502,0.66405004
1778964702915,Accelerometer,0.78000003,-7.3099504,1.27005
1778964702933,Accelerometer,0.98100007,-8.6650505,0.20400001
1778964702950,Accelerometer,0.26295,-9.1390505,-0.21105
1778964702950,Gyroscope,0.0,1.216325,-6.0963373
1778964702971,Accelerometer,-0.78495,-10.774951,-0.147
1778964702991,Accelerometer,-1.24695,-12.307051,-0.549
1778964703015,Accelerometer,-0.57195,-15.853051,-2.2060502
1778964703033,Accelerometer,-4.0630503,-22.344002,-2.12205
1778964703033,Gyroscope,-0.477675,0.731225,-7.5208373
1778964703054,Accelerometer,-7.32105,-24.118052,-2.26095
1778964703068,Accelerometer,-4.98,-22.911001,-2.19105
1778964703088,Accelerometer,-9.181951,-23.13405,-1.0900501
1778964703103,Accelerometer,-13.015051,-18.820051,-3.11295
1778964703103,Gyroscope,-0.108625,2.2059126,-4.1306376
1778964703127,Accelerometer,-20.035051,-13.155001,-4.22205
1778964703150,Accelerometer,-25.67295,-8.694,-4.9690504
1778964703166,Accelerometer,-24.663002,-10.264951,-4.8780003
1778964703180,Accelerometer,-18.603,-11.389951,-3.2569501
1778964703180,Gyroscope,0.068475,-1.02795,2.0378876
1778964703204,Accelerometer,-16.240051,-10.090051,-2.8140001
1778964703224,Accelerometer,-4.9680004,-10.416,-1.34895
1778964703233,Accelerometer,47.34405,-17.389952,1.4830501
1778964703258,Accelerometer,-4.07205,-30.81705,0.55905
1778964703259,Gyroscope,-0.9614,-1.6743375,3.7323
1778964703289,Accelerometer,-1.0170001,-21.343052,-1.83
1778964703302,Accelerometer,-6.498,-4.4940004,-5.493
1778964703314,Accelerometer,-18.864,4.038,-5.0170503
1778964703336,Accelerometer,-5.7460504,-5.3040004,-5.79195
1778964703336,Gyroscope,-0.6059625,-0.5894625,1.786125
1778964703360,Accelerometer,-5.19705,-14.194051,-2.196
1778964703379,Accelerometer,-4.11495,-15.312,-3.4630501
1778964703399,Accelerometer,-1.9219501,-8.055,-4.0470004
1778964703414,Accelerometer,-2.7600002,-7.7869506,-3.1969502
1778964703414,Gyroscope,-0.022,-0.8801375,0.8100125
1778964703438,Accelerometer,-2.391,-9.06495,-1.87995
1778964703457,Accelerometer,-1.8430501,-10.741051,-3.0169501
1778964703481,Accelerometer,-1.8190501,-10.614,-3.2260501
1778964703499,Accelerometer,-2.0269501,-9.216001,-3.86295
1778964703500,Gyroscope,0.132,-0.21065,0.4703875
1778964703516,Accelerometer,-3.8040001,-7.93305,-3.5010002
1778964703535,Accelerometer,-3.1339502,-7.8180003,-2.8519502
1778964703554,Accelerometer,-0.0019500001,-8.887951,-2.1000001
1778964703569,Accelerometer,0.162,-9.640051,-2.28705
1778964703569,Gyroscope,0.029424999,-0.5625125,0.2468125
1778964703593,Accelerometer,-2.9280002,-9.946051,-2.4810002
1778964703612,Accelerometer,-2.8150501,-9.44295,-2.421
1778964703632,Accelerometer,-0.91605,-7.7389503,-2.8210502
1778964703646,Accelerometer,-0.23895001,-8.74695,-1.99995
1778964703646,Gyroscope,-0.0708125,-0.919325,0.75625
1778964703671,Accelerometer,-0.41400003,-11.689051,-2.32095
1778964703691,Accelerometer,-0.711,-12.1710005,-3.183
1778964703714,Accelerometer,-0.648,-10.777051,-4.6189504
1778964703731,Accelerometer,-1.62495,-10.806001,-2.80695
1778964703731,Gyroscope,0.16499999,-0.7605125,1.8106
1778964703751,Accelerometer,-2.2429502,-11.65095,-1.3770001
1778964703768,Accelerometer,-2.26005,-13.387051,-3.5730002
1778964703788,Accelerometer,-1.8889501,-14.332951,-4.959
1778964703802,Accelerometer,-2.2999501,-14.668051,-4.0129504
1778964703802,Gyroscope,0.6169625,-0.9046125,2.4006126
1778964703827,Accelerometer,-1.386,-15.988951,-4.04895
1778964703845,Accelerometer,2.35095,-17.212952,-5.946
1778964703865,Accelerometer,6.4830003,-18.802952,-7.32495
1778964703878,Accelerometer,8.116051,-19.507051,-5.8230004
1778964703879,Gyroscope,-0.0097624995,-2.3266375,2.97
1778964703904,Accelerometer,5.22195,-17.352001,-4.0680003
1778964703927,Accelerometer,-0.924,-18.762001,-4.86105
1778964703945,Accelerometer,-8.205,-21.112951,0.432
1778964703961,Accelerometer,-5.85795,-13.222051,-5.2780504
1778964703961,Gyroscope,0.168575,1.1735625,4.225925
1778964703982,Accelerometer,4.45305,-5.8639503,-3.4750502
1778964704001,Accelerometer,7.2690005,-2.2440002,-3.62805
1778964704020,Accelerometer,5.8780503,0.44400004,-2.9550002
1778964704035,Accelerometer,3.92895,1.69605,-3.2929502
1778964704035,Gyroscope,-0.4764375,0.9059875,-2.3480875
1778964704060,Accelerometer,2.6260502,0.27195,-2.32095
1778964704078,Accelerometer,1.33305,-2.9929502,-0.73995006
1778964704098,Accelerometer,1.51005,-5.70405,-1.2930001
1778964704113,Accelerometer,1.35,-7.1400003,-2.3730001
1778964704113,Gyroscope,-0.1612875,1.332375,-5.5171876
1778964704137,Accelerometer,0.23700002,-8.562,-2.8140001
1778964704161,Accelerometer,-0.35595003,-10.365001,-2.57205
1778964704177,Accelerometer,-0.43005002,-12.444,-3.4150503
1778964704193,Accelerometer,-0.39705002,-18.397951,-5.01195
1778964704194,Gyroscope,-0.84534997,0.90475,-7.0224
1778964704214,Accelerometer,-5.7769504,-25.128,-5.2440004
1778964704234,Accelerometer,-8.05095,-23.038052,-6.0990005
1778964704254,Accelerometer,-7.6129503,-22.356,-2.079
1778964704268,Accelerometer,-9.991051,-19.962002,-4.07805
1778964704268,Gyroscope,-0.8025875,1.8222874,-4.374975
1778964704293,Accelerometer,-13.531951,-16.42305,-2.9650502
1778964704313,Accelerometer,-21.772951,-12.934051,-2.69895
1778964704331,Accelerometer,-22.858051,-9.07005,-2.835
1778964704346,Accelerometer,-18.949951,-12.55605,0.47295
1778964704346,Gyroscope,-0.212575,-0.147125,1.3267375
1778964704371,Accelerometer,-14.607,-12.846001,0.3
1778964704391,Accelerometer,-9.45405,-11.634001,-2.433
1778964704409,Accelerometer,21.409052,-15.001051,2.565
1778964704426,Accelerometer,6.9529505,-32.01705,1.6699501
1778964704427,Gyroscope,0.521675,-0.8045125,1.8998375
1778964704448,Accelerometer,-7.6660504,-23.553001,0.46800002
1778964704467,Accelerometer,-7.3950005,-4.74795,-2.56695
1778964704487,Accelerometer,-16.11495,4.866,-5.9020505
1778964704510,Accelerometer,-7.4430003,-4.4560504,-6.46995
1778964704510,Gyroscope,-0.7513,-0.5234625,2.2100375
1778964704516,Accelerometer,-5.3910003,-13.645051,-1.3270501
1778964704545,Accelerometer,-4.16295,-16.71495,-2.0760002
1778964704565,Accelerometer,-2.118,-8.766001,-4.8349504
1778964704579,Accelerometer,-1.29495,-6.70905,-2.1990001
1778964704579,Gyroscope,-0.1918125,-0.930325,1.1081125
1778964704596,Accelerometer,-3.2599502,-8.380051,-2.42805
1778964704623,Accelerometer,-3.5170503,-10.252951,-3.42195
1778964704643,Accelerometer,-2.7240002,-10.597951,-3.1390502
1778964704661,Accelerometer,-2.466,-9.736051,-4.09695
1778964704661,Gyroscope,0.0512875,-0.1093125,0.55715
1778964704680,Accelerometer,-3.4999502,-9.051001,-3.9490502
1778964704700,Accelerometer,-3.31995,-8.67,-2.91195
1778964704725,Accelerometer,-1.00995,-8.661,-2.565
1778964704743,Accelerometer,0.68700004,-8.866051,-2.57205
1778964704743,Gyroscope,-0.0243375,-0.389125,0.427625
1778964704762,Accelerometer,-2.1780002,-9.25395,-1.8750001
1778964704778,Accelerometer,-3.5650501,-8.698951,-2.4120002
1778964704798,Accelerometer,-2.42505,-8.871,-3.0679502
1778964704812,Accelerometer,-1.812,-9.23805,-3.834
1778964704812,Gyroscope,-0.091575,-0.8190875,0.7220125
1778964704837,Accelerometer,-2.2069502,-9.493951,-3.66405
1778964704857,Accelerometer,-3.5530503,-10.305,-2.70105
1778964704876,Accelerometer,-2.6550002,-9.56295,-3.6370502
1778964704891,Accelerometer,-0.86595005,-10.06095,-3.9799502
1778964704892,Gyroscope,0.0122375,-1.1697125,1.2559249
1778964704914,Accelerometer,-0.52395004,-11.991,-2.6220002
1778964704934,Accelerometer,-1.08405,-12.987,-3.1680002
1778964704958,Accelerometer,-1.19895,-13.425,-4.92105
1778964704976,Accelerometer,-1.7070001,-14.251051,-4.9350004
1778964704976,Gyroscope,0.38005,-1.1099,2.652375
1778964704996,Accelerometer,-2.2810502,-15.681001,-4.9180503
1778964705011,Accelerometer,-0.564,-18.820051,-4.7629504
1778964705031,Accelerometer,4.85505,-20.946001,-5.7229505
1778964705045,Accelerometer,8.70495,-21.63795,-5.50995
1778964705045,Gyroscope,0.0171875,-2.4391124,2.9577625
1778964705070,Accelerometer,7.9009504,-19.64805,-3.8820002
1778964705091,Accelerometer,0.75105006,-18.598951,-4.677
1778964705108,Accelerometer,-4.5529504,-21.823952,-1.2529501
1778964705125,Accelerometer,-8.49405,-14.91705,-4.2499504
1778964705125,Gyroscope,0.17105,1.1991374,4.5802627
1778964705147,Accelerometer,3.3370502,-5.82105,-2.742
1778964705156,Accelerometer,6.0139503,-2.265,-4.0399504
1778964705187,Accelerometer,5.9350505,1.026,-2.7610502
1778964705208,Accelerometer,3.6720002,2.805,-2.9170501
1778964705208,Gyroscope,-0.405625,0.907225,-2.60095
1778964705228,Accelerometer,2.8459501,1.2240001,-2.64105
1778964705239,Accelerometer,2.4750001,-3.1680002,-0.46695003
1778964705264,Accelerometer,3.5310001,-6.774,-2.0689502
1778964705279,Accelerometer,1.60395,-9.790951,-2.529
1778964705279,Gyroscope,-0.4079625,1.365375,-6.0388627
1778964705303,Accelerometer,-2.094,-11.767951,-1.2430501
1778964705324,Accelerometer,-2.49405,-11.94795,-2.3160002
1778964705341,Accelerometer,-1.3470001,-14.112,-3.82695
1778964705358,Accelerometer,-4.1800504,-20.194052,-4.0470004
1778964705358,Gyroscope,-0.7244875,0.14973749,-7.550125
1778964705381,Accelerometer,-6.6649504,-22.674002,-3.5320501
1778964705398,Accelerometer,-5.5810504,-21.72105,-3.5299501
1778964705421,Accelerometer,-7.1509504,-21.80805,-2.5890002
1778964705440,Accelerometer,-12.067051,-21.618002,-2.196
1778964705441,Gyroscope,-0.5509625,1.3897125,-4.9797
1778964705460,Accelerometer,-15.177001,-16.879951,-2.8549502
1778964705478,Accelerometer,-21.001951,-11.622001,-1.9300501
1778964705497,Accelerometer,-24.783,-9.469951,-3.0010502
1778964705512,Accelerometer,-22.671001,-11.991,-1.7080501
1778964705512,Gyroscope,-0.1123375,0.5248375,1.4037375
1778964705536,Accelerometer,-17.11605,-11.404051,-1.1520001
1778964705556,Accelerometer,-14.53995,-10.866,-1.4130001
1778964705575,Accelerometer,6.4020004,-11.2560005,2.601
1778964705591,Accelerometer,29.455952,-22.531052,-4.7959504
1778964705591,Gyroscope,1.6127375,-1.2942874,-2.0659375
1778964705613,Accelerometer,-9.556951,-30.892052,1.7080501
1778964705638,Accelerometer,3.5770502,-15.321001,-1.353
1778964705656,Accelerometer,-19.000952,-0.30705002,-6.0270004
1778964705672,Accelerometer,-12.586051,2.9320502,-7.7920504
1778964705672,Gyroscope,-0.8050625,0.339075,2.6010876
1778964705692,Accelerometer,-4.9510503,-8.30895,-3.3739502
1778964705711,Accelerometer,-3.1620002,-15.927001,-2.33505
1778964705730,Accelerometer,-2.841,-12.8890505,-3.1350002
1778964705745,Accelerometer,-2.60205,-7.4950504,-4.02105
1778964705745,Gyroscope,-0.3114375,-1.3492875,1.3646874
1778964705769,Accelerometer,-3.4450502,-7.41795,-1.7220001
1778964705788,Accelerometer,-2.3479502,-8.830951,-2.8140001
1778964705805,Accelerometer,-2.4180002,-10.50195,-3.5419502
1778964705822,Accelerometer,-3.2389503,-10.080001,-3.7380002
1778964705822,Gyroscope,-0.061049998,0.1692625,0.6084375
1778964705847,Accelerometer,-4.14195,-8.72805,-4.3099504
1778964705870,Accelerometer,-4.55805,-8.365951,-3.867
1778964705878,Accelerometer,-2.50095,-8.325001,-2.9170501
1778964705901,Accelerometer,0.363,-9.17805,-2.13105
1778964705901,Gyroscope,-0.1172875,-0.38665,0.2773375
1778964705928,Accelerometer,1.31895,-9.472051,-2.6800501
1778964705944,Accelerometer,-2.8939502,-8.95005,-3.4050002
1778964705958,Accelerometer,-4.9680004,-8.835,-3.1320002
1778964705978,Accelerometer,-3.246,-8.74695,-3.9439502
1778964705978,Gyroscope,-0.10505,-1.002375,0.306625
1778964706003,Accelerometer,-1.0189501,-8.79705,-4.2720003
1778964706022,Accelerometer,0.093,-10.27005,-3.381
1778964706038,Accelerometer,-0.16695,-11.43105,-3.6109502
1778964706056,Accelerometer,-1.2040501,-11.371051,-4.04505
1778964706056,Gyroscope,0.0672375,-0.7275125,1.3646874
1778964706080,Accelerometer,-1.14195,-10.521001,-3.9850502
1778964706102,Accelerometer,-1.5630001,-11.031,-3.252
1778964706119,Accelerometer,-2.0059502,-12.505951,-4.26
1778964706137,Accelerometer,-2.40105,-14.34195,-4.8109503
1778964706137,Gyroscope,0.2602875,-1.157475,2.5741374
1778964706157,Accelerometer,-1.9750501,-16.104,-3.9510002
1778964706177,Accelerometer,0.14295001,-19.13805,-4.4230504
1778964706197,Accelerometer,3.48795,-21.06495,-6.4459505
1778964706219,Accelerometer,5.5230002,-20.83995,-6.40005
1778964706219,Gyroscope,-0.0952875,-2.3926375,3.0677624
1778964706240,Accelerometer,6.3490505,-19.899,-4.9900503
1778964706255,Accelerometer,0.81105006,-19.509,-4.08795
1778964706274,Accelerometer,-0.31305,-20.697,-2.4379501
1778964706289,Accelerometer,-6.84705,-16.068,-3.2350502
1778964706289,Gyroscope,0.4521,0.1192125,3.78125
1778964706313,Accelerometer,0.06705,-8.092951,-3.1920002
1778964706333,Accelerometer,6.1530004,-3.7090502,-2.69895
1778964706352,Accelerometer,6.83505,-1.0710001,-2.778
1778964706366,Accelerometer,3.4639502,1.00395,-3.0010502
1778964706366,Gyroscope,-0.2651,0.9988,-2.2125125
1778964706391,Accelerometer,3.6799502,0.99195004,-2.6850002
1778964706410,Accelerometer,2.403,-1.8180001,-1.5469501
1778964706436,Accelerometer,1.314,-5.0950503,-0.87000006
1778964706439,Accelerometer,0.81105006,-7.4350505,-0.822
1778964706453,Gyroscope,-0.1098625,1.216325,-5.6552377
1778964706469,Accelerometer,-0.25995,-9.196951,-0.70905006
1778964706488,Accelerometer,-0.24405001,-11.16705,-0.63000005
1778964706507,Accelerometer,-0.45705003,-12.441001,-1.02495
1778964706519,Accelerometer,0.01905,-16.903952,-3.084
1778964706521,Gyroscope,-0.3738625,0.8925125,-7.43655
1778964706546,Accelerometer,-2.3119502,-24.525002,-3.3690002
1778964706566,Accelerometer,-7.7860503,-26.745,-3.8029501
1778964706585,Accelerometer,-9.462001,-24.63495,-4.2169504
1778964706599,Accelerometer,-12.214951,-22.33905,-3.4410002
1778964706600,Gyroscope,-0.22715,2.1032,-4.9564624
1778964706624,Accelerometer,-16.50105,-16.91805,-4.959
1778964706643,Accelerometer,-23.052002,-10.30095,-5.4090004
1778964706668,Accelerometer,-27.057001,-7.42005,-6.6780005
1778964706686,Accelerometer,-22.663952,-11.215051,-3.3979502
1778964706686,Gyroscope,-0.1111,-1.1342375,1.07635
1778964706704,Accelerometer,-16.816952,-12.420001,-1.9279501
1778964706721,Accelerometer,-13.924951,-11.436001,-1.4950501
1778964706740,Accelerometer,-5.4799504,-11.991,1.83
1778964706755,Accelerometer,58.425003,-14.401951,1.5280501
1778964706756,Gyroscope,1.7128375,-1.157475,-3.06405
1778964706779,Accelerometer,-3.49005,-23.37795,-0.58995
1778964706800,Accelerometer,-3.3319502,-22.834951,-2.60805
1778964706818,Accelerometer,-5.5999503,-8.172,-5.30595
1778964706833,Accelerometer,-22.19205,-0.79995006,-5.907
1778964706833,Gyroscope,-0.891825,0.367125,3.016475
1778964706857,Accelerometer,-7.3090506,-6.1080003,-4.1140504
1778964706877,Accelerometer,-3.7849503,-10.875001,-2.93805
1778964706899,Accelerometer,0.29205,-13.878,-3.9220502
1778964706917,Accelerometer,0.72300005,-9.9529505,-2.53605
1778964706917,Gyroscope,-0.100099996,-1.3932875,1.167925
1778964706937,Accelerometer,-3.2959502,-7.5690002,-3.0960002
1778964706954,Accelerometer,-3.56205,-8.574,-2.53605
1778964706974,Accelerometer,-2.331,-10.258051,-2.93805
1778964706988,Accelerometer,-2.7840002,-10.59,-3.28605
1778964706988,Gyroscope,0.0611875,0.5797,0.5339125
1778964707013,Accelerometer,-3.7230003,-9.834001,-3.7020001
1778964707032,Accelerometer,-3.933,-8.63895,-4.15005
1778964707051,Accelerometer,-2.9970002,-8.0119505,-3.4360502
1778964707065,Accelerometer,-0.01905,-8.854051,-2.5429502
1778964707066,Gyroscope,0.033,-0.886325,0.1087625
1778964707084,Accelerometer,1.338,-9.582001,-2.562
1778964707110,Accelerometer,-1.9750501,-9.823951,-2.4160502
1778964707131,Accelerometer,-3.4710002,-9.54195,-2.6130002
1778964707148,Accelerometer,-1.881,-8.26095,-3.0889502
1778964707148,Gyroscope,-0.036575,-0.9436625,0.4191
1778964707169,Accelerometer,0.29595003,-8.38305,-2.5860002
1778964707188,Accelerometer,0.53595,-11.038051,-2.4760501
1778964707208,Accelerometer,-0.67005,-12.132001,-3.108
1778964707221,Accelerometer,-1.2540001,-10.677,-4.083
1778964707222,Gyroscope,0.176,-0.4659875,1.615075
1778964707241,Accelerometer,-1.4980501,-10.341001,-3.9799502
1778964707266,Accelerometer,-1.71105,-11.45205,-2.0070002
1778964707284,Accelerometer,-1.6800001,-12.991951,-3.1900501
1778964707300,Accelerometer,-0.66495,-14.754001,-4.7959504
1778964707300,Gyroscope,0.4741,-0.7750875,2.7414749
1778964707321,Accelerometer,-0.99105006,-16.23405,-3.8839502
1778964707343,Accelerometer,0.18405001,-18.34995,-4.056
1778964707364,Accelerometer,3.6460502,-21.07695,-6.0940504
1778964707382,Accelerometer,6.294,-21.688051,-7.3390503
1778964707382,Gyroscope,0.1502875,-2.001725,3.1007624
1778964707400,Accelerometer,8.146951,-20.970001,-5.3110504
1778964707420,Accelerometer,1.506,-19.04895,-4.51905
1778964707440,Accelerometer,0.36795002,-21.942001,-1.9660501
1778964707454,Accelerometer,-7.3980002,-15.71895,-3.04095
1778964707455,Gyroscope,0.8540125,0.940225,4.0816875
1778964707479,Accelerometer,1.1850001,-7.176,-1.5880501
1778964707500,Accelerometer,5.3050504,-2.05695,-4.65705
1778964707517,Accelerometer,6.0259504,-0.40500003,-2.6490002
1778964707532,Accelerometer,2.1739502,0.68100005,-2.388
1778964707532,Gyroscope,0.3433375,1.1796125,-2.388375
1778964707556,Accelerometer,2.43495,0.69105005,-3.11805
1778964707579,Accelerometer,2.5470002,-1.9900501,-1.23105
1778964707597,Accelerometer,1.9939501,-4.566,-0.53400004
1778964707614,Accelerometer,0.75900006,-6.69705,-1.9350001
1778964707614,Gyroscope,0.4338125,1.6352875,-5.4439
1778964707634,Accelerometer,-0.32505003,-9.09195,-2.091
1778964707654,Accelerometer,-1.00695,-11.092951,-1.914
1778964707673,Accelerometer,-1.02405,-11.30895,-1.9900501
1778964707688,Accelerometer,-0.88095003,-16.090052,-4.13805
1778964707688,Gyroscope,-0.3859625,0.5528875,-7.2312627
1778964707712,Accelerometer,-3.486,-24.13005,-3.6420002
1778964707731,Accelerometer,-8.03895,-25.320002,-3.85995
1778964707751,Accelerometer,-6.59595,-22.327051,-2.9980502
1778964707765,Accelerometer,-9.59805,-23.038052,-3.693
1778964707765,Gyroscope,0.041525,2.2254374,-4.789125
1778964707790,Accelerometer,-16.873951,-18.41205,-5.4139504
1778964707802,Accelerometer,-24.47895,-9.130051,-6.8629503
1778964707829,Accelerometer,-28.266,-5.79195,-7.0969505
1778964707848,Accelerometer,-22.779001,-11.30895,-4.3699503
1778964707848,Gyroscope,-0.0561,-1.0316625,1.189925
1778964707868,Accelerometer,-16.659,-12.135,-3.7140002
1778964707882,Accelerometer,-11.68095,-10.714951,-4.2670503
1778964707906,Accelerometer,37.591953,-15.027,7.8760505
1778964707930,Accelerometer,2.40105,-28.933052,0.53505003
1778964707930,Gyroscope,-0.185625,-1.9430125,1.7006
1778964707951,Accelerometer,-6.37305,-23.649002,-0.36
1778964707961,Accelerometer,-6.3970504,-9.084001,-1.16205
1778964707984,Accelerometer,-14.121,4.27995,-7.2240005
1778964707999,Accelerometer,-8.916,-2.8969502,-5.08395
1778964707999,Gyroscope,-1.0456874,0.0031625,2.2650375
1778964708023,Accelerometer,-3.8569503,-12.72105,-2.2680001
1778964708044,Accelerometer,-2.841,-16.93005,-3.38595
1778964708061,Accelerometer,-2.739,-9.7570505,-3.8719501
1778964708079,Accelerometer,-2.9640002,-7.22205,-1.8180001
1778964708079,Gyroscope,-0.17215,-0.8740875,1.0726374
1778964708100,Accelerometer,-3.5650501,-7.7910004,-2.2699502
1778964708119,Accelerometer,-2.7120001,-10.02,-2.601
1778964708144,Accelerometer,-2.2840502,-11.03295,-2.8950002
1778964708161,Accelerometer,-1.9579501,-10.044001,-3.73305
1778964708161,Gyroscope,-0.080575,0.1252625,0.587675
1778964708180,Accelerometer,-3.2920501,-9.148951,-4.2120004
1778964708198,Accelerometer,-4.743,-8.401951,-2.98095
1778964708217,Accelerometer,-1.5439501,-8.46195,-1.69605
1778964708232,Accelerometer,1.33305,-8.73705,-2.4709501
1778964708232,Gyroscope,-0.0891,-0.776325,0.2443375
1778964708256,Accelerometer,-0.59295005,-9.405001,-2.601
1778964708279,Accelerometer,-2.77005,-9.654,-2.5500002
1778964708296,Accelerometer,-2.322,-9.07695,-2.5459502
1778964708309,Accelerometer,-1.4650501,-8.55,-1.8940501
1778964708310,Gyroscope,-0.102575,-0.6835125,0.64515
1778964708333,Accelerometer,-0.72495,-9.642,-1.4970001
1778964708353,Accelerometer,-1.0890001,-11.424001,-2.6130002
1778964708363,Accelerometer,-1.113,-11.400001,-3.6690001
1778964708387,Accelerometer,-1.1080501,-10.86795,-3.6090002
1778964708388,Gyroscope,0.0587125,-0.46475,1.6468375
1778964708415,Accelerometer,-1.6110001,-11.038051,-2.7540002
1778964708431,Accelerometer,-1.9009501,-12.75195,-3.4789503
1778964708443,Accelerometer,-1.2780001,-14.031001,-4.96395
1778964708465,Accelerometer,-1.3399501,-15.166051,-4.464
1778964708465,Gyroscope,0.4288625,-0.941325,2.7414749
1778964708489,Accelerometer,-1.4959501,-17.500051,-3.798
1778964708508,Accelerometer,1.5990001,-19.818,-4.67205
1778964708526,Accelerometer,5.9659505,-21.606,-6.1870503
1778964708543,Accelerometer,8.431951,-20.577002,-5.50995
1778964708543,Gyroscope,-0.096525,-2.3315876,3.15205
1778964708567,Accelerometer,7.0579505,-18.823952,-4.116
1778964708586,Accelerometer,0.75900006,-20.49105,-3.561
1778964708608,Accelerometer,-7.6200004,-18.688051,-1.34895
1778964708625,Accelerometer,-3.79695,-12.172951,-4.65705
1778964708625,Gyroscope,0.0757625,1.19185,4.026825
1778964708645,Accelerometer,3.3229501,-5.2530003,-4.1140504
1778964708664,Accelerometer,7.1389503,-1.9110001,-3.9199502
1778964708683,Accelerometer,6.8569503,-0.16605,-1.83
1778964708697,Accelerometer,3.0589502,-0.072000004,-2.1750002
1778964708698,Gyroscope,-0.4373875,0.5944125,-2.61195
1778964708722,Accelerometer,3.65805,-1.2739501,-0.028950002
1778964708742,Accelerometer,2.7169502,-4.413,1.3420501
1778964708761,Accelerometer,2.121,-7.7890506,-0.01305
1778964708775,Accelerometer,0.85200006,-9.678,-0.84300005
1778964708776,Gyroscope,0.2541,1.3921875,-6.0803876
1778964708800,Accelerometer,-1.55295,-11.175,0.252
1778964708820,Accelerometer,-2.43405,-12.819,0.16095
1778964708842,Accelerometer,-1.20105,-16.525951,-2.5890002
1778964708861,Accelerometer,-4.85505,-23.041052,-3.0679502
1778964708861,Gyroscope,0.231,0.9425625,-7.754175
1778964708877,Accelerometer,-7.431,-23.622002,-3.144
1778964708897,Accelerometer,-8.36505,-22.761002,-3.8940003
1778964708917,Accelerometer,-14.317051,-23.167952,-4.4490004
1778964708932,Accelerometer,-19.774052,-17.61,-6.69495
1778964708932,Gyroscope,0.40205,2.6224,-3.4464376
1778964708956,Accelerometer,-23.193,-7.8229504,-6.762
1778964708977,Accelerometer,-27.289951,-4.22895,-8.445001
1778964708994,Accelerometer,-24.445051,-9.525001,-5.7109504
1778964709008,Accelerometer,-18.364052,-11.151001,-3.0679502
1778964709008,Gyroscope,-0.33467498,-1.5008125,2.58885
1778964709033,Accelerometer,-8.431951,-12.034051,-0.08895
1778964709057,Accelerometer,44.911953,-21.32895,4.1530504
1778964709074,Accelerometer,-5.8560004,-30.544052,-3.8359501
1778964709089,Accelerometer,-3.7560003,-15.013051,-0.65205
1778964709089,Gyroscope,-1.3927375,1.661,6.886825
1778964709110,Accelerometer,-4.86495,-0.30900002,-5.2969503
1778964709130,Accelerometer,-18.483002,5.81895,-6.73995
1778964709150,Accelerometer,-7.3500004,-8.434951,-3.357
1778964709164,Accelerometer,-4.60605,-18.396002,-2.12205
1778964709164,Gyroscope,-0.4164875,-1.9369625,0.92235
1778964709189,Accelerometer,-4.335,-13.722001,-3.8530502
1778964709209,Accelerometer,-1.1560501,-8.09805,-2.742
1778964709227,Accelerometer,-1.125,-8.48805,-1.50405
1778964709242,Accelerometer,-3.48795,-8.56005,-1.7359501
1778964709242,Gyroscope,0.1662375,0.4318875,0.71596247
1778964709267,Accelerometer,-4.08195,-9.89595,-2.4019501
1778964709288,Accelerometer,-2.76495,-10.309951,-2.3830502
1778964709307,Accelerometer,-3.31995,-10.071,-2.7520502
1778964709323,Accelerometer,-4.8120003,-8.76795,-2.8860002
1778964709324,Gyroscope,-0.0353375,-0.80685,0.1612875
1778964709344,Accelerometer,-3.6049502,-8.245951,-2.4160502
1778964709363,Accelerometer,-0.88995004,-9.007951,-1.863
1778964709383,Accelerometer,-0.022950001,-9.654,-1.64505
1778964709397,Accelerometer,-1.7880001,-9.71595,-2.3110502
1778964709398,Gyroscope,-0.1392875,-0.4098875,0.3958625
1778964709422,Accelerometer,-3.6390002,-9.616051,-2.6100001
1778964709441,Accelerometer,-3.52095,-8.842951,-3.22305
1778964709460,Accelerometer,-2.36295,-8.0119505,-1.84695
1778964709475,Accelerometer,-1.2780001,-8.977051,-1.212
1778964709475,Gyroscope,-0.0903375,-1.0671375,0.6364875
1778964709499,Accelerometer,-0.75405,-11.28705,-2.52705
1778964709523,Accelerometer,-1.3590001,-11.85,-3.6400502
1778964709539,Accelerometer,-0.91605,-10.5379505,-3.5970001
1778964709557,Accelerometer,-1.21095,-11.401951,-1.49205
1778964709557,Gyroscope,0.2517625,-0.676225,1.6762625
1778964709576,Accelerometer,-1.575,-12.98505,-0.79095006
1778964709596,Accelerometer,-1.28295,-14.230051,-3.3930001
1778964709616,Accelerometer,-0.99300003,-14.521951,-4.1329503
1778964709639,Accelerometer,-1.2250501,-15.343051,-4.011
1778964709640,Gyroscope,0.70248747,-0.6810375,2.7121875
1778964709645,Accelerometer,0.66795003,-17.164951,-5.47905
1778964709674,Accelerometer,3.96705,-18.324001,-7.6410003
1778964709694,Accelerometer,6.4999504,-19.000952,-7.8180003
1778964709708,Accelerometer,5.4229503,-18.12,-5.0929503
1778964709708,Gyroscope,-0.1918125,-2.80555,3.124
1778964709726,Accelerometer,-0.04695,-19.42995,-3.3649502
1778964709752,Accelerometer,-4.7380505,-21.28305,-1.2910501
1778964709772,Accelerometer,-5.82,-15.616051,-2.6149502
1778964709789,Accelerometer,2.8300502,-9.43395,-1.0159501
1778964709790,Gyroscope,0.758725,1.6097125,3.4562
1778964709806,Accelerometer,6.08295,-3.8719501,-3.21795
1778964709829,Accelerometer,6.8380504,-0.47895002,-3.9610503
1778964709854,Accelerometer,4.18995,1.0210501,-4.0999503
1778964709871,Accelerometer,1.2730501,0.07005,-3.8190002
1778964709872,Gyroscope,-0.3628625,2.204675,-2.641375
1778964709893,Accelerometer,-1.0309501,-2.90895,-1.044
1778964709907,Accelerometer,0.80205005,-5.84205,-0.76905006
1778964709926,Accelerometer,0.90195006,-7.0870504,-1.5949501
1778964709941,Accelerometer,-0.91905004,-8.26095,-1.284
1778964709941,Gyroscope,0.66715,1.040325,-6.2233872
1778964709966,Accelerometer,-0.54795,-9.870001,-2.23005
1778964709987,Accelerometer,-0.49695003,-11.57205,-1.8030001
1778964710005,Accelerometer,-0.49695003,-15.340951,-2.802
1778964710020,Accelerometer,-2.262,-23.46405,-3.4770002
1778964710020,Gyroscope,-0.51919997,1.26995,-7.5794125
1778964710043,Accelerometer,-6.4470005,-26.484001,-3.3649502
1778964710063,Accelerometer,-8.896951,-23.10795,-2.5189502
1778964710086,Accelerometer,-10.13895,-22.116001,-2.6800501
1778964710104,Accelerometer,-14.059051,-19.14495,-4.65705
1778964710104,Gyroscope,-0.036575,2.0141,-4.0731626
1778964710121,Accelerometer,-20.956951,-11.565001,-5.14305
1778964710140,Accelerometer,-25.984951,-6.8269506,-5.30205
1778964710160,Accelerometer,-21.945002,-10.432051,-3.4480503
1778964710174,Accelerometer,-16.04805,-12.384001,-2.8189502
1778964710174,Gyroscope,0.002475,-1.0916125,2.310275
1778964710199,Accelerometer,-13.12005,-11.541,-2.6580002
1778964710220,Accelerometer,-7.48395,-11.115001,-2.97705
1778964710237,Accelerometer,43.510952,-14.0140505,2.4769502
1778964710253,Accelerometer,-1.4959501,-28.509,-2.7919502
1778964710253,Gyroscope,-0.71225,-2.4794,2.47885
1778964710276,Accelerometer,-6.3780003,-24.381,-0.49395
1778964710286,Accelerometer,-1.7500501,-5.70405,-0.54195005
1778964710316,Accelerometer,-14.025001,5.23995,-6.6900005
1778964710336,Accelerometer,-10.82205,-3.5320501,-5.61495
1778964710336,Gyroscope,-1.02135,-0.4844125,2.4410374
1778964710355,Accelerometer,-3.0640502,-15.846001,-0.252
1778964710368,Accelerometer,-4.4890504,-17.61,-4.43505
1778964710393,Accelerometer,-1.3950001,-6.9150004,-3.9630003
1778964710408,Accelerometer,-2.97105,-6.7120504,-2.1750002
1778964710408,Gyroscope,-0.246675,-0.6590375,1.20835
1778964710432,Accelerometer,-4.9510503,-8.778001,-2.7439501
1778964710452,Accelerometer,-4.3570504,-10.066051,-3.693
1778964710470,Accelerometer,-4.1080503,-10.035001,-2.871
1778964710486,Accelerometer,-3.03795,-9.7879505,-3.561
1778964710486,Gyroscope,-0.074525,-0.3399,0.292875
1778964710509,Accelerometer,-2.8969502,-9.24705,-3.9079502
1778964710526,Accelerometer,-3.25305,-8.677051,-3.2400002
1778964710549,Accelerometer,-1.33095,-9.120001,-3.1039503
1778964710568,Accelerometer,0.39900002,-9.35505,-2.4739501
1778964710569,Gyroscope,-0.1137125,-0.5487625,0.2476375
1778964710590,Accelerometer,-2.0010002,-9.250051,-2.9860501
1778964710607,Accelerometer,-3.7750502,-9.288,-3.2760003
1778964710626,Accelerometer,-2.358,-7.866,-3.3690002
1778964710640,Accelerometer,-0.27,-6.8820004,-3.1390502
1778964710641,Gyroscope,-0.100237496,-1.2915375,0.496925
1778964710665,Accelerometer,-0.30105,-9.94095,-2.4019501
1778964710685,Accelerometer,-2.1019502,-13.188001,-2.6509502
1778964710704,Accelerometer,-1.74705,-10.554001,-3.1920002
1778964710719,Accelerometer,-0.59295005,-9.661051,-4.28595
1778964710719,Gyroscope,0.1612875,-0.65505,1.5255625
1778964710742,Accelerometer,-1.5460501,-11.509951,-2.1409502
1778964710768,Accelerometer,-2.2759502,-12.55605,-1.7989501
1778964710785,Accelerometer,-1.6969501,-14.199,-4.8109503
1778964710802,Accelerometer,-1.0819501,-15.693001,-5.36595
1778964710802,Gyroscope,0.4178625,-0.8212875,2.6288624
1778964710821,Accelerometer,-2.04195,-17.172,-4.2169504
1778964710840,Accelerometer,0.87105006,-20.268002,-4.9420505
1778964710859,Accelerometer,6.67005,-20.76795,-5.6509504
1778964710874,Accelerometer,11.17605,-20.041052,-4.5139503
1778964710874,Gyroscope,0.118525,-2.9555626,2.7484875
1778964710898,Accelerometer,9.29205,-17.79,-3.1920002
1778964710918,Accelerometer,2.77005,-18.08205,-4.7920504
1778964710934,Accelerometer,-7.5409503,-22.417952,1.3939501
1778964710951,Accelerometer,-7.3879504,-13.830001,-4.5880504
1778964710951,Gyroscope,0.4959625,1.71985,4.5346127
1778964710976,Accelerometer,2.4420002,-5.76795,-3.8820002
1778964710998,Accelerometer,6.0379505,-2.4469502,-6.2089505
1778964711008,Accelerometer,6.53805,-1.22895,-2.9260502
1778964711030,Accelerometer,3.141,-1.19805,-3.4290001
1778964711030,Gyroscope,0.2723875,0.828025,-2.4668875
1778964711058,Accelerometer,3.15,-1.4680501,-2.6130002
1778964711073,Accelerometer,2.94705,-3.321,-0.597
1778964711088,Accelerometer,1.3759501,-5.73495,-1.9729501
1778964711107,Accelerometer,0.49500003,-6.93195,-3.2620502
1778964711107,Gyroscope,0.7745375,1.6405125,-5.5506
1778964711132,Accelerometer,-0.23595001,-8.359051,-4.45905
1778964711150,Accelerometer,0.35595003,-9.906,-4.5810003
1778964711167,Accelerometer,-0.354,-12.589951,-5.7250504
1778964711184,Accelerometer,-1.30005,-20.81895,-7.18305
1778964711184,Gyroscope,-0.3628625,1.159125,-7.463775
1778964711209,Accelerometer,-6.3850503,-26.40195,-7.8199506
1778964711231,Accelerometer,-10.67595,-23.272951,-7.0950003
1778964711249,Accelerometer,-11.739,-20.323051,-5.62995
1778964711267,Accelerometer,-14.205001,-19.629002,-6.8910003
1778964711267,Gyroscope,-0.5742,1.1774125,-4.8516874
1778964711286,Accelerometer,-19.498951,-15.843,-4.5469503
1778964711306,Accelerometer,-25.161001,-9.38595,-3.1369503
1778964711326,Accelerometer,-25.47495,-8.212951,-1.7869501
1778964711349,Accelerometer,-19.434,-13.285951,0.40095
1778964711349,Gyroscope,-0.23333749,-0.6452875,1.8016624
1778964711370,Accelerometer,-15.043051,-12.98505,0.60405004
1778964711384,Accelerometer,-11.37195,-10.830001,-1.095
1778964711403,Accelerometer,50.05905,-13.959001,8.42895
1778964711417,Accelerometer,-0.19305001,-34.344,0.312
1778964711418,Gyroscope,-0.5119125,-2.1285,2.5799124
1778964711442,Accelerometer,-8.911051,-27.729002,-0.66405004
1778964711463,Accelerometer,-7.86705,-4.7080503,-4.4950504
1778964711482,Accelerometer,-19.269001,7.7490005,-8.335051
1778964711498,Accelerometer,-5.68305,-4.296,-5.256
1778964711499,Gyroscope,-0.791725,-1.192675,2.1377125
1778964711520,Accelerometer,-4.4359503,-14.364,-1.1590501
1778964711539,Accelerometer,-5.0470505,-16.44195,-3.8580003
1778964711563,Accelerometer,-3.1000502,-8.62905,-4.22205
1778964711568,Accelerometer,-4.08405,-6.9940505,-2.4520502
1778964711582,Gyroscope,0.036575,-0.9213875,1.03455
1778964711599,Accelerometer,-3.6169503,-7.6720505,-1.42305
1778964711617,Accelerometer,-3.07095,-10.665001,-2.7640502
1778964711636,Accelerometer,-2.3389502,-10.839001,-2.87595
1778964711648,Accelerometer,-2.70495,-9.622951,-3.86505
1778964711650,Gyroscope,0.0598125,-0.215325,0.53473747
1778964711676,Accelerometer,-4.596,-9.135,-3.6040502
1778964711697,Accelerometer,-3.9790502,-8.400001,-2.7469501
1778964711716,Accelerometer,-0.72,-8.598001,-2.49105
1778964711730,Accelerometer,0.06705,-9.028951,-2.3710501
1778964711730,Gyroscope,-0.041525,-0.5537125,0.181775
1778964711753,Accelerometer,-2.2380002,-9.45495,-1.7479501
1778964711773,Accelerometer,-3.3390002,-9.3,-2.19105
1778964711797,Accelerometer,-1.7070001,-8.67,-3.7159503
1778964711815,Accelerometer,-0.43800002,-9.321,-3.5389502
1778964711815,Gyroscope,-0.05995,-1.054625,0.8427375
1778964711831,Accelerometer,-1.4460001,-11.590951,-1.9609501
1778964711850,Accelerometer,-1.89795,-11.493001,-2.4139502
1778964711869,Accelerometer,-1.3470001,-10.20495,-3.7999501
1778964711884,Accelerometer,-1.434,-11.8279505,-2.7829502
1778964711884,Gyroscope,0.179575,-0.85305,1.9018999
1778964711909,Accelerometer,-1.5649501,-12.5460005,-1.9570501
1778964711928,Accelerometer,-1.55595,-13.66905,-3.9919503
1778964711947,Accelerometer,-2.061,-15.24705,-4.629
1778964711964,Accelerometer,-1.9009501,-16.521,-4.9729505
1778964711964,Gyroscope,0.5680125,-1.20725,2.6642
1778964711986,Accelerometer,1.8910501,-18.760052,-6.9420004
1778964712005,Accelerometer,7.4940004,-21.376951,-8.448
1778964712028,Accelerometer,8.70495,-20.833052,-7.5330005
1778964712045,Accelerometer,4.52505,-19.05705,-3.1660502
1778964712046,Gyroscope,-0.1038125,-3.1131375,3.477925
1778964712067,Accelerometer,0.411,-20.742,-3.7399502
1778964712083,Accelerometer,-6.0400505,-18.03405,0.01995
1778964712103,Accelerometer,-1.422,-10.116,-0.62805
1778964712117,Accelerometer,6.8710504,-2.8590002,-3.24705
1778964712118,Gyroscope,0.7220125,1.9006625,1.6355625
1778964712142,Accelerometer,8.269051,-0.60105,-3.9439502
1778964712161,Accelerometer,3.08295,0.56595004,-3.8460002
1778964712180,Accelerometer,2.19,-0.055050004,-2.8230002
1778964712196,Accelerometer,1.3620001,-4.22895,-0.79305005
1778964712196,Gyroscope,-0.3433375,2.274525,-3.7277625
1778964712213,Accelerometer,0.59295005,-9.027,-0.45495003
1778964712239,Accelerometer,-1.371,-9.558001,-1.059
1778964712260,Accelerometer,-2.3749502,-8.8279505,-1.30305
1778964712278,Accelerometer,-2.83905,-9.69705,-1.746
1778964712278,Gyroscope,0.1502875,0.0595375,-6.906625
1778964712297,Accelerometer,-1.4140501,-11.313001,-1.2790501
1778964712316,Accelerometer,0.18195,-15.678,-0.77595
1778964712336,Accelerometer,-2.8969502,-21.83595,-0.88605005
1778964712350,Accelerometer,-4.9240503,-23.572052,-1.2409501
1778964712351,Gyroscope,-0.38115,1.13465,-7.1484876
1778964712370,Accelerometer,-7.48605,-22.674002,-1.27695
1778964712394,Accelerometer,-10.696951,-23.31405,-1.18305
1778964712413,Accelerometer,-14.061001,-19.264952,-4.059
1778964712428,Accelerometer,-19.716002,-12.53505,-4.782
1778964712429,Gyroscope,-0.2528625,1.8286124,-2.7539876
1778964712450,Accelerometer,-25.24995,-8.095051,-4.77705
1778964712472,Accelerometer,-25.174952,-9.123,-4.7130003
1778964712496,Accelerometer,-19.18995,-11.103001,-2.7799501
1778964712514,Accelerometer,-15.11505,-10.530001,-3.0700502
1778964712514,Gyroscope,-0.19305,-0.9433875,3.334925
1778964712530,Accelerometer,-5.9560504,-10.308001,-3.6210003
1778964712549,Accelerometer,53.988003,-16.93995,4.35795
1778964712569,Accelerometer,-5.56605,-33.89595,1.1550001
1778964712584,Accelerometer,-4.419,-20.935951,-1.626
1778964712584,Gyroscope,-1.282875,1.3448875,6.829075
1778964712608,Accelerometer,-5.3430004,-2.9209502,-3.2710502
1778964712627,Accelerometer,-18.091051,7.00395,-6.6660004
1778964712647,Accelerometer,-6.71505,-5.6940002,-3.9270003
1778964712661,Accelerometer,-4.05495,-16.31505,-1.42305
1778964712661,Gyroscope,-0.4631,-1.716825,1.2727
1778964712685,Accelerometer,-4.94805,-15.867001,-4.3840504
1778964712708,Accelerometer,-1.7860501,-7.3770003,-3.7159503
1778964712726,Accelerometer,-2.8939502,-7.5520506,-2.3370001
1778964712743,Accelerometer,-3.7729502,-8.2890005,-2.50305
1778964712743,Gyroscope,-0.0037125,0.0474375,0.6276875
1778964712763,Accelerometer,-3.6529503,-10.114051,-3.3769503
1778964712782,Accelerometer,-3.0979502,-10.437,-3.084
1778964712802,Accelerometer,-2.2840502,-9.843,-4.49205
1778964712816,Accelerometer,-4.1200504,-8.73705,-3.9580503
1778964712817,Gyroscope,0.0732875,-0.9409125,0.01925
1778964712841,Accelerometer,-4.6080003,-8.3230505,-2.5819502
1778964712861,Accelerometer,-0.80895007,-9.06495,-2.11995
1778964712880,Accelerometer,1.539,-9.58695,-2.3760002
1778964712894,Accelerometer,-1.9150501,-9.60105,-2.42595
1778964712894,Gyroscope,-0.1282875,-0.2311375,0.319825
1778964712919,Accelerometer,-3.28695,-9.051001,-2.7540002
1778964712931,Accelerometer,-1.9459502,-8.18595,-3.4770002
1778964712958,Accelerometer,-0.82995003,-7.7749505,-3.5370002
1778964712976,Accelerometer,-0.80595005,-9.5779505,-3.2380502
1778964712977,Gyroscope,-0.0867625,-0.93857497,0.983125
1778964712996,Accelerometer,-2.35995,-11.971951,-2.874
1778964713011,Accelerometer,-1.86195,-10.854,-3.3259501
1778964713035,Accelerometer,-0.75105006,-10.210051,-3.96795
1778964713058,Accelerometer,-1.00695,-11.78295,-2.292
1778964713058,Gyroscope,0.12705,-0.76876247,1.9971875
1778964713079,Accelerometer,-1.8070501,-12.939001,-3.15105
1778964713091,Accelerometer,-1.11,-13.774951,-5.33505
1778964713113,Accelerometer,-1.4500501,-15.432001,-4.54995
1778964713127,Accelerometer,-1.35195,-18.604052,-3.9060001
1778964713127,Gyroscope,0.4129125,-1.3795375,3.008775
1778964713152,Accelerometer,2.217,-21.003,-5.9290504
1778964713174,Accelerometer,6.3229504,-22.104002,-6.1200004
1778964713192,Accelerometer,8.99505,-20.433,-4.7389503
1778964713208,Accelerometer,3.0259502,-18.733051,-3.7090502
1778964713208,Gyroscope,-0.1148125,-3.462525,3.1321125
1778964713229,Accelerometer,-3.56205,-20.83995,-2.70795
1778964713249,Accelerometer,-6.708,-18.312,-1.6530001
1778964713272,Accelerometer,-2.52795,-8.743951,-3.3619502
1778964713292,Accelerometer,4.17495,-2.5840502,-4.43505
1778964713293,Gyroscope,1.0140625,0.9147875,1.2409375
1778964713310,Accelerometer,6.5070004,-0.55095005,-2.1049502
1778964713326,Accelerometer,3.8539503,0.65205,-1.047
1778964713346,Accelerometer,3.0550501,1.21695,-1.4779501
1778964713360,Accelerometer,2.5110002,-0.50295,-0.39600003
1778964713361,Gyroscope,0.0012375,1.3949375,-3.6617625
1778964713385,Accelerometer,2.35095,-3.3049502,-0.546
1778964713405,Accelerometer,1.6710001,-5.7949505,-1.87995
1778964713423,Accelerometer,0.38505003,-7.7389503,-2.979
1778964713439,Accelerometer,0.055050004,-9.628051,-3.3330002
1778964713439,Gyroscope,0.2553375,1.4597,-6.7918124
1778964713462,Accelerometer,-0.402,-10.87005,-2.0640001
1778964713482,Accelerometer,-0.15705001,-14.871,-4.38
1778964713492,Accelerometer,-2.6910002,-25.773,-6.23505
1778964713516,Accelerometer,-11.905951,-25.09695,-6.07695
1778964713517,Gyroscope,-0.26633748,1.0492625,-7.443012
1778964713547,Accelerometer,-7.45305,-20.26605,-4.75995
1778964713560,Accelerometer,-9.177,-22.071001,-3.21105
1778964713572,Accelerometer,-11.152051,-18.204,-4.2769504
1778964713593,Accelerometer,-19.945951,-13.641001,-3.4990501
1778964713594,Gyroscope,-0.261525,1.5720375,-2.89575
1778964713618,Accelerometer,-25.353,-8.00205,-5.064
1778964713638,Accelerometer,-23.550001,-9.441,-4.15905
1778964713656,Accelerometer,-17.719952,-12.340951,-2.9550002
1778964713673,Accelerometer,-12.936001,-10.210051,-5.0790005
1778964713673,Gyroscope,-0.29205,-0.583,3.1053
1778964713695,Accelerometer,10.527,-16.03305,8.344951
1778964713715,Accelerometer,14.823001,-33.609,2.53605
1778964713739,Accelerometer,-4.36695,-21.477001,2.388
1778964713756,Accelerometer,-3.9210002,-8.658,-4.50705
1778964713756,Gyroscope,-1.018875,1.5684625,4.52375
1778964713776,Accelerometer,-18.334951,0.63495004,-8.314051
1778964713793,Accelerometer,-8.092051,-3.55605,-2.7490501
1778964713812,Accelerometer,-5.44605,-9.43395,-5.8039503
1778964713827,Accelerometer,-3.6700501,-15.367051,-1.24605
1778964713827,Gyroscope,-0.284625,-1.507825,1.192125
1778964713851,Accelerometer,-3.5839503,-11.092951,-5.45205
1778964713871,Accelerometer,-0.711,-8.016001,-3.31395
1778964713889,Accelerometer,-2.9659503,-8.839951,-1.9060501
1778964713905,Accelerometer,-3.8569503,-9.23805,-2.3059502
1778964713905,Gyroscope,0.1282875,0.175725,0.595925
1778964713930,Accelerometer,-2.3430002,-10.533001,-2.6250002
1778964713953,Accelerometer,-1.383,-10.236,-3.0700502
1778964713971,Accelerometer,-2.9539502,-9.465,-3.4699502
1778964713988,Accelerometer,-5.17605,-8.538,-3.04395
1778964713988,Gyroscope,0.0378125,-0.9068125,0.13653749
1778964714008,Accelerometer,-3.3370502,-8.29905,-2.325
1778964714026,Accelerometer,-0.11400001,-9.063001,-1.91805
1778964714045,Accelerometer,0.57705003,-9.38805,-2.15295
1778964714060,Accelerometer,-2.18805,-9.85305,-2.18205
1778964714060,Gyroscope,-0.0807125,-0.276375,0.43945
1778964714084,Accelerometer,-3.01095,-9.501,-1.8919501
1778964714105,Accelerometer,-2.28795,-8.907001,-2.7439501
1778964714123,Accelerometer,-0.77295005,-8.9740505,-2.46705
1778964714137,Accelerometer,-0.78195006,-10.308001,-1.7839501
1778964714137,Gyroscope,-0.035475,-0.68076247,1.0148875
1778964714162,Accelerometer,-1.35195,-11.25405,-2.6580002
1778964714185,Accelerometer,-1.19895,-11.206051,-2.86905
1778964714204,Accelerometer,-1.2060001,-10.717051,-2.36595
1778964714221,Accelerometer,-1.539,-10.839001,-2.84505
1778964714221,Gyroscope,0.2613875,-0.42295,2.0997624
1778964714240,Accelerometer,-1.845,-12.481951,-5.3299503
1778964714259,Accelerometer,-2.298,-13.915951,-5.8350005
1778964714278,Accelerometer,-2.8969502,-15.805051,-3.9300003
1778964714293,Accelerometer,-0.84705,-18.02205,-3.7450502
1778964714293,Gyroscope,0.5680125,-1.2109625,2.7754376
1778964714318,Accelerometer,3.07395,-19.332,-5.0170503
1778964714338,Accelerometer,5.8609505,-20.199001,-5.9290504
1778964714356,Accelerometer,7.3120503,-20.035952,-4.5430503
1778964714370,Accelerometer,2.8540502,-18.300001,-3.4819503
1778964714371,Gyroscope,0.179575,-3.0740874,3.04425
1778964714395,Accelerometer,-3.38295,-21.858002,-0.57495004
1778964714419,Accelerometer,-10.6039505,-16.04895,-3.35295
1778964714436,Accelerometer,0.63405,-8.75895,-2.15805
1778964714453,Accelerometer,7.2690005,-4.9279504,-4.4610004
1778964714453,Gyroscope,0.83435,1.672275,1.3167
1778964714472,Accelerometer,6.426,-1.0680001,-3.7140002
1778964714492,Accelerometer,3.2370002,1.14495,-3.7050002
1778964714512,Accelerometer,2.79795,1.2079501,-3.6520503
1778964714526,Accelerometer,1.4670001,-1.65495,-1.2240001
1778964714526,Gyroscope,-0.273625,1.6625125,-3.3941875
1778964714550,Accelerometer,0.22200002,-3.9850502,-0.27405003
1778964714569,Accelerometer,0.079050004,-5.1979504,-1.1520001
1778964714589,Accelerometer,-0.177,-6.7879505,-1.77495
1778964714603,Accelerometer,-0.18105,-8.457001,-0.48405004
1778964714604,Gyroscope,0.223575,-0.006325,-6.6928124
1778964714628,Accelerometer,-1.2730501,-10.087951,-0.65895003
1778964714653,Accelerometer,0.45405003,-14.200951,-2.15295
1778964714668,Accelerometer,-1.1370001,-20.71305,-2.53395
1778964714684,Accelerometer,-7.8100505,-23.067001,-2.73495
1778964714684,Gyroscope,-0.0512875,2.3588126,-6.6598125
1778964714706,Accelerometer,-6.25995,-21.23505,-4.63395
1778964714725,Accelerometer,-8.406,-22.192951,-5.54295
1778964714745,Accelerometer,-13.357051,-20.28705,-4.5019503
1778964714759,Accelerometer,-16.197,-14.068951,-5.2870502
1778964714760,Gyroscope,-0.143,0.949025,-3.52
1778964714774,Accelerometer,-23.125952,-8.58195,-5.09805
1778964714803,Accelerometer,-23.562,-8.361,-4.05195
1778964714822,Accelerometer,-20.001001,-12.49905,-1.84905
1778964714837,Accelerometer,-16.258951,-11.371051,-1.95
1778964714837,Gyroscope,-0.132,-1.6141125,2.78025
1778964714855,Accelerometer,-4.5100503,-11.0449505,1.83
1778964714881,Accelerometer,40.147053,-20.292002,2.83605
1778964714902,Accelerometer,-4.82595,-37.17195,-2.1079502
1778964714920,Accelerometer,-0.98295003,-18.622952,0.48195
1778964714920,Gyroscope,-0.7623,1.67475,6.8705997
1778964714937,Accelerometer,0.21495001,5.00295,-5.18205
1778964714958,Accelerometer,-18.27495,9.918,-12.622951
1778964714983,Accelerometer,-5.6140504,-5.83995,-2.5170002
1778964715001,Accelerometer,-10.422001,-19.851002,-0.93705004
1778964715001,Gyroscope,-0.53267497,-1.8792125,1.772375
1778964715020,Accelerometer,-5.466,-14.931001,-6.123
1778964715036,Accelerometer,-2.53695,-5.72805,-1.9060501
1778964715056,Accelerometer,-0.67200005,-6.7570505,-0.50595003
1778964715070,Accelerometer,-0.38295,-9.240001,-3.9390001
1778964715070,Gyroscope,-0.3078625,0.55935,1.2018875
1778964715094,Accelerometer,-5.985,-10.726951,-3.5389502
1778964715115,Accelerometer,-7.9360504,-9.43605,-4.09005
1778964715133,Accelerometer,-4.965,-8.244,-4.4490004
1778964715149,Accelerometer,-4.27605,-8.51895,-4.43505
1778964715150,Gyroscope,-0.0622875,-1.1914375,-0.1970375
1778964715172,Accelerometer,-2.9640002,-8.65305,-3.1039503
1778964715192,Accelerometer,-1.8550501,-9.661051,-2.88105
1778964715215,Accelerometer,0.165,-9.633,-2.73495
1778964715234,Accelerometer,-0.25605002,-8.842951,-2.39505
1778964715234,Gyroscope,-0.063525,-0.12979999,0.198825
1778964715251,Accelerometer,-3.5530503,-8.503051,-2.3779502
1778964715269,Accelerometer,-4.2709503,-8.895,-3.5149503
1778964715289,Accelerometer,-2.1019502,-9.04605,-4.6260004
1778964715303,Accelerometer,-0.27495003,-8.503051,-3.3979502
1778964715303,Gyroscope,-0.0952875,-1.2952499,0.5434
1778964715328,Accelerometer,-0.33705002,-9.22305,-2.979
1778964715347,Accelerometer,-2.2810502,-11.19795,-2.9839501
1778964715366,Accelerometer,-2.1660001,-10.39395,-4.29405
1778964715383,Accelerometer,-1.314,-10.375051,-4.011
1778964715383,Gyroscope,0.1087625,-0.693,1.601325
1778964715406,Accelerometer,-1.5510001,-11.806951,-2.53095
1778964715415,Accelerometer,-1.7590501,-13.906051,-4.131
1778964715444,Accelerometer,-1.4820001,-15.051001,-4.4419503
1778964715464,Accelerometer,-1.5319501,-16.20705,-3.3090003
1778964715465,Gyroscope,0.2528625,-1.408825,2.86825
1778964715487,Accelerometer,0.531,-20.64195,-3.45795
1778964715497,Accelerometer,4.15395,-24.487051,-5.4570003
1778964715522,Accelerometer,6.22905,-23.557951,-1.8540001
1778964715536,Accelerometer,7.03905,-19.51905,-0.693
1778964715537,Gyroscope,-0.1307625,-3.3122375,3.1431124
1778964715561,Accelerometer,1.1920501,-19.20495,-2.8279502
1778964715579,Accelerometer,-5.5609503,-19.75605,-0.906
1778964715599,Accelerometer,-1.7070001,-9.943951,-6.4339504
1778964715614,Accelerometer,2.70495,-3.486,-6.9820504
1778964715614,Gyroscope,0.5424375,1.1396,2.2427626
1778964715638,Accelerometer,4.0480504,-2.02395,-3.85995
1778964715655,Accelerometer,3.41895,-1.0200001,-2.9260502
1778964715678,Accelerometer,1.7020501,-0.771,-3.108
1778964715699,Accelerometer,0.75105006,-1.212,-0.69000006
1778964715699,Gyroscope,0.2443375,0.606925,-3.2280874
1778964715718,Accelerometer,0.78195006,-2.4499502,-0.71595
1778964715736,Accelerometer,2.42505,-5.3970003,-2.3130002
1778964715755,Accelerometer,2.38695,-7.5330005,-4.353
1778964715769,Accelerometer,-0.94005007,-9.781051,-3.9769502
1778964715769,Gyroscope,0.5974375,0.8427375,-6.7991
1778964715794,Accelerometer,-3.7060502,-11.95695,-3.1590002
1778964715813,Accelerometer,-3.5449502,-15.487051,-6.1710005
1778964715832,Accelerometer,-5.892,-22.69095,-3.3720002
1778964715847,Accelerometer,-9.92595,-18.891,-5.76105
1778964715847,Gyroscope,-0.1527625,1.203125,-7.11315
1778964715872,Accelerometer,-6.7489505,-16.984951,-4.7320504
1778964715895,Accelerometer,-7.6369505,-19.267052,-5.3299503
1778964715913,Accelerometer,-12.012001,-21.403051,-4.71705
1778964715930,Accelerometer,-16.731,-15.630001,-4.638
1778964715930,Gyroscope,-0.0122375,1.319175,-3.6777124
1778964715949,Accelerometer,-20.893951,-7.7749505,-4.69605
1778964715969,Accelerometer,-22.216051,-6.07695,-4.7389503
1778964715988,Accelerometer,-17.521051,-11.184001,-1.45605
1778964716003,Accelerometer,-13.257001,-12.5130005,-1.1230501
1778964716003,Gyroscope,-0.30305,-0.594,2.2147124
1778964716027,Accelerometer,-12.153001,-9.51105,-0.90105003
1778964716048,Accelerometer,-9.26805,-8.72295,0.12795001
1778964716063,Accelerometer,43.55205,-15.348001,12.607051
1778964716080,Accelerometer,-0.32505003,-30.312002,-1.9609501
1778964716080,Gyroscope,-0.703725,-1.0362,1.9911375
1778964716105,Accelerometer,-2.0680501,-22.48995,-2.50305
1778964716127,Accelerometer,-3.9790502,-7.4610004,-5.3160005
1778964716136,Accelerometer,-19.834051,1.023,-2.1049502
1778964716159,Accelerometer,-8.775001,-2.055,-8.76795
1778964716160,Gyroscope,-0.7220125,-0.82981247,1.6735125
1778964716185,Accelerometer,-3.7819502,-11.7640505,-0.79095006
1778964716202,Accelerometer,-2.7270002,-16.107,-2.13105
1778964716216,Accelerometer,-0.282,-10.200001,-3.693
1778964716236,Accelerometer,-3.1930501,-7.806,-2.49105
1778964716236,Gyroscope,-0.039049998,-0.8273375,0.9563125
1778964716260,Accelerometer,-4.10295,-8.859,-1.8199501
1778964716279,Accelerometer,-3.078,-10.37205,-2.73195
1778964716296,Accelerometer,-2.739,-10.39605,-2.62905
1778964716313,Accelerometer,-2.6550002,-9.702001,-4.1350503
1778964716314,Gyroscope,-0.068475,-0.133375,0.4334
1778964716338,Accelerometer,-4.089,-8.60295,-3.6850502
1778964716362,Accelerometer,-3.8470502,-8.553,-2.22195
1778964716377,Accelerometer,-0.025950002,-9.276,-1.65495
1778964716393,Accelerometer,2.20005,-9.019951,-1.863
1778964716393,Gyroscope,-0.11605,-0.3276625,0.380875
1778964716415,Accelerometer,-1.39995,-9.00105,-2.0740502
1778964716435,Accelerometer,-3.2290502,-8.79195,-2.9890501
1778964716454,Accelerometer,-2.38395,-8.031,-3.1230001
1778964716476,Accelerometer,-1.7860501,-7.8150005,-2.7640502
1778964716476,Gyroscope,-0.061049998,-0.8078125,0.73755
1778964716493,Accelerometer,-1.95105,-9.901051,-2.493
1778964716513,Accelerometer,-2.4439502,-12.24495,-2.799
1778964716532,Accelerometer,-1.3069501,-10.815001,-3.3670502
1778964716547,Accelerometer,-0.57405,-9.75195,-3.35295
1778964716547,Gyroscope,0.1478125,-0.66728747,1.4927
1778964716571,Accelerometer,-0.92805004,-11.34195,-2.77095
1778964716593,Accelerometer,-1.5769501,-12.72105,-3.3720002
1778964716611,Accelerometer,-1.93605,-13.701,-4.7719502
1778964716624,Accelerometer,-2.18805,-14.743951,-4.191
1778964716624,Gyroscope,0.361625,-1.0021,2.73515
1778964716648,Accelerometer,-1.9800001,-17.802,-3.4720502
1778964716668,Accelerometer,0.99105006,-20.365952,-4.4440503
1778964716693,Accelerometer,3.8850002,-20.734951,-6.135
1778964716697,Accelerometer,7.17495,-20.53605,-4.87095
1778964716710,Gyroscope,-0.2211,-2.7588,2.8634374
1778964716726,Accelerometer,5.11905,-19.758001,-3.1039503
1778964716746,Accelerometer,2.0350502,-19.111952,-4.5690002
1778964716767,Accelerometer,-4.0030503,-17.349,0.29805002
1778964716778,Accelerometer,-5.9209504,-10.846951,-5.2180505
1778964716779,Gyroscope,-0.01705,1.0797875,4.1083627
1778964716804,Accelerometer,1.8360001,-4.0350003,-3.525
1778964716825,Accelerometer,2.0629501,-1.8889501,-3.834
1778964716843,Accelerometer,2.1690001,-1.0540501,-2.1049502
1778964716859,Accelerometer,2.253,-0.70395005,-2.3470502
1778964716859,Gyroscope,-0.107525,1.11155,-2.06745
1778964716881,Accelerometer,4.5100503,-1.2529501,-1.9849501
1778964716901,Accelerometer,3.32505,-2.7490501,-1.5469501
1778964716926,Accelerometer,0.68205005,-4.37505,-1.9540501
1778964716942,Accelerometer,-0.96900004,-6.04605,-2.60595
1778964716942,Gyroscope,0.8270625,2.244,-4.91645
1778964716962,Accelerometer,-0.84705,-7.6840506,-3.9540002
1778964716979,Accelerometer,-1.05495,-9.132,-3.8509502
1778964716998,Accelerometer,-1.2280501,-10.51095,-2.9670002
1778964717013,Accelerometer,-0.82305,-15.195001,-5.3569503
1778964717013,Gyroscope,0.0232375,1.0516,-7.0679126
1778964717037,Accelerometer,-3.7150502,-23.854952,-6.42705
1778964717058,Accelerometer,-8.80095,-23.397001,-6.2710505
1778964717076,Accelerometer,-10.242001,-18.477001,-5.3809505
1778964717093,Accelerometer,-12.876,-18.65895,-5.5219502
1778964717093,Gyroscope,-0.615725,2.3222375,-4.6036377
1778964717115,Accelerometer,-15.46695,-17.66805,-4.9690504
1778964717134,Accelerometer,-20.24295,-10.95705,-4.7839503
1778964717158,Accelerometer,-25.02,-5.7300005,-4.5540004
1778964717176,Accelerometer,-19.684952,-9.69705,-1.317
1778964717176,Gyroscope,-0.3823875,-0.4046625,0.683925
1778964717196,Accelerometer,-13.948951,-12.08895,0.62595004
1778964717212,Accelerometer,-11.877001,-10.72395,0.56295
1778964717232,Accelerometer,-9.76305,-10.52295,0.46995002
1778964717246,Accelerometer,15.297001,-11.7640505,8.874001
1778964717246,Gyroscope,0.7220125,2.914725,2.6569126
1778964717270,Accelerometer,19.278002,-17.605951,-9.484051
1778964717289,Accelerometer,-7.7590504,-31.497002,2.39295
1778964717309,Accelerometer,-1.98705,-21.10095,0.171
1778964717324,Accelerometer,-19.69695,-1.4440501,-8.907001
1778964717325,Gyroscope,-0.543675,0.694925,4.157175
1778964717345,Accelerometer,-12.67695,-0.096,-1.54005
1778964717368,Accelerometer,-6.12195,-6.5220003,-5.4210005
1778964717392,Accelerometer,-4.79505,-10.86795,-0.54405004
1778964717408,Accelerometer,-2.8920002,-13.930051,-4.87095
1778964717409,Gyroscope,-0.19305,-1.1499125,1.1823624
1778964717427,Accelerometer,-3.07605,-9.669001,-3.3019502
1778964717445,Accelerometer,-5.13495,-9.22095,-2.9220002
1778964717465,Accelerometer,-3.4020002,-9.004951,-0.633
1778964717479,Accelerometer,-3.7780502,-10.099951,-2.1390002
1778964717479,Gyroscope,0.146575,0.81345,0.6447375
1778964717499,Accelerometer,-2.8180501,-10.155001,-3.9130502
1778964717523,Accelerometer,-4.7070003,-8.43105,-2.6220002
1778964717542,Accelerometer,-6.2580004,-8.023951,-3.0010502
1778964717556,Accelerometer,-2.4799502,-8.668051,-2.3850002
1778964717557,Gyroscope,-0.0488125,-0.916575,0.098725
1778964717578,Accelerometer,0.016050002,-8.811001,-1.93305
1778964717601,Accelerometer,-1.029,-9.075001,-2.6130002
1778964717622,Accelerometer,-3.10695,-9.07005,-2.3779502
1778964717640,Accelerometer,-3.7009501,-8.373,-2.6560502
1778964717640,Gyroscope,0.039049998,-0.547525,0.6094
1778964717659,Accelerometer,-3.153,-8.2560005,-2.63895
1778964717678,Accelerometer,-2.1660001,-9.522,-2.70105
1778964717698,Accelerometer,-2.298,-12.45495,-2.1430502
1778964717712,Accelerometer,-2.1019502,-11.809051,-2.32995
1778964717713,Gyroscope,0.1771,-0.8553875,1.3289375
1778964717737,Accelerometer,-0.43005002,-10.600051,-2.7880502
1778964717756,Accelerometer,0.12195001,-11.60295,-2.7109501
1778964717775,Accelerometer,-0.53295004,-13.593,-3.5110502
1778964717789,Accelerometer,-1.2760501,-16.188002,-5.1199503
1778964717790,Gyroscope,0.4923875,-0.8041,3.2274
1778964717814,Accelerometer,-1.35,-18.934052,-6.7380004
1778964717838,Accelerometer,1.197,-21.475052,-7.0090504
1778964717857,Accelerometer,5.6839504,-24.69,-5.5600505
1778964717871,Accelerometer,8.18805,-22.879951,-3.9439502
1778964717871,Gyroscope,-0.00605,-3.0228,3.2030625
1778964717891,Accelerometer,7.4770503,-17.529001,-3.3070502
1778964717911,Accelerometer,-0.837,-16.92795,-0.669
1778964717931,Accelerometer,-9.262951,-13.03995,-3.11595
1778964717945,Accelerometer,1.7880001,-6.5179505,-3.5820003
1778964717946,Gyroscope,0.8930625,2.6838624,2.633675
1778964717970,Accelerometer,10.70895,-3.0600002,-3.58995
1778964717989,Accelerometer,6.83295,-0.29295,-3.5440502
1778964718008,Accelerometer,4.1779504,1.44,-2.60595
1778964718023,Accelerometer,1.2420001,0.40605003,-0.82905006
1778964718023,Gyroscope,-0.050049998,1.7100875,-3.395425
1778964718048,Accelerometer,0.40695003,-4.42695,-1.6789501
1778964718060,Accelerometer,3.2680502,-9.048,-3.8220003
1778964718087,Accelerometer,0.28905,-10.255051,-3.5029502
1778964718104,Accelerometer,-4.72095,-10.474951,-2.2080002
1778964718105,Gyroscope,0.01705,1.1518375,-6.8479123
1778964718126,Accelerometer,-1.59195,-11.75205,-4.092
1778964718139,Accelerometer,-0.84495,-17.778002,-4.78905
1778964718164,Accelerometer,-6.3130503,-25.549952,-3.8890502
1778964718188,Accelerometer,-5.66895,-23.37795,-4.638
1778964718188,Gyroscope,-0.6512,1.534225,-7.4135876
1778964718208,Accelerometer,-5.4700503,-23.055,-4.70505
1778964718220,Accelerometer,-9.505051,-24.56595,-3.9820502
1778964718242,Accelerometer,-11.526001,-18.657001,-4.119
1778964718256,Accelerometer,-18.79005,-14.584051,-1.8510001
1778964718256,Gyroscope,-0.9615375,0.4175875,-3.3221376
1778964718280,Accelerometer,-24.16995,-9.946051,0.717
1778964718303,Accelerometer,-23.125952,-9.754951,0.69795
1778964718319,Accelerometer,-17.91105,-12.013051,0.28800002
1778964718336,Accelerometer,-14.55195,-10.689,0.018000001
1778964718336,Gyroscope,-0.0012375,0.639925,3.4302125
1778964718358,Accelerometer,-12.373051,-9.472051,0.67800003
1778964718378,Accelerometer,-5.44605,-7.1070004,1.23105
1778964718401,Accelerometer,28.78395,-4.40595,-3.7860003
1778964718420,Accelerometer,29.75805,-51.423004,-19.545
1778964718420,Gyroscope,-0.035475,-3.5957625,-0.3436125
1778964718441,Accelerometer,-32.38005,-36.001053,7.20795
1778964718455,Accelerometer,-8.785951,5.5750504,-16.20495
1778964718478,Accelerometer,-17.57595,8.533951,-4.65
1778964718489,Accelerometer,-0.81105006,-9.166051,-6.5680504
1778964718490,Gyroscope,-1.0030625,-3.43695,1.2544125
1778964718514,Accelerometer,-4.0630503,-12.048,1.23105
1778964718536,Accelerometer,-3.6169503,-15.628051,-5.6530504
1778964718554,Accelerometer,-5.703,-9.297001,-4.4560504
1778964718569,Accelerometer,-4.9560003,-6.76695,-2.59605
1778964718569,Gyroscope,0.033,-0.767525,0.663025
1778964718591,Accelerometer,-3.5809503,-7.9450502,-1.64505
1778964718611,Accelerometer,-1.8600001,-11.670001,-3.24495
1778964718621,Accelerometer,-0.744,-11.2560005,-4.06395
1778964718645,Accelerometer,-7.6759505,-8.658,-3.0030003
1778964718646,Gyroscope,0.0732875,-0.861575,0.0803
1778964718675,Accelerometer,-5.109,-7.2840004,-3.8029501
1778964718688,Accelerometer,-1.1560501,-8.31105,-3.11805
1778964718700,Accelerometer,1.0320001,-9.05805,-2.4739501
1778964718723,Accelerometer,-1.98405,-9.901051,-1.7680501
1778964718723,Gyroscope,0.024475,-0.3216125,0.385825
1778964718747,Accelerometer,-3.82995,-8.589001,-2.3850002
1778964718766,Accelerometer,-3.6120002,-7.9350004,-3.039
1778964718783,Accelerometer,-2.86995,-8.80395,-3.5490003
1778964718800,Accelerometer,-2.71005,-11.661,-2.115
1778964718801,Gyroscope,-0.024475,-1.3770624,0.6435
1778964718824,Accelerometer,-1.21605,-11.77095,-2.4760501
1778964718844,Accelerometer,0.009000001,-10.135051,-4.071
1778964718867,Accelerometer,-0.65505004,-11.686951,-3.693
1778964718885,Accelerometer,-1.5340501,-13.519051,-2.60805
1778964718885,Gyroscope,0.356675,-0.839575,2.16095
1778964718904,Accelerometer,-1.4790001,-14.6320505,-2.9170501
1778964718921,Accelerometer,-1.1200501,-15.142051,-3.55605
1778964718942,Accelerometer,0.109950006,-16.76505,-4.53105
1778964718956,Accelerometer,3.69195,-21.19905,-5.8639503
1778964718956,Gyroscope,0.4422,-1.5445375,2.9464874
1778964718980,Accelerometer,7.221,-22.023,-7.43205
1778964719000,Accelerometer,8.238,-19.25505,-7.5589504
1778964719019,Accelerometer,2.9299502,-18.511051,-5.50995
1778964719033,Accelerometer,0.15,-22.49205,-1.88505
1778964719033,Gyroscope,0.6182,-1.3319625,3.4021626
1778964719057,Accelerometer,-12.43095,-15.843,-4.8300004
1778964719077,Accelerometer,0.97905004,-7.32705,-2.15805
1778964719099,Accelerometer,6.6990004,-3.3930001,-3.831
1778964719117,Accelerometer,7.8240004,-0.15105,-3.4390502
1778964719117,Gyroscope,0.2028125,0.6986375,-1.8524
1778964719136,Accelerometer,3.21,1.4500501,-3.6180003
1778964719155,Accelerometer,2.09205,0.80505,-2.3089502
1778964719174,Accelerometer,2.181,-2.6100001,-1.30095
1778964719189,Accelerometer,2.32005,-6.46005,-1.8940501
1778964719189,Gyroscope,-0.2418625,2.555575,-4.5120625
1778964719213,Accelerometer,1.1850001,-9.726001,-2.21295
1778964719233,Accelerometer,-1.4430001,-11.257951,-2.0359502
1778964719252,Accelerometer,-1.18005,-11.148001,-3.2760003
1778964719265,Accelerometer,-1.2919501,-12.178051,-4.73595
1778964719266,Gyroscope,0.0598125,1.170125,-6.840625
1778964719290,Accelerometer,-2.20005,-16.837051,-5.184
1778964719316,Accelerometer,-4.491,-22.579052,-5.5960503
1778964719335,Accelerometer,-7.3980002,-22.903952,-5.991
1778964719351,Accelerometer,-9.47805,-20.97705,-5.019
1778964719351,Gyroscope,-0.664675,0.31501248,-6.3384748
1778964719368,Accelerometer,-11.24295,-19.45605,-3.17805
1778964719388,Accelerometer,-14.23095,-16.95,-2.2080002
1778964719408,Accelerometer,-20.746052,-12.262051,-1.6360501
1778964719422,Accelerometer,-22.642052,-9.943951,-1.8730501
1778964719422,Gyroscope,-0.5143875,0.9453125,-0.5146625
1778964719446,Accelerometer,-20.24805,-12.661051,0.22800002
1778964719465,Accelerometer,-16.31205,-11.89305,0.44595003
1778964719485,Accelerometer,-13.695001,-10.795951,-0.64500004
1778964719499,Accelerometer,18.96705,-15.1369505,8.544001
1778964719500,Gyroscope,1.3756875,1.7920375,2.1902375
1778964719524,Accelerometer,8.86095,-34.686,-2.079
1778964719548,Accelerometer,-7.0030503,-23.496,0.669
1778964719565,Accelerometer,-3.2580001,-5.3299503,-4.00605
1778964719582,Accelerometer,-18.85695,4.986,-9.8220005
1778964719582,Gyroscope,-0.87835,1.2495999,3.516975
1778964719601,Accelerometer,-8.269051,-3.11805,-6.25005
1778964719621,Accelerometer,-7.5220504,-12.70905,-0.47895002
1778964719641,Accelerometer,-5.3959503,-16.01295,-2.7949502
1778964719655,Accelerometer,-1.5319501,-9.357,-5.907
1778964719655,Gyroscope,-0.250525,-1.6116375,1.4205124
1778964719680,Accelerometer,-1.041,-7.9399505,-2.5549502
1778964719698,Accelerometer,-2.628,-8.031,-2.187
1778964719718,Accelerometer,-3.7540503,-9.03405,-3.384
1778964719733,Accelerometer,-3.9210002,-10.45905,-3.7050002
1778964719733,Gyroscope,0.0342375,0.6131125,0.64968747
1778964719757,Accelerometer,-2.83395,-9.81,-4.41795
1778964719779,Accelerometer,-4.1059504,-8.56995,-4.09695
1778964719798,Accelerometer,-5.229,-8.328,-3.0370502
1778964719813,Accelerometer,-1.659,-8.58195,-3.1249502
1778964719813,Gyroscope,-0.01705,-0.767525,0.0815375
1778964719834,Accelerometer,1.11105,-8.965051,-2.22705
1778964719854,Accelerometer,-1.8889501,-9.91005,-2.16
1778964719874,Accelerometer,-2.8180501,-9.229951,-2.24895
1778964719897,Accelerometer,-1.572,-7.4230504,-3.489
1778964719898,Gyroscope,-0.068475,-0.663575,0.54945
1778964719903,Accelerometer,-0.75600004,-8.28705,-4.24095
1778964719932,Accelerometer,-2.0059502,-10.67895,-4.24095
1778964719951,Accelerometer,-2.7240002,-11.392051,-3.9390001
1778964719966,Accelerometer,-1.44105,-10.64805,-4.2769504
1778964719966,Gyroscope,0.0842875,-1.05215,1.3129874
1778964719985,Accelerometer,0.028050002,-11.577001,-4.2720003
1778964720010,Accelerometer,-0.51705,-12.489,-2.66295
1778964720031,Accelerometer,-1.3570501,-12.73305,-3.8509502
1778964720046,Accelerometer,-1.491,-14.46405,-4.6860003
1778964720047,Gyroscope,0.3359125,-1.1059124,2.8194375
1778964720067,Accelerometer,-0.90405005,-17.428051,-4.0009503
1778964720087,Accelerometer,2.286,-20.92605,-5.4910502
1778964720113,Accelerometer,6.5809503,-22.291052,-7.04505
1778964720129,Accelerometer,8.511001,-20.409,-4.9999504
1778964720129,Gyroscope,-0.2858625,-2.9360375,2.991725
1778964720148,Accelerometer,4.668,-18.12,-3.8460002
1778964720165,Accelerometer,-2.631,-21.265951,-3.9970503
1778964720185,Accelerometer,-9.31305,-20.095951,-0.75000006
1778964720199,Accelerometer,-1.70895,-10.33905,-2.9290502
1778964720200,Gyroscope,0.32615,1.1763124,3.81755
1778964720223,Accelerometer,6.2730002,-4.3770003,-3.2970002
1778964720246,Accelerometer,6.9310503,-1.779,-2.634
1778964720264,Accelerometer,3.0979502,0.19005,-2.84295
1778964720278,Accelerometer,3.0979502,1.03995,-2.4120002
1778964720278,Gyroscope,-0.54614997,1.103025,-2.5573626
1778964720301,Accelerometer,2.15205,-1.2570001,-1.0320001
1778964720320,Accelerometer,1.6540501,-3.9919503,0.06105
1778964720346,Accelerometer,0.8880001,-5.8950005,-0.52005005
1778964720364,Accelerometer,-0.0019500001,-7.46295,-0.58005005
1778964720364,Gyroscope,-0.0232375,1.0503625,-5.8779874
1778964720382,Accelerometer,0.32805002,-9.096001,-1.404
1778964720398,Accelerometer,0.423,-10.441951,-1.60695
1778964720418,Accelerometer,0.24105,-13.926001,-2.3059502
1778964720432,Accelerometer,-0.79200006,-20.84505,-3.8029501
1778964720432,Gyroscope,-0.499675,0.9233125,-7.4245872
1778964720457,Accelerometer,-5.9490004,-25.25295,-4.3770003
1778964720478,Accelerometer,-9.031051,-24.247051,-4.46595
1778964720495,Accelerometer,-9.358951,-22.878,-2.39205
1778964720511,Accelerometer,-9.97395,-21.07995,-2.1649501
1778964720512,Gyroscope,-0.3493875,1.4707,-4.5780625
1778964720534,Accelerometer,-16.411951,-15.400051,-3.3000002
1778964720544,Accelerometer,-26.547,-8.74005,-4.5019503
1778964720573,Accelerometer,-24.306002,-8.49495,-3.798
1778964720594,Accelerometer,-19.197,-13.248001,-0.84795004
1778964720594,Gyroscope,0.041525,-0.8553875,1.9801375
1778964720615,Accelerometer,-15.082951,-11.397,-1.401
1778964720627,Accelerometer,4.0750504,-13.236001,1.2550501
1778964720651,Accelerometer,24.937952,-28.015951,-2.328
1778964720665,Accelerometer,-9.47805,-29.850002,0.21405001
1778964720665,Gyroscope,-1.3464,-0.331375,6.1241126
1778964720690,Accelerometer,2.4130502,-9.3,-3.4840503
1778964720709,Accelerometer,-11.81805,2.3809502,-5.2540503
1778964720728,Accelerometer,-15.19095,3.25005,-8.29395
1778964720743,Accelerometer,-6.2719502,-11.24205,-0.65400004
1778964720743,Gyroscope,-0.5534375,-1.8877375,1.612325
1778964720767,Accelerometer,-5.06295,-20.05005,-2.8549502
1778964720784,Accelerometer,-2.11095,-10.948951,-5.9290504
1778964720806,Accelerometer,0.82305,-7.3440003,-2.33505
1778964720826,Accelerometer,-0.68700004,-8.72805,-2.5189502
1778964720826,Gyroscope,0.057475,-0.1835625,0.9966
1778964720848,Accelerometer,-4.0219502,-8.919001,-3.8100002
1778964720864,Accelerometer,-5.2380004,-9.774,-2.9959502
1778964720884,Accelerometer,-2.913,-9.618,-3.3960001
1778964720898,Accelerometer,-1.7190001,-9.04395,-4.53795
1778964720899,Gyroscope,0.0672375,-0.9458625,0.1903
1778964720923,Accelerometer,-4.362,-8.706,-2.46195
1778964720942,Accelerometer,-2.2999501,-8.826,-2.4499502
1778964720961,Accelerometer,1.52505,-8.830951,-2.53395
1778964720976,Accelerometer,0.028050002,-9.205951,-2.26305
1778964720976,Gyroscope,-0.074525,-0.19813749,0.385825
1778964721001,Accelerometer,-2.3430002,-9.075001,-2.6820002
1778964721025,Accelerometer,-2.9490001,-8.838,-2.7469501
1778964721043,Accelerometer,-1.6180501,-7.5109506,-4.0800004
1778964721058,Accelerometer,-0.69600004,-7.65495,-3.2689502
1778964721058,Gyroscope,-0.0672375,-0.8358625,0.7266875
1778964721078,Accelerometer,-2.2360501,-10.602,-2.3059502
1778964721097,Accelerometer,-2.12595,-11.95995,-2.8210502
1778964721117,Accelerometer,-0.31995,-10.486951,-4.4040003
1778964721131,Accelerometer,-0.75600004,-10.96905,-4.46595
1778964721132,Gyroscope,0.168575,-0.7002875,1.5635124
1778964721156,Accelerometer,-1.3590001,-11.361001,-2.6100001
1778964721175,Accelerometer,-2.154,-12.340951,-3.15105
1778964721192,Accelerometer,-1.7809501,-13.738951,-5.4139504
1778964721209,Accelerometer,-2.13,-14.437951,-4.7800503
1778964721209,Gyroscope,0.4202,-0.8628125,2.6093376
1778964721233,Accelerometer,-2.42205,-16.14495,-3.5350502
1778964721256,Accelerometer,0.744,-19.813051,-3.9889503
1778964721265,Accelerometer,5.2500005,-20.626951,-5.5069504
1778964721287,Accelerometer,7.8190503,-20.476051,-5.505
1778964721288,Gyroscope,0.0268125,-2.34465,3.0870125
1778964721313,Accelerometer,5.3359504,-18.067951,-6.46005
1778964721331,Accelerometer,0.69900006,-17.278051,-5.5789504
1778964721345,Accelerometer,1.5700501,-20.61795,-0.37605003
1778964721365,Accelerometer,-5.38395,-16.654951,-2.22
1778964721365,Gyroscope,0.665775,-0.050325,3.494975
1778964721389,Accelerometer,1.8049501,-6.8580003,-1.7869501
1778964721408,Accelerometer,7.8700504,-0.66795003,-3.384
1778964721425,Accelerometer,8.50905,-0.19905001,-2.3850002
1778964721443,Accelerometer,2.8579502,-0.072000004,-2.8260002
1778964721443,Gyroscope,0.10505,0.9222125,-2.6526499
1778964721466,Accelerometer,4.137,-1.8100501,-2.7829502
1778964721488,Accelerometer,4.42395,-5.313,-1.2240001
1778964721505,Accelerometer,2.334,-8.41605,-2.01405
1778964721523,Accelerometer,-0.24795002,-10.498951,-3.0700502
1778964721523,Gyroscope,0.3653375,2.3137126,-5.52365
1778964721544,Accelerometer,-2.595,-11.883,-3.4720502
1778964721564,Accelerometer,-3.519,-12.333,-3.4410002
1778964721583,Accelerometer,-2.08695,-13.47105,-4.7920504
1778964721598,Accelerometer,-4.3639503,-20.886002,-4.8229504
1778964721598,Gyroscope,-0.3568125,0.3370125,-7.40025
1778964721622,Accelerometer,-6.768,-22.82505,-4.7130003
1778964721641,Accelerometer,-7.1920505,-19.67205,-4.02105
1778964721661,Accelerometer,-10.783051,-22.104002,-2.46195
1778964721675,Accelerometer,-9.13395,-18.08205,-4.0230002
1778964721676,Gyroscope,-0.3298625,1.893375,-4.521825
1778964721700,Accelerometer,-17.764952,-15.309001,-2.5819502
1778964721722,Accelerometer,-21.16695,-10.35105,-2.2750502
1778964721739,Accelerometer,-24.928951,-8.373,-3.5659502
1778964721755,Accelerometer,-19.872002,-11.068951,-2.943
1778964721755,Gyroscope,-0.0452375,0.391875,1.9716125
1778964721777,Accelerometer,-15.58905,-9.96105,-3.7189503
1778964721797,Accelerometer,-8.089951,-11.26095,-1.0129501
1778964721823,Accelerometer,31.710001,-21.822,1.41795
1778964721826,Accelerometer,-7.45305,-36.59505,-4.9159503
1778964721840,Gyroscope,-1.283975,-1.62635,3.7247374
1778964721855,Accelerometer,-2.49705,-15.43395,-0.048
1778964721875,Accelerometer,-4.335,1.1359501,-2.6460001
1778964721894,Accelerometer,-17.872952,6.6240005,-9.204
1778964721906,Accelerometer,-6.7780504,-8.81595,-3.2970002
1778964721908,Gyroscope,-0.8100125,-1.16215,1.8359
1778964721933,Accelerometer,-4.467,-19.729052,-4.89195
1778964721954,Accelerometer,-4.98,-13.07295,-2.56995
1778964721972,Accelerometer,-1.7020501,-7.6980004,-4.6140003
1778964721989,Accelerometer,-2.2090502,-8.050051,-1.9849501
1778964721989,Gyroscope,0.0232375,-0.961675,0.79254997
1778964722010,Accelerometer,-3.6750002,-8.553,-1.44
1778964722030,Accelerometer,-3.18405,-10.095,-2.90505
1778964722055,Accelerometer,-0.80595005,-10.750951,-2.02395
1778964722072,Accelerometer,-0.61995006,-10.432051,-3.66105
1778964722072,Gyroscope,0.063525,-0.171325,0.3894
1778964722092,Accelerometer,-3.8140502,-8.787001,-2.7199502
1778964722108,Accelerometer,-3.2749503,-7.7890506,-1.674
1778964722127,Accelerometer,0.31995,-8.59095,-2.02605
1778964722142,Accelerometer,0.11400001,-10.32495,-1.9780501
1778964722142,Gyroscope,-0.0952875,-0.486475,0.3356375
1778964722166,Accelerometer,-1.9390501,-9.774,-2.42595
1778964722186,Accelerometer,-2.226,-8.325001,-2.5819502
1778964722204,Accelerometer,-1.1509501,-7.5090003,-1.96395
1778964722220,Accelerometer,-1.0720501,-9.27795,-1.6860001
1778964722220,Gyroscope,-0.102575,-0.5597625,1.0198375
1778964722244,Accelerometer,-1.89795,-11.895,-1.9279501
1778964722263,Accelerometer,-1.3039501,-12.036,-3.7840502
1778964722288,Accelerometer,-0.77295005,-10.938001,-3.8430002
1778964722304,Accelerometer,-1.1920501,-11.364,-2.59605
1778964722304,Gyroscope,0.229625,-0.6367625,1.888425
1778964722325,Accelerometer,-1.47405,-12.781051,-2.5819502
1778964722341,Accelerometer,-1.16295,-14.59395,-4.55205
1778964722360,Accelerometer,-1.0669501,-15.208951,-4.7239504
1778964722375,Accelerometer,-1.0860001,-16.284,-3.8770502
1778964722375,Gyroscope,0.6645375,-0.9483375,2.782725
1778964722399,Accelerometer,1.6180501,-18.97005,-5.2660503
1778964722419,Accelerometer,6.4110003,-20.88105,-6.94395
1778964722438,Accelerometer,8.05395,-20.02395,-6.4459505
1778964722453,Accelerometer,5.8900504,-17.524052,-4.8180003
1778964722454,Gyroscope,-0.2541,-2.6464624,3.4034
1778964722472,Accelerometer,2.0680501,-18.64995,-4.8250504
1778964722496,Accelerometer,-6.12195,-21.456001,0.74805003
1778964722521,Accelerometer,-4.479,-13.356001,-4.46595
1778964722537,Accelerometer,3.7009501,-6.0030003,-3.0289502
1778964722537,Gyroscope,0.698775,1.313125,2.588575
1778964722558,Accelerometer,7.5220504,-2.5860002,-3.28095
1778964722574,Accelerometer,6.2179503,-0.14595,-2.6220002
1778964722594,Accelerometer,3.76305,0.73395,-2.64105
1778964722611,Accelerometer,2.5140002,-0.59205,-1.914
1778964722612,Gyroscope,-0.2932875,1.1713625,-3.2781374
1778964722641,Accelerometer,1.5270001,-3.9079502,-0.22605
1778964722651,Accelerometer,2.523,-6.3520503,-1.07295
1778964722671,Accelerometer,1.59195,-8.389951,-2.5189502
1778964722685,Accelerometer,-1.3620001,-10.71195,-1.5310501
1778964722685,Gyroscope,0.212575,1.0553125,-6.409425
1778964722711,Accelerometer,-2.0680501,-12.11295,-1.09695
1778964722735,Accelerometer,-0.9480001,-13.66695,-3.7240503
1778964722753,Accelerometer,-3.8089502,-20.389952,-4.3170004
1778964722767,Accelerometer,-8.458051,-23.88795,-4.1740503
1778964722768,Gyroscope,-0.3408625,1.104125,-7.2890124
1778964722789,Accelerometer,-5.51595,-19.938002,-4.2840004
1778964722807,Accelerometer,-7.3549504,-22.036951,-3.5970001
1778964722827,Accelerometer,-11.58495,-21.025051,-4.36305
1778964722841,Accelerometer,-18.50205,-15.348001,-4.3219504
1778964722842,Gyroscope,-0.4191,1.2788875,-3.3881376
1778964722866,Accelerometer,-24.39495,-9.4459505,-3.58695
1778964722885,Accelerometer,-24.984001,-8.58405,-4.02495
1778964722904,Accelerometer,-19.53195,-12.336,-1.81305
1778964722919,Accelerometer,-14.36295,-12.22305,-1.2910501
1778964722919,Gyroscope,-0.20405,-0.4131875,3.284875
1778964722943,Accelerometer,-2.736,-12.172951,3.17805
1778964722966,Accelerometer,41.38695,-19.023,6.3289504
1778964722984,Accelerometer,-6.68205,-32.266052,2.09805
1778964723001,Accelerometer,-0.19800001,-14.026051,-3.4840503
1778964723001,Gyroscope,-0.9431125,1.7052749,6.4332123
1778964723020,Accelerometer,-11.422951,-4.25505,-7.392
1778964723041,Accelerometer,-10.984051,2.8140001,-6.3499503
1778964723060,Accelerometer,-6.55695,-3.8770502,-7.8439503
1778964723074,Accelerometer,-9.627001,-14.412001,3.4060502
1778964723075,Gyroscope,-0.0867625,-1.95745,1.47675
1778964723099,Accelerometer,-5.3629503,-15.343051,-5.4949503
1778964723108,Accelerometer,-1.2919501,-8.910001,-4.1449504
1778964723138,Accelerometer,-0.70605004,-8.598001,0.10605001
1778964723152,Accelerometer,-1.67295,-8.69205,-1.47105
1778964723152,Gyroscope,0.1331,0.3993,0.784025
1778964723176,Accelerometer,-2.40105,-10.449,-3.27795
1778964723189,Accelerometer,-2.7120001,-10.38,-2.5740001
1778964723216,Accelerometer,-3.7800002,-9.472051,-3.4150503
1778964723236,Accelerometer,-5.80095,-8.62905,-3.2640002
1778964723237,Gyroscope,0.0378125,-0.922625,0.21835
1778964723254,Accelerometer,-3.3990002,-8.457001,-2.13105
1778964723269,Accelerometer,0.44700003,-9.00105,-1.8900001
1778964723293,Accelerometer,1.2709501,-10.167001,-2.2420502
1778964723307,Accelerometer,-1.266,-9.955951,-2.06205
1778964723308,Gyroscope,-0.0708125,-0.1040875,0.7387875
1778964723332,Accelerometer,-3.83295,-9.276,-2.22495
1778964723351,Accelerometer,-4.254,-8.895,-3.111
1778964723371,Accelerometer,-3.22005,-9.1390505,-2.73195
1778964723385,Accelerometer,-1.2280501,-9.843,-2.5890002
1778964723385,Gyroscope,-0.0207625,-1.1094875,0.7962625
1778964723409,Accelerometer,-1.1010001,-11.361001,-1.7359501
1778964723434,Accelerometer,-0.38700002,-11.028001,-2.6800501
1778964723451,Accelerometer,-0.591,-10.926001,-3.07695
1778964723466,Accelerometer,-1.8600001,-11.93595,-2.421
1778964723466,Gyroscope,0.2981,-0.5011875,2.0912375
1778964723487,Accelerometer,-2.832,-13.49505,-3.6709502
1778964723507,Accelerometer,-2.2720501,-14.517001,-4.3440003
1778964723526,Accelerometer,-1.6560001,-15.192,-3.8719501
1778964723550,Accelerometer,0.25800002,-17.89995,-4.9180503
1778964723550,Gyroscope,0.64625,-1.17425,2.5994375
1778964723571,Accelerometer,4.893,-19.143002,-6.6570005
1778964723584,Accelerometer,8.133,-19.059,-7.2379503
1778964723604,Accelerometer,6.10305,-16.97595,-6.3840003
1778964723618,Accelerometer,0.61995006,-17.127,-5.5150504
1778964723618,Gyroscope,-0.122237496,-3.053325,3.7015
1778964723643,Accelerometer,-5.3239503,-21.87495,-2.26305
1778964723665,Accelerometer,-8.443951,-16.546951,-2.0380502
1778964723682,Accelerometer,1.4620501,-8.038051,-3.6370502
1778964723699,Accelerometer,9.92895,-4.7839503,-3.0990002
1778964723700,Gyroscope,0.4239125,0.9735,0.3991625
1778964723720,Accelerometer,9.129001,-1.4470501,-3.3649502
1778964723740,Accelerometer,5.36805,0.25995,-2.811
1778964723749,Accelerometer,3.69405,-0.93405,-1.0129501
1778964723774,Accelerometer,1.47,-4.6860003,0.049050003
1778964723774,Gyroscope,-0.6524375,2.583625,-3.8083375
1778964723805,Accelerometer,1.8499501,-7.83195,-0.64695
1778964723818,Accelerometer,-0.21495001,-9.481951,-0.31905
1778964723831,Accelerometer,-2.3749502,-10.585951,-0.147
1778964723851,Accelerometer,-2.181,-11.646001,-1.416
1778964723852,Gyroscope,-0.2968625,1.1273625,-6.45095
1778964723876,Accelerometer,-2.83395,-14.493001,-2.163
1778964723897,Accelerometer,-3.9840002,-19.12605,-2.1750002
1778964723916,Accelerometer,-4.467,-20.661001,-2.8950002
1778964723930,Accelerometer,-3.7560003,-21.549002,-3.453
1778964723931,Gyroscope,-0.6622,0.7401625,-6.8968625
1778964723954,Accelerometer,-7.9890003,-22.983002,-2.02095
1778964723973,Accelerometer,-8.872951,-20.875952,-1.7389501
1778964723998,Accelerometer,-13.314001,-17.248951,-1.75995
1778964724016,Accelerometer,-19.056002,-12.894001,-2.56995
1778964724016,Gyroscope,-0.350625,1.230075,-3.0520875
1778964724034,Accelerometer,-23.75595,-9.408,-3.321
1778964724051,Accelerometer,-22.852951,-10.498951,-1.45395
1778964724070,Accelerometer,-17.47995,-11.673,0.13995
1778964724085,Accelerometer,-14.632951,-10.942051,-0.56295
1778964724085,Gyroscope,0.011,0.258775,3.6012626
1778964724109,Accelerometer,-10.696951,-9.594001,-1.4470501
1778964724128,Accelerometer,50.821053,-11.27505,6.63495
1778964724147,Accelerometer,0.32805002,-33.718952,-5.7559505
1778964724162,Accelerometer,-6.77295,-29.421001,-0.20205002
1778964724162,Gyroscope,-1.5235,1.479225,6.8888874
1778964724187,Accelerometer,-3.5119503,-4.9020004,-7.5780005
1778964724206,Accelerometer,-22.206001,3.86505,-3.07995
1778964724228,Accelerometer,-5.7460504,-2.292,-6.3739505
1778964724246,Accelerometer,-3.8809502,-11.586,-1.5880501
1778964724246,Gyroscope,-0.366575,-2.325125,1.0773125
1778964724264,Accelerometer,-2.7889502,-15.511051,-2.301
1778964724284,Accelerometer,-1.10595,-10.578,-4.51905
1778964724303,Accelerometer,-3.5170503,-7.8370504,-3.7669501
1778964724318,Accelerometer,-4.0069504,-8.091001,-1.21695
1778964724318,Gyroscope,0.111237496,0.2270125,0.562925
1778964724342,Accelerometer,-3.6649501,-10.38405,-2.3850002
1778964724362,Accelerometer,-1.0309501,-10.729051,-5.091
1778964724381,Accelerometer,-2.42205,-8.50695,-3.82695
1778964724395,Accelerometer,-7.48605,-8.514,-3.0010502
1778964724396,Gyroscope,0.024475,-1.214675,-0.1505625
1778964724420,Accelerometer,-2.4130502,-9.052951,-2.7439501
1778964724444,Accelerometer,2.4469502,-8.95695,-3.0220501
1778964724463,Accelerometer,2.12295,-8.610001,-2.9290502
1778964724478,Accelerometer,-1.7539501,-9.010051,-2.1720002
1778964724478,Gyroscope,0.0232375,0.0034375,0.6777375
1778964724497,Accelerometer,-3.2050502,-8.365951,-2.187
1778964724517,Accelerometer,-4.491,-7.9950004,-2.22
1778964724536,Accelerometer,-2.76195,-8.22,-2.29905
1778964724551,Accelerometer,-0.95505005,-9.70905,-1.96905
1778964724551,Gyroscope,-0.079475,-0.9079125,0.7497875
1778964724576,Accelerometer,-0.59805006,-12.319051,-2.6850002
1778964724595,Accelerometer,-0.88095003,-11.743951,-3.4960501
1778964724614,Accelerometer,-1.2210001,-10.405951,-3.6880503
1778964724628,Accelerometer,-1.55295,-10.99695,-2.7949502
1778964724628,Gyroscope,0.2272875,-0.36313748,1.7699
1778964724653,Accelerometer,-2.061,-13.107,-3.4630501
1778964724675,Accelerometer,-1.8739501,-14.527051,-4.8829503
1778964724694,Accelerometer,-1.86705,-14.674951,-4.3510504
1778964724709,Accelerometer,-1.5840001,-16.07295,-3.4750502
1778964724709,Gyroscope,0.55715,-1.0814375,2.583625
1778964724730,Accelerometer,1.1580001,-19.56405,-3.9870002
1778964724750,Accelerometer,6.0360003,-19.84905,-6.3289504
1778964724769,Accelerometer,9.273001,-19.420052,-6.5779505
1778964724784,Accelerometer,6.87795,-17.433,-5.3920503
1778964724784,Gyroscope,-0.295625,-2.5779874,3.2555876
1778964724809,Accelerometer,1.71105,-17.68905,-5.0500503
1778964724828,Accelerometer,-2.154,-21.08205,0.35805002
1778964724847,Accelerometer,-6.94005,-15.196951,-5.031
1778964724861,Accelerometer,0.89295006,-8.39505,-3.21405
1778964724861,Gyroscope,0.37015,1.104125,3.0160625
1778964724886,Accelerometer,6.9619503,-4.2720003,-2.6149502
1778964724908,Accelerometer,7.0669503,-1.4470501,-2.0670002
1778964724926,Accelerometer,4.05795,-0.13695,-2.2680001
1778964724942,Accelerometer,3.55995,-0.273,-1.83
1778964724942,Gyroscope,0.089237496,1.38765,-3.2439
1778964724964,Accelerometer,2.6860502,-3.1009502,-1.4440501
1778964724983,Accelerometer,2.01795,-6.3690004,-2.4810002
1778964725003,Accelerometer,0.18405001,-8.280001,-3.762
1778964725017,Accelerometer,-0.75795,-10.080001,-4.38
1778964725018,Gyroscope,0.8405375,1.550175,-6.5559998
1778964725032,Accelerometer,-1.5960001,-12.027,-3.6210003
1778964725061,Accelerometer,-1.932,-13.710001,-6.5730004
1778964725080,Accelerometer,-1.8360001,-20.347052,-7.97805
1778964725095,Accelerometer,-7.7830505,-25.246052,-7.9810505
1778964725095,Gyroscope,-0.5033875,1.13355,-7.5651126
1778964725112,Accelerometer,-7.3330503,-22.147951,-7.38705
1778964725139,Accelerometer,-10.87005,-20.875952,-5.9599504
1778964725160,Accelerometer,-15.184051,-18.843,-5.7180004
1778964725175,Accelerometer,-18.948,-14.151001,-4.1950502
1778964725175,Gyroscope,-0.648725,-0.2409,-3.5041876
1778964725195,Accelerometer,-22.27305,-8.79195,-3.9970503
1778964725216,Accelerometer,-22.438951,-10.00605,-1.7359501
1778964725236,Accelerometer,-16.261051,-13.576051,-0.14400001
1778964725262,Accelerometer,-12.723001,-12.015,-0.81900007
1778964725262,Gyroscope,-0.3493875,-0.5988125,2.9635375
1778964725278,Accelerometer,-4.57695,-12.23295,7.5720005
1778964725294,Accelerometer,38.95695,-25.85205,11.223001
1778964725313,Accelerometer,-3.0310502,-27.754951,-4.092
1778964725328,Accelerometer,-3.6000001,-13.036951,-4.605
1778964725328,Gyroscope,-1.1556875,2.5933876,6.680025
1778964725353,Accelerometer,-10.944,-5.0400004,-3.0870001
1778964725373,Accelerometer,-13.077001,7.9600506,-14.433001
1778964725391,Accelerometer,-3.5740502,-3.8220003,-8.500051
1778964725407,Accelerometer,-11.724001,-17.43795,5.21295
1778964725407,Gyroscope,-0.011,-2.69775,1.3704625
1778964725430,Accelerometer,-5.3200502,-16.54305,-5.67
1778964725444,Accelerometer,1.9960501,-7.6789503,-3.5659502
1778964725469,Accelerometer,0.85200006,-7.80105,2.56305
1778964725491,Accelerometer,0.90195006,-8.467051,-2.6530502
1778964725492,Gyroscope,-0.063525,1.252075,1.1847
1778964725511,Accelerometer,-2.1349502,-10.5070505,-4.119
1778964725527,Accelerometer,-7.3309503,-11.03295,-3.7450502
1778964725546,Accelerometer,-6.9310503,-7.8580503,-4.6860003
1778964725561,Accelerometer,-4.7070003,-7.9210505,-3.6400502
1778964725562,Gyroscope,-0.085525,-1.6055875,-0.375375
1778964725585,Accelerometer,-0.90900004,-8.62905,-2.1409502
1778964725605,Accelerometer,3.21,-10.252951,-2.6100001
1778964725624,Accelerometer,2.1019502,-10.320001,-2.91
1778964725641,Accelerometer,-2.42205,-9.228001,-2.6560502
1778964725641,Gyroscope,-0.033,0.1122,0.6142125
1778964725663,Accelerometer,-4.596,-8.598001,-2.53395
1778964725672,Accelerometer,-4.29705,-9.337951,-3.3330002
1778964725702,Accelerometer,-2.02305,-9.975,-4.248
1778964725724,Accelerometer,-0.28695002,-9.967951,-3.6780002
1778964725725,Gyroscope,-0.100237496,-1.3563,0.4626875
1778964725745,Accelerometer,-0.022950001,-10.36995,-2.196
1778964725753,Accelerometer,0.33,-10.428,-2.18895
1778964725780,Accelerometer,-0.23595001,-10.23795,-3.7740002
1778964725794,Accelerometer,-2.3700001,-11.78505,-3.2760003
1778964725795,Gyroscope,0.1722875,-0.7198125,1.78585
1778964725819,Accelerometer,-2.8990502,-12.558001,-3.42
1778964725839,Accelerometer,-1.6009501,-13.071001,-3.5490003
1778964725857,Accelerometer,-0.61200005,-14.72805,-3.8100002
1778964725872,Accelerometer,-0.53595,-17.256,-3.4650002
1778964725872,Gyroscope,0.57915,-0.7918625,2.506625
1778964725896,Accelerometer,0.52395004,-16.987951,-4.104
1778964725913,Accelerometer,2.5879502,-16.531052,-6.2419505
1778964725936,Accelerometer,5.4079504,-17.75205,-6.8770504
1778964725957,Accelerometer,5.6670003,-18.241951,-5.6800504
1778964725958,Gyroscope,-0.088,-2.5474625,2.6508625
1778964725977,Accelerometer,2.25495,-17.230051,-5.064
1778964725993,Accelerometer,-2.595,-21.250051,-1.81305
1778964726013,Accelerometer,-7.45305,-17.766,-1.4299501
1778964726027,Accelerometer,-3.0619502,-11.821051,-2.436
1778964726028,Gyroscope,0.0402875,1.2068375,4.0436
1778964726052,Accelerometer,5.748,-6.1200004,-3.3310502
1778964726072,Accelerometer,8.98995,-3.0940502,-2.637
1778964726090,Accelerometer,6.1000504,-1.0009501,-2.9550002
1778964726105,Accelerometer,4.48605,-0.31905,-2.9220002
1778964726105,Gyroscope,-0.5974375,1.1066,-2.1847374
1778964726129,Accelerometer,2.19495,-1.8370501,-1.7989501
1778964726153,Accelerometer,0.73905003,-4.58295,-0.81900007
1778964726170,Accelerometer,1.2900001,-6.261,-1.6290001
1778964726186,Accelerometer,0.73695004,-7.155,-2.42805
1778964726186,Gyroscope,0.1417625,1.4609375,-5.6714625
1778964726207,Accelerometer,-1.06005,-9.604051,-2.505
1778964726227,Accelerometer,-1.5700501,-10.935,-2.56695
1778964726246,Accelerometer,-1.371,-12.046051,-3.4960501
1778964726260,Accelerometer,-1.9270501,-17.28705,-3.9970503
1778964726261,Gyroscope,-0.5069625,0.3210625,-7.2450123
1778964726285,Accelerometer,-4.5529504,-22.54305,-4.19805
1778964726305,Accelerometer,-7.8930006,-22.95705,-4.215
1778964726322,Accelerometer,-9.093,-22.174051,-3.4770002
1778964726338,Accelerometer,-10.398001,-20.605951,-2.9980502
1778964726339,Gyroscope,-0.54614997,0.41387498,-5.195025
1778964726362,Accelerometer,-14.461051,-16.22895,-2.1460502
1778964726386,Accelerometer,-20.32905,-10.167001,-1.401
1778964726394,Accelerometer,-24.487951,-8.497951,-1.5310501
1778964726416,Accelerometer,-18.747002,-12.88395,0.015000001
1778964726417,Gyroscope,0.0072875,-0.27995,1.672275
1778964726442,Accelerometer,-14.458951,-13.071001,-0.25695002
1778964726459,Accelerometer,-12.352051,-11.826,-0.76905006
1778964726474,Accelerometer,3.45195,-12.786,4.37505
1778964726494,Accelerometer,31.354952,-20.586,-0.597
1778964726494,Gyroscope,1.8313625,-1.0619125,-2.069925
1778964726518,Accelerometer,-8.868,-24.805052,0.312
1778964726537,Accelerometer,3.246,-12.70005,-3.42705
1778964726554,Accelerometer,-15.150001,-5.1480002,-8.754001
1778964726571,Accelerometer,-14.799001,-4.755,-3.8389502
1778964726571,Gyroscope,-0.5204375,0.94655,3.0905874
1778964726596,Accelerometer,-4.5679502,-8.095051,-5.98605
1778964726619,Accelerometer,-4.434,-11.644051,-0.71595
1778964726638,Accelerometer,-3.6000001,-11.943001,-3.28095
1778964726652,Accelerometer,-1.02405,-8.347051,-4.5090003
1778964726652,Gyroscope,-0.173525,-1.4540625,0.8793125
1778964726673,Accelerometer,-3.05205,-8.44995,-2.1100502
1778964726693,Accelerometer,-1.8570001,-9.714001,-2.424
1778964726712,Accelerometer,-0.73395,-10.830001,-3.55605
1778964726727,Accelerometer,-1.6110001,-10.000951,-4.2840004
1778964726727,Gyroscope,0.0818125,0.2270125,0.6032125
1778964726752,Accelerometer,-3.4830003,-8.668051,-4.116
1778964726770,Accelerometer,-4.467,-8.13105,-3.039
1778964726790,Accelerometer,-0.75600004,-8.239051,-2.6200502
1778964726804,Accelerometer,0.98805004,-9.39105,-2.39205
1778964726804,Gyroscope,0.0317625,-0.704,0.2110625
1778964726829,Accelerometer,-0.61200005,-10.557,-2.43105
1778964726850,Accelerometer,-2.80605,-10.116,-2.6220002
1778964726867,Accelerometer,-2.69295,-8.62005,-2.6220002
1778964726883,Accelerometer,-1.55295,-7.8940506,-2.2030501
1778964726884,Gyroscope,-0.013475,-0.740575,0.5654
1778964726906,Accelerometer,-0.29205,-8.943001,-2.76795
1778964726926,Accelerometer,-1.041,-11.566951,-2.9310002
1778964726945,Accelerometer,-1.14405,-11.457001,-3.4390502
1778964726955,Accelerometer,-0.74205005,-10.236,-4.4110503
1778964726968,Gyroscope,0.1343375,-0.605,1.5146999
1778964726986,Accelerometer,-1.434,-11.48295,-3.2620502
1778964727003,Accelerometer,-1.7400001,-12.57495,-2.4090002
1778964727023,Accelerometer,-1.4100001,-13.612051,-4.164
1778964727035,Accelerometer,-0.91395,-14.332951,-4.8559504
1778964727037,Gyroscope,0.493625,-0.7148625,2.5188625
1778964727062,Accelerometer,-1.08405,-15.115951,-4.428
1778964727082,Accelerometer,-0.025950002,-18.184952,-4.2169504
1778964727101,Accelerometer,3.5689502,-18.535051,-5.97195
1778964727118,Accelerometer,7.1269503,-19.291052,-6.55905
1778964727118,Gyroscope,0.21505,-2.1418376,2.8829625
1778964727140,Accelerometer,6.7510505,-18.111,-5.2780504
1778964727159,Accelerometer,3.32505,-17.92395,-4.35795
1778964727183,Accelerometer,0.41400003,-21.85095,-2.433
1778964727201,Accelerometer,-6.0379505,-18.12495,-2.90505
1778964727201,Gyroscope,0.488675,0.3370125,3.7907374
1778964727221,Accelerometer,-0.56700003,-9.151051,-1.6189501
1778964727236,Accelerometer,4.7310004,-3.7759502,-4.65
1778964727256,Accelerometer,7.2640505,-1.626,-2.4790502
1778964727271,Accelerometer,4.3980002,0.53295004,-2.946
1778964727271,Gyroscope,-0.0512875,0.8782125,-2.369125
1778964727296,Accelerometer,3.7489502,1.0570501,-3.0870001
1778964727317,Accelerometer,2.6190002,-1.2240001,-1.4250001
1778964727336,Accelerometer,1.5409501,-4.59495,-0.50595003
1778964727348,Accelerometer,1.0510501,-7.7119503,-1.02495
1778964727348,Gyroscope,-0.1648625,1.6185125,-5.3233123
1778964727373,Accelerometer,0.35205,-9.096001,-1.626
1778964727392,Accelerometer,-0.294,-11.160001,-2.25795
1778964727415,Accelerometer,0.06705,-12.73095,-2.32305
1778964727434,Accelerometer,-0.91605,-15.975,-3.2760003
1778964727434,Gyroscope,-0.60101247,0.7865,-7.3733
1778964727452,Accelerometer,-2.559,-24.72105,-4.39905
1778964727470,Accelerometer,-7.2130504,-27.268951,-3.8070002
1778964727489,Accelerometer,-8.394,-24.123001,-2.187
1778964727504,Accelerometer,-6.8299503,-21.07695,-1.7530501
1778964727504,Gyroscope,-0.3298625,1.1836,-5.3904123
1778964727528,Accelerometer,-12.691951,-17.826,-3.6690001
1778964727549,Accelerometer,-24.744001,-11.875951,-2.124
1778964727567,Accelerometer,-27.249,-7.9450502,-3.4080002
1778964727581,Accelerometer,-22.258951,-12.195001,-1.8270001
1778964727582,Gyroscope,0.124575,-0.3642375,1.4840375
1778964727601,Accelerometer,-16.795052,-12.08895,-1.6000501
1778964727625,Accelerometer,-14.655001,-11.497951,-2.04495
1778964727648,Accelerometer,0.66300005,-11.743951,3.1969502
1778964727666,Accelerometer,34.60905,-23.698952,-2.96895
1778964727666,Gyroscope,1.8546,-1.7326375,-2.247025
1778964727686,Accelerometer,-11.0130005,-32.086052,-0.04605
1778964727703,Accelerometer,-1.1029501,-14.835001,-1.7820001
1778964727722,Accelerometer,-7.2570004,1.65795,-5.1220503
1778964727737,Accelerometer,-19.27095,3.82905,-9.02505
1778964727737,Gyroscope,-1.0481625,0.2490125,2.566575
1778964727756,Accelerometer,-5.2000504,-8.29905,-2.3110502
1778964727781,Accelerometer,-4.458,-19.195051,-3.072
1778964727800,Accelerometer,-3.6409502,-12.814951,-4.131
1778964727815,Accelerometer,-0.47805002,-6.6919503,-4.6069503
1778964727815,Gyroscope,-0.1612875,-1.485825,1.0478874
1778964727836,Accelerometer,-1.7329501,-7.392,-1.75995
1778964727858,Accelerometer,-3.8590503,-10.662001,-2.11995
1778964727882,Accelerometer,-1.04805,-11.707951,-4.60995
1778964727899,Accelerometer,-1.5319501,-9.20205,-4.39395
1778964727899,Gyroscope,0.154,-0.6917625,0.1610125
1778964727918,Accelerometer,-6.8970003,-8.136001,-3.4320002
1778964727936,Accelerometer,-1.7590501,-8.85,-2.16
1778964727955,Accelerometer,1.6350001,-9.181951,-2.08095
1778964727970,Accelerometer,1.6879501,-9.352051,-2.5099502
1778964727970,Gyroscope,-0.0232375,-0.495,0.2941125
1778964727994,Accelerometer,-0.52095,-9.349951,-2.6179502
1778964728014,Accelerometer,-2.463,-8.875951,-2.6749501
1778964728033,Accelerometer,-2.8939502,-8.34195,-3.17805
1778964728048,Accelerometer,-1.8190501,-8.0140505,-2.196
1778964728048,Gyroscope,-0.050049998,-0.6782875,0.799975
1778964728072,Accelerometer,-1.1890501,-9.843,-2.0310001
1778964728095,Accelerometer,-1.8019501,-12.630001,-1.9570501
1778964728115,Accelerometer,-0.88095003,-11.055,-2.66505
1778964728129,Accelerometer,0.112050004,-9.609,-4.25505
1778964728129,Gyroscope,0.1368125,-0.3399,1.617275
1778964728149,Accelerometer,-0.675,-11.22,-3.0559502
1778964728169,Accelerometer,-2.04405,-12.795001,-1.8730501
1778964728189,Accelerometer,-1.6510501,-14.1,-4.9180503
1778964728204,Accelerometer,-1.5289501,-15.199051,-5.33505
1778964728205,Gyroscope,0.4191,-0.3936625,2.5603874
1778964728228,Accelerometer,-1.8859501,-15.58695,-5.6389503
1778964728237,Accelerometer,0.61305004,-18.556051,-5.9340005
1778964728267,Accelerometer,6.37095,-21.915,-7.6170006
1778964728281,Accelerometer,9.423,-20.091002,-6.156
1778964728281,Gyroscope,0.0977625,-2.6184125,2.8719625
1778964728305,Accelerometer,8.78205,-18.393002,-2.1360002
1778964728317,Accelerometer,5.87505,-19.449001,-0.87900007
1778964728344,Accelerometer,-4.48395,-22.356,0.18300001
1778964728364,Accelerometer,-8.62395,-14.94795,-5.1720004
1778964728364,Gyroscope,-0.2052875,0.9453125,5.078425
1778964728382,Accelerometer,4.05495,-6.2779503,-3.9630003
1778964728397,Accelerometer,12.748951,-3.42405,-3.8119502
1778964728422,Accelerometer,7.9990506,-1.8250501,-5.18895
1778964728436,Accelerometer,6.9960003,-1.75995,-3.35295
1778964728437,Gyroscope,-0.643775,-0.047849998,-2.8664625
1778964728461,Accelerometer,5.334,-4.368,-0.171
1778964728480,Accelerometer,0.261,-8.481,-0.14205001
1778964728500,Accelerometer,0.33,-9.481951,-1.6309501
1778964728514,Accelerometer,-1.455,-11.425951,-1.8919501
1778964728514,Gyroscope,0.146575,0.905025,-6.6317625
1778964728538,Accelerometer,-2.20005,-13.285951,-2.6149502
1778964728560,Accelerometer,-0.88995004,-15.127951,-4.52295
1778964728578,Accelerometer,-1.2250501,-19.369951,-4.401
1778964728595,Accelerometer,-5.7460504,-22.29405,-4.629
1778964728596,Gyroscope,-0.32381248,2.318525,-6.8809123
1778964728616,Accelerometer,-6.9930005,-22.831951,-4.8130503
1778964728635,Accelerometer,-8.18595,-22.167002,-4.0129504
1778964728655,Accelerometer,-9.97605,-20.02605,-3.8530502
1778964728679,Accelerometer,-12.261001,-16.015951,-4.938
1778964728679,Gyroscope,-0.2651,1.17755,-4.3593
1778964728700,Accelerometer,-15.720001,-13.69095,-4.28205
1778964728713,Accelerometer,-19.288052,-10.842001,-4.63605
1778964728733,Accelerometer,-19.906052,-10.674001,-3.8239503
1778964728747,Accelerometer,-18.67995,-10.87005,-2.67
1778964728747,Gyroscope,-0.1368125,-0.10285,1.5879875
1778964728771,Accelerometer,-17.101952,-9.68805,-2.7799501
1778964728792,Accelerometer,-15.076051,-9.823951,-1.6170001
1778964728810,Accelerometer,-13.08705,-8.863951,-1.5810001
1778964728827,Accelerometer,-5.6599503,-6.2179503,2.742
1778964728827,Gyroscope,-0.157575,-0.46695,2.9550126
1778964728849,Accelerometer,54.50595,-8.998051,2.1010501
1778964728868,Accelerometer,8.808001,-55.88505,-11.170051
1778964728878,Accelerometer,-28.29495,-26.46705,2.163
1778964728903,Accelerometer,-9.184051,13.01595,-4.95405
1778964728903,Gyroscope,0.143,1.633225,2.145
1778964728934,Accelerometer,-11.24295,-0.52695,-9.07695
1778964728946,Accelerometer,-0.07395,-10.417951,-1.7389501
1778964728958,Accelerometer,3.7200003,-15.59895,-4.8130503
1778964728980,Accelerometer,1.02705,-14.77305,-3.01005
1778964728981,Gyroscope,-0.24805,-1.3600125,1.2727
1778964729005,Accelerometer,-6.57705,-6.0340505,-2.3089502
1778964729025,Accelerometer,-3.6649501,-6.1369505,-2.62695
1778964729044,Accelerometer,-0.109950006,-10.722,-3.4440002
1778964729061,Accelerometer,-1.8529501,-13.111951,-3.6690001
1778964729062,Gyroscope,-0.050049998,0.104775,0.7792125
1778964729082,Accelerometer,-5.3580003,-8.301001,-5.2579503
1778964729101,Accelerometer,-5.118,-6.6850505,-3.903
1778964729125,Accelerometer,0.47100002,-9.075001,-3.0529501
1778964729144,Accelerometer,2.94495,-10.879951,-2.87595
1778964729144,Gyroscope,0.0097624995,-0.6623375,0.22935
1778964729162,Accelerometer,0.60300004,-9.472051,-1.96395
1778964729179,Accelerometer,-2.013,-8.835,-2.163
1778964729199,Accelerometer,-3.7510502,-9.27795,-3.4339502
1778964729213,Accelerometer,-3.49305,-9.312,-4.06395
1778964729214,Gyroscope,-0.185625,-0.966625,0.4346375
1778964729238,Accelerometer,-1.659,-8.977051,-3.039
1778964729257,Accelerometer,1.1029501,-8.90505,-1.7010001
1778964729276,Accelerometer,1.94895,-9.949051,-2.86695
1778964729292,Accelerometer,1.1389501,-11.27295,-3.3430502
1778964729292,Gyroscope,0.002475,-0.08085,1.6955125
1778964729315,Accelerometer,-2.01105,-10.255051,-4.16895
1778964729335,Accelerometer,-4.22295,-9.783,-4.6410003
1778964729358,Accelerometer,-3.9880502,-10.899,-4.04505
1778964729375,Accelerometer,-1.764,-13.143001,-3.7090502
1778964729376,Gyroscope,0.107525,-0.95315,2.0741875
1778964729395,Accelerometer,-0.30105,-15.705001,-3.63
1778964729413,Accelerometer,0.261,-17.292002,-2.49795
1778964729432,Accelerometer,1.09605,-19.626001,-3.183
1778964729446,Accelerometer,4.32105,-21.954,-6.7879505
1778964729447,Gyroscope,0.18205,-1.341725,2.986775
1778964729471,Accelerometer,6.8089504,-21.18,-5.8450503
1778964729491,Accelerometer,8.52105,-20.605951,-4.1470504
1778964729510,Accelerometer,2.25705,-19.369951,-1.7389501
1778964729524,Accelerometer,-5.90595,-23.82105,0.87705004
1778964729524,Gyroscope,0.482625,-0.99715,4.1364126
1778964729549,Accelerometer,-6.5809503,-13.750951,-4.7200503
1778964729568,Accelerometer,4.2660003,-7.6210504,-2.9530501
1778964729591,Accelerometer,9.579,-4.413,-3.7189503
1778964729608,Accelerometer,8.868,-1.743,-3.0010502
1778964729608,Gyroscope,0.3531,0.0950125,-1.8976375
1778964729628,Accelerometer,4.8700504,-0.95595,-2.397
1778964729646,Accelerometer,4.3840504,-1.71,-1.4989501
1778964729665,Accelerometer,2.6880002,-4.3050003,-1.2859501
1778964729680,Accelerometer,2.2380002,-6.2569504,-2.02905
1778964729680,Gyroscope,0.7855375,1.6185125,-4.9396873
1778964729704,Accelerometer,0.65805006,-7.35795,-3.2569501
1778964729724,Accelerometer,-1.63995,-10.012951,-3.2329502
1778964729743,Accelerometer,-1.7209501,-11.392051,-3.51795
1778964729757,Accelerometer,-1.6279501,-13.594951,-5.37795
1778964729757,Gyroscope,0.1233375,0.90145,-7.1814876
1778964729782,Accelerometer,-3.5430002,-19.195051,-5.5939503
1778964729805,Accelerometer,-6.3180003,-22.819952,-5.8500004
1778964729822,Accelerometer,-5.47305,-21.559052,-5.99595
1778964729840,Accelerometer,-11.401051,-22.774952,-4.71705
1778964729840,Gyroscope,-0.3799125,1.8115625,-5.5077
1778964729859,Accelerometer,-13.342951,-18.98895,-5.3110504
1778964729879,Accelerometer,-18.361052,-14.562,-4.7959504
1778964729898,Accelerometer,-25.183052,-8.371051,-5.5909505
1778964729913,Accelerometer,-25.353,-8.491051,-2.70795
1778964729913,Gyroscope,-0.0378125,0.31735,0.3711125
1778964729937,Accelerometer,-17.455952,-11.887951,-1.5259501
1778964729956,Accelerometer,-13.917001,-11.3209505,-2.5189502
1778964729976,Accelerometer,-9.09105,-10.03695,-3.8359501
1778964729990,Accelerometer,46.40805,-15.714001,7.04505
1778964729991,Gyroscope,1.6517875,0.82445,-0.56595
1778964730015,Accelerometer,-4.8310504,-37.105053,0.38595003
1778964730039,Accelerometer,-7.7550006,-23.440052,-0.882
1778964730057,Accelerometer,-7.7779503,-3.62295,-1.93305
1778964730072,Accelerometer,-14.86305,7.9600506,-5.9479504
1778964730072,Gyroscope,-0.8075375,0.727925,2.8144875
1778964730092,Accelerometer,-5.4079504,-4.67595,-3.7480502
1778964730112,Accelerometer,-3.9120002,-15.250051,-0.69495004
1778964730131,Accelerometer,-4.6320004,-17.721,-5.4690003
1778964730146,Accelerometer,-3.1909502,-7.5880504,-3.0679502
1778964730146,Gyroscope,-0.0317625,-0.7503375,1.5965124
1778964730161,Accelerometer,-3.7750502,-7.3290005,-1.9470001
1778964730190,Accelerometer,-3.8230503,-8.67,-1.8940501
1778964730209,Accelerometer,-3.9310503,-10.759951,-2.0640001
1778964730223,Accelerometer,-3.0900002,-10.288951,-2.1649501
1778964730223,Gyroscope,0.0427625,0.2440625,0.4236375
1778964730241,Accelerometer,-2.5489502,-9.534,-2.9170501
1778964730268,Accelerometer,-3.5170503,-9.25905,-2.24895
1778964730287,Accelerometer,-2.9350502,-8.56995,-1.93305
1778964730305,Accelerometer,-0.82995003,-8.589001,-1.91805
1778964730305,Gyroscope,-0.1551,-0.80905,0.1255375
1778964730325,Accelerometer,0.23400001,-9.024,-2.1360002
1778964730345,Accelerometer,-1.74705,-9.81,-2.32095
1778964730365,Accelerometer,-3.1620002,-9.63,-2.4190502
1778964730388,Accelerometer,-2.12295,-8.389951,-2.77305
1778964730388,Gyroscope,-0.0427625,-0.740575,0.512875
1778964730407,Accelerometer,-0.651,-8.3880005,-2.4019501
1778964730423,Accelerometer,-1.161,-10.938001,-1.8900001
1778964730442,Accelerometer,-1.491,-12.43605,-2.3160002
1778964730457,Accelerometer,-0.62205005,-11.48295,-3.4440002
1778964730457,Gyroscope,0.1563375,-0.54395,1.4755125
1778964730481,Accelerometer,-0.68700004,-11.497951,-2.5459502
1778964730502,Accelerometer,-1.17495,-12.384001,-2.043
1778964730521,Accelerometer,-1.7070001,-14.586,-4.42005
1778964730536,Accelerometer,-1.1370001,-16.15905,-4.7719502
1778964730537,Gyroscope,0.5924875,-0.7601,2.7179625
1778964730559,Accelerometer,-0.92595005,-16.240952,-4.119
1778964730578,Accelerometer,1.33305,-19.36095,-5.18895
1778964730603,Accelerometer,6.162,-22.215,-7.0009503
1778964730620,Accelerometer,8.6310005,-21.208952,-6.405
1778964730620,Gyroscope,0.355575,-2.1027875,2.969725
1778964730640,Accelerometer,7.5420003,-18.429,-4.96605
1778964730656,Accelerometer,2.12805,-19.40595,-5.1790504
1778964730675,Accelerometer,-7.5990005,-20.41905,-0.57795
1778964730690,Accelerometer,-4.7380505,-12.405001,-4.9999504
1778964730690,Gyroscope,0.3128125,2.268475,4.61285
1778964730714,Accelerometer,4.4599504,-6.4339504,-4.2259502
1778964730736,Accelerometer,5.97795,-3.6400502,-3.8890502
1778964730753,Accelerometer,5.1589503,-0.50295,-3.6540003
1778964730769,Accelerometer,4.1940002,0.82695,-3.62595
1778964730770,Gyroscope,-0.1368125,0.9967375,-2.429075
1778964730792,Accelerometer,2.77005,-0.003,-2.1390002
1778964730801,Accelerometer,0.88305,-2.838,-0.47700003
1778964730831,Accelerometer,0.34905002,-5.68695,-1.34595
1778964730850,Accelerometer,0.01905,-7.0870504,-1.914
1778964730851,Gyroscope,0.2871,0.9735,-5.9830375
1778964730873,Accelerometer,0.99105006,-8.971951,-3.1750503
1778964730884,Accelerometer,1.51995,-10.959001,-2.36595
1778964730908,Accelerometer,-0.85395,-14.055,-2.9910002
1778964730923,Accelerometer,-0.31800002,-21.762001,-5.1220503
1778964730924,Gyroscope,-0.549725,1.7285125,-7.4245872
1778964730948,Accelerometer,-6.9310503,-28.67205,-6.25395
1778964730968,Accelerometer,-10.113001,-24.76905,-5.3370004
1778964730986,Accelerometer,-9.78705,-21.61395,-5.4210005
1778964731002,Accelerometer,-14.550001,-20.493,-6.69495
1778964731003,Gyroscope,-0.212575,1.893375,-4.631825
1778964731025,Accelerometer,-21.61305,-15.003,-5.1150002
1778964731042,Accelerometer,-27.148052,-7.734,-5.82105
1778964731064,Accelerometer,-25.705051,-9.004951,-2.91195
1778964731084,Accelerometer,-19.338001,-14.112,-0.07005
1778964731084,Gyroscope,-0.1087625,-1.3820125,1.9581375
1778964731105,Accelerometer,-14.976001,-12.336,-0.9799501
1778964731122,Accelerometer,-12.117001,-10.8490505,-1.2790501
1778964731142,Accelerometer,58.152004,-12.621,9.67395
1778964731156,Accelerometer,0.16995001,-27.10905,-0.49905002
1778964731157,Gyroscope,-0.444675,-1.52735,2.0106626
1778964731181,Accelerometer,-2.628,-25.168951,-3.31905
1778964731201,Accelerometer,-1.32105,-8.931001,-5.87895
1778964731219,Accelerometer,-23.607,1.6030501,-7.0090504
1778964731233,Accelerometer,-8.820001,-2.73195,-4.93305
1778964731234,Gyroscope,-0.6842,-0.1186625,2.3722875
1778964731258,Accelerometer,-5.8440003,-10.99695,-2.5860002
1778964731278,Accelerometer,-2.8870502,-15.40305,-4.2379503
1778964731299,Accelerometer,-0.36795002,-10.875001,-2.505
1778964731316,Accelerometer,-0.50895,-7.5450006,-3.0289502
1778964731317,Gyroscope,-0.1881,-0.9739125,1.06865
1778964731336,Accelerometer,-3.5650501,-7.7959504,-2.46405
1778964731355,Accelerometer,-3.8950503,-9.81,-2.9580002
1778964731375,Accelerometer,-3.05205,-10.783951,-2.77605
1778964731389,Accelerometer,-2.41995,-10.099951,-3.7450502
1778964731390,Gyroscope,-0.088,0.0499125,0.3980625
1778964731414,Accelerometer,-3.2290502,-8.55,-4.2670503
1778964731435,Accelerometer,-4.1730003,-8.20605,-3.86295
1778964731450,Accelerometer,-0.65295005,-8.586,-2.84295
1778964731467,Accelerometer,2.32395,-9.192,-2.187
1778964731467,Gyroscope,-0.0672375,-0.784575,0.110825
1778964731491,Accelerometer,-0.36105,-9.8220005,-2.00895
1778964731516,Accelerometer,-2.79795,-10.05405,-2.9890501
1778964731523,Accelerometer,-1.9480501,-8.42595,-3.3450003
1778964731545,Accelerometer,-0.99105006,-7.8150005,-2.88105
1778964731545,Gyroscope,-0.0793375,-0.91162497,0.5861625
1778964731572,Accelerometer,-0.35895002,-10.279051,-2.09295
1778964731588,Accelerometer,-0.483,-12.28995,-2.8620002
1778964731603,Accelerometer,0.21000001,-10.554001,-3.93405
1778964731623,Accelerometer,-0.60300004,-9.949051,-4.55205
1778964731623,Gyroscope,0.1332375,-0.5487625,1.8005625
1778964731647,Accelerometer,-1.8360001,-11.136001,-2.5840502
1778964731666,Accelerometer,-2.3749502,-12.637051,-3.7050002
1778964731684,Accelerometer,-1.7539501,-14.553,-5.44995
1778964731700,Accelerometer,-1.4140501,-15.858001,-4.53105
1778964731700,Gyroscope,0.427625,-0.9471,2.671625
1778964731724,Accelerometer,-1.4119501,-17.167051,-3.70005
1778964731747,Accelerometer,1.434,-19.594952,-4.25805
1778964731766,Accelerometer,5.40105,-20.08605,-5.66295
1778964731782,Accelerometer,7.7430005,-19.498951,-5.4739504
1778964731782,Gyroscope,-0.0818125,-2.1712625,3.0357249
1778964731802,Accelerometer,8.571,-18.594002,-3.5850003
1778964731821,Accelerometer,2.14995,-17.15505,-2.97405
1778964731841,Accelerometer,-2.2380002,-19.147951,0.94695
1778964731856,Accelerometer,-9.739051,-15.73305,-4.9999504
1778964731856,Gyroscope,0.3042875,0.5911125,4.1108375
1778964731880,Accelerometer,1.02195,-7.7700005,-3.2569501
1778964731900,Accelerometer,7.0459504,-4.854,-2.77095
1778964731919,Accelerometer,8.190001,-1.6330501,-2.62695
1778964731933,Accelerometer,4.017,0.003,-3.01305
1778964731933,Gyroscope,0.1087625,0.711975,-2.29955
1778964731958,Accelerometer,3.4350002,0.17595,-2.35905
1778964731981,Accelerometer,2.33205,-2.6920502,-1.69305
1778964732000,Accelerometer,0.78705,-5.4349504,-0.92700005
1778964732012,Accelerometer,0.58905005,-6.67605,-2.043
1778964732013,Gyroscope,0.261525,1.153075,-5.9940376
1778964732035,Accelerometer,-0.39405003,-9.309,-1.5469501
1778964732055,Accelerometer,-0.061950002,-11.59605,-1.49205
1778964732074,Accelerometer,-0.43800002,-13.23795,-2.436
1778964732084,Accelerometer,-1.4790001,-19.25805,-3.9769502
1778964732098,Gyroscope,-0.6914875,0.45787498,-7.541875
1778964732114,Accelerometer,-5.13,-26.33805,-3.42195
1778964732132,Accelerometer,-8.09895,-26.44305,-2.7589502
1778964732152,Accelerometer,-8.11095,-23.650951,-1.4299501
1778964732164,Accelerometer,-10.08195,-21.42,-1.9759501
1778964732166,Gyroscope,-0.0977625,1.412125,-4.5401125
1778964732191,Accelerometer,-17.313002,-13.960951,-4.18095
1778964732213,Accelerometer,-26.325,-7.7790003,-4.25805
1778964732231,Accelerometer,-24.285002,-8.445001,-4.24305
1778964732246,Accelerometer,-19.543951,-12.408001,-2.6869502
1778964732246,Gyroscope,-0.0037125,-0.8028625,1.9996625
1778964732268,Accelerometer,-14.854051,-10.839001,-2.364
1778964732288,Accelerometer,-12.663001,-10.104,-1.54005
1778964732313,Accelerometer,17.914051,-12.793051,10.191001
1778964732329,Accelerometer,13.432051,-29.587051,-6.9559503
1778964732329,Gyroscope,0.9065375,-2.496175,-1.0949125
1778964732350,Accelerometer,-8.71695,-26.31105,-0.63495004
1778964732366,Accelerometer,-0.48495004,-8.601001,-6.4410005
1778964732385,Accelerometer,-30.783,-1.8510001,-10.581
1778964732399,Accelerometer,-6.2389503,-4.176,-2.22705
1778964732400,Gyroscope,-0.5302,0.16225,2.2342374
1778964732424,Accelerometer,-6.31995,-10.600051,-4.15005
1778964732445,Accelerometer,-2.1019502,-11.9740505,-0.43905002
1778964732463,Accelerometer,-0.38505003,-10.861051,-4.42995
1778964732479,Accelerometer,-1.09095,-9.307051,-3.3120003
1778964732480,Gyroscope,-0.1978625,-1.187725,0.8342125
1778964732501,Accelerometer,-4.58895,-8.943001,-1.5619501
1778964732521,Accelerometer,-3.3990002,-9.939,-2.2780502
1778964732543,Accelerometer,-0.81795,-10.70505,-2.35905
1778964732562,Accelerometer,-0.105000004,-9.604051,-4.30305
1778964732562,Gyroscope,-0.01705,-0.0748,0.5836875
1778964732582,Accelerometer,-5.439,-8.29395,-2.6440501
1778964732599,Accelerometer,-5.4630003,-8.10705,-2.352
1778964732618,Accelerometer,0.72495,-9.019951,-1.8319501
1778964732632,Accelerometer,2.49,-9.331051,-2.0719502
1778964732633,Gyroscope,-0.022,-0.657525,0.1255375
1778964732657,Accelerometer,-0.74595004,-9.748051,-1.8420001
1778964732678,Accelerometer,-1.7020501,-8.890051,-2.60295
1778964732695,Accelerometer,-2.154,-8.16705,-3.4480503
1778964732711,Accelerometer,-3.3010502,-9.313951,-2.457
1778964732711,Gyroscope,-0.088,-0.74909997,0.856075
1778964732730,Accelerometer,-2.1760502,-10.2619505,-2.361
1778964732754,Accelerometer,-1.0510501,-11.60595,-3.1390502
1778964732778,Accelerometer,0.25605002,-11.806951,-3.7120502
1778964732795,Accelerometer,-0.15705001,-11.09805,-2.6440501
1778964732795,Gyroscope,0.1282875,-0.6831,1.7711375
1778964732814,Accelerometer,-1.3279501,-11.656051,-1.5520501
1778964732832,Accelerometer,-1.59405,-13.36995,-4.0279503
1778964732853,Accelerometer,-0.64095,-15.28995,-5.6650505
1778964732866,Accelerometer,-1.1010001,-16.657051,-3.8410501
1778964732866,Gyroscope,0.5754375,-0.7528125,2.89025
1778964732885,Accelerometer,-0.061950002,-18.798,-3.14895
1778964732910,Accelerometer,3.6340501,-19.71495,-4.67205
1778964732929,Accelerometer,7.7449503,-20.196001,-6.8220005
1778964732944,Accelerometer,7.9530005,-18.427052,-6.0700502
1778964732944,Gyroscope,-0.1942875,-2.2763126,3.16635
1778964732965,Accelerometer,4.7449503,-17.449951,-5.076
1778964732987,Accelerometer,-1.4070001,-21.520052,-2.151
1778964733011,Accelerometer,-11.581051,-19.795952,-1.4280001
1778964733028,Accelerometer,0.201,-9.229951,-0.85800004
1778964733029,Gyroscope,0.543675,1.8910375,3.8676
1778964733048,Accelerometer,6.6990004,-4.557,-4.22895
1778964733065,Accelerometer,8.95695,-1.7670001,-3.01005
1778964733085,Accelerometer,4.1010003,0.59505004,-2.3850002
1778964733099,Accelerometer,3.4330502,1.35405,-2.18895
1778964733099,Gyroscope,-0.2393875,0.7792125,-2.8457
1778964733124,Accelerometer,2.32395,-1.2430501,-1.31295
1778964733145,Accelerometer,1.1869501,-4.22205,-0.762
1778964733162,Accelerometer,1.3980001,-6.2569504,-1.794
1778964733177,Accelerometer,0.19095,-7.5520506,-2.4760501
1778964733177,Gyroscope,0.09405,1.2018875,-6.2591376
1778964733201,Accelerometer,0.12900001,-10.063951,-2.3160002
1778964733226,Accelerometer,-0.12900001,-11.818951,-1.6000501
1778964733243,Accelerometer,-0.109950006,-15.73305,-4.2460504
1778964733260,Accelerometer,-2.772,-25.138052,-4.8630004
1778964733260,Gyroscope,-0.6975375,0.92097497,-7.5076375
1778964733278,Accelerometer,-10.20405,-26.296951,-5.01195
1778964733298,Accelerometer,-7.8409505,-21.525002,-4.52295
1778964733318,Accelerometer,-8.913,-21.682951,-4.09695
1778964733332,Accelerometer,-13.666051,-19.22895,-4.392
1778964733332,Gyroscope,-0.45319998,1.0907875,-4.1784873
1778964733357,Accelerometer,-22.414951,-12.625051,-3.5460002
1778964733366,Accelerometer,-27.610052,-7.5040503,-3.1950002
1778964733396,Accelerometer,-23.22195,-11.172001,-1.74405
1778964733410,Accelerometer,-17.26695,-13.581,-0.82905006
1778964733410,Gyroscope,-0.1441,-0.9031,2.76815
1778964733434,Accelerometer,-13.76895,-12.07995,-1.7719501
1778964733446,Accelerometer,20.655,-14.26605,7.1239505
1778964733473,Accelerometer,9.81105,-31.726952,-1.7220001
1778964733494,Accelerometer,-6.1480503,-25.23105,-0.028950002
1778964733494,Gyroscope,-1.277925,0.8292625,6.7838373
1778964733512,Accelerometer,-3.627,-9.582001,-2.4550502
1778964733526,Accelerometer,-9.02805,5.9820004,-8.160001
1778964733551,Accelerometer,-14.533051,1.04295,-7.0470004
1778964733565,Accelerometer,-5.451,-11.7640505,-1.5190501
1778964733566,Gyroscope,-0.42515,-1.7521625,1.7015625
1778964733590,Accelerometer,-6.7230005,-20.907001,-2.12895
1778964733608,Accelerometer,-4.27995,-9.558001,-4.8130503
1778964733628,Accelerometer,0.024,-6.8380504,-1.8589501
1778964733643,Accelerometer,-0.97605,-8.325001,-1.6000501
1778964733643,Gyroscope,0.0292875,-0.4217125,0.573925
1778964733667,Accelerometer,-2.5399501,-10.02,-2.97705
1778964733690,Accelerometer,-3.5119503,-10.927951,-2.8549502
1778964733708,Accelerometer,-2.7,-9.618,-3.594
1778964733724,Accelerometer,-3.6720002,-8.983951,-3.762
1778964733724,Gyroscope,0.090475,-0.414425,0.2380125
1778964733745,Accelerometer,-4.39305,-8.194051,-2.7850502
1778964733764,Accelerometer,-1.9560001,-8.3230505,-2.0740502
1778964733784,Accelerometer,1.146,-9.24495,-1.914
1778964733808,Accelerometer,-0.094950005,-10.00395,-2.56995
1778964733808,Gyroscope,-0.1258125,-0.4376625,0.374825
1778964733828,Accelerometer,-2.3410501,-9.60105,-2.8860002
1778964733842,Accelerometer,-2.9640002,-9.07695,-3.3409503
1778964733862,Accelerometer,-1.8379501,-7.7770505,-2.63205
1778964733876,Accelerometer,-0.78000003,-9.657001,-2.3400002
1778964733876,Gyroscope,-0.1148125,-1.0228626,0.81949997
1778964733900,Accelerometer,-1.23,-12.637051,-2.29695
1778964733922,Accelerometer,-1.12695,-11.677051,-3.34995
1778964733940,Accelerometer,-0.40905002,-10.246051,-4.02495
1778964733956,Accelerometer,-0.93105006,-10.906051,-1.7220001
1778964733957,Gyroscope,0.1991,-0.563475,1.887325
1778964733979,Accelerometer,-1.7160001,-11.866051,-2.08395
1778964733998,Accelerometer,-2.1019502,-14.305951,-5.3370004
1778964734007,Accelerometer,-1.4310001,-15.168001,-5.9479504
1778964734032,Accelerometer,-1.62495,-16.11195,-4.191
1778964734032,Gyroscope,0.5924875,-1.1804374,2.7814875
1778964734062,Accelerometer,0.78195006,-18.736052,-4.66695
1778964734075,Accelerometer,5.1859503,-20.38305,-5.8350005
1778964734089,Accelerometer,8.241,-20.11005,-6.3409505
1778964734109,Accelerometer,7.9800005,-19.348951,-4.62405
1778964734109,Gyroscope,-0.2223375,-2.6379375,3.1700625
1778964734134,Accelerometer,2.08305,-19.192951,-4.734
1778964734154,Accelerometer,-4.58895,-22.56195,0.75705004
1778964734171,Accelerometer,-6.7870502,-14.809051,-3.42
1778964734189,Accelerometer,3.8590503,-7.3840504,-1.0320001
1778964734189,Gyroscope,0.719675,1.8946124,3.2824
1778964734211,Accelerometer,6.4470005,-2.6820002,-3.5059502
1778964734231,Accelerometer,5.6290503,-0.027,-3.0990002
1778964734255,Accelerometer,2.97105,1.06605,-3.3120003
1778964734272,Accelerometer,2.72895,-0.058050003,-2.69895
1778964734272,Gyroscope,-0.23815,1.5257,-3.3086624
1778964734293,Accelerometer,1.5820501,-3.6850502,-0.20400001
1778964734308,Accelerometer,0.56700003,-7.0399504,0.22395001
1778964734328,Accelerometer,0.624,-8.335051,-0.74805003
1778964734343,Accelerometer,0.49305,-9.24705,-1.4440501
1778964734343,Gyroscope,0.54614997,0.677875,-6.8431
1778964734367,Accelerometer,-1.16505,-11.548051,-0.97305006
1778964734386,Accelerometer,-0.87600005,-13.894051,-2.424
1778964734405,Accelerometer,-1.3759501,-21.276001,-3.5460002
1778964734422,Accelerometer,-8.290951,-26.527052,-3.58995
1778964734422,Gyroscope,-0.3664375,0.6766375,-7.51135
1778964734445,Accelerometer,-9.688951,-24.08505,-3.6019502
1778964734464,Accelerometer,-9.14295,-21.43395,-2.6749501
1778964734487,Accelerometer,-12.379951,-18.23505,-1.4970001
1778964734505,Accelerometer,-17.06805,-14.776051,-1.116
1778964734505,Gyroscope,-0.3861,0.30153748,-3.539525
1778964734523,Accelerometer,-20.545052,-11.0449505,-1.52295
1778964734541,Accelerometer,-22.951052,-10.1980505,-1.6480501
1778964734561,Accelerometer,-19.774052,-12.003,-0.71205
1778964734575,Accelerometer,-16.407001,-11.079,-1.4610001
1778964734576,Gyroscope,0.011,-0.1346125,2.9940624
1778964734600,Accelerometer,-13.810051,-9.85095,-2.565
1778964734619,Accelerometer,-1.26405,-10.617001,-0.26895002
1778964734638,Accelerometer,41.667004,-15.544051,0.35295
1778964734654,Accelerometer,-6.4810505,-30.171001,-2.5740001
1778964734654,Gyroscope,-1.001825,-1.4491125,3.5561626
1778964734678,Accelerometer,-1.3470001,-24.28305,-3.3330002
1778964734697,Accelerometer,-8.125951,-5.445,-3.999
1778964734719,Accelerometer,-16.02,4.6080003,-5.1940503
1778964734738,Accelerometer,-5.82705,-5.3250003,-4.7200503
1778964734738,Gyroscope,-0.70248747,-0.5292375,1.6185125
1778964734757,Accelerometer,-4.704,-15.432001,-2.7900002
1778964734774,Accelerometer,-3.7680001,-15.834001,-2.3850002
1778964734794,Accelerometer,-2.1760502,-7.8199506,-3.7500002
1778964734808,Accelerometer,-2.061,-7.38705,-2.835
1778964734809,Gyroscope,-0.151525,-1.154725,0.6204
1778964734833,Accelerometer,-2.5110002,-9.508051,-1.4629501
1778964734854,Accelerometer,-1.917,-10.861051,-3.3259501
1778964734872,Accelerometer,0.21705002,-10.032001,-4.89405
1778964734886,Accelerometer,-2.83695,-8.821051,-3.7549503
1778964734886,Gyroscope,0.1332375,-0.9678625,0.1084875
1778964734911,Accelerometer,-6.3040504,-8.48595,-2.3089502
1778964734933,Accelerometer,-0.98805004,-8.542951,-1.8559501
1778964734951,Accelerometer,2.4180002,-9.07005,-2.15505
1778964734967,Accelerometer,0.33,-10.035001,-2.6749501
1778964734967,Gyroscope,-0.047575,-0.376475,0.518925
1778964734989,Accelerometer,-1.6350001,-9.18,-2.3400002
1778964735007,Accelerometer,-3.0349503,-8.38305,-2.5770001
1778964735027,Accelerometer,-3.07395,-8.62905,-2.6940002
1778964735042,Accelerometer,-1.6300501,-9.766951,-2.5240502
1778964735042,Gyroscope,-0.041525,-0.8493375,0.7682125
1778964735066,Accelerometer,-0.66,-11.12205,-2.2009501
1778964735087,Accelerometer,-0.91905004,-11.698951,-2.7589502
1778964735105,Accelerometer,-0.675,-10.20195,-3.4150503
1778964735119,Accelerometer,-1.33305,-9.939,-3.3430502
1778964735119,Gyroscope,0.1747625,-0.54505,1.7320875
1778964735144,Accelerometer,-1.89795,-11.536051,-2.7919502
1778964735167,Accelerometer,-2.358,-13.873051,-4.7959504
1778964735184,Accelerometer,-2.4490502,-14.59395,-4.842
1778964735201,Accelerometer,-1.62495,-14.46405,-3.6520503
1778964735201,Gyroscope,0.5889125,-1.0764875,2.445575
1778964735221,Accelerometer,-0.165,-17.782951,-2.8260002
1778964735241,Accelerometer,3.8470502,-19.89705,-4.0300503
1778964735260,Accelerometer,6.9910502,-19.861052,-5.859
1778964735275,Accelerometer,8.451,-18.52305,-5.5270505
1778964735275,Gyroscope,0.107525,-2.0295,3.157825
1778964735289,Accelerometer,5.58795,-17.505001,-5.2920003
1778964735319,Accelerometer,-0.70305,-19.461,-5.0929503
1778964735338,Accelerometer,-6.3750005,-20.428051,0.24705002
1778964735352,Accelerometer,-4.4029503,-12.441001,-4.39905
1778964735352,Gyroscope,0.3848625,1.3168375,4.0216
1778964735370,Accelerometer,3.01605,-4.6189504,-4.0420504
1778964735397,Accelerometer,7.53,-1.7119501,-3.7120502
1778964735416,Accelerometer,5.59005,0.38895002,-2.4379501
1778964735434,Accelerometer,3.5860503,1.1740501,-2.601
1778964735435,Gyroscope,-0.09405,0.5311625,-2.771175
1778964735453,Accelerometer,3.2770503,-0.37395,-1.9260001
1778964735474,Accelerometer,2.937,-3.9169502,-1.30095
1778964735494,Accelerometer,2.1019502,-7.07805,-2.0310001
1778964735516,Accelerometer,1.45095,-8.90505,-3.21105
1778964735517,Gyroscope,-0.014575,1.85185,-5.8718
1778964735539,Accelerometer,-0.80595005,-10.875001,-2.706
1778964735552,Accelerometer,-2.8630502,-12.178051,-2.2030501
1778964735571,Accelerometer,-0.86100006,-15.738001,-4.7920504
1778964735586,Accelerometer,-4.9410005,-23.263052,-5.2249503
1778964735586,Gyroscope,-0.4764375,0.6241125,-7.4881124
1778964735610,Accelerometer,-9.694051,-22.480051,-4.51095
1778964735631,Accelerometer,-6.4810505,-19.282051,-3.3930001
1778964735649,Accelerometer,-8.953951,-22.05705,-1.6189501
1778964735666,Accelerometer,-13.129951,-20.032951,-1.18095
1778964735667,Gyroscope,-0.3053875,1.3314124,-4.322725
1778964735688,Accelerometer,-17.94705,-13.662001,-1.9729501
1778964735707,Accelerometer,-24.345001,-8.965051,-2.6200502
1778964735727,Accelerometer,-23.298,-9.68295,-2.871
1778964735751,Accelerometer,-18.93795,-12.1060505,-1.164
1778964735752,Gyroscope,-0.008525,-0.3667125,2.03995
1778964735771,Accelerometer,-15.535951,-11.17905,-1.1400001
1778964735785,Accelerometer,2.12295,-11.529,0.26700002
1778964735804,Accelerometer,34.563004,-24.820051,-3.1729503
1778964735819,Accelerometer,-9.15795,-31.834951,0.20205002
1778964735819,Gyroscope,-1.26445,-0.596475,5.258
1778964735844,Accelerometer,-0.684,-13.894051,-1.7029501
1778964735865,Accelerometer,-6.3300004,1.41795,-2.7250502
1778964735883,Accelerometer,-13.479001,8.27295,-9.99195
1778964735897,Accelerometer,-6.8950505,-6.57,-2.76795
1778964735898,Gyroscope,-0.8355875,-1.054625,2.11695
1778964735921,Accelerometer,-6.1260004,-22.327051,-1.9590001
1778964735930,Accelerometer,-6.04995,-13.738951,-4.7700005
1778964735960,Accelerometer,0.52905005,-5.9809504,-2.946
1778964735981,Accelerometer,1.8550501,-6.8940005,-1.64295
1778964735981,Gyroscope,-0.061049998,-0.9323875,0.883025
1778964736001,Accelerometer,-3.3949502,-10.056001,-2.1720002
1778964736012,Accelerometer,-4.776,-10.82295,-3.4840503
1778964736037,Accelerometer,-4.08195,-10.047001,-3.0940502
1778964736052,Accelerometer,-3.828,-9.08895,-3.35505
1778964736052,Gyroscope,0.2211,-0.0759,0.3553
1778964736076,Accelerometer,-4.5610504,-8.991,-2.9170501
1778964736097,Accelerometer,-3.1960502,-8.838,-2.24895
1778964736115,Accelerometer,-0.162,-9.56805,-2.15295
1778964736131,Accelerometer,2.3820002,-10.926001,-2.8860002
1778964736131,Gyroscope,0.063525,-0.36313748,0.1560625
1778964736154,Accelerometer,-0.90000004,-10.341001,-2.5150502
1778964736171,Accelerometer,-3.9810002,-8.601001,-1.5589501
1778964736193,Accelerometer,-4.5679502,-8.637,-3.21795
1778964736214,Accelerometer,-3.0210001,-9.814951,-3.3979502
1778964736214,Gyroscope,-0.0122375,-1.170675,0.419925
1778964736236,Accelerometer,-0.94005007,-10.473001,-2.7970502
1778964736251,Accelerometer,0.69900006,-10.332001,-2.13105
1778964736271,Accelerometer,-0.034950003,-10.96905,-1.88505
1778964736285,Accelerometer,-1.62495,-10.96395,-1.983
1778964736285,Gyroscope,0.1942875,-0.4437125,1.5989875
1778964736310,Accelerometer,-2.8459501,-11.373,-1.8250501
1778964736330,Accelerometer,-2.4750001,-11.899951,-2.6440501
1778964736348,Accelerometer,-1.4670001,-12.86295,-4.143
1778964736363,Accelerometer,-0.97605,-13.891951,-3.9850502
1778964736363,Gyroscope,0.52415,-0.8921,2.266
1778964736387,Accelerometer,0.25800002,-15.192,-4.3440003
1778964736407,Accelerometer,2.59695,-17.99595,-5.42595
1778964736429,Accelerometer,4.257,-19.02495,-5.5669503
1778964736445,Accelerometer,5.32695,-17.566952,-5.14095
1778964736445,Gyroscope,0.1662375,-2.093025,2.8914876
1778964736467,Accelerometer,5.5729504,-17.098051,-4.866
1778964736484,Accelerometer,0.80205005,-17.41395,-4.33395
1778964736504,Accelerometer,-5.7649503,-22.662,-0.48705003
1778964736518,Accelerometer,-9.391951,-14.380051,-3.9100502
1778964736518,Gyroscope,0.2822875,0.9832625,4.471225
1778964736543,Accelerometer,2.67405,-6.63495,-3.8719501
1778964736562,Accelerometer,8.63595,-3.9580503,-3.5460002
1778964736578,Accelerometer,5.13495,-1.1590501,-3.5029502
1778964736595,Accelerometer,3.2749503,0.39795002,-3.0700502
1778964736596,Gyroscope,-0.20405,0.688875,-1.69235
1778964736620,Accelerometer,2.53005,-0.42405003,-1.746
1778964736645,Accelerometer,0.75900006,-3.31395,-1.2859501
1778964736652,Accelerometer,0.74895006,-5.4,-1.42005
1778964736674,Accelerometer,1.3069501,-5.98605,-2.5150502
1778964736674,Gyroscope,0.079475,1.8176125,-5.2402625
1778964736702,Accelerometer,0.52605003,-7.5739503,-3.35505
1778964736717,Accelerometer,-0.80205005,-10.056001,-3.348
1778964736732,Accelerometer,-1.1530501,-13.000951,-3.31905
1778964736752,Accelerometer,-1.812,-17.57205,-5.373
1778964736752,Gyroscope,-0.70248747,0.9612625,-6.691575
1778964736776,Accelerometer,-7.3500004,-21.529951,-6.02895
1778964736795,Accelerometer,-10.07505,-19.320002,-4.9450502
1778964736812,Accelerometer,-5.427,-17.958,-4.1620502
1778964736829,Accelerometer,-9.538051,-21.778952,-3.693
1778964736829,Gyroscope,-0.9345875,0.710875,-5.36965
1778964736853,Accelerometer,-14.490001,-19.626001,-2.5890002
1778964736876,Accelerometer,-19.434,-13.303051,-1.7629501
1778964736895,Accelerometer,-22.56105,-9.316951,-0.35295
1778964736912,Accelerometer,-21.25605,-11.067,0.74100006
1778964736912,Gyroscope,-0.262625,0.11825,0.7205
1778964736931,Accelerometer,-17.230951,-12.951,1.33905
1778964736950,Accelerometer,-10.98705,-12.154051,0.34305
1778964736970,Accelerometer,25.12305,-14.521951,1.485
1778964736985,Accelerometer,1.0530001,-39.276,-3.04605
1778964736986,Gyroscope,0.16733749,-2.2763126,1.76385
1778964737009,Accelerometer,-9.77805,-24.168001,0.93495005
1778964737028,Accelerometer,-3.28905,-2.9479501,-2.0050502
1778964737048,Accelerometer,-11.563951,9.17805,-8.548051
1778964737062,Accelerometer,-9.724951,-2.2800002,-7.4440503
1778964737062,Gyroscope,-0.82335,-0.5352875,2.2182875
1778964737087,Accelerometer,-4.4100003,-16.86795,1.0519501
1778964737109,Accelerometer,-7.7310004,-21.108002,-2.94105
1778964737126,Accelerometer,-1.6470001,-6.0100503,-6.195
1778964737143,Accelerometer,0.15495001,-5.5140004,-1.404
1778964737143,Gyroscope,-0.267575,-1.011725,1.0368875
1778964737164,Accelerometer,-1.9770001,-8.365951,-3.2040002
1778964737184,Accelerometer,-3.4380002,-11.233951,-3.97005
1778964737203,Accelerometer,-2.8609502,-10.83195,-3.4720502
1778964737213,Accelerometer,-2.331,-8.14095,-4.5430503
1778964737217,Gyroscope,0.096525,-0.462,0.51535
1778964737242,Accelerometer,-3.6750002,-8.31105,-4.0129504
1778964737261,Accelerometer,-3.2629502,-9.07005,-2.4070501
1778964737281,Accelerometer,-0.64395005,-9.58695,-3.0580502
1778964737293,Accelerometer,0.77505004,-9.814951,-2.6869502
1778964737295,Gyroscope,0.035475,-0.29947498,0.36135
1778964737320,Accelerometer,-2.1379502,-9.640051,-2.2060502
1778964737341,Accelerometer,-3.5119503,-8.680051,-2.33505
1778964737359,Accelerometer,-3.04695,-8.601001,-3.0990002
1778964737377,Accelerometer,-1.64205,-8.62695,-3.3409503
1778964737377,Gyroscope,-0.0793375,-0.861575,0.579975
1778964737397,Accelerometer,-0.66,-9.262051,-3.70005
1778964737417,Accelerometer,-1.041,-10.128,-3.8940003
1778964737441,Accelerometer,-2.298,-10.918051,-3.5629501
1778964737458,Accelerometer,-2.8560002,-10.30305,-3.7999501
1778964737459,Gyroscope,0.099,-0.627,1.2934625
1778964737479,Accelerometer,-1.79295,-10.332001,-3.2590501
1778964737494,Accelerometer,-1.4119501,-11.845051,-1.93305
1778964737514,Accelerometer,-0.73905003,-12.549001,-4.00605
1778964737528,Accelerometer,-0.924,-13.200001,-5.136
1778964737529,Gyroscope,0.3042875,-0.7393375,2.4492874
1778964737553,Accelerometer,-2.05905,-14.15505,-4.23105
1778964737574,Accelerometer,-1.2210001,-16.73895,-4.59795
1778964737592,Accelerometer,2.8129501,-19.593,-6.3790503
1778964737608,Accelerometer,6.222,-20.95305,-5.5270505
1778964737608,Gyroscope,0.04895,-2.31165,2.8169625
1778964737630,Accelerometer,7.7260504,-19.53495,-3.25005
1778964737650,Accelerometer,1.7400001,-18.03195,-3.6420002
1778964737674,Accelerometer,-2.8560002,-20.650951,-0.20895001
1778964737692,Accelerometer,-6.9330006,-16.198051,-2.57205
1778964737692,Gyroscope,0.5119125,1.136025,4.1168876
1778964737711,Accelerometer,1.491,-8.268001,-2.42595
1778964737727,Accelerometer,4.6660504,-3.24495,-3.2640002
1778964737747,Accelerometer,4.7860503,-1.3990501,-2.6940002
1778964737761,Accelerometer,2.253,0.18495001,-2.62695
1778964737762,Gyroscope,-0.039049998,0.3760625,-2.115025
1778964737786,Accelerometer,0.88995004,0.25005,-1.8540001
1778964737808,Accelerometer,1.3759501,-1.866,0.882
1778964737825,Accelerometer,2.1019502,-5.4810004,-0.04605
1778964737841,Accelerometer,1.6060501,-8.55795,-0.89595
1778964737841,Gyroscope,0.050049998,0.556875,-5.6714625
1778964737861,Accelerometer,0.20805001,-10.200001,0.042000003
1778964737883,Accelerometer,-2.229,-10.677,0.33405003
1778964737908,Accelerometer,-1.0890001,-12.252001,-1.9900501
1778964737923,Accelerometer,-2.49705,-18.396002,-2.493
1778964737923,Gyroscope,-0.2138125,-0.001375,-7.3623
1778964737942,Accelerometer,-7.7860503,-22.060951,-1.9279501
1778964737961,Accelerometer,-6.3750005,-21.015001,-1.9450501
1778964737980,Accelerometer,-6.2530503,-21.015001,-1.899
1778964737995,Accelerometer,-9.529051,-21.19695,-2.5740001
1778964737995,Gyroscope,-0.1062875,1.8445625,-4.9311624
1778964738014,Accelerometer,-13.695001,-16.654951,-3.4480503
1778964738039,Accelerometer,-19.567951,-11.215051,-3.9820502
1778964738057,Accelerometer,-23.653051,-8.44005,-5.2699504
1778964738073,Accelerometer,-21.616951,-9.621,-4.3219504
1778964738074,Gyroscope,0.0182875,-0.1736625,0.5336375
1778964738094,Accelerometer,-16.812,-10.78695,-2.6220002
1778964738116,Accelerometer,-12.294001,-10.16205,-3.63
1778964738138,Accelerometer,5.1780005,-11.44005,-2.5860002
1778964738156,Accelerometer,16.503,-24.091951,-5.1460505
1778964738157,Gyroscope,0.6512,-2.9458,-0.6978125
1778964738176,Accelerometer,-6.1650004,-31.272001,0.39795002
1778964738194,Accelerometer,4.62795,-9.82695,0.97305006
1778964738213,Accelerometer,-6.5670004,4.6320004,-3.2400002
1778964738228,Accelerometer,-14.608951,1.0900501,-7.1070004
1778964738228,Gyroscope,-0.9675875,0.24653749,2.599575
1778964738252,Accelerometer,-4.1130004,-11.3209505,-1.5280501
1778964738271,Accelerometer,-3.5500503,-20.766,-4.143
1778964738291,Accelerometer,-3.8059502,-9.54195,-4.5589504
1778964738305,Accelerometer,-1.20105,-5.36805,-2.97705
1778964738305,Gyroscope,-0.162525,-0.9458625,1.2348875
1778964738330,Accelerometer,-2.11395,-8.19795,-2.21805
1778964738353,Accelerometer,-2.7859502,-10.132951,-2.9190001
1778964738372,Accelerometer,-4.25595,-10.453951,-3.04095
1778964738387,Accelerometer,-3.65805,-9.352051,-3.4960501
1778964738387,Gyroscope,-0.0048125,0.2893,0.5214
1778964738408,Accelerometer,-3.2389503,-8.998051,-3.5130002
1778964738427,Accelerometer,-3.3660002,-9.016951,-3.1660502
1778964738446,Accelerometer,-1.9080001,-9.160951,-2.8900502
1778964738461,Accelerometer,-0.78195006,-9.328951,-2.7229502
1778964738461,Gyroscope,-0.1282875,-0.4241875,0.203775
1778964738486,Accelerometer,-0.26805001,-9.18,-2.4550502
1778964738495,Accelerometer,-1.71105,-8.96895,-2.7199502
1778964738524,Accelerometer,-3.4969501,-8.943001,-2.7109501
1778964738539,Accelerometer,-3.38295,-8.955001,-3.07995
1778964738539,Gyroscope,-0.223575,-0.53405,0.4126375
1778964738563,Accelerometer,-1.8769501,-9.04605,-3.00495
1778964738575,Accelerometer,-0.25095,-9.130051,-3.25005
1778964738602,Accelerometer,-0.049950004,-9.87195,-2.91
1778964738622,Accelerometer,-2.20005,-10.63605,-3.7519503
1778964738622,Gyroscope,-0.099,-0.525525,1.181125
1778964738641,Accelerometer,-2.6950502,-9.823951,-4.6980004
1778964738655,Accelerometer,-2.6239502,-10.578,-3.69705
1778964738680,Accelerometer,-2.12595,-12.156,-2.00895
1778964738695,Accelerometer,-0.897,-12.903001,-3.5800502
1778964738696,Gyroscope,0.143,-0.7258625,1.9691374
1778964738719,Accelerometer,-0.033,-12.570001,-5.40705
1778964738738,Accelerometer,-0.97905004,-15.004951,-4.566
1778964738757,Accelerometer,-0.98595005,-20.257952,-3.69495
1778964738772,Accelerometer,1.0720501,-20.979,-3.7759502
1778964738772,Gyroscope,0.1392875,-1.7423999,2.8634374
1778964738796,Accelerometer,5.439,-20.935951,-1.9300501
1778964738819,Accelerometer,8.049001,-19.41105,-0.60405004
1778964738838,Accelerometer,3.69195,-15.772051,-2.2420502
1778964738851,Accelerometer,-2.8609502,-16.51905,-0.96300006
1778964738852,Gyroscope,0.65725,-0.9494375,3.504875
1778964738873,Accelerometer,-9.80595,-14.151001,-2.6940002
1778964738893,Accelerometer,-3.426,-7.2169504,-4.12395
1778964738913,Accelerometer,1.113,-2.7870002,-5.27295
1778964738936,Accelerometer,4.9290004,-1.7530501,-3.6450002
1778964738936,Gyroscope,0.7709625,1.0725,-0.6197125
1778964738956,Accelerometer,4.30905,-1.317,-2.5480502
1778964738971,Accelerometer,2.42505,-1.11105,-2.5770001
1778964738990,Accelerometer,1.6489501,-1.2070501,-0.64005005
1778964739005,Accelerometer,1.2060001,-3.8190002,-0.90795004
1778964739005,Gyroscope,0.847825,0.861025,-3.991625
1778964739029,Accelerometer,1.7710501,-6.3360004,-2.4880502
1778964739052,Accelerometer,0.98805004,-7.69995,-3.3289502
1778964739070,Accelerometer,-1.7020501,-8.922001,-2.21805
1778964739084,Accelerometer,-2.3700001,-10.606951,-2.505
1778964739084,Gyroscope,0.372625,1.137125,-6.2016625
1778964739107,Accelerometer,-0.64395005,-14.187,-3.82905
1778964739126,Accelerometer,-4.3710003,-20.032951,-4.25295
1778964739136,Accelerometer,-7.9290004,-21.268951,-4.2769504
1778964739161,Accelerometer,-6.80205,-19.05195,-5.0550003
1778964739161,Gyroscope,-0.14905,2.3577125,-5.6909876
1778964739191,Accelerometer,-8.18295,-18.889051,-5.56995
1778964739204,Accelerometer,-13.209001,-18.574951,-5.0209503
1778964739216,Accelerometer,-16.747051,-13.52295,-4.80795
1778964739238,Accelerometer,-19.884,-8.043,-5.1649504
1778964739238,Gyroscope,-0.2358125,0.6411625,-1.9476875
1778964739263,Accelerometer,-20.57595,-8.93805,-3.20895
1778964739284,Accelerometer,-15.559951,-12.064951,-1.179
1778964739302,Accelerometer,-12.82995,-10.81995,-1.3080001
1778964739317,Accelerometer,-11.08695,-9.20895,-1.9260001
1778964739318,Gyroscope,-0.1648625,0.6436375,3.4266374
1778964739340,Accelerometer,1.82895,-10.674001,4.3390503
1778964739360,Accelerometer,25.58295,-14.790001,4.00395
1778964739384,Accelerometer,-3.9400501,-18.805052,-3.31905
1778964739404,Accelerometer,3.52395,-19.750952,-4.70295
1778964739404,Gyroscope,-1.44155,0.749925,3.6537874
1778964739421,Accelerometer,-9.40905,-14.470951,-2.56005
1778964739437,Accelerometer,-13.76895,-3.453,-5.3250003
1778964739456,Accelerometer,-5.56605,-3.7860003,-5.0329504
1778964739471,Accelerometer,-2.4540002,-8.34195,-4.401
1778964739472,Gyroscope,-0.4434375,-1.04115,1.049125
1778964739496,Accelerometer,-1.0819501,-12.70905,-1.677
1778964739517,Accelerometer,-0.651,-12.048,-2.6100001
1778964739534,Accelerometer,-2.7820501,-9.4150505,-2.6490002
1778964739549,Accelerometer,-2.3479502,-9.798,-2.5099502
1778964739549,Gyroscope,-0.019524999,0.2734875,0.905025
1778964739573,Accelerometer,-1.5990001,-10.39395,-1.5660001
1778964739593,Accelerometer,-1.728,-9.52995,-2.1100502
1778964739617,Accelerometer,-3.0310502,-8.95995,-3.1729503
1778964739636,Accelerometer,-5.26695,-8.42805,-2.187
1778964739636,Gyroscope,0.019524999,-0.751575,0.308825
1778964739651,Accelerometer,-3.8449502,-8.983951,-1.4320501
1778964739670,Accelerometer,-0.58395004,-10.297951,-1.62405
1778964739690,Accelerometer,0.79395,-10.056001,-2.15295
1778964739705,Accelerometer,-1.3230001,-9.34305,-1.8030001
1778964739705,Gyroscope,-0.0402875,-0.0308,0.6534
1778964739729,Accelerometer,-2.88,-8.89995,-1.8870001
1778964739748,Accelerometer,-3.8830502,-8.887951,-1.899
1778964739767,Accelerometer,-3.5689502,-9.372001,-1.9350001
1778964739784,Accelerometer,-2.35095,-10.606951,-2.05995
1778964739784,Gyroscope,-0.0378125,-0.6843375,0.5751625
1778964739807,Accelerometer,-0.81105006,-10.76805,-2.0760002
1778964739826,Accelerometer,-0.33705002,-10.152,-2.0719502
1778964739850,Accelerometer,-1.09395,-9.817051,-2.63205
1778964739866,Accelerometer,-2.63595,-11.13405,-1.7340001
1778964739866,Gyroscope,0.1612875,-0.22385,1.463275
1778964739885,Accelerometer,-2.8219502,-10.926001,-1.3960501
1778964739904,Accelerometer,-1.58895,-11.03295,-2.946
1778964739923,Accelerometer,-0.72705,-11.943001,-4.74795
1778964739938,Accelerometer,-1.575,-13.576051,-3.93195
1778964739938,Gyroscope,0.4129125,-0.6012875,2.43705
1778964739962,Accelerometer,-2.2050002,-15.649051,-3.6810002
1778964739981,Accelerometer,0.28905,-18.19695,-3.48705
1778964740000,Accelerometer,3.69195,-19.51395,-4.2340503
1778964740015,Accelerometer,6.3040504,-18.444,-5.0479503
1778964740016,Gyroscope,0.04895,-1.551825,2.7009125
1778964740039,Accelerometer,5.9760003,-16.18305,-4.4869504
1778964740063,Accelerometer,0.057000004,-13.863001,-4.37505
1778964740081,Accelerometer,-4.31895,-16.282051,-0.22800002
1778964740098,Accelerometer,-9.34395,-12.019951,-2.3449502
1778964740098,Gyroscope,0.4533375,0.7156875,3.284875
1778964740118,Accelerometer,-2.7460501,-6.8580003,-2.079
1778964740136,Accelerometer,2.8300502,-3.7240503,-2.637
1778964740156,Accelerometer,4.518,-2.457,-1.9570501
1778964740170,Accelerometer,2.8249502,-1.5259501,-1.8030001
1778964740171,Gyroscope,0.16733749,0.0083875,-1.777875
1778964740195,Accelerometer,2.73405,-1.0870501,-1.9609501
1778964740214,Accelerometer,1.41495,-2.53605,-1.4440501
1778964740234,Accelerometer,0.66300005,-4.65495,-1.3080001
1778964740248,Accelerometer,1.1659501,-6.2380505,-2.1990001
1778964740248,Gyroscope,0.3201,2.246475,-4.5120625
1778964740273,Accelerometer,1.5439501,-8.038051,-4.10895
1778964740295,Accelerometer,-1.371,-10.66005,-2.28195
1778964740313,Accelerometer,-3.1290002,-11.27295,-3.39105
1778964740331,Accelerometer,-1.6300501,-13.758,-5.5939503
1778964740331,Gyroscope,-0.1148125,0.8952625,-6.29695
1778964740350,Accelerometer,-6.8179502,-19.459051,-5.577
1778964740370,Accelerometer,-8.545051,-18.71895,-5.3370004
1778964740389,Accelerometer,-3.6049502,-17.907001,-5.9890504
1778964740404,Accelerometer,-9.21,-20.81595,-5.4880505
1778964740404,Gyroscope,-0.7073,1.2678875,-5.1876
1778964740420,Accelerometer,-13.852951,-18.966002,-5.0209503
1778964740447,Accelerometer,-17.53305,-13.38405,-4.01595
1778964740467,Accelerometer,-17.631,-9.73995,-3.7380002
1778964740482,Accelerometer,-18.081001,-9.939,-2.04495
1778964740482,Gyroscope,-0.7244875,-0.900625,-0.9788625
1778964740499,Accelerometer,-14.722051,-12.4789505,1.11705
1778964740526,Accelerometer,-10.873951,-12.12495,1.3060501
1778964740546,Accelerometer,-9.474,-10.732051,1.5450001
1778964740563,Accelerometer,-3.0589502,-11.112,2.97705
1778964740563,Gyroscope,0.1563375,1.9668,3.554925
1778964740581,Accelerometer,43.468052,-13.321951,4.287
1778964740603,Accelerometer,-1.8049501,-19.23105,-0.05595
1778964740622,Accelerometer,-3.31995,-21.74805,-3.1300502
1778964740643,Accelerometer,-3.426,-12.016951,-2.433
1778964740643,Gyroscope,-0.400675,1.633225,3.2921624
1778964740664,Accelerometer,-8.70705,-1.5780001,-6.23295
1778964740681,Accelerometer,-8.596951,-2.8570502,-7.41795
1778964740700,Accelerometer,-3.486,-9.481951,-3.9100502
1778964740714,Accelerometer,-4.6470003,-14.965051,-0.35700002
1778964740715,Gyroscope,-0.024475,-1.7986375,1.1603625
1778964740739,Accelerometer,-5.3430004,-11.875951,-1.5109501
1778964740762,Accelerometer,-0.294,-7.6980004,-4.638
1778964740781,Accelerometer,0.72495,-8.65095,-1.50705
1778964740795,Accelerometer,-1.1770501,-10.2310505,-1.50705
1778964740795,Gyroscope,-0.0353375,0.4970625,0.9636
1778964740817,Accelerometer,-1.9630501,-10.65495,-3.38595
1778964740836,Accelerometer,-4.065,-9.934051,-3.6829503
1778964740856,Accelerometer,-5.05095,-8.280001,-3.9870002
1778964740878,Accelerometer,-3.9550502,-7.8490505,-3.321
1778964740878,Gyroscope,0.0732875,-0.9079125,0.2050125
1778964740901,Accelerometer,-1.82895,-8.78505,-2.63895
1778964740914,Accelerometer,0.069000006,-9.5460005,-2.1049502
1778964740933,Accelerometer,-0.25305,-9.35505,-2.5410001
1778964740948,Accelerometer,-2.6140501,-9.417001,-2.45895
1778964740948,Gyroscope,0.0622875,-0.013612499,0.5434
1778964740972,Accelerometer,-3.45,-8.766001,-2.59395
1778964740994,Accelerometer,-4.1200504,-8.826,-2.13105
1778964741011,Accelerometer,-3.0880501,-9.184951,-2.4379501
1778964741027,Accelerometer,-1.6560001,-10.04205,-2.7540002
1778964741027,Gyroscope,-0.0452375,-0.867625,0.3931125
1778964741049,Accelerometer,-0.61995006,-10.17405,-3.28095
1778964741059,Accelerometer,-0.82800007,-9.640051,-3.1369503
1778964741089,Accelerometer,-2.13,-10.61205,-3.07695
1778964741112,Accelerometer,-2.3100002,-10.9140005,-2.63895
1778964741112,Gyroscope,0.1942875,-0.563475,1.1213125
1778964741131,Accelerometer,-1.40205,-10.98495,-1.983
1778964741143,Accelerometer,-0.74895006,-11.818951,-2.1360002
1778964741159,Accelerometer,-1.0360501,-12.51105,-3.8239503
1778964741181,Accelerometer,-2.0029502,-13.708051,-3.7789502
1778964741181,Gyroscope,0.5143875,-0.442475,2.3307624
1778964741196,Accelerometer,-1.8769501,-15.457951,-4.578
1778964741220,Accelerometer,-0.21000001,-17.014051,-4.5589504
1778964741244,Accelerometer,1.64205,-17.88795,-4.6600504
1778964741262,Accelerometer,3.9,-17.653051,-4.10895
1778964741262,Gyroscope,0.121,-2.0307374,2.660625
1778964741283,Accelerometer,3.80205,-16.602001,-1.95
1778964741300,Accelerometer,1.08405,-13.67205,-1.8079501
1778964741322,Accelerometer,-3.0949502,-15.585001,-1.22895
1778964741344,Accelerometer,-4.27995,-15.654,-0.85995007
1778964741344,Gyroscope,0.615725,0.6314,3.1053
1778964741363,Accelerometer,-3.1980002,-10.078051,-3.42405
1778964741380,Accelerometer,1.04595,-4.25295,-3.11595
1778964741400,Accelerometer,3.177,-1.75995,-3.2659502
1778964741414,Accelerometer,3.18405,-1.0350001,-2.87595
1778964741414,Gyroscope,0.2541,0.8647375,-1.176725
1778964741438,Accelerometer,1.8649501,-1.8100501,-3.2760003
1778964741459,Accelerometer,1.2280501,-2.9209502,-2.388
1778964741477,Accelerometer,1.125,-4.119,-1.5949501
1778964741492,Accelerometer,0.84000003,-5.13105,-3.3000002
1778964741492,Gyroscope,0.2748625,1.55375,-3.533475
1778964741516,Accelerometer,0.47400004,-6.4410005,-4.0420504
1778964741535,Accelerometer,-1.6129501,-8.07195,-3.4819503
1778964741560,Accelerometer,-2.76705,-8.81595,-4.0300503
1778964741577,Accelerometer,-1.9909501,-10.6380005,-4.8900003
1778964741578,Gyroscope,-0.201575,0.7096375,-5.4967
1778964741596,Accelerometer,-3.3990002,-14.023951,-4.54005
1778964741613,Accelerometer,-4.83405,-15.240001,-5.0790005
1778964741633,Accelerometer,-4.1850004,-16.248001,-5.74695
1778964741647,Accelerometer,-5.964,-18.774,-5.223
1778964741647,Gyroscope,-0.9785875,2.24895,-5.4406
1778964741672,Accelerometer,-9.262951,-18.738,-4.0420504
1778964741692,Accelerometer,-14.550001,-17.658,-4.67205
1778964741710,Accelerometer,-16.198952,-14.65095,-3.048
1778964741724,Accelerometer,-15.63405,-11.497951,-2.5740001
1778964741725,Gyroscope,-0.3408625,-0.6232875,-3.075325
1778964741749,Accelerometer,-16.31205,-8.95005,-1.11195
1778964741774,Accelerometer,-15.17895,-11.682,1.2079501
1778964741780,Accelerometer,-13.363951,-12.487051,1.983
1778964741803,Accelerometer,-11.60505,-10.399051,1.3060501
1778964741803,Gyroscope,0.1062875,0.793925,2.6838624
1778964741829,Accelerometer,6.30105,-13.765051,7.41795
1778964741846,Accelerometer,14.547001,-18.06495,-5.1460505
1778964741861,Accelerometer,-4.16295,-23.304,-2.73495
1778964741880,Accelerometer,1.21605,-14.31795,-3.7669501
1778964741880,Gyroscope,-0.9186375,1.0835,4.2304626
1778964741905,Accelerometer,-4.1989503,-4.1659503,-11.06505
1778964741924,Accelerometer,-16.38795,-3.1729503,-3.9490502
1778964741941,Accelerometer,-7.86495,-7.5469503,-1.7869501
1778964741957,Accelerometer,-3.6670501,-12.67605,-0.087000005
1778964741958,Gyroscope,-0.2173875,-1.684925,1.0516
1778964741982,Accelerometer,0.07395,-11.98095,-3.97005
1778964742007,Accelerometer,1.31595,-9.111,-3.5350502
1778964742024,Accelerometer,-0.88305,-8.377951,-2.08395
1778964742041,Accelerometer,-1.1730001,-9.147,-3.0169501
1778964742042,Gyroscope,-0.002475,0.8281625,1.126125
1778964742059,Accelerometer,-3.009,-9.393001,-4.60995
1778964742079,Accelerometer,-4.965,-8.677051,-3.9390001
1778964742099,Accelerometer,-5.15205,-8.377951,-3.0340502
1778964742114,Accelerometer,-3.1189501,-8.890051,-3.867
1778964742114,Gyroscope,-0.0683375,-1.160775,0.2355375
1778964742138,Accelerometer,0.25800002,-9.393001,-2.946
1778964742157,Accelerometer,0.54105,-10.18305,-2.2060502
1778964742177,Accelerometer,-0.87795,-9.74505,-3.20895
1778964742191,Accelerometer,-2.98005,-8.907001,-2.56695
1778964742191,Gyroscope,0.0317625,0.2123,0.6081625
1778964742216,Accelerometer,-4.563,-8.871,-2.3470502
1778964742239,Accelerometer,-3.66,-8.86905,-3.55395
1778964742256,Accelerometer,-2.607,-9.396001,-3.1590002
1778964742274,Accelerometer,-1.5630001,-9.84105,-2.9959502
1778964742274,Gyroscope,-0.058575,-0.8113875,0.4175875
1778964742293,Accelerometer,-0.55305004,-9.879001,-3.4789503
1778964742312,Accelerometer,-1.6320001,-9.790951,-3.4720502
1778964742332,Accelerometer,-2.3170502,-9.71205,-3.762
1778964742341,Accelerometer,-2.02005,-10.545,-3.7189503
1778964742346,Gyroscope,0.096525,-0.5768125,1.0723625
1778964742371,Accelerometer,-1.6680001,-11.337001,-2.9340003
1778964742390,Accelerometer,-1.2589501,-11.12205,-2.60805
1778964742410,Accelerometer,-1.098,-11.047951,-3.59205
1778964742422,Accelerometer,-0.96195006,-12.573001,-5.05695
1778964742424,Gyroscope,0.3653375,-0.51094997,2.224475
1778964742449,Accelerometer,-0.55305004,-15.630001,-5.8620005
1778964742472,Accelerometer,0.069000006,-17.28495,-4.926
1778964742478,Accelerometer,2.049,-17.67,-4.43205
1778964742502,Accelerometer,4.27605,-18.535051,-3.9580503
1778964742503,Gyroscope,-0.16005,-2.1845999,2.62515
1778964742528,Accelerometer,5.9280005,-17.94795,-2.9260502
1778964742546,Accelerometer,0.82605004,-15.705001,-2.53395
1778964742570,Accelerometer,-2.73405,-17.66805,-0.85800004
1778964742590,Accelerometer,-4.15605,-13.650001,-1.7680501
1778964742590,Gyroscope,0.4813875,0.1464375,3.0014875
1778964742608,Accelerometer,-3.0859501,-9.23295,-4.0950003
1778964742624,Accelerometer,1.2280501,-3.9889503,-2.26095
1778964742643,Accelerometer,2.6140501,-0.81195,-2.43105
1778964742657,Accelerometer,3.6649501,-0.44805002,-0.83895004
1778964742657,Gyroscope,-0.066,0.34925,-1.81335
1778964742682,Accelerometer,2.01795,-1.19295,-0.62805
1778964742704,Accelerometer,1.764,-2.08305,-0.92505
1778964742720,Accelerometer,2.085,-3.9960003,0.37905002
1778964742738,Accelerometer,2.56095,-5.7780004,-0.91995007
1778964742738,Gyroscope,-0.19305,1.60875,-4.576825
1778964742759,Accelerometer,0.36795002,-6.9750004,-2.12205
1778964742779,Accelerometer,-1.50495,-8.32995,-1.167
1778964742803,Accelerometer,-1.6489501,-10.677,-0.83595
1778964742820,Accelerometer,-1.7659501,-13.5070505,-2.8260002
1778964742820,Gyroscope,-0.300575,0.010725,-6.4521875
1778964742839,Accelerometer,-5.0539503,-19.16205,-2.6749501
1778964742856,Accelerometer,-8.38395,-21.08205,-2.301
1778964742876,Accelerometer,-5.64795,-19.47105,-2.08605
1778964742891,Accelerometer,-5.4630003,-20.24205,-2.02395
1778964742891,Gyroscope,-0.30415,1.2495999,-5.5101748
1778964742915,Accelerometer,-9.696,-19.854,-3.3259501
1778964742936,Accelerometer,-14.97105,-15.831,-4.09695
1778964742953,Accelerometer,-20.50395,-11.017051,-3.4669502
1778964742968,Accelerometer,-21.100052,-8.49495,-3.5749502
1778964742968,Gyroscope,-0.0952875,-0.1370875,-0.4706625
1778964742988,Accelerometer,-16.921951,-10.432051,-2.28705
1778964743012,Accelerometer,-11.84895,-11.29905,-1.0350001
1778964743036,Accelerometer,-7.3690505,-11.00895,-1.5160501
1778964743053,Accelerometer,26.99505,-11.560051,5.32095
1778964743053,Gyroscope,0.9835375,1.0395,0.6094
1778964743071,Accelerometer,5.0010004,-17.208,-2.4520502
1778964743089,Accelerometer,-0.96195006,-20.235,-1.557
1778964743109,Accelerometer,-1.26795,-18.54405,-1.6530001
1778964743123,Accelerometer,-7.9099503,-5.2530003,-6.0370502
1778964743124,Gyroscope,-0.4824875,1.90685,3.0600624
1778964743143,Accelerometer,-10.13895,0.11595,-6.54405
1778964743168,Accelerometer,-5.06295,-6.4170003,-4.9450502
1778964743186,Accelerometer,-5.90595,-13.120951,-3.42
1778964743201,Accelerometer,-4.2109504,-13.972951,-1.1520001
1778964743201,Gyroscope,-0.008525,-1.9842625,0.749925
1778964743223,Accelerometer,-1.074,-9.250051,-3.5010002
1778964743245,Accelerometer,1.149,-8.46195,-2.292
1778964743267,Accelerometer,1.3450501,-10.132951,-0.93405
1778964743284,Accelerometer,-0.32700002,-9.964951,-2.3800502
1778964743284,Gyroscope,0.1307625,1.0773125,1.170125
1778964743303,Accelerometer,-2.8249502,-9.549001,-3.38595
1778964743323,Accelerometer,-5.925,-8.76105,-3.1710002
1778964743342,Accelerometer,-4.9360504,-8.052,-2.8279502
1778964743357,Accelerometer,-2.6790001,-9.07695,-2.421
1778964743357,Gyroscope,-0.107525,-0.9714375,0.1463
1778964743381,Accelerometer,-0.112050004,-9.637051,-2.53095
1778964743403,Accelerometer,0.591,-9.66405,-2.7589502
1778964743420,Accelerometer,-2.0389502,-9.34095,-2.7610502
1778964743434,Accelerometer,-3.3780003,-9.024,-2.6509502
1778964743434,Gyroscope,-0.00605,-0.1456125,0.5006375
1778964743459,Accelerometer,-4.25595,-9.4459505,-2.3779502
1778964743484,Accelerometer,-2.9250002,-9.714001,-2.26095
1778964743500,Accelerometer,-0.711,-9.964951,-3.2620502
1778964743518,Accelerometer,0.29205,-10.27005,-3.0870001
1778964743518,Gyroscope,0.002475,-0.718575,0.68145
1778964743538,Accelerometer,-0.282,-9.98505,-3.0679502
1778964743556,Accelerometer,-2.0269501,-10.885051,-2.9839501
1778964743575,Accelerometer,-3.1740003,-11.554951,-2.811
1778964743590,Accelerometer,-2.3359501,-10.714951,-2.67
1778964743590,Gyroscope,0.2077625,-0.8078125,1.3118875
1778964743614,Accelerometer,-1.00695,-11.151001,-2.28195
1778964743624,Accelerometer,-0.49305,-12.046051,-3.00795
1778964743653,Accelerometer,-0.58095,-12.184951,-4.0729504
1778964743668,Accelerometer,-2.085,-13.320001,-4.2769504
1778964743668,Gyroscope,0.4874375,-0.646525,2.4578125
1778964743692,Accelerometer,-2.3080502,-15.439051,-4.308
1778964743704,Accelerometer,-0.21300001,-16.327051,-4.605
1778964743731,Accelerometer,2.86995,-17.184,-5.37795
1778964743752,Accelerometer,4.5990005,-17.425951,-3.9420002
1778964743753,Gyroscope,-0.08305,-2.57675,2.379575
1778964743770,Accelerometer,3.9600003,-15.807001,-2.3419502
1778964743784,Accelerometer,-0.72705,-14.6970005,-2.9910002
1778964743809,Accelerometer,-3.3660002,-16.650002,-0.42000002
1778964743823,Accelerometer,-8.54205,-12.1710005,-2.7589502
1778964743823,Gyroscope,0.44715,0.6741625,3.57445
1778964743848,Accelerometer,-1.8739501,-7.0200005,-1.5190501
1778964743866,Accelerometer,2.7169502,-2.835,-2.42805
1778964743886,Accelerometer,4.9099503,-1.7839501,-1.9090501
1778964743900,Accelerometer,3.7080002,-0.99405,-2.9239502
1778964743901,Gyroscope,-0.0427625,1.1787875,-1.4284875
1778964743925,Accelerometer,2.3100002,-0.48195,-3.0649502
1778964743948,Accelerometer,0.9289501,-1.7029501,-1.3560001
1778964743965,Accelerometer,0.47400004,-3.28095,-0.441
1778964743982,Accelerometer,-0.10005,-5.433,-1.7389501
1778964743982,Gyroscope,-0.0353375,1.241075,-4.3410125
1778964744002,Accelerometer,0.13095,-7.4040003,-2.11695
1778964744022,Accelerometer,-0.42795002,-8.94495,-1.9969501
1778964744041,Accelerometer,-2.0010002,-9.86505,-1.84395
1778964744056,Accelerometer,-1.029,-12.321001,-2.9479501
1778964744056,Gyroscope,-0.5814875,0.4103,-6.1991873
1778964744081,Accelerometer,-3.9019501,-18.597,-3.52305
1778964744100,Accelerometer,-8.535001,-21.56805,-3.31395
1778964744119,Accelerometer,-6.4230003,-19.64595,-2.9910002
1778964744133,Accelerometer,-5.4030004,-19.87305,-2.7559502
1778964744134,Gyroscope,-0.7330125,1.1482625,-5.7545123
1778964744158,Accelerometer,-9.373051,-20.541,-3.3790503
1778964744181,Accelerometer,-13.486051,-16.984951,-3.5659502
1778964744198,Accelerometer,-19.951052,-11.967001,-2.7160501
1778964744214,Accelerometer,-20.442001,-8.49495,-1.9660501
1778964744214,Gyroscope,-0.4459125,0.103675,-0.728475
1778964744236,Accelerometer,-16.543951,-11.34,0.01995
1778964744255,Accelerometer,-12.249001,-12.26895,0.61605
1778964744265,Accelerometer,-3.9790502,-11.91405,2.0410502
1778964744289,Accelerometer,25.63305,-13.047001,2.52195
1778964744290,Gyroscope,0.9970125,1.313125,0.43835
1778964744321,Accelerometer,2.9490001,-20.39505,-1.4899501
1778964744333,Accelerometer,-2.22105,-19.806002,-1.3440001
1778964744346,Accelerometer,-1.21095,-10.50195,-3.7740002
1778964744367,Accelerometer,-9.95505,-1.7479501,-6.1870503
1778964744367,Gyroscope,-0.4519625,1.6894625,2.59215
1778964744391,Accelerometer,-9.46395,-2.5530002,-6.43905
1778964744411,Accelerometer,-4.635,-10.629001,-4.2070503
1778964744430,Accelerometer,-5.3050504,-16.428001,0.35295
1778964744449,Accelerometer,-2.973,-10.51605,-2.9190001
1778964744449,Gyroscope,-0.31515,-1.8511624,0.9172625
1778964744469,Accelerometer,1.11105,-6.6330004,-3.8359501
1778964744488,Accelerometer,0.47805002,-8.95695,-1.2720001
1778964744513,Accelerometer,-0.38505003,-10.696051,-2.46195
1778964744530,Accelerometer,-0.93105006,-10.240951,-4.07805
1778964744530,Gyroscope,-0.1233375,0.83545,0.9697875
1778964744548,Accelerometer,-3.1980002,-8.955001,-4.2910504
1778964744566,Accelerometer,-5.2450504,-8.08395,-3.4030502
1778964744585,Accelerometer,-3.2940001,-8.574,-3.4030502
1778964744600,Accelerometer,-0.64605004,-9.457951,-3.01005
1778964744600,Gyroscope,-0.122099996,-0.88467497,0.253825
1778964744625,Accelerometer,0.62895006,-10.04205,-2.8279502
1778964744648,Accelerometer,-0.39000002,-9.55395,-2.8879502
1778964744664,Accelerometer,-2.5129502,-8.8279505,-2.8519502
1778964744679,Accelerometer,-3.3060002,-8.931001,-3.31395
1778964744679,Gyroscope,-0.1062875,-0.3056625,0.4541625
1778964744702,Accelerometer,-2.9899502,-9.42195,-3.2620502
1778964744722,Accelerometer,-2.1400502,-9.55095,-2.6250002
1778964744745,Accelerometer,-0.53595,-9.432,-2.9670002
1778964744764,Accelerometer,0.15300001,-9.12705,-3.9610503
1778964744764,Gyroscope,0.041525,-0.5132875,0.73149997
1778964744781,Accelerometer,-1.40505,-9.5460005,-4.06605
1778964744799,Accelerometer,-2.6860502,-9.90795,-3.6660001
1778964744818,Accelerometer,-3.49005,-10.114051,-3.3960001
1778964744833,Accelerometer,-2.0989501,-10.827001,-2.811
1778964744833,Gyroscope,0.1502875,-0.8273375,1.0553125
1778964744858,Accelerometer,-0.99105006,-11.182051,-2.4760501
1778964744877,Accelerometer,-0.84705,-11.038051,-3.5080502
1778964744896,Accelerometer,-1.55295,-11.035951,-4.71
1778964744911,Accelerometer,-2.4540002,-12.352951,-5.18205
1778964744911,Gyroscope,0.33605,-0.7601,2.1536624
1778964744935,Accelerometer,-2.1709502,-15.052951,-4.7239504
1778964744955,Accelerometer,-1.0530001,-16.82505,-3.66405
1778964744979,Accelerometer,1.28505,-17.785051,-3.28605
1778964744997,Accelerometer,3.9379501,-18.84795,-2.907
1778964744997,Gyroscope,0.03795,-2.0257876,2.57015
1778964745014,Accelerometer,5.1259503,-18.247051,-1.9540501
1778964745032,Accelerometer,2.1739502,-14.8279505,-2.80695
1778964745052,Accelerometer,-0.95205003,-14.103001,-2.35695
1778964745070,Accelerometer,-6.8280005,-14.29905,-1.2529501
1778964745070,Gyroscope,0.3751,0.241725,3.510925
1778964745101,Accelerometer,-6.15,-11.052001,-2.6100001
1778964745110,Accelerometer,1.0870501,-4.296,-3.015
1778964745129,Accelerometer,5.53305,-2.80905,-2.8159502
1778964745145,Accelerometer,4.905,-1.3240501,-2.742
1778964745145,Gyroscope,0.173525,-0.0405625,-1.1694375
1778964745168,Accelerometer,2.775,-1.023,-2.60295
1778964745188,Accelerometer,1.8220501,-1.9159501,-1.6500001
1778964745209,Accelerometer,1.1899501,-3.9079502,-1.2409501
1778964745226,Accelerometer,0.71295005,-4.842,-2.2009501
1778964745226,Gyroscope,0.333575,1.1262625,-3.787575
1778964745247,Accelerometer,-0.11895001,-5.42805,-3.11295
1778964745269,Accelerometer,-1.09605,-7.2120004,-2.49795
1778964745293,Accelerometer,-1.5840001,-8.79705,-2.83095
1778964745300,Accelerometer,-0.23595001,-10.67895,-3.8190002
1778964745300,Gyroscope,-0.2589125,0.6191625,-5.89985
1778964745324,Accelerometer,-2.3359501,-15.453001,-4.28205
1778964745343,Accelerometer,-6.78,-18.673052,-4.42005
1778964745363,Accelerometer,-4.3309503,-18.939001,-5.1120005
1778964745377,Accelerometer,-6.5530505,-21.202051,-3.7999501
1778964745377,Gyroscope,-0.8001125,1.67475,-5.637225
1778964745401,Accelerometer,-10.149,-19.792051,-2.6560502
1778964745425,Accelerometer,-11.67195,-17.164951,-3.8890502
1778964745442,Accelerometer,-16.261051,-14.064001,-3.8749502
1778964745460,Accelerometer,-19.479,-9.181951,-4.5690002
1778964745460,Gyroscope,-0.510675,0.7121125,-1.9306375
1778964745479,Accelerometer,-19.14405,-9.316951,-2.151
1778964745498,Accelerometer,-15.684001,-11.977051,-0.27105
1778964745518,Accelerometer,-12.394951,-11.023951,-1.19505
1778964745533,Accelerometer,-4.25895,-11.2560005,1.9879501
1778964745533,Gyroscope,0.26633748,0.473825,2.8109124
1778964745547,Accelerometer,32.868,-14.719951,4.5090003
1778964745576,Accelerometer,1.09605,-24.055952,1.0570501
1778964745596,Accelerometer,-0.41400003,-17.632051,-2.043
1778964745610,Accelerometer,-1.125,-8.26305,-2.23005
1778964745610,Gyroscope,-0.3982,1.8470374,3.229875
1778964745628,Accelerometer,-11.071051,-0.76905006,-7.2070503
1778964745654,Accelerometer,-9.0379505,-5.05695,-6.53205
1778964745675,Accelerometer,-4.743,-12.208951,-3.7789502
1778964745693,Accelerometer,-4.83795,-15.40305,-0.50805
1778964745693,Gyroscope,-0.0658625,-1.717925,0.889075
1778964745710,Accelerometer,-2.5540502,-9.348001,-3.31695
1778964745732,Accelerometer,1.36695,-7.1590505,-3.4990501
1778964745751,Accelerometer,0.30795002,-9.61095,-0.93000007
1778964745766,Accelerometer,-0.46395,-11.03295,-1.61205
1778964745766,Gyroscope,-0.0378125,0.7976375,1.0626
1778964745788,Accelerometer,-0.294,-9.87195,-4.2670503
1778964745810,Accelerometer,-3.5170503,-8.30895,-3.8770502
1778964745829,Accelerometer,-6.7660503,-7.7700005,-3.0600002
1778964745843,Accelerometer,-3.22005,-8.851951,-2.86695
1778964745843,Gyroscope,0.008525,-1.011725,0.1329625
1778964745868,Accelerometer,-0.22500001,-9.70005,-2.35695
1778964745890,Accelerometer,0.009000001,-10.188001,-2.1409502
1778964745908,Accelerometer,-0.47400004,-9.453,-2.7109501
1778964745925,Accelerometer,-2.118,-9.027,-2.598
1778964745926,Gyroscope,0.0317625,-0.0429,0.5201625
1778964745945,Accelerometer,-3.426,-8.955001,-2.7130501
1778964745965,Accelerometer,-3.01605,-9.30195,-2.943
1778964745984,Accelerometer,-2.11395,-9.81,-2.56005
1778964746003,Accelerometer,-0.65295005,-9.951,-2.43105
1778964746003,Gyroscope,0.024475,-0.812625,0.551925
1778964746023,Accelerometer,0.37800002,-9.63,-3.4099503
1778964746042,Accelerometer,-0.78495,-10.854,-2.673
1778964746061,Accelerometer,-2.0629501,-10.63605,-2.7559502
1778964746076,Accelerometer,-2.5830002,-10.210051,-2.26095
1778964746076,Gyroscope,0.2737625,-0.310475,1.2849375
1778964746100,Accelerometer,-1.62495,-10.30305,-1.9609501
1778964746122,Accelerometer,-1.04295,-10.915951,-2.8159502
1778964746139,Accelerometer,-1.5010501,-11.811001,-4.083
1778964746153,Accelerometer,-2.877,-12.805051,-3.9580503
1778964746154,Gyroscope,0.4874375,-0.425425,2.2697124
1778964746178,Accelerometer,-3.38295,-14.095951,-3.7909503
1778964746188,Accelerometer,-1.5630001,-15.58005,-3.6040502
1778964746217,Accelerometer,0.37305,-16.86795,-3.561
1778964746235,Accelerometer,2.41995,-17.494951,-5.03595
1778964746235,Gyroscope,0.245575,-1.1804374,2.853675
1778964746256,Accelerometer,3.6460502,-17.1,-4.0350003
1778964746268,Accelerometer,2.60205,-15.23805,-2.0760002
1778964746299,Accelerometer,-1.2919501,-12.337951,-2.4829502
1778964746318,Accelerometer,-5.40105,-13.405951,-0.20205002
1778964746319,Gyroscope,0.5363875,-1.485825,2.793725
1778964746333,Accelerometer,-9.78195,-13.462951,-2.838
1778964746354,Accelerometer,-2.4820502,-6.9100504,-2.088
1778964746373,Accelerometer,4.16295,-3.41895,-2.6869502
1778964746387,Accelerometer,6.663,-1.779,-3.1230001
1778964746387,Gyroscope,0.48014998,1.3510749,-0.684475
1778964746411,Accelerometer,3.7900503,-1.3960501,-3.69495
1778964746428,Accelerometer,1.5319501,-1.554,-3.4480503
1778964746450,Accelerometer,0.105000004,-3.3090003,-1.69605
1778964746467,Accelerometer,-0.39405003,-5.39505,-1.77495
1778964746467,Gyroscope,-0.0378125,1.865325,-2.926275
1778964746489,Accelerometer,-0.591,-6.49095,-2.84505
1778964746508,Accelerometer,-0.615,-6.9970503,-3.0960002
1778964746528,Accelerometer,-1.01505,-7.5540004,-3.183
1778964746542,Accelerometer,-1.77795,-8.7300005,-3.5149503
1778964746543,Gyroscope,-0.312675,0.66316247,-5.5468874
1778964746566,Accelerometer,-1.2250501,-12.187051,-3.9250503
1778964746588,Accelerometer,-2.739,-16.192951,-3.5029502
1778964746596,Accelerometer,-5.8630505,-18.015001,-3.489
1778964746620,Accelerometer,-5.1139503,-19.042051,-3.2020502
1778964746620,Gyroscope,-0.8063,1.147025,-6.1931376
1778964746646,Accelerometer,-6.0709505,-20.34,-2.19405
1778964746664,Accelerometer,-9.114,-19.79895,-2.493
1778964746683,Accelerometer,-11.311951,-17.521952,-3.4030502
1778964746699,Accelerometer,-16.11495,-12.798,-3.7240503
1778964746699,Gyroscope,-0.3969625,1.2874125,-2.8639874
1778964746718,Accelerometer,-18.88305,-8.68395,-3.3409503
1778964746742,Accelerometer,-17.803051,-9.70905,-2.08095
1778964746761,Accelerometer,-14.96895,-11.731951,-1.107
1778964746775,Accelerometer,-12.62205,-10.099951,-1.0159501
1778964746775,Gyroscope,-0.091575,-0.414425,2.2257125
1778964746800,Accelerometer,-7.89795,-10.5070505,0.010050001
1778964746819,Accelerometer,24.268051,-13.272,5.11005
1778964746837,Accelerometer,5.33895,-17.75595,-2.8830001
1778964746853,Accelerometer,-0.41400003,-20.230051,-2.11995
1778964746853,Gyroscope,-0.830775,0.0034375,3.8908374
1778964746878,Accelerometer,1.09095,-14.85,-2.88105
1778964746897,Accelerometer,-6.4900503,-4.54005,-4.9950004
1778964746909,Accelerometer,-13.189951,-2.8260002,-5.8950005
1778964746931,Accelerometer,-4.9339504,-7.6000504,-5.196
1778964746932,Gyroscope,-0.229625,-0.27513748,1.7260375
1778964746959,Accelerometer,-4.8310504,-13.618951,-0.88905007
1778964746975,Accelerometer,-3.7180502,-12.432,-1.48695
1778964746989,Accelerometer,-0.45195,-7.8349504,-4.4490004
1778964747009,Accelerometer,0.38505003,-8.830951,-1.6360501
1778964747009,Gyroscope,-0.2088625,-0.5402375,0.650925
1778964747034,Accelerometer,0.23205002,-10.417951,-1.8420001
1778964747053,Accelerometer,-0.85200006,-9.7879505,-4.32
1778964747070,Accelerometer,-4.00995,-9.015,-3.7879503
1778964747087,Accelerometer,-5.6910005,-8.139,-3.2020502
1778964747087,Gyroscope,-0.061049998,-0.4021875,0.3601125
1778964747111,Accelerometer,-3.00705,-8.854051,-3.5269501
1778964747136,Accelerometer,-0.00405,-9.39105,-4.155
1778964747154,Accelerometer,0.49305,-9.348001,-2.84295
1778964747169,Accelerometer,-1.029,-9.36705,-2.43105
1778964747169,Gyroscope,0.0562375,-0.0771375,0.4725875
1778964747189,Accelerometer,-2.2399502,-9.24705,-2.49795
1778964747208,Accelerometer,-3.2050502,-9.10095,-2.9670002
1778964747228,Accelerometer,-3.3439503,-9.264001,-3.072
1778964747242,Accelerometer,-2.2399502,-9.372001,-2.7970502
1778964747243,Gyroscope,-0.063525,-0.8003875,0.36135
1778964747267,Accelerometer,-0.9480001,-9.4789505,-2.8519502
1778964747287,Accelerometer,-0.31500003,-9.748051,-3.7159503
1778964747305,Accelerometer,-1.4790001,-9.99195,-3.834
1778964747320,Accelerometer,-2.9179502,-10.2619505,-3.453
1778964747320,Gyroscope,0.0622875,-0.563475,1.03455
1778964747344,Accelerometer,-2.7600002,-10.305,-3.4000502
1778964747367,Accelerometer,-1.4959501,-10.99995,-2.4499502
1778964747384,Accelerometer,-0.71505004,-11.236951,-2.11695
1778964747400,Accelerometer,-0.57600003,-11.09595,-3.7380002
1778964747401,Gyroscope,0.2407625,-0.4717625,1.9421875
1778964747422,Accelerometer,-2.013,-12.168,-4.689
1778964747441,Accelerometer,-3.8400002,-13.674001,-4.0999503
1778964747460,Accelerometer,-2.9590502,-13.995001,-3.7210503
1778964747470,Accelerometer,-0.43800002,-15.064951,-3.76395
1778964747475,Gyroscope,0.38005,-1.2964875,2.3027124
1778964747500,Accelerometer,2.43705,-17.122051,-5.04495
1778964747521,Accelerometer,3.2290502,-17.409,-4.4950504
1778964747539,Accelerometer,3.5670002,-16.38495,-2.9340003
1778964747550,Accelerometer,0.36105,-14.668051,-3.039
1778964747553,Gyroscope,-0.0598125,-2.4864125,2.914725
1778964747577,Accelerometer,-2.4130502,-16.356,-1.34595
1778964747600,Accelerometer,-4.78305,-13.94505,-2.28495
1778964747619,Accelerometer,-3.5770502,-9.67605,-4.0800004
1778964747634,Accelerometer,-1.9530001,-5.4469504,-2.08095
1778964747635,Gyroscope,0.4508625,0.4445375,2.1987624
1778964747654,Accelerometer,-1.9050001,-2.493,-2.26605
1778964747675,Accelerometer,2.08695,-2.4090002,-0.87900007
1778964747694,Accelerometer,2.86995,-1.9350001,-1.04205
1778964747716,Accelerometer,2.775,-1.164,-1.2720001
1778964747717,Gyroscope,-0.2259125,0.4701125,-2.1357875
1778964747737,Accelerometer,0.957,-1.3050001,-0.26895002
1778964747752,Accelerometer,-0.097950004,-2.8639503,-0.27405003
1778964747772,Accelerometer,0.13800001,-4.91295,-0.906
1778964747786,Accelerometer,1.1200501,-6.42705,-1.76505
1778964747786,Gyroscope,-0.0023375,0.9087375,-5.2377872
1778964747811,Accelerometer,0.23205002,-8.15505,-1.116
1778964747832,Accelerometer,-1.4460001,-10.420051,0.018000001
1778964747850,Accelerometer,-1.23195,-12.573001,-2.469
1778964747866,Accelerometer,-3.423,-18.118052,-3.0940502
1778964747867,Gyroscope,-0.3603875,-0.1456125,-6.77105
1778964747888,Accelerometer,-10.41195,-21.76905,-2.25405
1778964747908,Accelerometer,-6.77295,-19.725,-2.163
1778964747931,Accelerometer,-5.3239503,-20.04795,-2.02395
1778964747948,Accelerometer,-9.5119505,-20.17905,-3.8119502
1778964747948,Gyroscope,-0.11605,2.4602876,-3.8291
1778964747969,Accelerometer,-15.699,-15.645,-5.175
1778964747985,Accelerometer,-20.455952,-9.673051,-5.8639503
1778964748004,Accelerometer,-19.82205,-6.8910003,-6.0150003
1778964748019,Accelerometer,-16.921951,-10.132951,-3.42195
1778964748019,Gyroscope,-0.372625,-1.1462,0.6985
1778964748044,Accelerometer,-11.899051,-11.598001,-1.5450001
1778964748064,Accelerometer,-4.5679502,-13.99005,2.90505
1778964748082,Accelerometer,31.117952,-16.578001,2.4409502
1778964748097,Accelerometer,-2.49195,-19.82805,-0.25695002
1778964748097,Gyroscope,-0.615725,-0.4522375,2.8364875
1778964748117,Accelerometer,0.957,-13.128,-1.6810501
1778964748141,Accelerometer,-1.86195,-6.8190002,-4.5090003
1778964748164,Accelerometer,-10.13895,-3.7189503,-6.729
1778964748180,Accelerometer,-9.378,-5.8039503,-6.81195
1778964748181,Gyroscope,-0.58753747,0.385825,2.0876625
1778964748200,Accelerometer,-4.563,-12.25695,-2.60805
1778964748218,Accelerometer,-4.06005,-14.413951,-0.77595
1778964748238,Accelerometer,-2.11605,-9.250051,-2.4520502
1778964748252,Accelerometer,0.63600004,-7.90395,-2.50305
1778964748252,Gyroscope,-0.2259125,-1.1180125,0.854975
1778964748272,Accelerometer,-0.69900006,-9.783,-0.9990001
1778964748296,Accelerometer,-0.97905004,-10.389001,-2.562
1778964748315,Accelerometer,-0.70305,-9.86505,-3.4699502
1778964748332,Accelerometer,-2.7600002,-9.10305,-3.4939501
1778964748332,Gyroscope,0.0501875,0.5654,0.843975
1778964748355,Accelerometer,-5.75295,-8.505,-3.2710502
1778964748373,Accelerometer,-4.48395,-8.44305,-3.38805
1778964748397,Accelerometer,-2.0029502,-9.23295,-2.256
1778964748415,Accelerometer,0.99600005,-10.01805,-2.15295
1778964748415,Gyroscope,-0.030524999,-0.5022875,0.22935
1778964748434,Accelerometer,0.88995004,-10.23795,-2.91
1778964748451,Accelerometer,-1.4500501,-9.55395,-2.799
1778964748471,Accelerometer,-3.2650502,-9.30195,-2.4760501
1778964748485,Accelerometer,-3.4330502,-9.319051,-2.433
1778964748486,Gyroscope,-0.044,-0.492525,0.53845
1778964748510,Accelerometer,-2.50095,-9.307051,-2.5189502
1778964748529,Accelerometer,-1.2970501,-9.592051,-2.84505
1778964748549,Accelerometer,-0.837,-9.81,-2.8500001
1778964748563,Accelerometer,-1.45305,-10.18095,-2.9190001
1778964748563,Gyroscope,0.0232375,-0.409475,1.0698875
1778964748587,Accelerometer,-2.98005,-10.012951,-2.598
1778964748607,Accelerometer,-3.2440503,-9.484051,-2.83095
1778964748628,Accelerometer,-2.229,-10.291051,-2.388
1778964748636,Accelerometer,-1.4170501,-11.158051,-2.2440002
1778964748647,Gyroscope,0.1747625,-0.6073375,1.5708
1778964748665,Accelerometer,-1.386,-11.58405,-3.8940003
1778964748685,Accelerometer,-2.69805,-12.144001,-4.5690002
1778964748704,Accelerometer,-4.02705,-12.93,-3.8550003
1778964748719,Accelerometer,-2.6430001,-14.12205,-3.6090002
1778964748719,Gyroscope,0.443575,-1.0704376,2.0986624
1778964748743,Accelerometer,0.052050002,-15.309001,-4.30305
1778964748753,Accelerometer,2.60205,-17.55495,-5.9340005
1778964748782,Accelerometer,3.2080503,-17.970001,-6.0750003
1778964748797,Accelerometer,2.7889502,-17.304,-3.62805
1778964748798,Gyroscope,-0.246675,-2.5889876,2.7119124
1778964748821,Accelerometer,-1.4580001,-15.991951,-2.457
1778964748833,Accelerometer,-3.9070501,-16.93995,-1.00905
1778964748860,Accelerometer,-5.097,-13.114051,-2.11995
1778964748880,Accelerometer,-1.8360001,-9.795,-3.5110502
1778964748881,Gyroscope,0.338525,0.93445,3.1015875
1778964748901,Accelerometer,0.77805007,-4.2379503,-1.9609501
1778964748913,Accelerometer,3.4279501,-3.051,-1.2580501
1778964748938,Accelerometer,2.8300502,-1.9350001,-0.9990001
1778964748952,Accelerometer,2.3389502,-1.4130001,-1.42005
1778964748952,Gyroscope,0.066,0.8916875,-1.617825
1778964748976,Accelerometer,1.2709501,-1.8100501,-1.416
1778964748993,Accelerometer,1.13205,-2.6869502,-1.2049501
1778964749015,Accelerometer,0.957,-4.05405,-1.8919501
1778964749029,Accelerometer,-0.72705,-5.91195,-2.40405
1778964749030,Gyroscope,0.3531,1.6295125,-4.5683
1778964749054,Accelerometer,-0.17895001,-7.5349503,-3.15405
1778964749079,Accelerometer,-0.80205005,-9.09405,-2.73195
1778964749094,Accelerometer,-2.69295,-10.099951,-2.57205
1778964749112,Accelerometer,-0.64095,-13.155001,-4.56195
1778964749112,Gyroscope,-0.284625,0.6606875,-6.316475
1778964749131,Accelerometer,-5.09205,-19.107,-4.899
1778964749151,Accelerometer,-8.69505,-20.545952,-4.203
1778964749170,Accelerometer,-5.3050504,-19.039951,-4.10895
1778964749185,Accelerometer,-8.32905,-20.754002,-2.7109501
1778964749185,Gyroscope,-0.60225,1.55265,-5.217025
1778964749211,Accelerometer,-10.22805,-18.987001,-3.9490502
1778964749228,Accelerometer,-15.28005,-15.487051,-3.9220502
1778964749248,Accelerometer,-19.587002,-10.309951,-3.7210503
1778964749262,Accelerometer,-20.001001,-8.742001,-2.04795
1778964749263,Gyroscope,-0.3432,0.0633875,-0.46695
1778964749287,Accelerometer,-16.330952,-11.799001,-0.064950004
1778964749311,Accelerometer,-10.9129505,-12.39795,-0.81900007
1778964749325,Accelerometer,-0.78495,-13.771951,2.7589502
1778964749344,Accelerometer,23.11605,-17.167051,-1.605
1778964749344,Gyroscope,1.0653499,-0.18095,-0.17613749
1778964749364,Accelerometer,-4.9960504,-21.705002,-1.9540501
1778964749383,Accelerometer,-0.045,-14.725051,-2.53905
1778964749395,Accelerometer,-2.7940502,-4.425,-3.46005
1778964749418,Accelerometer,-10.03905,1.5790501,-7.5349503
1778964749418,Gyroscope,-0.5619625,0.6534,2.1157124
1778964749448,Accelerometer,-6.6510005,-7.10895,-4.8510003
1778964749461,Accelerometer,-3.423,-17.364,-0.31905
1778964749475,Accelerometer,-4.2850504,-14.251051,-1.9260001
1778964749495,Accelerometer,-1.01205,-6.3190503,-5.1870003
1778964749495,Gyroscope,-0.245575,-1.1584375,1.29965
1778964749520,Accelerometer,-0.049950004,-6.6160502,-1.7700001
1778964749540,Accelerometer,-1.95105,-9.762,-1.9350001
1778964749558,Accelerometer,-1.74495,-11.46405,-3.0529501
1778964749577,Accelerometer,-1.8100501,-10.143001,-3.3670502
1778964749577,Gyroscope,-0.033,0.4090625,0.8683125
1778964749597,Accelerometer,-3.426,-8.27505,-3.3259501
1778964749617,Accelerometer,-4.242,-8.292001,-2.93595
1778964749642,Accelerometer,-2.3719501,-9.17805,-2.9959502
1778964749660,Accelerometer,-0.54495,-9.55605,-2.8470001
1778964749660,Gyroscope,-0.0658625,-0.51205,0.37235
1778964749678,Accelerometer,-0.41805002,-9.625051,-2.7280502
1778964749695,Accelerometer,-1.17495,-9.292951,-2.59395
1778964749714,Accelerometer,-2.5519502,-8.979,-2.9190001
1778964749729,Accelerometer,-3.65595,-9.166051,-2.87805
1778964749729,Gyroscope,-0.0867625,-0.414425,0.49335
1778964749753,Accelerometer,-3.555,-9.66405,-2.7589502
1778964749773,Accelerometer,-2.5180502,-9.481951,-2.5120502
1778964749792,Accelerometer,-1.09605,-9.336,-2.433
1778964749808,Accelerometer,-0.90705,-9.465,-3.2899501
1778964749809,Gyroscope,-0.052525,-0.563475,0.7607875
1778964749831,Accelerometer,-1.9050001,-9.88605,-3.9559503
1778964749850,Accelerometer,-3.519,-10.53495,-3.015
1778964749876,Accelerometer,-3.1930501,-10.147051,-2.7589502
1778964749892,Accelerometer,-1.608,-10.552051,-2.469
1778964749893,Gyroscope,0.11,-0.7808625,1.1444125
1778964749913,Accelerometer,-0.66495,-11.239051,-2.5819502
1778964749928,Accelerometer,-1.09095,-11.598001,-4.0950003
1778964749947,Accelerometer,-2.15895,-11.692051,-4.9420505
1778964749962,Accelerometer,-3.6409502,-12.67605,-4.236
1778964749962,Gyroscope,0.349525,-0.9213875,2.1291876
1778964749986,Accelerometer,-3.31995,-14.445001,-3.1680002
1778964750008,Accelerometer,-0.43800002,-15.288001,-3.9919503
1778964750025,Accelerometer,2.87295,-17.673,-5.076
1778964750041,Accelerometer,4.4940004,-17.835001,-5.2540503
1778964750041,Gyroscope,0.0622875,-1.9036875,2.550625
1778964750064,Accelerometer,4.9009504,-16.87305,-3.8719501
1778964750084,Accelerometer,0.96405005,-15.42195,-3.49095
1778964750107,Accelerometer,-3.4420502,-16.570951,-2.0329502
1778964750125,Accelerometer,-4.6639504,-14.023951,-2.04495
1778964750125,Gyroscope,0.3078625,0.0339625,3.1455874
1778964750144,Accelerometer,-4.644,-11.005051,-3.4050002
1778964750161,Accelerometer,-1.608,-5.598,-1.9060501
1778964750180,Accelerometer,2.6209502,-3.1270502,-1.5190501
1778964750199,Accelerometer,4.57305,-2.08095,-1.2930001
1778964750199,Gyroscope,0.3421,0.8537375,-1.2684375
1778964750228,Accelerometer,3.92895,-1.5880501,-2.088
1778964750240,Accelerometer,2.6260502,-1.863,-1.26705
1778964750258,Accelerometer,1.491,-3.4770002,0.25500003
1778964750272,Accelerometer,0.522,-4.9690504,-0.039
1778964750272,Gyroscope,-0.0427625,1.9166125,-3.8058624
1778964750297,Accelerometer,-0.96000004,-6.1920004,-0.68505
1778964750317,Accelerometer,0.32505003,-7.4389505,-1.365
1778964750338,Accelerometer,-0.54300004,-9.24495,-1.6530001
1778964750356,Accelerometer,-1.3879501,-10.909051,-0.67305005
1778964750356,Gyroscope,-0.0708125,1.0687875,-6.2346625
1778964750375,Accelerometer,-1.0530001,-14.482951,-2.6749501
1778964750394,Accelerometer,-4.83405,-21.13005,-3.1660502
1778964750414,Accelerometer,-9.64395,-22.545002,-2.22195
1778964750428,Accelerometer,-6.4110003,-20.460001,-1.4950501
1778964750429,Gyroscope,-0.31515,1.3193125,-6.398425
1778964750453,Accelerometer,-5.5729504,-21.063002,-1.746
1778964750474,Accelerometer,-10.59405,-19.794,-3.7720501
1778964750491,Accelerometer,-18.579,-14.811001,-5.02395
1778964750506,Accelerometer,-24.213001,-8.41605,-5.7439504
1778964750506,Gyroscope,-0.0988625,1.766325,-1.1474375
1778964750530,Accelerometer,-22.077002,-7.9810505,-4.689
1778964750555,Accelerometer,-16.45305,-10.617001,-2.52195
1778964750572,Accelerometer,-12.592951,-10.70505,-2.1700501
1778964750589,Accelerometer,-2.2020001,-11.043,-0.52995
1778964750589,Gyroscope,0.201575,0.7841625,3.1785874
1778964750609,Accelerometer,35.93505,-13.581,0.54
1778964750627,Accelerometer,-2.3100002,-19.2,-2.802
1778964750647,Accelerometer,1.3740001,-21.525002,-2.7540002
1778964750661,Accelerometer,-3.0670502,-13.203001,-1.5190501
1778964750661,Gyroscope,-0.615725,0.993025,3.4351625
1778964750676,Accelerometer,-12.073951,-1.3290001,-4.8300004
1778964750705,Accelerometer,-8.722051,-1.7989501,-4.24095
1778964750724,Accelerometer,-4.8769503,-10.399051,-2.6509502
1778964750739,Accelerometer,-1.5289501,-15.28995,-3.5700002
1778964750739,Gyroscope,-0.3004375,-1.419825,1.015025
1778964750755,Accelerometer,-1.8960001,-11.682,-3.2020502
1778964750783,Accelerometer,-1.3759501,-7.5520506,-3.1060503
1778964750805,Accelerometer,-1.9890001,-8.77995,-1.6210501
1778964750821,Accelerometer,-1.3740001,-9.766951,-2.1390002
1778964750821,Gyroscope,0.052525,0.31501248,0.843975
1778964750840,Accelerometer,-2.3119502,-10.48005,-2.3059502
1778964750860,Accelerometer,-3.07095,-9.819,-2.53395
1778964750880,Accelerometer,-3.5410502,-8.838,-2.9650502
1778964750894,Accelerometer,-3.52395,-8.811001,-2.8900502
1778964750895,Gyroscope,-0.055,-0.73205,0.3075875
1778964750917,Accelerometer,-2.2480502,-9.05805,-2.5189502
1778964750938,Accelerometer,-1.2919501,-9.58005,-2.079
1778964750958,Accelerometer,-0.83295006,-9.54195,-2.26095
1778964750972,Accelerometer,-2.32005,-9.345,-2.38995
1778964750972,Gyroscope,-0.0671,-0.1491875,0.47134998
1778964750997,Accelerometer,-3.5860503,-9.148951,-2.70405
1778964751019,Accelerometer,-3.76305,-9.319051,-2.69895
1778964751037,Accelerometer,-2.45805,-9.496051,-1.9230001
1778964751054,Accelerometer,-0.52395004,-9.673051,-2.12895
1778964751054,Gyroscope,-0.080575,-0.82362497,0.4786375
1778964751074,Accelerometer,0.44700003,-10.30095,-2.7280502
1778964751094,Accelerometer,-0.47400004,-10.092,-2.9910002
1778964751113,Accelerometer,-2.334,-10.774951,-2.9910002
1778964751135,Accelerometer,-3.6150002,-10.722,-2.56695
1778964751135,Gyroscope,0.1368125,-0.45595,1.2714624
1778964751158,Accelerometer,-2.499,-10.408051,-1.9039501
1778964751171,Accelerometer,-0.99300003,-11.115001,-2.73
1778964751191,Accelerometer,-0.61005,-12.490951,-3.9199502
1778964751205,Accelerometer,-1.9339501,-13.114051,-3.4770002
1778964751206,Gyroscope,0.39214998,-0.47547498,2.2281876
1778964751230,Accelerometer,-2.7270002,-14.079,-3.6780002
1778964751250,Accelerometer,-1.098,-15.295051,-4.26195
1778964751268,Accelerometer,1.4599501,-16.72005,-5.8110003
1778964751286,Accelerometer,2.7,-17.656052,-5.9599504
1778964751286,Gyroscope,0.1722875,-1.862025,2.561625
1778964751307,Accelerometer,3.22005,-17.091002,-4.79895
1778964751317,Accelerometer,0.92595005,-15.814951,-2.56995
1778964751346,Accelerometer,-2.9179502,-16.28895,-2.112
1778964751370,Accelerometer,-0.63900006,-15.879001,-2.56695
1778964751370,Gyroscope,0.697675,-0.4767125,2.9904876
1778964751391,Accelerometer,-3.0619502,-11.446951,-3.3450003
1778964751401,Accelerometer,-1.848,-5.3110504,-3.1009502
1778964751424,Accelerometer,4.4820004,-2.1649501,-1.2
1778964751438,Accelerometer,4.1200504,-1.9060501,-1.2019501
1778964751439,Gyroscope,0.4948625,0.733975,-1.2109625
1778964751463,Accelerometer,1.7190001,-1.87995,-1.5640501
1778964751484,Accelerometer,2.6119502,-2.0760002,-0.35295
1778964751502,Accelerometer,3.5170503,-3.4789503,-0.90795004
1778964751518,Accelerometer,1.7230501,-5.5960503,-1.13505
1778964751518,Gyroscope,-0.218625,2.500575,-3.605525
1778964751540,Accelerometer,-1.3470001,-7.2619505,-0.91005003
1778964751558,Accelerometer,-1.005,-8.61495,-1.7050501
1778964751579,Accelerometer,-1.67505,-9.805051,-1.84395
1778964751601,Accelerometer,-2.87295,-10.807951,-1.12605
1778964751602,Gyroscope,0.079475,0.9307375,-6.100325
1778964751618,Accelerometer,-1.2610501,-14.224951,-2.9650502
1778964751637,Accelerometer,-4.644,-20.059952,-3.1969502
1778964751657,Accelerometer,-7.83405,-21.25905,-2.60595
1778964751671,Accelerometer,-5.32905,-20.64405,-2.53395
1778964751671,Gyroscope,-0.4569125,1.0847375,-6.3006625
1778964751696,Accelerometer,-6.0880504,-20.043001,-2.19105
1778964751716,Accelerometer,-11.08005,-18.444,-3.3240001
1778964751735,Accelerometer,-15.577051,-15.144001,-4.6260004
1778964751750,Accelerometer,-22.374,-10.686001,-4.64295
1778964751750,Gyroscope,-0.2468125,1.340075,-1.7314
1778964751773,Accelerometer,-22.27095,-7.8250504,-3.9850502
1778964751793,Accelerometer,-17.39595,-10.530001,-1.9230001
1778964751816,Accelerometer,-12.751051,-10.744051,-1.3560001
1778964751835,Accelerometer,0.90000004,-10.842001,-1.31295
1778964751835,Gyroscope,0.2431,0.9832625,2.7754376
1778964751853,Accelerometer,30.181952,-15.762001,-0.50595003
1778964751871,Accelerometer,-2.8150501,-24.496052,-0.76005006
1778964751890,Accelerometer,-0.009000001,-18.69495,-1.6530001
1778964751905,Accelerometer,-3.423,-6.3619504,-2.4499502
1778964751905,Gyroscope,-0.4972,1.5219874,3.2593
1778964751929,Accelerometer,-11.611951,1.3729501,-6.2260504
1778964751949,Accelerometer,-8.2879505,-4.2120004,-5.7640505
1778964751966,Accelerometer,-6.5170503,-14.673,-1.6620001
1778964751983,Accelerometer,-4.06995,-16.831951,-1.3290001
1778964751983,Gyroscope,-0.1612875,-1.132725,0.9367875
1778964752007,Accelerometer,-1.6830001,-8.4210005,-3.6469502
1778964752026,Accelerometer,1.041,-7.34805,-3.0030003
1778964752038,Accelerometer,-0.73695004,-9.04395,-1.2739501
1778964752060,Accelerometer,-2.25,-9.99195,-3.0370502
1778964752061,Gyroscope,-0.00605,0.3675375,0.79873747
1778964752089,Accelerometer,-3.0670502,-10.20705,-3.01005
1778964752104,Accelerometer,-2.73405,-9.24705,-2.874
1778964752118,Accelerometer,-3.6390002,-8.503051,-2.73
1778964752138,Accelerometer,-4.03095,-8.59395,-2.8260002
1778964752138,Gyroscope,-0.022,-0.6513375,0.2123
1778964752162,Accelerometer,-2.2380002,-8.91705,-3.051
1778964752181,Accelerometer,-0.76995003,-9.58695,-2.4520502
1778964752198,Accelerometer,-0.56895,-9.99405,-1.8420001
1778964752215,Accelerometer,-0.78495,-9.76395,-2.67705
1778964752216,Gyroscope,-0.0488125,-0.1076625,0.43835
1778964752240,Accelerometer,-2.18295,-9.204,-2.8930502
1778964752263,Accelerometer,-3.3919501,-8.863951,-2.6100001
1778964752281,Accelerometer,-2.74095,-9.307051,-2.62905
1778964752297,Accelerometer,-1.56105,-9.640051,-2.1720002
1778964752297,Gyroscope,-0.1038125,-0.8798625,0.4224
1778964752317,Accelerometer,-0.03795,-9.925051,-2.9340003
1778964752337,Accelerometer,-0.30105,-10.305,-3.2710502
1778964752356,Accelerometer,-2.2999501,-10.6050005,-2.77305
1778964752371,Accelerometer,-2.8890002,-9.58695,-3.1710002
1778964752371,Gyroscope,0.123475,-0.38747498,1.082125
1778964752396,Accelerometer,-2.05395,-10.119,-3.3330002
1778964752415,Accelerometer,-1.5510001,-11.554951,-2.86905
1778964752434,Accelerometer,-1.6969501,-12.09405,-2.778
1778964752450,Accelerometer,-1.8840001,-11.65305,-2.93595
1778964752450,Gyroscope,0.3518625,-0.6172375,1.909325
1778964752473,Accelerometer,-2.25,-12.324,-3.7189503
1778964752497,Accelerometer,-1.3879501,-14.589001,-4.4869504
1778964752515,Accelerometer,0.079050004,-16.104,-4.39905
1778964752528,Accelerometer,1.008,-16.665,-4.3219504
1778964752529,Gyroscope,0.3641,-1.1046749,2.86715
1778964752550,Accelerometer,1.9440001,-17.476051,-4.6260004
1778964752570,Accelerometer,2.9280002,-17.90205,-3.4750502
1778964752589,Accelerometer,1.4269501,-16.47495,-2.93595
1778964752599,Accelerometer,-1.4860501,-16.33695,-2.505
1778964752604,Gyroscope,0.554675,-2.226125,3.1273
1778964752629,Accelerometer,-2.73405,-15.1369505,-1.9969501
1778964752648,Accelerometer,-4.9410005,-10.98795,-4.99695
1778964752669,Accelerometer,0.61695004,-5.02395,-2.42805
1778964752679,Accelerometer,2.22105,-2.742,-2.706
1778964752681,Gyroscope,0.675675,0.88673747,0.2831125
1778964752706,Accelerometer,3.0000002,-1.23105,-2.55795
1778964752729,Accelerometer,3.17895,-0.64395005,-2.45895
1778964752746,Accelerometer,2.8969502,-1.71,-1.8319501
1778964752762,Accelerometer,1.2970501,-3.0240002,-0.73995006
1778964752763,Gyroscope,-0.2248125,1.3998874,-2.9898
1778964752784,Accelerometer,0.061950002,-4.1740503,-1.2070501
1778964752803,Accelerometer,0.55005,-5.94495,-2.4520502
1778964752823,Accelerometer,0.40395,-7.8109503,-3.2329502
1778964752847,Accelerometer,-0.98595005,-9.22095,-3.11805
1778964752847,Gyroscope,0.030524999,1.0663126,-5.819275
1778964752867,Accelerometer,-1.2349501,-11.007001,-2.7640502
1778964752881,Accelerometer,-0.72705,-14.674951,-4.53105
1778964752901,Accelerometer,-5.2500005,-20.51205,-4.8679504
1778964752915,Accelerometer,-8.16405,-20.85,-4.9230003
1778964752915,Gyroscope,-0.4752,1.3864125,-6.5522876
1778964752939,Accelerometer,-5.52495,-18.52005,-4.8970504
1778964752961,Accelerometer,-8.4199505,-18.87195,-4.0090504
1778964752979,Accelerometer,-11.872951,-17.586,-5.03595
1778964752995,Accelerometer,-14.437051,-14.62005,-4.188
1778964752995,Gyroscope,-0.444675,0.9367875,-3.346475
1778964753017,Accelerometer,-18.687,-10.423051,-3.8389502
1778964753036,Accelerometer,-18.70395,-8.574,-2.59095
1778964753061,Accelerometer,-15.0400505,-11.200951,0.034050003
1778964753079,Accelerometer,-11.81505,-10.94505,0.43905002
1778964753079,Gyroscope,-0.174625,-0.370425,2.2757626
1778964753096,Accelerometer,-10.137,-9.915001,0.16605
1778964753114,Accelerometer,16.129951,-12.991951,7.4350505
1778964753133,Accelerometer,14.85105,-24.537,-2.9959502
1778964753148,Accelerometer,-4.1269503,-26.02605,-0.19695
1778964753148,Gyroscope,-1.1202124,0.4921125,4.8621373
1778964753173,Accelerometer,-1.4860501,-11.821051,-5.3110504
1778964753194,Accelerometer,-13.123051,-0.69705003,-7.0800004
1778964753211,Accelerometer,-9.459001,0.231,-7.7029505
1778964753227,Accelerometer,-6.7249503,-7.8900003,-6.5179505
1778964753227,Gyroscope,-0.2723875,-1.2133,1.2813625
1778964753248,Accelerometer,-5.9440503,-15.10095,2.2080002
1778964753270,Accelerometer,-3.1290002,-13.1640005,-4.104
1778964753294,Accelerometer,1.1560501,-7.4610004,-5.3760004
1778964753311,Accelerometer,0.021000002,-8.301001,-0.46500003
1778964753312,Gyroscope,-0.1148125,-0.674575,0.6765
1778964753331,Accelerometer,-0.60495,-9.774,-1.404
1778964753347,Accelerometer,-0.98295003,-10.714951,-3.9079502
1778964753367,Accelerometer,-3.141,-9.7879505,-4.05405
1778964753381,Accelerometer,-5.5300503,-7.83195,-4.1329503
1778964753381,Gyroscope,-0.0671,-0.4962375,0.4615875
1778964753400,Accelerometer,-4.6800003,-7.6050005,-3.6180003
1778964753425,Accelerometer,-2.35095,-9.24495,-2.84505
1778964753444,Accelerometer,1.3069501,-9.538951,-2.874
1778964753461,Accelerometer,1.4119501,-9.35505,-2.9620502
1778964753462,Gyroscope,0.029424999,0.0499125,0.451825
1778964753480,Accelerometer,-1.9080001,-9.297001,-3.07995
1778964753503,Accelerometer,-3.9790502,-9.156,-2.50305
1778964753526,Accelerometer,-4.8169503,-9.118051,-2.8279502
1778964753542,Accelerometer,-3.21705,-9.052951,-2.8330503
1778964753542,Gyroscope,-0.122099996,-0.8553875,0.264825
1778964753562,Accelerometer,-1.8070501,-9.229951,-3.07995
1778964753580,Accelerometer,-0.72705,-9.526951,-3.8580003
1778964753600,Accelerometer,-0.80205005,-9.43605,-4.08495
1778964753614,Accelerometer,-2.1660001,-9.73305,-3.2380502
1778964753615,Gyroscope,0.0402875,-0.574475,0.8817875
1778964753639,Accelerometer,-2.42205,-10.39395,-3.1200001
1778964753658,Accelerometer,-1.9410001,-11.248951,-2.7640502
1778964753678,Accelerometer,-1.0309501,-11.22,-2.9929502
1778964753693,Accelerometer,-0.88500005,-11.11005,-4.1020503
1778964753693,Gyroscope,0.2003375,-0.58905,1.8115625
1778964753716,Accelerometer,-1.86705,-11.574,-4.3369503
1778964753736,Accelerometer,-3.24795,-13.597951,-4.413
1778964753758,Accelerometer,-2.35305,-15.18,-3.5299501
1778964753776,Accelerometer,-0.30795002,-15.673051,-3.4630501
1778964753776,Gyroscope,0.444675,-0.9262,2.506625
1778964753796,Accelerometer,1.779,-17.098051,-4.341
1778964753814,Accelerometer,1.9080001,-17.51205,-4.81995
1778964753833,Accelerometer,3.249,-16.875,-3.7210503
1778964753847,Accelerometer,1.5340501,-15.031951,-2.9310002
1778964753848,Gyroscope,-0.394625,-2.7124624,2.533575
1778964753872,Accelerometer,-3.4660501,-15.823951,-1.5979501
1778964753881,Accelerometer,-9.27705,-16.810951,-1.30305
1778964753912,Accelerometer,-5.5300503,-9.92205,-3.93195
1778964753926,Accelerometer,2.0040002,-5.06895,-2.4400501
1778964753926,Gyroscope,0.5083375,0.4213,1.8200874
1778964753949,Accelerometer,6.31995,-2.4160502,-2.49495
1778964753962,Accelerometer,5.202,-0.42705002,-2.11995
1778964753988,Accelerometer,3.0190501,0.13305001,-2.4499502
1778964754008,Accelerometer,1.6879501,-0.96495,-1.2720001
1778964754008,Gyroscope,-0.70125,0.7316375,-2.1797874
1778964754029,Accelerometer,0.462,-3.381,0.13695
1778964754042,Accelerometer,0.61995006,-5.8350005,-0.075
1778964754066,Accelerometer,0.99600005,-7.00605,-0.30705002
1778964754081,Accelerometer,0.26505002,-7.6789503,-0.78795004
1778964754081,Gyroscope,0.0672375,0.8415,-5.3794127
1778964754105,Accelerometer,0.60495,-8.62905,-1.45605
1778964754125,Accelerometer,-0.18900001,-10.368,-0.75195
1778964754143,Accelerometer,-0.957,-14.481001,-1.4320501
1778964754158,Accelerometer,-2.60205,-20.95305,-2.97405
1778964754158,Gyroscope,-0.1612875,0.6741625,-6.7368126
1778964754182,Accelerometer,-8.427,-22.600052,-2.9929502
1778964754205,Accelerometer,-8.05395,-21.54405,-2.97195
1778964754222,Accelerometer,-7.24695,-20.725052,-3.456
1778964754240,Accelerometer,-10.527,-18.966002,-4.66905
1778964754240,Gyroscope,-0.2553375,2.2086625,-3.8988125
1778964754260,Accelerometer,-15.979051,-14.581951,-4.8780003
1778964754280,Accelerometer,-24.888,-9.015,-5.7300005
1778964754300,Accelerometer,-22.102951,-6.951,-4.59495
1778964754314,Accelerometer,-16.80495,-10.93305,-1.401
1778964754314,Gyroscope,-0.2211,-1.0533875,2.0131376
1778964754338,Accelerometer,-10.3279505,-11.554951,-1.3630501
1778964754358,Accelerometer,15.5119505,-13.561951,4.01595
1778964754376,Accelerometer,8.6640005,-24.156002,-2.5480502
1778964754391,Accelerometer,-3.9619503,-21.316952,1.0639501
1778964754392,Gyroscope,-1.112925,-0.144375,4.869425
1778964754416,Accelerometer,1.16295,-10.20705,-3.3790503
1778964754438,Accelerometer,-9.43995,-2.6130002,-4.3489504
1778964754456,Accelerometer,-10.47,-0.74700004,-7.0230002
1778964754472,Accelerometer,-6.8590503,-9.417001,-2.9310002
1778964754472,Gyroscope,-0.3762,-0.5878125,1.628275
1778964754493,Accelerometer,-5.12295,-16.045052,0.12495001
1778964754512,Accelerometer,-3.1260002,-11.989051,-3.6709502
1778964754522,Accelerometer,0.21300001,-7.5930004,-3.85995
1778964754547,Accelerometer,-0.37305,-9.196951,-1.7890501
1778964754547,Gyroscope,-0.1868625,-0.7308125,0.672925
1778964754577,Accelerometer,-2.3100002,-9.783,-2.1990001
1778964754591,Accelerometer,-2.3029501,-9.73095,-3.4990501
1778964754605,Accelerometer,-2.0389502,-9.55095,-2.8620002
1778964754624,Accelerometer,-2.7859502,-9.048,-3.6109502
1778964754625,Gyroscope,-0.091575,-0.20295,0.5361125
1778964754649,Accelerometer,-3.9259503,-8.622001,-3.6829503
1778964754670,Accelerometer,-3.1909502,-8.75205,-2.8950002
1778964754689,Accelerometer,-0.684,-9.229951,-2.43105
1778964754704,Accelerometer,0.46905002,-9.429001,-2.4070501
1778964754704,Gyroscope,-0.0537625,-0.276375,0.424875
1778964754726,Accelerometer,-1.5169501,-9.24495,-2.53905
1778964754746,Accelerometer,-3.04305,-8.98095,-2.5770001
1778964754771,Accelerometer,-3.0040503,-8.99295,-2.7589502
1778964754788,Accelerometer,-2.22405,-9.4459505,-2.93595
1778964754788,Gyroscope,-0.0903375,-0.6831,0.5471125
1778964754807,Accelerometer,-1.5769501,-9.345,-3.1420503
1778964754823,Accelerometer,-1.3590001,-9.148951,-3.00495
1778964754843,Accelerometer,-1.7230501,-9.769051,-2.87805
1778964754857,Accelerometer,-2.94705,-10.31505,-2.673
1778964754858,Gyroscope,0.0292875,-0.4607625,0.9942625
1778964754882,Accelerometer,-2.66205,-10.023001,-2.9260502
1778964754902,Accelerometer,-1.812,-10.449,-2.21805
1778964754920,Accelerometer,-1.3930501,-11.20995,-3.7069502
1778964754936,Accelerometer,-1.9099501,-12.196951,-4.7320504
1778964754937,Gyroscope,0.1808125,-0.5292375,1.749275
1778964754959,Accelerometer,-3.0330002,-12.036,-4.15905
1778964754979,Accelerometer,-3.5449502,-12.89805,-3.7450502
1778964755004,Accelerometer,-1.9030501,-14.512051,-3.2740502
1778964755021,Accelerometer,-0.201,-15.400051,-3.38595
1778964755021,Gyroscope,0.4813875,-1.248775,2.252525
1778964755040,Accelerometer,2.025,-16.38705,-4.92105
1778964755057,Accelerometer,2.5830002,-16.59,-4.59495
1778964755076,Accelerometer,3.7870502,-16.44705,-3.3019502
1778964755091,Accelerometer,0.061950002,-15.228001,-2.28495
1778964755091,Gyroscope,-0.2638625,-2.7185125,2.7949624
1778964755115,Accelerometer,-5.09205,-15.508051,-1.5280501
1778964755135,Accelerometer,-7.2370505,-15.288001,-2.5150502
1778964755153,Accelerometer,-7.0480504,-9.96105,-4.9620004
1778964755169,Accelerometer,1.09605,-3.5149503,-2.4790502
1778964755169,Gyroscope,0.289575,0.5446375,1.8261375
1778964755193,Accelerometer,5.004,-2.06205,-2.148
1778964755212,Accelerometer,4.5700502,-1.1400001,-1.8229501
1778964755236,Accelerometer,2.97795,-0.606,-1.8079501
1778964755244,Accelerometer,1.6470001,-1.044,-0.71595
1778964755253,Gyroscope,-0.4703875,0.78045,-1.8304
1778964755270,Accelerometer,0.38295,-2.9620502,-0.78105
1778964755290,Accelerometer,-0.30105,-5.151,-1.4490001
1778964755309,Accelerometer,0.78705,-6.38595,-2.3160002
1778964755324,Accelerometer,0.85395,-6.57,-2.7559502
1778964755324,Gyroscope,0.26633748,0.8171625,-5.0532627
1778964755348,Accelerometer,-1.3759501,-6.906,-1.4419501
1778964755368,Accelerometer,-1.23195,-9.22305,-2.35905
1778964755387,Accelerometer,-1.16295,-13.425,-2.7469501
1778964755403,Accelerometer,-5.7619505,-17.10495,-2.73195
1778964755403,Gyroscope,-0.2748625,0.9697875,-6.16385
1778964755426,Accelerometer,-5.985,-17.32995,-3.3000002
1778964755446,Accelerometer,-4.4700003,-18.19905,-3.8580003
1778964755467,Accelerometer,-7.5990005,-18.688051,-2.9959502
1778964755485,Accelerometer,-10.85805,-16.990051,-2.83995
1778964755485,Gyroscope,-0.2173875,1.9936125,-3.9793875
1778964755505,Accelerometer,-12.459001,-14.377951,-3.2040002
1778964755523,Accelerometer,-15.913951,-11.46195,-2.3830502
1778964755542,Accelerometer,-16.32405,-9.352051,-2.4139502
1778964755557,Accelerometer,-13.836,-9.52995,-1.7170501
1778964755557,Gyroscope,-0.0402875,0.6461125,0.0204875
1778964755581,Accelerometer,-12.35595,-9.778951,-0.41205
1778964755601,Accelerometer,-10.75695,-8.644051,-0.120000005
1778964755620,Accelerometer,-9.64095,-8.778001,-0.35505003
1778964755635,Accelerometer,-2.5540502,-10.600051,0.79305005
1778964755635,Gyroscope,0.140525,0.6826875,2.9929626
1778964755659,Accelerometer,33.03405,-13.918051,0.33795002
1778964755683,Accelerometer,3.5839503,-29.397001,-7.0249505
1778964755702,Accelerometer,-2.8939502,-23.388,-2.28495
1778964755718,Accelerometer,-3.21495,-8.27295,-5.58195
1778964755718,Gyroscope,-0.8771125,0.4750625,4.825425
1778964755736,Accelerometer,-19.876951,-0.41205,-2.43105
1778964755756,Accelerometer,-10.033951,-2.397,-4.8850503
1778964755776,Accelerometer,-6.22695,-10.49205,-0.81705004
1778964755790,Accelerometer,-4.584,-13.036951,-4.215
1778964755791,Gyroscope,-0.3859625,-1.877975,0.7156875
1778964755804,Accelerometer,-1.5820501,-11.30595,-6.393
1778964755834,Accelerometer,-1.848,-9.349951,-1.365
1778964755853,Accelerometer,-4.656,-7.3080006,-2.1409502
1778964755868,Accelerometer,-5.2309504,-8.530951,-3.07695
1778964755868,Gyroscope,0.16005,0.81345,0.740025
1778964755886,Accelerometer,-3.2599502,-10.063951,-2.091
1778964755912,Accelerometer,-3.7540503,-10.108951,-3.3070502
1778964755933,Accelerometer,-4.086,-9.156,-2.67
1778964755951,Accelerometer,-2.7840002,-9.37605,-1.99995
1778964755951,Gyroscope,0.1027125,-0.6037625,0.236775
1778964755968,Accelerometer,-1.17495,-8.871,-2.115
1778964755989,Accelerometer,-1.194,-8.188951,-2.59095
1778964756009,Accelerometer,-2.80095,-8.12895,-2.7919502
1778964756024,Accelerometer,-4.41195,-8.55,-3.0270002
1778964756024,Gyroscope,-0.0341,-0.4937625,0.7645
1778964756045,Accelerometer,-4.9819503,-9.37905,-3.0010502
1778964756067,Accelerometer,-4.1269503,-9.86205,-2.4550502
1778964756087,Accelerometer,-2.35995,-9.76395,-3.01305
1778964756101,Accelerometer,-1.0170001,-10.839001,-2.697
1778964756101,Gyroscope,0.10395,-0.933625,0.9843625
1778964756126,Accelerometer,-1.2040501,-11.91405,-1.9350001
1778964756148,Accelerometer,-1.5490501,-11.400001,-1.24995
1778964756168,Accelerometer,-1.8430501,-11.467051,-1.88205
1778964756182,Accelerometer,-2.19495,-13.425,-3.0600002
1778964756182,Gyroscope,0.317625,-0.597575,2.279475
1778964756203,Accelerometer,-1.9339501,-15.505951,-3.8430002
1778964756223,Accelerometer,0.25605002,-18.91995,-4.74795
1778964756242,Accelerometer,2.9299502,-19.842001,-4.188
1778964756267,Accelerometer,4.99905,-17.577002,-2.50005
1778964756268,Gyroscope,0.1612875,-1.939025,2.6313374
1778964756286,Accelerometer,5.2600503,-15.027,-2.6890502
1778964756300,Accelerometer,0.043050002,-15.490951,-3.4440002
1778964756320,Accelerometer,-3.9070501,-16.507051,-2.1030002
1778964756334,Accelerometer,-9.505051,-11.854951,-2.60295
1778964756334,Gyroscope,0.2517625,0.5324,3.383875
1778964756358,Accelerometer,-5.3320503,-5.814,-3.381
1778964756381,Accelerometer,1.16295,-3.04395,-3.453
1778964756398,Accelerometer,3.9570003,-3.4030502,-2.4709501
1778964756413,Accelerometer,1.8720001,-3.4459503,-2.67705
1778964756413,Gyroscope,0.013475,-0.29095,-1.8451124
1778964756436,Accelerometer,1.1010001,-2.232,-1.8370501
1778964756445,Accelerometer,0.97200006,-2.2150502,-0.97005004
1778964756475,Accelerometer,0.63195,-4.353,-1.50405
1778964756497,Accelerometer,0.31800002,-5.8759503,-2.0670002
1778964756497,Gyroscope,-0.0353375,1.1738375,-4.394775
1778964756519,Accelerometer,0.45000002,-6.6520505,-3.0630002
1778964756529,Accelerometer,-0.04695,-8.112,-3.144
1778964756552,Accelerometer,-1.2400501,-9.805051,-2.39505
1778964756568,Accelerometer,-0.45900002,-13.465951,-3.8070002
1778964756568,Gyroscope,-0.6865375,1.032075,-6.0806623
1778964756592,Accelerometer,-2.3170502,-19.174051,-4.48005
1778964756612,Accelerometer,-8.99505,-20.371052,-3.8790002
1778964756631,Accelerometer,-6.2700005,-18.997051,-3.1039503
1778964756646,Accelerometer,-6.31995,-20.61,-2.1720002
1778964756646,Gyroscope,-0.7415375,1.457225,-5.6249876
1778964756669,Accelerometer,-8.463,-19.887001,-2.90505
1778964756686,Accelerometer,-14.37495,-16.07805,-3.9630003
1778964756708,Accelerometer,-19.945951,-10.77,-3.6090002
1778964756730,Accelerometer,-20.820002,-8.6320505,-2.5789502
1778964756730,Gyroscope,-0.4752,0.5446375,-0.66605
1778964756750,Accelerometer,-18.385052,-11.269951,-1.0900501
1778964756766,Accelerometer,-14.391001,-11.428051,-0.53895
1778964756786,Accelerometer,-11.43,-10.65495,-0.10095
1778964756800,Accelerometer,12.64605,-14.78295,8.86005
1778964756801,Gyroscope,1.1741124,0.8842625,1.9288499
1778964756825,Accelerometer,12.151051,-21.645,-2.4430501
1778964756846,Accelerometer,-2.391,-21.135,-3.9199502
1778964756863,Accelerometer,-1.434,-13.923,-4.40805
1778964756879,Accelerometer,-10.54395,-3.4720502,-6.609
1778964756880,Gyroscope,-0.76353747,1.9668,3.1993499
1778964756903,Accelerometer,-11.403001,-1.3120501,-7.1860504
1778964756922,Accelerometer,-6.222,-7.65495,-5.7970505
1778964756946,Accelerometer,-5.4220505,-14.646001,1.8709501
1778964756964,Accelerometer,-2.19495,-12.501,-4.08495
1778964756964,Gyroscope,-0.2088625,-1.90245,1.0003124
1778964756980,Accelerometer,0.771,-7.6410003,-4.28205
1778964756999,Accelerometer,-0.86100006,-8.719951,-1.023
1778964757019,Accelerometer,-1.4620501,-10.188001,-1.5310501
1778964757033,Accelerometer,-1.5490501,-10.00905,-3.7909503
1778964757034,Gyroscope,-0.0708125,1.3168375,1.09065
1778964757058,Accelerometer,-2.9250002,-9.36705,-4.1950502
1778964757077,Accelerometer,-6.09105,-8.28705,-3.34995
1778964757095,Accelerometer,-4.85295,-8.13405,-3.22305
1778964757112,Accelerometer,-0.99300003,-8.910001,-2.66805
1778964757112,Gyroscope,-0.058575,-1.0949125,0.2220625
1778964757136,Accelerometer,1.4479501,-9.55095,-2.35395
1778964757155,Accelerometer,0.72705,-9.89805,-2.7250502
1778964757167,Accelerometer,-1.21305,-9.65205,-2.91195
1778964757189,Accelerometer,-4.06995,-9.292951,-2.3419502
1778964757189,Gyroscope,0.035475,0.02915,0.705925
1778964757216,Accelerometer,-5.2759504,-8.56005,-2.33295
1778964757233,Accelerometer,-3.7350001,-8.376,-2.7799501
1778964757247,Accelerometer,-2.118,-9.369,-2.7540002
1778964757267,Accelerometer,-0.77295005,-10.132951,-3.3450003
1778964757267,Gyroscope,-0.0243375,-0.83215,0.60445
1778964757291,Accelerometer,-0.957,-10.179001,-3.1920002
1778964757310,Accelerometer,-2.2450502,-9.988951,-3.3090003
1778964757328,Accelerometer,-2.8459501,-10.83195,-2.3779502
1778964757344,Accelerometer,-1.8430501,-11.206051,-2.2080002
1778964757344,Gyroscope,0.21505,-0.4767125,1.2299374
1778964757369,Accelerometer,-0.873,-12.040951,-3.48705
1778964757393,Accelerometer,-1.33095,-12.829051,-4.3099504
1778964757410,Accelerometer,-2.595,-12.867001,-3.7500002
1778964757426,Accelerometer,-2.7,-14.218051,-3.6780002
1778964757426,Gyroscope,0.454575,-0.8041,2.230525
1778964757446,Accelerometer,-0.31305,-16.13805,-4.224
1778964757465,Accelerometer,1.29495,-17.124,-4.1020503
1778964757485,Accelerometer,3.3640501,-17.649,-5.5860004
1778964757500,Accelerometer,4.09095,-16.77,-5.3250003
1778964757500,Gyroscope,-0.2283875,-2.5119874,2.5530999
1778964757525,Accelerometer,3.153,-15.618001,-4.1670003
1778964757544,Accelerometer,-0.78705,-15.673051,-2.115
1778964757563,Accelerometer,-3.5650501,-18.427052,-0.40800002
1778964757577,Accelerometer,-6.71505,-15.004951,-1.7820001
1778964757578,Gyroscope,0.4961,-0.3471875,3.3044
1778964757602,Accelerometer,-2.466,-7.8870006,-1.0830001
1778964757626,Accelerometer,4.2709503,-2.8830001,-2.5840502
1778964757643,Accelerometer,5.4349504,-1.4059501,-2.25795
1778964757661,Accelerometer,3.5460002,-0.79095006,-1.8199501
1778964757661,Gyroscope,0.08305,1.158025,-1.269675
1778964757680,Accelerometer,2.6790001,-0.846,-2.187
1778964757699,Accelerometer,1.419,-1.7530501,-2.29695
1778964757719,Accelerometer,0.522,-3.18,-1.6789501
1778964757728,Accelerometer,-0.28695002,-4.9759502,-2.3059502
1778964757733,Gyroscope,0.283525,2.06085,-4.0563874
1778964757758,Accelerometer,-1.0819501,-6.49905,-2.6250002
1778964757777,Accelerometer,-0.53595,-7.7170506,-3.288
1778964757796,Accelerometer,-0.10695001,-9.22605,-3.6880503
1778964757808,Accelerometer,-0.67200005,-11.055,-3.7860003
1778964757810,Gyroscope,0.217525,1.120075,-6.38495
1778964757835,Accelerometer,-0.28005,-15.147,-5.313
1778964757857,Accelerometer,-4.49805,-22.921051,-6.28095
1778964757874,Accelerometer,-8.99505,-23.28,-6.609
1778964757892,Accelerometer,-6.74205,-18.47505,-6.7519503
1778964757892,Gyroscope,-0.5962,1.876325,-6.19685
1778964757912,Accelerometer,-10.518001,-19.090052,-6.3619504
1778964757932,Accelerometer,-14.217001,-17.886002,-6.3409505
1778964757952,Accelerometer,-20.146952,-13.2619505,-4.4230504
1778964757966,Accelerometer,-23.088001,-7.7509503,-4.1790004
1778964757966,Gyroscope,-0.69629997,-0.72833747,-1.4614875
1778964757991,Accelerometer,-18.14595,-10.291051,-0.49905002
1778964758009,Accelerometer,-13.242001,-12.834001,0.006
1778964758029,Accelerometer,-11.32905,-11.634001,-0.24000001
1778964758044,Accelerometer,9.364051,-13.411051,10.63605
1778964758044,Gyroscope,0.8674875,1.6429875,2.62515
1778964758068,Accelerometer,25.50105,-22.84905,4.05
1778964758089,Accelerometer,-4.4290504,-20.95005,-1.76505
1778964758108,Accelerometer,0.33705002,-12.57495,-3.4720502
1778964758123,Accelerometer,-12.106951,-4.0750504,-9.4480505
1778964758123,Gyroscope,-0.621775,2.9343874,3.2225876
1778964758146,Accelerometer,-15.330001,-2.6800501,-7.9300504
1778964758157,Accelerometer,-4.656,-8.361,-9.144
1778964758185,Accelerometer,-5.8680005,-12.135,-0.91995007
1778964758209,Accelerometer,-6.0810003,-12.429001,0.31395
1778964758209,Gyroscope,-0.234575,-2.1382625,0.7717875
1778964758229,Accelerometer,0.69900006,-7.8349504,-4.74795
1778964758243,Accelerometer,2.15895,-8.184,-1.4440501
1778964758262,Accelerometer,0.12195001,-11.503051,-1.07805
1778964758277,Accelerometer,0.96000004,-10.618951,-3.1590002
1778964758277,Gyroscope,-0.011,1.192125,1.286175
1778964758301,Accelerometer,-1.9390501,-9.958051,-4.59495
1778964758322,Accelerometer,-7.0339503,-8.07405,-3.8719501
1778964758340,Accelerometer,-6.3420005,-7.3219504,-3.147
1778964758356,Accelerometer,-2.80305,-9.028951,-2.6869502
1778964758357,Gyroscope,-0.1513875,-1.1694375,0.0449625
1778964758377,Accelerometer,1.5870001,-9.92205,-2.8279502
1778964758398,Accelerometer,2.35605,-9.781051,-3.07995
1778964758421,Accelerometer,-1.50495,-9.534,-2.6560502
1778964758438,Accelerometer,-3.65805,-8.874001,-1.84905
1778964758438,Gyroscope,-0.058575,0.2770625,0.705925
1778964758461,Accelerometer,-4.458,-8.55,-2.6250002
1778964758476,Accelerometer,-3.22005,-9.396001,-3.7669501
1778964758495,Accelerometer,-1.8960001,-10.023001,-3.8749502
1778964758511,Accelerometer,-0.95505005,-9.61305,-3.0289502
1778964758511,Gyroscope,-0.1331,-1.0764875,0.612975
1778964758530,Accelerometer,-0.60300004,-9.475051,-3.0919502
1778964758554,Accelerometer,-1.0720501,-10.30305,-4.06605
1778964758573,Accelerometer,-1.4959501,-11.445001,-3.8890502
1778964758589,Accelerometer,-1.6159501,-11.019,-3.5320501
1778964758589,Gyroscope,0.1087625,-0.76505,1.5805625
1778964758610,Accelerometer,-1.8570001,-11.175,-4.22895
1778964758631,Accelerometer,-1.9990501,-11.833051,-4.4419503
1778964758654,Accelerometer,-2.46795,-13.087951,-4.04505
1778964758672,Accelerometer,-1.9440001,-15.159,-3.21105
1778964758672,Gyroscope,0.33605,-1.0949125,2.351525
1778964758692,Accelerometer,0.46605003,-17.254051,-4.12395
1778964758709,Accelerometer,3.0550501,-18.369001,-5.0740504
1778964758729,Accelerometer,5.2980003,-19.219051,-5.23005
1778964758743,Accelerometer,5.8300505,-18.112951,-4.3890004
1778964758743,Gyroscope,-0.5729625,-1.9892125,3.0490625
1778964758768,Accelerometer,1.74705,-15.309001,-4.18095
1778964758787,Accelerometer,-5.5210505,-17.36895,-0.56805
1778964758806,Accelerometer,-9.064051,-16.477951,-1.4440501
1778964758821,Accelerometer,-2.16105,-8.364,-2.7589502
1778964758821,Gyroscope,0.2248125,0.9552125,2.9672499
1778964758845,Accelerometer,5.037,-4.65705,-2.59605
1778964758864,Accelerometer,7.59705,-2.3080502,-1.794
1778964758886,Accelerometer,4.79295,-0.62505,-1.7560501
1778964758905,Accelerometer,3.6510003,0.363,-0.99405
1778964758906,Gyroscope,-0.5240125,0.1524875,-2.5108874
1778964758925,Accelerometer,2.3700001,-1.8250501,0.264
1778964758942,Accelerometer,2.4390001,-5.6680503,0.29505002
1778964758962,Accelerometer,1.2250501,-8.7300005,-0.25695002
1778964758976,Accelerometer,-0.85695004,-9.634951,-0.31395
1778964758976,Gyroscope,0.121,0.83916247,-5.8595624
1778964759001,Accelerometer,-0.55995005,-10.747951,0.25905
1778964759010,Accelerometer,-0.45405003,-13.684051,-0.28095
1778964759040,Accelerometer,-0.43500003,-18.15405,-1.866
1778964759055,Accelerometer,-5.4799504,-22.132952,-2.3130002
1778964759055,Gyroscope,0.079475,0.872025,-6.9188623
1778964759079,Accelerometer,-8.69295,-21.372002,-2.1409502
1778964759091,Accelerometer,-5.8650002,-20.634,-2.1030002
1778964759117,Accelerometer,-6.2460003,-21.219002,-1.2790501
1778964759138,Accelerometer,-8.535001,-18.123001,-2.742
1778964759138,Gyroscope,0.2297625,2.0229,-4.2054377
1778964759159,Accelerometer,-14.281051,-14.0140505,-3.831
1778964759170,Accelerometer,-19.33995,-10.59,-5.61
1778964759195,Accelerometer,-20.478,-8.589001,-5.29005
1778964759209,Accelerometer,-18.45195,-10.1640005,-2.84505
1778964759210,Gyroscope,0.0622875,-0.6147625,0.9783125
1778964759234,Accelerometer,-15.639001,-10.246051,-2.673
1778964759255,Accelerometer,-12.44295,-9.283051,-2.93595
1778964759272,Accelerometer,-9.94305,-7.9849505,-2.56005
1778964759287,Accelerometer,4.7470503,-6.4870505,4.5090003
1778964759287,Gyroscope,0.482625,1.0382625,2.34905
1778964759312,Accelerometer,29.691002,-12.475051,-2.9580002
1778964759335,Accelerometer,1.5490501,-32.134052,-6.9940505
1778964759353,Accelerometer,-3.14295,-25.789051,0.003
1778964759370,Accelerometer,-9.724951,-4.6530004,-4.84905
1778964759370,Gyroscope,-0.5424375,0.319825,3.3483999
1778964759389,Accelerometer,-13.465051,3.8100002,-6.8170505
1778964759409,Accelerometer,-4.8,-7.011,-4.40595
1778964759428,Accelerometer,-1.31595,-11.57205,-2.4160502
1778964759443,Accelerometer,0.13095,-14.670001,-1.45395
1778964759443,Gyroscope,-0.23333749,-1.45035,1.2874125
1778964759467,Accelerometer,-1.149,-9.999001,-5.0719504
1778964759486,Accelerometer,-4.17705,-8.862,-1.5520501
1778964759506,Accelerometer,-2.4510002,-8.586,-1.58595
1778964759520,Accelerometer,-2.4150002,-9.328951,-2.5500002
1778964759520,Gyroscope,0.0501875,0.4945875,0.72421247
1778964759545,Accelerometer,-3.4039502,-10.224001,-2.4120002
1778964759569,Accelerometer,-3.4350002,-9.628051,-3.1950002
1778964759586,Accelerometer,-4.54395,-8.76795,-2.8470001
1778964759601,Accelerometer,-3.2050502,-8.493,-2.01705
1778964759601,Gyroscope,-0.0512875,-0.7528125,0.0815375
1778964759622,Accelerometer,-0.44505003,-9.142051,-2.32995
1778964759641,Accelerometer,0.10695001,-9.68295,-2.2339501
1778964759651,Accelerometer,-1.7260501,-9.558001,-2.4810002
1778964759676,Accelerometer,-3.7180502,-8.95695,-2.33295
1778964759683,Gyroscope,-0.1013375,-0.1236125,0.490875
1778964759700,Accelerometer,-4.3039503,-8.694,-2.7880502
1778964759719,Accelerometer,-2.9160001,-9.364051,-2.70105
1778964759734,Accelerometer,-1.3429501,-9.903001,-2.46195
1778964759753,Accelerometer,-0.049950004,-10.47795,-1.8370501
1778964759754,Gyroscope,-0.141625,-0.701525,0.6557375
1778964759778,Accelerometer,0.00405,-10.602,-2.1079502
1778964759800,Accelerometer,-0.94005007,-10.456051,-2.8860002
1778964759818,Accelerometer,-2.43405,-11.028001,-2.9020503
1778964759835,Accelerometer,-2.69805,-11.091001,-3.1369503
1778964759835,Gyroscope,0.1172875,-0.1651375,1.50975
1778964759855,Accelerometer,-1.6180501,-11.710951,-4.30305
1778964759875,Accelerometer,-1.47405,-12.697051,-4.48995
1778964759892,Accelerometer,-1.8769501,-13.087951,-3.8190002
1778964759917,Accelerometer,-1.434,-14.94795,-3.525
1778964759917,Gyroscope,0.294525,-0.7698625,2.2147124
1778964759937,Accelerometer,1.74495,-17.112001,-4.8040504
1778964759953,Accelerometer,3.9619503,-18.10095,-6.7120504
1778964759972,Accelerometer,5.84595,-18.112951,-5.91405
1778964759986,Accelerometer,4.02,-17.11005,-3.4120502
1778964759987,Gyroscope,-0.4263875,-2.8846126,2.61415
1778964760011,Accelerometer,1.6660501,-17.74395,-1.284
1778964760031,Accelerometer,-3.1240501,-20.85,-0.77895004
1778964760049,Accelerometer,-1.74495,-15.3810005,-2.3089502
1778964760065,Accelerometer,-4.5100503,-11.1,-2.62905
1778964760066,Gyroscope,0.0317625,1.0003124,3.4706376
1778964760089,Accelerometer,0.85005003,-5.6389503,-2.3419502
1778964760108,Accelerometer,1.41495,-3.15405,-2.8590002
1778964760131,Accelerometer,2.226,-2.18205,-1.9350001
1778964760147,Accelerometer,3.282,-1.9570501,-1.96395
1778964760148,Gyroscope,-0.096525,0.82568747,-2.1432126
1778964760170,Accelerometer,4.1080503,-2.397,-0.036000002
1778964760186,Accelerometer,2.0680501,-3.52005,1.2720001
1778964760205,Accelerometer,0.094950005,-6.9340506,0.26895002
1778964760220,Accelerometer,-1.5870001,-9.774,-0.88395005
1778964760220,Gyroscope,0.614625,1.8348,-5.1668377
1778964760244,Accelerometer,-1.9050001,-9.307051,-1.7629501
1778964760263,Accelerometer,-4.24905,-10.156951,0.19005
1778964760283,Accelerometer,-2.841,-11.644051,-1.5520501
1778964760297,Accelerometer,-1.6849501,-17.08605,-1.542
1778964760298,Gyroscope,0.23705,-0.2066625,-6.9982
1778964760321,Accelerometer,-8.134951,-21.19905,-0.73605
1778964760341,Accelerometer,-7.7880006,-19.272001,-1.4130001
1778964760356,Accelerometer,-7.63005,-19.816051,-2.2080002
1778964760373,Accelerometer,-13.153951,-20.059952,-3.9510002
1778964760384,Gyroscope,0.615725,3.3045375,-3.82305
1778964760399,Accelerometer,-17.57805,-15.064951,-6.77895
1778964760419,Accelerometer,-21.519001,-7.1590505,-8.698951
1778964760438,Accelerometer,-22.93905,-3.69,-9.03195
1778964760453,Accelerometer,-19.01505,-8.064,-6.7450504
1778964760453,Gyroscope,-0.2321,-1.0874875,0.799975
1778964760477,Accelerometer,-15.523951,-10.6380005,-5.44005
1778964760497,Accelerometer,-13.201951,-9.36705,-5.2200003
1778964760515,Accelerometer,-1.7809501,-9.69495,1.8090001
1778964760530,Accelerometer,41.83995,-16.41105,7.9789505
1778964760532,Gyroscope,1.9804125,-2.5169375,-3.0338
1778964760555,Accelerometer,-0.62895006,-23.01,-2.11995
1778964760574,Accelerometer,3.9450002,-16.320002,-3.2260501
1778964760598,Accelerometer,-8.05395,-11.866051,-2.4430501
1778964760614,Accelerometer,-10.387951,-3.108,-6.60195
1778964760615,Gyroscope,-0.95535,1.0382625,2.2952874
1778964760635,Accelerometer,-7.4430003,-7.5349503,-5.184
1778964760652,Accelerometer,-0.39900002,-9.321,-5.71605
1778964760671,Accelerometer,0.097950004,-11.77995,-1.473
1778964760686,Accelerometer,-3.8710501,-11.035951,-2.2729502
1778964760686,Gyroscope,-0.1698125,-1.386825,1.20065
1778964760710,Accelerometer,-2.67405,-7.7460003,-2.742
1778964760730,Accelerometer,-1.32105,-9.505951,-0.76005006
1778964760749,Accelerometer,-0.32700002,-11.040001,-1.3560001
1778964760764,Accelerometer,-1.67295,-10.19505,-2.7850502
1778964760764,Gyroscope,-0.1648625,0.942975,1.1554124
1778964760788,Accelerometer,-5.3200502,-9.292951,-2.9220002
1778964760808,Accelerometer,-5.6860504,-8.304001,-3.18495
1778964760829,Accelerometer,-4.1389503,-8.332951,-3.08205
1778964760848,Accelerometer,-2.59695,-9.22095,-2.112
1778964760848,Gyroscope,-0.17105,-1.1169125,0.0339625
1778964760866,Accelerometer,-0.90195006,-10.276951,-2.043
1778964760885,Accelerometer,0.56205004,-9.970051,-2.5840502
1778964760904,Accelerometer,-1.0530001,-8.94495,-2.63205
1778964760919,Accelerometer,-3.73005,-8.4210005,-2.2780502
1778964760919,Gyroscope,-0.1172875,-0.0100375,0.51645
1778964760933,Accelerometer,-4.24905,-8.42595,-2.2680001
1778964760963,Accelerometer,-3.3709502,-9.159,-2.93595
1778964760982,Accelerometer,-2.2399502,-10.01595,-2.25795
1778964760997,Accelerometer,-0.72705,-10.16205,-2.7559502
1778964760997,Gyroscope,-0.1538625,-0.9079125,0.540925
1778964761016,Accelerometer,-0.15300001,-10.012951,-2.91
1778964761041,Accelerometer,-1.2250501,-10.288951,-2.7640502
1778964761062,Accelerometer,-2.4870002,-10.368,-2.8159502
1778964761078,Accelerometer,-2.53005,-10.54695,-2.2390501
1778964761078,Gyroscope,0.05995,-0.4522375,1.330175
1778964761097,Accelerometer,-1.572,-11.365951,-3.1990502
1778964761118,Accelerometer,-1.3260001,-12.27795,-4.5760503
1778964761137,Accelerometer,-2.334,-12.999001,-3.9150002
1778964761152,Accelerometer,-3.1290002,-14.614951,-2.8470001
1778964761152,Gyroscope,0.4203375,-0.7588625,2.2037125
1778964761173,Accelerometer,-0.85695004,-16.042051,-2.7490501
1778964761195,Accelerometer,1.98405,-16.966051,-3.9970503
1778964761215,Accelerometer,4.15395,-18.810001,-6.3840003
1778964761230,Accelerometer,4.4100003,-18.855001,-5.7400503
1778964761230,Gyroscope,-0.157575,-1.9793125,2.8402
1778964761254,Accelerometer,4.2180004,-17.349,-3.6709502
1778964761277,Accelerometer,-0.52605003,-15.280951,-3.0649502
1778964761295,Accelerometer,-3.2629502,-18.14895,0.40800002
1778964761311,Accelerometer,-7.4430003,-12.702001,-3.1420503
1778964761312,Gyroscope,0.3078625,0.4811125,3.4131625
1778964761333,Accelerometer,-1.503,-7.4950504,-1.593
1778964761352,Accelerometer,3.2770503,-2.3080502,-2.70105
1778964761371,Accelerometer,4.932,-1.2889501,-2.01705
1778964761386,Accelerometer,3.9019501,-0.30900002,-1.6570501
1778964761386,Gyroscope,0.2102375,0.633875,-1.8121125
1778964761410,Accelerometer,2.9640002,-0.96300006,-1.368
1778964761429,Accelerometer,1.67295,-2.6250002,-0.27600002
1778964761449,Accelerometer,1.1389501,-4.2649503,-0.78795004
1778964761463,Accelerometer,-0.11895001,-5.6389503,-1.9969501
1778964761463,Gyroscope,0.471625,2.0681374,-4.361775
1778964761488,Accelerometer,-0.246,-7.0990505,-3.015
1778964761510,Accelerometer,-0.64605004,-8.72505,-3.5820003
1778964761527,Accelerometer,-1.5010501,-9.94095,-2.706
1778964761544,Accelerometer,-1.0030501,-12.484051,-4.4160004
1778964761544,Gyroscope,0.0317625,1.2606,-6.2346625
1778964761564,Accelerometer,-2.394,-19.111952,-5.91405
1778964761574,Accelerometer,-9.082951,-23.043001,-5.95305
1778964761599,Accelerometer,-9.391951,-19.885052,-5.92605
1778964761618,Accelerometer,-7.9009504,-17.90205,-5.4570003
1778964761619,Gyroscope,-0.5009125,1.1298375,-5.5944624
1778964761649,Accelerometer,-11.23095,-18.66105,-5.02395
1778964761660,Accelerometer,-14.133,-16.27395,-3.6040502
1778964761677,Accelerometer,-19.36005,-10.50405,-4.308
1778964761696,Accelerometer,-20.338951,-8.4210005,-3.07995
1778964761696,Gyroscope,-0.4714875,-0.238425,-0.6747125
1778964761720,Accelerometer,-15.583951,-11.63895,-0.441
1778964761742,Accelerometer,-11.347951,-11.826,-0.23805001
1778964761759,Accelerometer,-6.21705,-11.436001,1.03995
1778964761777,Accelerometer,26.236052,-16.55505,8.01
1778964761777,Gyroscope,1.5027375,0.74387497,0.53845
1778964761798,Accelerometer,1.3069501,-26.101051,0.14895001
1778964761815,Accelerometer,-0.57195,-19.000952,0.72900003
1778964761837,Accelerometer,-1.5840001,-6.0720005,-2.907
1778964761859,Accelerometer,-7.7550006,0.03705,-5.52405
1778964761860,Gyroscope,-0.50325,1.06755,2.4211
1778964761879,Accelerometer,-11.145,-3.7710001,-11.802001
1778964761895,Accelerometer,-5.7390003,-12.1710005,-2.32305
1778964761915,Accelerometer,-6.6580505,-16.858952,0.67395
1778964761929,Accelerometer,-3.28395,-8.86905,-4.6530004
1778964761929,Gyroscope,-0.0072875,-1.297725,1.1848375
1778964761954,Accelerometer,1.3789501,-6.3790503,-3.20895
1778964761975,Accelerometer,0.064050004,-9.43605,-0.71895003
1778964761992,Accelerometer,-2.571,-10.353001,-2.23005
1778964762009,Accelerometer,-3.6870003,-10.474951,-3.3070502
1778964762009,Gyroscope,-0.0023375,0.86845,0.9405
1778964762031,Accelerometer,-3.3780003,-8.862,-4.02495
1778964762051,Accelerometer,-4.05495,-8.050051,-4.0009503
1778964762074,Accelerometer,-3.9120002,-8.521951,-2.6850002
1778964762091,Accelerometer,-2.3149502,-9.166051,-2.02095
1778964762091,Gyroscope,0.0732875,-0.82362497,-0.0380875
1778964762112,Accelerometer,0.28905,-9.408,-2.02605
1778964762128,Accelerometer,0.58095,-10.224001,-2.127
1778964762148,Accelerometer,-1.2420001,-9.870001,-2.56995
1778964762162,Accelerometer,-3.1600502,-9.192,-2.6440501
1778964762163,Gyroscope,0.0086624995,-0.128425,0.48839998
1778964762187,Accelerometer,-3.5410502,-8.93805,-2.4859502
1778964762208,Accelerometer,-2.628,-8.863951,-2.16
1778964762226,Accelerometer,-0.76095,-8.871,-2.26605
1778964762241,Accelerometer,0.22695,-10.135051,-2.80395
1778964762241,Gyroscope,-0.00605,-0.630575,0.81949997
1778964762264,Accelerometer,-1.0170001,-11.902051,-2.60595
1778964762284,Accelerometer,-1.9750501,-9.951,-2.6220002
1778964762296,Accelerometer,-1.8259501,-9.08205,-2.8879502
1778964762318,Accelerometer,-1.5270001,-10.851001,-2.7160501
1778964762318,Gyroscope,0.21133749,-0.558525,1.6270375
1778964762344,Accelerometer,-2.0730002,-12.475051,-2.60295
1778964762361,Accelerometer,-2.8530002,-12.385951,-3.489
1778964762377,Accelerometer,-3.3610501,-12.385951,-3.216
1778964762395,Accelerometer,-2.74305,-14.16495,-3.4390502
1778964762396,Gyroscope,0.5559125,-0.685575,2.2281876
1778964762420,Accelerometer,-0.93795,-15.748051,-3.3649502
1778964762440,Accelerometer,0.246,-16.018051,-4.143
1778964762457,Accelerometer,1.62495,-17.497952,-4.899
1778964762475,Accelerometer,2.39895,-18.598951,-4.413
1778964762475,Gyroscope,-0.0818125,-2.1907876,2.5298624
1778964762497,Accelerometer,3.11205,-16.878,-2.52195
1778964762517,Accelerometer,1.1899501,-14.685,-3.4000502
1778964762540,Accelerometer,0.186,-16.966051,-0.42405003
1778964762556,Accelerometer,-7.3330503,-12.946051,-2.493
1778964762557,Gyroscope,0.543675,0.30153748,3.5182126
1778964762576,Accelerometer,-3.2959502,-8.292001,-3.3019502
1778964762594,Accelerometer,2.1040502,-2.9479501,-3.0889502
1778964762615,Accelerometer,2.6119502,-2.40405,-3.2299502
1778964762629,Accelerometer,2.877,-1.7119501,-2.7850502
1778964762629,Gyroscope,0.3751,1.5074124,-1.05215
1778964762653,Accelerometer,3.05205,-1.7149501,-3.46005
1778964762672,Accelerometer,2.26005,-1.983,-3.00495
1778964762692,Accelerometer,0.70605004,-2.8830001,-1.8229501
1778964762706,Accelerometer,0.20805001,-4.4419503,-2.457
1778964762706,Gyroscope,0.6059625,2.168375,-3.6629999
1778964762731,Accelerometer,0.0019500001,-6.0600004,-3.82905
1778964762755,Accelerometer,-0.68700004,-7.3390503,-4.24305
1778964762773,Accelerometer,-1.51005,-8.680051,-3.93405
1778964762787,Accelerometer,-2.01495,-10.66005,-4.40805
1778964762787,Gyroscope,0.132,1.2533125,-6.0770874
1778964762808,Accelerometer,-1.2780001,-14.263051,-5.2870502
1778964762828,Accelerometer,-5.5350003,-19.983002,-5.74905
1778964762847,Accelerometer,-8.08005,-20.92605,-6.2070003
1778964762857,Accelerometer,-7.6660504,-19.320002,-6.11595
1778964762861,Gyroscope,-0.77935,1.462175,-5.896275
1778964762886,Accelerometer,-11.614051,-20.043001,-5.4810004
1778964762905,Accelerometer,-14.190001,-16.95195,-4.0999503
1778964762925,Accelerometer,-18.76305,-11.955001,-2.84505
1778964762938,Accelerometer,-19.60395,-8.30895,-2.87595
1778964762939,Gyroscope,-0.681725,-0.7063375,-1.86945
1778964762964,Accelerometer,-17.583,-10.617001,0.22800002
1778964762989,Accelerometer,-13.87005,-12.772051,1.38495
1778964763004,Accelerometer,-11.21895,-11.979001,0.19005
1778964763021,Accelerometer,12.703951,-14.835001,6.0540004
1778964763021,Gyroscope,1.1081125,1.47565,1.8726125
1778964763041,Accelerometer,11.799001,-28.392002,-0.94200003
1778964763061,Accelerometer,-5.4250503,-23.011951,1.7410501
1778964763080,Accelerometer,1.5700501,-6.063,-2.8980002
1778964763095,Accelerometer,-8.17605,3.3790503,-6.3169503
1778964763095,Gyroscope,-0.3933875,1.6600375,2.43705
1778964763120,Accelerometer,-10.009951,-1.2210001,-9.640051
1778964763139,Accelerometer,-3.11205,-10.293,-3.3960001
1778964763158,Accelerometer,-6.4279504,-21.01305,1.332
1778964763172,Accelerometer,-3.00705,-10.155001,-6.90105
1778964763173,Gyroscope,-0.0012375,-1.3855875,1.46575
1778964763197,Accelerometer,-1.5630001,-4.8180003,-3.42405
1778964763220,Accelerometer,-2.15895,-6.537,0.3
1778964763237,Accelerometer,-1.3980001,-9.640051,-2.2440002
1778964763252,Accelerometer,-2.1330001,-12.487051,-3.3930001
1778964763253,Gyroscope,-0.0598125,0.28325,0.9257875
1778964763274,Accelerometer,-4.70895,-10.795951,-3.8790002
1778964763294,Accelerometer,-4.4479504,-7.3030505,-4.13805
1778964763314,Accelerometer,-4.0939503,-7.7790003,-3.381
1778964763336,Accelerometer,-2.53005,-8.92395,-2.8900502
1778964763337,Gyroscope,0.044,-0.96415,0.1780625
1778964763357,Accelerometer,-0.48105,-9.637051,-1.9930501
1778964763372,Accelerometer,-0.081,-9.628051,-2.1049502
1778964763391,Accelerometer,-2.25705,-9.228001,-2.55795
1778964763406,Accelerometer,-4.41195,-9.003,-2.73495
1778964763406,Gyroscope,0.0232375,0.0413875,0.6521625
1778964763430,Accelerometer,-5.3770504,-8.686951,-2.67705
1778964763452,Accelerometer,-4.01895,-8.75895,-2.6820002
1778964763470,Accelerometer,-2.2720501,-9.123,-2.55795
1778964763485,Accelerometer,-0.813,-9.964951,-2.766
1778964763485,Gyroscope,-0.050049998,-0.8614375,0.4981625
1778964763505,Accelerometer,-1.14405,-10.726951,-3.35505
1778964763527,Accelerometer,-1.8210001,-10.453951,-3.66105
1778964763551,Accelerometer,-2.2360501,-10.17405,-3.7930503
1778964763569,Accelerometer,-2.2999501,-11.14095,-2.04795
1778964763569,Gyroscope,0.20047499,-0.7233875,1.341175
1778964763587,Accelerometer,-1.4479501,-11.854951,-2.06205
1778964763605,Accelerometer,-0.42795002,-11.74905,-4.3320003
1778964763624,Accelerometer,-1.5510001,-12.89805,-4.7239504
1778964763639,Accelerometer,-2.8969502,-15.313951,-4.3650002
1778964763639,Gyroscope,0.5071,-0.762575,2.605625
1778964763658,Accelerometer,-1.2900001,-17.02905,-4.42995
1778964763683,Accelerometer,1.9369501,-18.465,-4.9450502
1778964763703,Accelerometer,4.6470003,-19.132952,-5.6080503
1778964763718,Accelerometer,5.16405,-18.751951,-4.12395
1778964763719,Gyroscope,-0.328625,-2.507175,2.815725
1778964763739,Accelerometer,1.13205,-15.645,-4.24305
1778964763760,Accelerometer,-2.9179502,-18.69495,0.064950004
1778964763786,Accelerometer,-8.820001,-14.581951,-1.6690501
1778964763801,Accelerometer,-1.6510501,-8.31105,-1.1590501
1778964763801,Gyroscope,0.3482875,1.2423126,3.4205875
1778964763821,Accelerometer,3.246,-3.4750502,-2.4859502
1778964763838,Accelerometer,4.63695,-1.092,-2.29905
1778964763857,Accelerometer,2.973,0.81705004,-2.3850002
1778964763872,Accelerometer,2.22405,0.87495005,-3.01005
1778964763872,Gyroscope,-0.5374875,1.3046,-2.0955
1778964763896,Accelerometer,1.0390501,-1.3770001,-1.81095
1778964763917,Accelerometer,0.47100002,-3.42195,-0.27795002
1778964763936,Accelerometer,0.081,-4.947,-1.2
1778964763950,Accelerometer,-0.094950005,-7.07595,-1.66005
1778964763951,Gyroscope,-0.09405,0.881925,-5.3794127
1778964763974,Accelerometer,0.00705,-8.74905,-1.8970501
1778964763994,Accelerometer,-0.62205005,-9.502951,-1.7340001
1778964764017,Accelerometer,-1.3279501,-11.898001,-2.6149502
1778964764035,Accelerometer,-0.768,-17.160002,-3.3409503
1778964764035,Gyroscope,-0.820875,0.5581125,-6.7893376
1778964764053,Accelerometer,-4.7520003,-22.449001,-3.0010502
1778964764071,Accelerometer,-6.531,-22.243052,-3.4750502
1778964764091,Accelerometer,-8.04405,-22.428001,-3.048
1778964764105,Accelerometer,-11.607,-21.738,-2.42595
1778964764105,Gyroscope,-0.3823875,1.6405125,-4.7014
1778964764129,Accelerometer,-14.941951,-18.23505,-2.5549502
1778964764139,Accelerometer,-20.025002,-10.9810505,-3.3930001
1778964764169,Accelerometer,-22.47705,-7.8109503,-2.5500002
1778964764185,Accelerometer,-19.14705,-11.51895,0.192
1778964764185,Gyroscope,-0.0243375,-0.7563875,0.9062625
1778964764207,Accelerometer,-15.0400505,-13.22595,0.054
1778964764219,Accelerometer,-7.1059504,-10.771951,-3.4789503
1778964764246,Accelerometer,33.26295,-10.01595,-0.96495
1778964764268,Accelerometer,1.2349501,-28.264952,-0.55605
1778964764268,Gyroscope,0.0207625,-1.9927875,1.74185
1778964764286,Accelerometer,0.08295,-25.449001,1.12905
1778964764299,Accelerometer,0.684,-6.8700004,-3.7570503
1778964764324,Accelerometer,-12.220051,3.65895,-5.0880003
1778964764338,Accelerometer,-9.118951,-1.9369501,-4.46805
1778964764339,Gyroscope,-0.6095375,0.2514875,2.2697124
1778964764363,Accelerometer,-3.41595,-11.194051,-3.6060002
1778964764381,Accelerometer,-2.8530002,-19.927952,-1.26705
1778964764401,Accelerometer,-2.8990502,-9.58695,-4.602
1778964764416,Accelerometer,-2.0320501,-5.7130504,-3.9390001
1778964764416,Gyroscope,-0.2028125,-0.7783875,1.2544125
1778964764440,Accelerometer,-2.2810502,-7.53,-1.6530001
1778964764466,Accelerometer,-2.2020001,-10.399051,-3.3930001
1778964764481,Accelerometer,-2.6190002,-11.119051,-3.5269501
1778964764496,Accelerometer,-2.2840502,-9.23805,-3.9420002
1778964764497,Gyroscope,-0.00605,-0.0466125,0.64968747
1778964764518,Accelerometer,-1.98405,-8.31795,-3.7399502
1778964764537,Accelerometer,-3.1189501,-8.814,-3.22305
1778964764557,Accelerometer,-2.35095,-8.922001,-3.453
1778964764572,Accelerometer,-1.0030501,-9.063001,-2.7490501
1778964764572,Gyroscope,-0.030524999,-0.3312375,0.36987498
1778964764596,Accelerometer,-1.06005,-9.285001,-2.8830001
1778964764616,Accelerometer,-2.367,-9.264001,-3.1350002
1778964764635,Accelerometer,-3.3630002,-8.99295,-2.8189502
1778964764648,Accelerometer,-2.6239502,-8.73705,-2.53095
1778964764649,Gyroscope,-0.0658625,-0.6281,0.4261125
1778964764674,Accelerometer,-1.572,-8.743951,-2.6100001
1778964764696,Accelerometer,-0.588,-8.830951,-3.525
1778964764716,Accelerometer,-1.28295,-10.33905,-4.1329503
1778964764731,Accelerometer,-3.52395,-10.734,-3.7570503
1778964764731,Gyroscope,0.0012375,-0.6147625,0.9868375
1778964764751,Accelerometer,-3.519,-9.46695,-3.8530502
1778964764771,Accelerometer,-2.1040502,-10.36995,-3.381
1778964764780,Accelerometer,-1.4670001,-11.737051,-2.838
1778964764804,Accelerometer,-1.25205,-11.61705,-4.48005
1778964764805,Gyroscope,0.145475,-0.790625,1.7358
1778964764829,Accelerometer,-2.0680501,-11.646001,-5.17005
1778964764848,Accelerometer,-3.0259502,-12.333,-5.163
1778964764863,Accelerometer,-2.69805,-15.168001,-4.6410003
1778964764882,Accelerometer,-0.21000001,-17.23695,-4.296
1778964764882,Gyroscope,0.3042875,-1.612875,2.3612876
1778964764907,Accelerometer,1.9770001,-18.147001,-4.07805
1778964764931,Accelerometer,4.15395,-18.42,-3.9079502
1778964764948,Accelerometer,3.61995,-18.36,-1.9810501
1778964764962,Accelerometer,0.342,-16.04895,-4.236
1778964764962,Gyroscope,-0.069575,-3.02885,3.0063
1778964764984,Accelerometer,-3.0570002,-16.878,-3.1230001
1778964765004,Accelerometer,-6.1069503,-15.616051,-1.9350001
1778964765021,Accelerometer,-2.70495,-9.490951,-4.25505
1778964765046,Accelerometer,0.22200002,-3.6709502,-4.29405
1778964765047,Gyroscope,0.3177625,-0.02585,1.7395124
1778964765067,Accelerometer,3.8740501,-3.048,-0.77895004
1778964765081,Accelerometer,2.775,-1.9009501,0.027
1778964765101,Accelerometer,2.607,-0.68805003,-1.0129501
1778964765116,Accelerometer,3.0360003,-0.17295001,-1.26195
1778964765116,Gyroscope,-0.406725,0.8757375,-2.600125
1778964765140,Accelerometer,3.2220001,-1.6500001,-1.7700001
1778964765162,Accelerometer,2.08995,-4.13805,-2.4810002
1778964765178,Accelerometer,0.57705003,-7.03695,-2.6490002
1778964765197,Accelerometer,-0.47595003,-8.79195,-3.5749502
1778964765197,Gyroscope,0.1502875,1.837275,-5.5737
1778964765217,Accelerometer,-0.651,-9.85305,-3.04605
1778964765237,Accelerometer,-2.0080502,-11.661,-2.86905
1778964765261,Accelerometer,-1.6540501,-15.207001,-5.5150504
1778964765278,Accelerometer,-4.7980504,-21.549002,-5.8759503
1778964765278,Gyroscope,-0.4800125,0.870925,-7.0934873
1778964765299,Accelerometer,-10.23495,-23.28495,-5.4430504
1778964765314,Accelerometer,-6.6649504,-18.594002,-5.1220503
1778964765334,Accelerometer,-10.848001,-18.751951,-4.662
1778964765348,Accelerometer,-13.860001,-17.965052,-3.8460002
1778964765349,Gyroscope,-0.5289625,1.0137875,-3.98915
1778964765373,Accelerometer,-17.413052,-14.15505,-2.97705
1778964765393,Accelerometer,-19.75695,-9.625051,-3.453
1778964765411,Accelerometer,-19.27605,-9.69705,-2.0070002
1778964765428,Accelerometer,-15.012001,-11.931001,-0.48195
1778964765429,Gyroscope,-0.245575,-0.30195,1.8946124
1778964765450,Accelerometer,-12.586051,-11.151001,-0.513
1778964765470,Accelerometer,-3.76095,-10.897051,0.35505003
1778964765493,Accelerometer,42.571953,-13.063951,5.22795
1778964765501,Accelerometer,1.728,-22.935001,2.67
1778964765509,Gyroscope,-0.212575,0.24653749,2.5372875
1778964765528,Accelerometer,-1.9150501,-19.963951,-3.7810502
1778964765548,Accelerometer,-7.3500004,-12.693001,-2.4859502
1778964765567,Accelerometer,-13.156051,-1.2790501,-6.7450504
1778964765581,Accelerometer,-6.90705,-3.15405,-5.847
1778964765582,Gyroscope,-0.6645375,0.495825,2.2012374
1778964765606,Accelerometer,-2.3770502,-8.148001,-6.3430505
1778964765626,Accelerometer,-2.9160001,-14.3230505,0.43395
1778964765644,Accelerometer,-5.1589503,-12.42195,-2.56005
1778964765660,Accelerometer,-1.266,-6.9679503,-4.4830503
1778964765661,Gyroscope,-0.2883375,-1.3941125,0.8927875
1778964765683,Accelerometer,-1.3120501,-8.3230505,-0.95595
1778964765703,Accelerometer,-1.0030501,-10.633051,-1.9590001
1778964765727,Accelerometer,-1.2040501,-10.758,-3.9490502
1778964765743,Accelerometer,-3.591,-9.514951,-3.9420002
1778964765743,Gyroscope,-0.0427625,0.3089625,0.694925
1778964765762,Accelerometer,-4.91295,-7.9450502,-3.8509502
1778964765781,Accelerometer,-3.6910503,-8.24895,-3.3790503
1778964765800,Accelerometer,-1.5130501,-9.172951,-2.80905
1778964765817,Accelerometer,0.984,-9.46695,-3.21795
1778964765817,Gyroscope,-0.0548625,-0.44,0.264825
1778964765839,Accelerometer,-0.27495003,-9.634951,-3.0919502
1778964765859,Accelerometer,-2.25495,-9.175051,-2.4019501
1778964765878,Accelerometer,-2.8579502,-9.040951,-2.8930502
1778964765894,Accelerometer,-3.04695,-9.508051,-2.7610502
1778964765894,Gyroscope,-0.08305,-0.6147625,0.424875
1778964765917,Accelerometer,-1.7880001,-9.508051,-3.384
1778964765940,Accelerometer,-0.87105006,-8.977051,-3.6090002
1778964765960,Accelerometer,-1.728,-9.999001,-3.4390502
1778964765975,Accelerometer,-2.52795,-10.545,-3.34995
1778964765976,Gyroscope,-0.00605,-0.713625,0.93555
1778964765994,Accelerometer,-2.0299501,-10.047001,-3.3019502
1778964766014,Accelerometer,-0.81600004,-10.317,-2.7180002
1778964766033,Accelerometer,-1.11,-10.99695,-2.871
1778964766048,Accelerometer,-1.55805,-11.48595,-4.63605
1778964766048,Gyroscope,0.2492875,-0.5842375,1.9336625
1778964766062,Accelerometer,-2.4390001,-11.778001,-5.01195
1778964766092,Accelerometer,-3.2010002,-12.666,-4.6000504
1778964766111,Accelerometer,-2.6089501,-15.022051,-3.6880503
1778964766126,Accelerometer,-0.61200005,-16.219051,-3.69705
1778964766126,Gyroscope,0.454575,-1.2133,2.4492874
1778964766146,Accelerometer,2.14995,-17.560051,-4.87995
1778964766170,Accelerometer,3.4279501,-18.778952,-4.9690504
1778964766191,Accelerometer,4.67805,-18.27795,-3.52305
1778964766209,Accelerometer,1.3810501,-17.05005,-3.1249502
1778964766210,Gyroscope,-0.063525,-3.1766624,2.8463874
1778964766229,Accelerometer,-1.31895,-17.412,-3.8410501
1778964766247,Accelerometer,-4.584,-15.42405,-0.83595
1778964766267,Accelerometer,-2.4870002,-11.067,-2.4790502
1778964766281,Accelerometer,0.36795002,-5.136,-3.072
1778964766281,Gyroscope,0.44715,0.6106375,2.4968624
1778964766303,Accelerometer,2.36295,-1.8100501,-2.7439501
1778964766324,Accelerometer,3.4780502,-0.90300006,-1.42305
1778964766344,Accelerometer,1.82895,-0.87900007,-1.69095
1778964766359,Accelerometer,2.5450501,-1.485,-1.3270501
1778964766359,Gyroscope,-0.4384875,0.9942625,-2.6074126
1778964766383,Accelerometer,1.9050001,-2.25795,-0.28305
1778964766405,Accelerometer,1.4070001,-4.33605,-0.78300005
1778964766424,Accelerometer,0.88500005,-7.26,-2.1409502
1778964766440,Accelerometer,-0.88995004,-9.526951,-2.424
1778964766440,Gyroscope,0.189475,1.21055,-5.7605624
1778964766460,Accelerometer,-2.9200501,-10.626,-1.14495
1778964766480,Accelerometer,-2.7,-11.364,-2.97705
1778964766500,Accelerometer,-2.8180501,-14.878951,-3.96795
1778964766514,Accelerometer,-7.0720506,-19.81995,-2.8639503
1778964766515,Gyroscope,-0.2943875,0.41635,-7.2425375
1778964766539,Accelerometer,-7.06995,-19.600052,-3.0169501
1778964766558,Accelerometer,-5.6719503,-19.03005,-2.5860002
1778964766577,Accelerometer,-8.920951,-22.372952,-3.048
1778964766591,Accelerometer,-13.684951,-17.98905,-3.73095
1778964766591,Gyroscope,0.101475,2.9673874,-3.3869
1778964766617,Accelerometer,-14.985001,-10.222051,-6.3100505
1778964766639,Accelerometer,-20.983051,-8.44005,-6.1009502
1778964766655,Accelerometer,-19.032001,-9.54195,-4.36305
1778964766673,Accelerometer,-15.571951,-11.368051,-2.9479501
1778964766673,Gyroscope,-0.2063875,-0.260425,1.540275
1778964766693,Accelerometer,-13.078951,-12.487051,-3.3379502
1778964766703,Accelerometer,11.02305,-16.167,4.39395
1778964766733,Accelerometer,5.6740503,-25.66995,-2.043
1778964766756,Accelerometer,-3.11205,-19.219051,2.8620002
1778964766756,Gyroscope,-1.1226875,-0.2481875,5.08695
1778964766778,Accelerometer,2.36805,-7.7629504,-2.60595
1778964766788,Accelerometer,-8.34405,-0.91995007,-4.35795
1778964766810,Accelerometer,-9.394951,-1.66005,-5.37795
1778964766825,Accelerometer,-4.75005,-10.462951,-5.4139504
1778964766825,Gyroscope,-0.626725,-0.426525,1.6918
1778964766849,Accelerometer,-3.0859501,-17.431051,-1.00395
1778964766867,Accelerometer,-3.8779502,-10.51095,-3.2689502
1778964766888,Accelerometer,-0.69900006,-6.7519503,-4.2910504
1778964766902,Accelerometer,-0.9979501,-8.85,-1.7910001
1778964766902,Gyroscope,-0.0891,-0.4912875,0.7486875
1778964766927,Accelerometer,-2.4130502,-10.473001,-1.84905
1778964766943,Accelerometer,-1.6990501,-10.20705,-3.2329502
1778964766965,Accelerometer,-1.371,-9.37395,-3.015
1778964766983,Accelerometer,-2.63805,-8.79,-3.0169501
1778964766983,Gyroscope,-0.0243375,0.180675,0.617925
1778964767004,Accelerometer,-3.8110502,-8.955001,-3.3930001
1778964767024,Accelerometer,-2.9989502,-8.887951,-2.83995
1778964767043,Accelerometer,-1.7310001,-9.187051,-1.9350001
1778964767058,Accelerometer,-0.28395,-9.72105,-2.4
1778964767058,Gyroscope,-0.2308625,-0.1821875,0.452925
1778964767083,Accelerometer,-0.462,-9.618,-3.3379502
1778964767102,Accelerometer,-2.214,-9.184951,-3.1969502
1778964767121,Accelerometer,-2.67105,-9.24705,-2.838
1778964767136,Accelerometer,-1.74195,-8.99295,-2.9170501
1778964767136,Gyroscope,-0.2063875,-0.7943375,0.7327375
1778964767160,Accelerometer,-1.3590001,-9.04605,-2.7799501
1778964767180,Accelerometer,-1.98705,-10.167001,-2.9020503
1778964767202,Accelerometer,-3.1309502,-10.717051,-3.4699502
1778964767219,Accelerometer,-3.01095,-9.88605,-4.08795
1778964767220,Gyroscope,-0.0548625,-0.6611,1.0516
1778964767241,Accelerometer,-2.3820002,-9.505951,-4.23105
1778964767257,Accelerometer,-1.8790501,-10.44705,-2.7180002
1778964767277,Accelerometer,-1.8550501,-11.554951,-2.112
1778964767291,Accelerometer,-1.7569501,-12.036,-4.308
1778964767292,Gyroscope,0.132,-0.61105,1.838375
1778964767316,Accelerometer,-2.1060002,-12.28995,-5.3590503
1778964767337,Accelerometer,-2.973,-13.401001,-5.1120005
1778964767345,Accelerometer,-2.2759502,-15.345,-4.4710503
1778964767369,Accelerometer,0.31995,-17.02395,-4.2649503
1778964767370,Gyroscope,0.264,-1.7142125,2.23795
1778964767393,Accelerometer,4.065,-18.894001,-4.5430503
1778964767413,Accelerometer,5.7889504,-18.678001,-3.1060503
1778964767425,Accelerometer,5.0490003,-17.823,-2.01195
1778964767447,Accelerometer,-0.39705002,-16.320002,-2.9980502
1778964767448,Gyroscope,0.173525,-2.4399376,3.2995875
1778964767476,Accelerometer,-4.11,-16.18305,-0.57000005
1778964767490,Accelerometer,-5.109,-12.633,-2.64105
1778964767505,Accelerometer,-1.4500501,-7.75995,-2.4739501
1778964767524,Accelerometer,0.17400001,-1.9849501,-2.9310002
1778964767525,Gyroscope,0.6964375,0.8537375,1.08955
1778964767549,Accelerometer,2.63295,-1.4059501,-1.473
1778964767569,Accelerometer,3.14295,-1.248,-1.4950501
1778964767586,Accelerometer,2.32905,-1.33395,-2.9190001
1778964767602,Accelerometer,1.5990001,-2.24895,-0.79995006
1778964767602,Gyroscope,-0.229625,0.71445,-2.9910374
1778964767626,Accelerometer,0.67005,-3.4360502,0.19995001
1778964767646,Accelerometer,1.0510501,-6.29505,-0.65895003
1778964767669,Accelerometer,-0.282,-8.830951,-1.4250001
1778964767685,Accelerometer,-0.74895006,-9.55095,-1.3050001
1778964767686,Gyroscope,0.2187625,0.5764,-6.0366626
1778964767705,Accelerometer,-1.3810501,-10.911,-1.248
1778964767724,Accelerometer,-1.1530501,-13.425,-3.0700502
1778964767743,Accelerometer,-3.3420002,-19.657951,-3.15405
1778964767757,Accelerometer,-8.113951,-21.762001,-2.29395
1778964767758,Gyroscope,-0.1403875,1.01145,-6.8686748
1778964767782,Accelerometer,-6.7849503,-20.055,-1.8679501
1778964767804,Accelerometer,-6.59595,-21.04095,-2.088
1778964767821,Accelerometer,-10.443001,-19.56405,-4.0350003
1778964767835,Accelerometer,-16.12305,-15.015,-5.2819505
1778964767835,Gyroscope,-0.02805,2.497,-2.970275
1778964767860,Accelerometer,-20.880001,-9.867001,-6.6060004
1778964767885,Accelerometer,-22.482,-7.8030005,-6.1780505
1778964767901,Accelerometer,-18.27,-10.176001,-3.6400502
1778964767917,Accelerometer,-13.872001,-10.939951,-2.0640001
1778964767917,Gyroscope,-0.16005,-0.8003875,2.4492874
1778964767937,Accelerometer,-10.666051,-10.38195,-1.8270001
1778964767957,Accelerometer,24.778051,-12.144001,4.71495
1778964767976,Accelerometer,6.2730002,-19.36095,-4.0090504
1778964767986,Accelerometer,-3.9739501,-20.460001,-1.485
1778964767990,Gyroscope,-1.3327875,-0.4717625,4.471225
1778964768015,Accelerometer,3.0670502,-15.099001,-1.22895
1778964768036,Accelerometer,-8.499001,-5.24205,-3.7759502
1778964768054,Accelerometer,-12.5140505,-1.6000501,-5.76795
1778964768068,Accelerometer,-5.9040003,-8.127001,-2.9959502
1778964768068,Gyroscope,-0.7183,-0.4082375,1.81885
1778964768093,Accelerometer,-2.3359501,-13.578001,-1.404
1778964768116,Accelerometer,-0.57405,-12.89595,-3.417
1778964768135,Accelerometer,-0.88995004,-8.47605,-3.5130002
1778964768150,Accelerometer,-2.1450002,-7.9830003,-1.8270001
1778964768150,Gyroscope,-0.218625,-0.337425,0.8892125
1778964768170,Accelerometer,-2.013,-9.622951,-2.01195
1778964768189,Accelerometer,-1.7830501,-10.497001,-2.9650502
1778964768209,Accelerometer,-2.5830002,-9.87195,-3.2740502
1778964768224,Accelerometer,-3.75795,-8.907001,-3.0250502
1778964768224,Gyroscope,-0.1038125,0.1012,0.5471125
1778964768248,Accelerometer,-3.7510502,-8.521951,-3.6709502
1778964768267,Accelerometer,-2.877,-8.823,-3.0919502
1778964768287,Accelerometer,-1.371,-9.432,-2.5819502
1778964768301,Accelerometer,-0.354,-9.561001,-2.32095
1778964768302,Gyroscope,-0.130625,-0.4472875,0.30153748
1778964768326,Accelerometer,-0.73200005,-9.39795,-2.163
1778964768347,Accelerometer,-1.6660501,-9.1060505,-2.6130002
1778964768365,Accelerometer,-2.6880002,-9.35505,-2.9620502
1778964768381,Accelerometer,-3.24795,-9.4789505,-3.0679502
1778964768382,Gyroscope,-0.1441,-0.6122875,0.4701125
1778964768403,Accelerometer,-2.3460002,-9.12705,-2.2030501
1778964768423,Accelerometer,-0.90000004,-9.21405,-2.7160501
1778964768443,Accelerometer,-0.201,-9.979951,-3.5629501
1778964768465,Accelerometer,-1.7950501,-10.93305,-3.0370502
1778964768465,Gyroscope,-0.0451,-0.453475,0.9978375
1778964768486,Accelerometer,-2.7190502,-10.090051,-3.1230001
1778964768501,Accelerometer,-2.3050501,-9.786,-3.1680002
1778964768515,Accelerometer,-1.62495,-11.09805,-3.144
1778964768534,Accelerometer,-1.55805,-12.1390505,-3.1420503
1778964768535,Gyroscope,0.13695,-0.6073375,1.6759875
1778964768559,Accelerometer,-2.0010002,-12.343051,-3.62805
1778964768582,Accelerometer,-2.2399502,-12.991951,-4.38
1778964768598,Accelerometer,-1.6680001,-14.629951,-4.8970504
1778964768613,Accelerometer,-0.59595,-15.142051,-5.0290504
1778964768613,Gyroscope,0.438625,-0.806575,2.3722875
1778964768633,Accelerometer,0.75405,-16.921051,-5.1670504
1778964768656,Accelerometer,2.94195,-18.688051,-4.8229504
1778964768679,Accelerometer,5.02995,-18.757051,-3.048
1778964768697,Accelerometer,4.5420003,-16.36095,-2.3110502
1778964768697,Gyroscope,-0.2503875,-2.8846126,2.62515
1778964768716,Accelerometer,-0.37500003,-15.184951,-2.5459502
1778964768734,Accelerometer,-3.82995,-16.771952,1.5619501
1778964768753,Accelerometer,-6.6169505,-12.517951,-3.31905
1778964768768,Accelerometer,-0.90705,-6.7930503,-2.4190502
1778964768768,Gyroscope,0.3372875,1.0993125,3.101725
1778964768787,Accelerometer,2.47305,-2.19105,-3.1039503
1778964768812,Accelerometer,3.9880502,-2.0710502,-1.84395
1778964768832,Accelerometer,3.7390501,-1.5180001,-1.8589501
1778964768849,Accelerometer,2.98305,-1.4629501,-2.2680001
1778964768849,Gyroscope,-0.2589125,0.5165875,-2.1333125
1778964768867,Accelerometer,1.56105,-2.328,-0.90795004
1778964768889,Accelerometer,0.99600005,-3.252,-0.30495003
1778964768914,Accelerometer,0.165,-4.947,-1.81305
1778964768930,Accelerometer,-0.44505003,-6.537,-2.979
1778964768931,Gyroscope,0.4153875,1.280125,-5.3024125
1778964768947,Accelerometer,0.076050006,-8.043,-3.15405
1778964768967,Accelerometer,-1.1560501,-10.2310505,-1.7050501
1778964768986,Accelerometer,-0.97605,-12.814951,-3.3409503
1778964769001,Accelerometer,-2.1019502,-20.235,-4.66695
1778964769001,Gyroscope,-0.3432,0.793925,-6.802675
1778964769025,Accelerometer,-10.03905,-23.803951,-4.1740503
1778964769045,Accelerometer,-8.71695,-19.95,-4.0470004
1778964769064,Accelerometer,-8.454,-19.365002,-3.5659502
1778964769079,Accelerometer,-9.391951,-18.69705,-4.0399504
1778964769079,Gyroscope,-0.1881,1.9716125,-3.9549124
1778964769103,Accelerometer,-14.920951,-14.866951,-4.3050003
1778964769123,Accelerometer,-20.284052,-9.25695,-4.97805
1778964769145,Accelerometer,-20.15895,-7.8180003,-4.63395
1778964769163,Accelerometer,-15.997951,-10.641001,-2.3449502
1778964769163,Gyroscope,-0.246675,-0.5768125,1.1836
1778964769181,Accelerometer,-13.27305,-10.863001,-1.4299501
1778964769200,Accelerometer,-9.055051,-10.64505,-1.248
1778964769219,Accelerometer,27.385052,-13.087951,5.8000503
1778964769234,Accelerometer,3.5460002,-22.174051,-1.8319501
1778964769234,Gyroscope,0.101475,-1.1144375,0.82568747
1778964769258,Accelerometer,-2.094,-21.12,-2.32095
1778964769268,Accelerometer,1.3980001,-12.5460005,-2.5189502
1778964769297,Accelerometer,-8.463,-3.18195,-5.1990004
1778964769314,Accelerometer,-14.947051,-1.0680001,-7.04895
1778964769315,Gyroscope,-0.8416375,0.3430625,2.5873375
1778964769336,Accelerometer,-6.426,-10.200001,-3.2400002
1778964769348,Accelerometer,-4.30905,-14.946001,-0.79095006
1778964769375,Accelerometer,-1.7160001,-10.83195,-3.6450002
1778964769397,Accelerometer,1.05495,-7.9540505,-2.7970502
1778964769397,Gyroscope,-0.3859625,-1.5921125,0.865975
1778964769417,Accelerometer,-0.93795,-9.142051,-1.64295
1778964769428,Accelerometer,-0.813,-10.267051,-3.2209501
1778964769452,Accelerometer,-0.98805004,-9.70695,-3.867
1778964769467,Accelerometer,-5.7619505,-8.96205,-2.8330503
1778964769467,Gyroscope,0.018424999,0.478775,0.5922125
1778964769492,Accelerometer,-6.12405,-8.18595,-3.1270502
1778964769513,Accelerometer,-3.0349503,-8.842951,-3.1990502
1778964769530,Accelerometer,-1.23705,-9.205951,-2.9860501
1778964769546,Accelerometer,-0.177,-9.5779505,-2.838
1778964769546,Gyroscope,-0.1098625,-0.53405,0.26235
1778964769569,Accelerometer,0.19605,-9.55095,-2.45895
1778964769593,Accelerometer,-1.2280501,-9.28995,-2.3059502
1778964769611,Accelerometer,-2.9250002,-8.857051,-2.8620002
1778964769628,Accelerometer,-4.0630503,-8.955001,-3.1420503
1778964769628,Gyroscope,-0.1148125,-0.3801875,0.50435
1778964769647,Accelerometer,-3.1620002,-9.00105,-2.8900502
1778964769666,Accelerometer,-1.314,-9.123,-3.051
1778964769686,Accelerometer,-0.67200005,-9.879001,-3.2590501
1778964769700,Accelerometer,-1.7070001,-10.65705,-2.56695
1778964769701,Gyroscope,-0.0402875,-0.652575,0.8927875
1778964769725,Accelerometer,-2.9560502,-9.843,-3.1710002
1778964769745,Accelerometer,-2.73105,-9.465,-3.5820003
1778964769764,Accelerometer,-1.4140501,-10.31295,-3.5010002
1778964769778,Accelerometer,-1.1179501,-11.75205,-2.66805
1778964769779,Gyroscope,0.16005,-0.5487625,1.4999875
1778964769797,Accelerometer,-1.6900501,-12.517951,-3.24195
1778964769822,Accelerometer,-2.9520001,-12.56805,-3.7140002
1778964769842,Accelerometer,-3.1339502,-12.357,-3.6450002
1778964769860,Accelerometer,-1.8910501,-14.335051,-4.43505
1778964769861,Gyroscope,0.471625,-0.922625,2.1987624
1778964769881,Accelerometer,0.78705,-16.90905,-4.9759502
1778964769899,Accelerometer,3.3010502,-19.035002,-5.23395
1778964769909,Accelerometer,4.4170504,-19.047,-4.90605
1778964769933,Accelerometer,5.6620502,-17.895,-1.605
1778964769933,Gyroscope,-0.2063875,-2.4509375,2.6728625
1778964769958,Accelerometer,1.28295,-13.732051,-0.46005002
1778964769977,Accelerometer,-3.75795,-12.762001,-1.69305
1778964769992,Accelerometer,-4.2660003,-14.517001,-1.011
1778964770011,Accelerometer,-7.1940002,-10.51605,-5.6389503
1778964770011,Gyroscope,0.184525,0.4873,2.9990125
1778964770035,Accelerometer,-1.2040501,-3.21105,-4.9830003
1778964770059,Accelerometer,1.1080501,-0.10605001,-3.903
1778964770076,Accelerometer,3.8689501,-0.71205,-2.26605
1778964770092,Accelerometer,4.0459504,-1.83405,-2.1100502
1778964770093,Gyroscope,-0.593725,0.3113,-1.926925
1778964770113,Accelerometer,2.74095,-2.63205,-1.59
1778964770133,Accelerometer,0.93600005,-4.28895,-0.36405003
1778964770149,Accelerometer,-0.411,-6.0990005,-1.0180501
1778964770166,Accelerometer,-0.54495,-6.6060004,-1.7770501
1778964770167,Gyroscope,-0.1258125,1.368125,-4.4215875
1778964770193,Accelerometer,0.064050004,-6.1729503,-2.50305
1778964770211,Accelerometer,0.19605,-7.5060005,-2.5840502
1778964770230,Accelerometer,-0.54105,-10.714951,-1.88205
1778964770244,Accelerometer,-0.066,-14.98095,-3.4459503
1778964770244,Gyroscope,-0.4239125,0.9087375,-6.2456627
1778964770269,Accelerometer,-3.7680001,-20.835001,-4.59795
1778964770289,Accelerometer,-9.723001,-21.87,-4.87995
1778964770307,Accelerometer,-8.47995,-19.807951,-4.9020004
1778964770323,Accelerometer,-7.9480505,-18.859951,-4.452
1778964770323,Gyroscope,-0.7305375,1.6234624,-5.12655
1778964770346,Accelerometer,-10.443001,-18.50805,-4.31295
1778964770365,Accelerometer,-16.587,-15.07995,-2.7900002
1778964770391,Accelerometer,-19.660952,-9.943951,-2.4790502
1778964770407,Accelerometer,-19.443,-8.661,-1.4110501
1778964770408,Gyroscope,-0.400675,0.75845,-0.293425
1778964770427,Accelerometer,-16.33995,-11.707951,1.0380001
1778964770443,Accelerometer,-12.718051,-11.383051,1.2790501
1778964770463,Accelerometer,-5.29605,-10.375051,-0.46995002
1778964770477,Accelerometer,36.477,-11.78295,2.565
1778964770477,Gyroscope,1.1143,1.5354625,-0.3839
1778964770502,Accelerometer,-1.19895,-24.33105,-3.11805
1778964770522,Accelerometer,-3.9880502,-24.58695,-0.94395006
1778964770540,Accelerometer,-0.141,-8.644051,-2.3040001
1778964770557,Accelerometer,-9.687,-1.1190001,-5.67
1778964770557,Gyroscope,-0.51425,0.8696875,2.6483874
1778964770579,Accelerometer,-8.04195,-2.09805,-5.81895
1778964770599,Accelerometer,-4.52895,-9.61095,-3.69
1778964770622,Accelerometer,-4.60605,-15.1710005,-0.123
1778964770630,Accelerometer,-3.2940001,-12.26895,-3.2070003
1778964770640,Gyroscope,-0.26015,-1.254825,1.0613625
1778964770657,Accelerometer,-0.22005,-7.4560504,-4.6480503
1778964770676,Accelerometer,-0.46905002,-8.385,-1.69605
1778964770696,Accelerometer,-1.6609501,-9.71595,-2.079
1778964770710,Accelerometer,-2.523,-10.21395,-3.63
1778964770711,Gyroscope,-0.063525,0.4615875,0.8452125
1778964770735,Accelerometer,-3.4470003,-9.43395,-3.24705
1778964770755,Accelerometer,-3.49305,-8.505,-3.6180003
1778964770773,Accelerometer,-3.2599502,-8.505,-3.4630501
1778964770788,Accelerometer,-2.2669501,-9.05805,-2.96895
1778964770788,Gyroscope,-0.0512875,-0.7601,0.1830125
1778964770812,Accelerometer,-0.71295005,-9.309,-2.4139502
1778964770832,Accelerometer,-0.32700002,-9.484051,-2.4520502
1778964770855,Accelerometer,-1.3039501,-9.147,-3.0580502
1778964770872,Accelerometer,-2.6160002,-9.1060505,-2.7180002
1778964770873,Gyroscope,-0.1038125,-0.238425,0.5201625
1778964770892,Accelerometer,-2.9250002,-9.319051,-2.8279502
1778964770909,Accelerometer,-2.16105,-9.384001,-2.87805
1778964770929,Accelerometer,-1.23195,-9.309,-3.0340502
1778964770944,Accelerometer,-0.79905003,-10.00905,-3.6709502
1778964770944,Gyroscope,-0.1062875,-0.713625,0.9307375
1778964770968,Accelerometer,-2.2020001,-10.554001,-3.1950002
1778964770988,Accelerometer,-3.282,-9.73995,-3.01005
1778964771007,Accelerometer,-2.26005,-9.618,-3.3930001
1778964771021,Accelerometer,-1.7230501,-10.746,-3.1609502
1778964771021,Gyroscope,0.1392875,-0.7723375,1.2936
1778964771046,Accelerometer,-1.89795,-11.373,-3.4990501
1778964771065,Accelerometer,-2.5129502,-11.436001,-3.903
1778964771089,Accelerometer,-3.3780003,-11.589001,-3.6109502
1778964771107,Accelerometer,-3.79695,-11.99295,-3.27795
1778964771107,Gyroscope,0.283525,-0.92015,1.948375
1778964771125,Accelerometer,-2.4079502,-14.127001,-3.6450002
1778964771143,Accelerometer,-0.19800001,-16.243052,-3.9100502
1778964771162,Accelerometer,2.0320501,-18.03405,-3.9850502
1778964771177,Accelerometer,3.7350001,-18.41505,-3.1230001
1778964771177,Gyroscope,0.0562375,-2.0526,2.4321
1778964771191,Accelerometer,5.2260003,-18.288,-1.8540001
1778964771221,Accelerometer,2.69595,-16.071001,-2.9580002
1778964771240,Accelerometer,0.13395001,-16.76295,-3.4630501
1778964771254,Accelerometer,-6.8590503,-15.309001,-0.97005004
1778964771255,Gyroscope,0.6023875,0.2869625,3.538975
1778964771274,Accelerometer,-5.0269504,-9.925051,-4.30095
1778964771298,Accelerometer,0.59295005,-3.8719501,-3.8050501
1778964771318,Accelerometer,1.8019501,-1.9210501,-3.7189503
1778964771337,Accelerometer,4.5610504,-1.53795,-2.2440002
1778964771338,Gyroscope,0.366575,1.0357875,-1.2854875
1778964771357,Accelerometer,3.8089502,-1.56105,-2.946
1778964771376,Accelerometer,2.74305,-1.57605,-2.3419502
1778964771395,Accelerometer,1.60905,-3.0559502,-0.9799501
1778964771410,Accelerometer,0.651,-5.26305,-0.85095006
1778964771410,Gyroscope,0.39105,1.6174124,-3.8938625
1778964771432,Accelerometer,0.024,-6.597,-2.6250002
1778964771455,Accelerometer,-0.30105,-7.9110003,-3.6810002
1778964771473,Accelerometer,-1.10595,-10.255051,-2.6920502
1778964771488,Accelerometer,-2.2399502,-11.64105,-2.4379501
1778964771488,Gyroscope,0.1271875,1.164075,-6.1601377
1778964771512,Accelerometer,-1.33095,-15.0390005,-4.36305
1778964771535,Accelerometer,-4.407,-21.664051,-4.3320003
1778964771553,Accelerometer,-10.339951,-22.198051,-4.2670503
1778964771571,Accelerometer,-6.56895,-17.54595,-3.72795
1778964771571,Gyroscope,-0.1661,1.38765,-5.919375
1778964771589,Accelerometer,-7.2349505,-17.629951,-3.3120003
1778964771609,Accelerometer,-10.419001,-16.878,-3.1009502
1778964771629,Accelerometer,-14.997001,-14.029051,-2.9550002
1778964771643,Accelerometer,-18.19095,-10.38195,-3.5149503
1778964771643,Gyroscope,-0.2723875,1.2777874,-1.5701125
1778964771668,Accelerometer,-19.02,-9.07005,-2.6440501
1778964771687,Accelerometer,-14.872951,-10.18305,-1.7410501
1778964771706,Accelerometer,-12.579,-10.17105,-1.61205
1778964771721,Accelerometer,-5.3100004,-12.87405,-0.52005005
1778964771721,Gyroscope,0.2847625,0.72545,2.97825
1778964771745,Accelerometer,26.59995,-17.35695,-0.48405004
1778964771769,Accelerometer,-6.3900003,-27.166052,-1.8919501
1778964771787,Accelerometer,-1.0860001,-15.55395,-1.61205
1778964771800,Accelerometer,-0.27,-4.40595,-4.8300004
1778964771801,Gyroscope,-0.7965375,0.9466875,3.04425
1778964771822,Accelerometer,-11.67405,0.717,-7.21005
1778964771833,Accelerometer,-10.149,-6.36,-3.1369503
1778964771862,Accelerometer,-5.40105,-15.879001,1.5790501
1778964771885,Accelerometer,-3.28395,-13.756051,-5.472
1778964771885,Gyroscope,-0.3419625,-1.1779625,1.2276
1778964771906,Accelerometer,-0.62700003,-6.52995,-4.689
1778964771917,Accelerometer,-1.9650002,-7.8630004,-0.83100003
1778964771939,Accelerometer,-3.62895,-9.408,-2.2009501
1778964771954,Accelerometer,-3.459,-10.581,-3.7020001
1778964771954,Gyroscope,-0.130625,0.16225,0.6252125
1778964771978,Accelerometer,-2.535,-9.217951,-3.25395
1778964772000,Accelerometer,-2.19705,-8.77995,-2.8260002
1778964772017,Accelerometer,-2.11395,-9.56295,-3.9870002
1778964772033,Accelerometer,-2.604,-9.345,-3.00495
1778964772033,Gyroscope,-0.0182875,-0.8394375,0.1659625
1778964772056,Accelerometer,-2.1349502,-9.295051,-1.9900501
1778964772073,Accelerometer,-0.49500003,-9.285001,-2.3130002
1778964772095,Accelerometer,-1.5460501,-8.698951,-2.26605
1778964772118,Accelerometer,-3.6390002,-8.6959505,-2.529
1778964772118,Gyroscope,-0.0793375,-0.047849998,0.4151125
1778964772136,Accelerometer,-3.3370502,-9.22095,-3.04605
1778964772153,Accelerometer,-2.3749502,-9.4789505,-2.943
1778964772172,Accelerometer,-1.4290501,-9.304951,-2.35905
1778964772187,Accelerometer,-0.8880001,-9.12705,-2.3419502
1778964772188,Gyroscope,-0.0988625,-0.6208125,0.6766375
1778964772211,Accelerometer,-1.4980501,-9.592051,-3.1369503
1778964772232,Accelerometer,-2.0970001,-9.964951,-3.69705
1778964772250,Accelerometer,-3.1720502,-10.578,-3.4290001
1778964772267,Accelerometer,-2.8969502,-10.566001,-2.95005
1778964772267,Gyroscope,0.055,-0.415525,1.0748374
1778964772289,Accelerometer,-1.8720001,-11.19795,-2.388
1778964772308,Accelerometer,-0.93600005,-11.637,-3.252
1778964772333,Accelerometer,-1.2349501,-11.725051,-5.0329504
1778964772352,Accelerometer,-2.73105,-12.597,-4.51095
1778964772352,Gyroscope,0.20899999,-0.79667497,2.213475
1778964772371,Accelerometer,-3.1549501,-14.203051,-4.1070004
1778964772386,Accelerometer,-1.065,-16.44195,-3.89595
1778964772405,Accelerometer,2.3149502,-18.15105,-4.24095
1778964772420,Accelerometer,4.50105,-18.754951,-4.1520004
1778964772420,Gyroscope,0.0306625,-1.9622625,2.616625
1778964772445,Accelerometer,5.808,-17.886002,-2.88105
1778964772464,Accelerometer,4.07205,-16.504051,-2.0719502
1778964772480,Accelerometer,-2.2429502,-16.48995,-2.0959501
1778964772499,Accelerometer,-7.28805,-17.497952,-0.21405001
1778964772499,Gyroscope,0.42405,-0.2629,3.5732124
1778964772522,Accelerometer,-6.28905,-11.364,-4.62405
1778964772542,Accelerometer,1.44105,-5.052,-2.70405
1778964772554,Accelerometer,3.1980002,-3.0220501,-2.4379501
1778964772576,Accelerometer,3.0190501,-1.9159501,-1.2220501
1778964772576,Gyroscope,0.2762375,0.335775,-1.0789624
1778964772605,Accelerometer,1.3570501,-1.45605,-1.49205
1778964772620,Accelerometer,1.2250501,-1.3770001,-1.3630501
1778964772633,Accelerometer,0.85200006,-2.8330503,-0.83100003
1778964772653,Accelerometer,0.54495,-4.116,-1.03695
1778964772653,Gyroscope,0.1417625,1.3864125,-3.85715
1778964772677,Accelerometer,-0.00405,-4.5690002,-2.01405
1778964772698,Accelerometer,-0.25605002,-5.91405,-2.66295
1778964772714,Accelerometer,0.54795,-8.151,-2.77305
1778964772731,Accelerometer,-0.555,-10.23795,-1.9609501
1778964772731,Gyroscope,-0.052525,0.7145875,-6.1991873
1778964772755,Accelerometer,-1.28295,-12.958051,-2.97195
1778964772775,Accelerometer,-2.21895,-19.73895,-4.41795
1778964772798,Accelerometer,-9.523951,-22.53495,-4.43505
1778964772816,Accelerometer,-8.128051,-19.986,-4.13805
1778964772816,Gyroscope,-0.5509625,0.7084,-6.402
1778964772832,Accelerometer,-8.016001,-19.501951,-3.62805
1778964772852,Accelerometer,-9.92895,-19.219051,-3.6040502
1778964772872,Accelerometer,-14.712001,-15.031951,-3.6880503
1778964772886,Accelerometer,-18.45195,-10.144951,-4.1929502
1778964772887,Gyroscope,-0.444675,0.6815875,-2.2603624
1778964772911,Accelerometer,-19.549051,-8.78505,-4.51095
1778964772931,Accelerometer,-15.459001,-11.17905,-2.0070002
1778964772949,Accelerometer,-11.788951,-12.22095,-0.64905006
1778964772964,Accelerometer,-11.05395,-11.625001,0.312
1778964772964,Gyroscope,-0.18933749,-0.0270875,3.0760124
1778964772988,Accelerometer,-7.8460503,-11.479051,0.87195003
1778964773013,Accelerometer,37.79595,-11.056951,9.942
1778964773030,Accelerometer,5.8630505,-18.096,-1.0900501
1778964773047,Accelerometer,-4.11,-20.008951,-2.601
1778964773048,Gyroscope,-1.046925,1.4487,5.0479
1778964773066,Accelerometer,2.7220502,-14.349001,-4.155
1778964773086,Accelerometer,-19.351952,-7.3030505,-7.5330005
1778964773105,Accelerometer,-7.5340505,-5.01195,-3.2950501
1778964773115,Accelerometer,-3.9739501,-7.8150005,-6.0990005
1778964773119,Gyroscope,-0.2479125,-1.022725,1.335125
1778964773144,Accelerometer,-4.7470503,-10.02,-0.16605
1778964773163,Accelerometer,-2.1780002,-11.673,-2.87595
1778964773183,Accelerometer,-0.069000006,-9.39105,-3.7570503
1778964773195,Accelerometer,-2.2120502,-9.754951,-1.15005
1778964773197,Gyroscope,0.0562375,-0.1016125,0.7302625
1778964773221,Accelerometer,-0.18405001,-9.805051,-1.9759501
1778964773245,Accelerometer,-0.591,-10.23795,-2.1700501
1778964773263,Accelerometer,-4.1989503,-10.179001,-3.2929502
1778964773279,Accelerometer,-6.0979505,-8.277,-2.8980002
1778964773279,Gyroscope,-0.0928125,-0.4327125,0.5311625
1778964773299,Accelerometer,-4.149,-8.047951,-2.80395
1778964773318,Accelerometer,-1.1730001,-8.845051,-2.4400501
1778964773338,Accelerometer,-0.13395001,-9.57495,-2.6850002
1778964773353,Accelerometer,-0.92595005,-9.666,-2.5170002
1778964773353,Gyroscope,-0.097625,-0.40094998,0.4334
1778964773377,Accelerometer,-2.36295,-8.93805,-2.3089502
1778964773396,Accelerometer,-3.2320502,-8.239051,-2.16
1778964773416,Accelerometer,-2.5800002,-9.063001,-2.9599502
1778964773430,Accelerometer,-1.4670001,-9.975,-3.01305
1778964773430,Gyroscope,-0.108625,-0.8028625,0.622875
1778964773455,Accelerometer,-1.4860501,-10.549951,-2.93595
1778964773478,Accelerometer,-2.157,-10.461,-3.3790503
1778964773497,Accelerometer,-2.1040502,-10.24995,-3.252
1778964773510,Accelerometer,-1.302,-10.212001,-3.5779502
1778964773510,Gyroscope,0.1552375,-0.72214997,1.1763124
1778964773532,Accelerometer,-1.1029501,-11.244,-2.6200502
1778964773552,Accelerometer,-1.19895,-12.520051,-2.3850002
1778964773571,Accelerometer,-1.4790001,-12.93,-3.5029502
1778964773586,Accelerometer,-2.2360501,-13.07295,-3.4650002
1778964773594,Gyroscope,0.4373875,-0.6232875,2.1976626
1778964773610,Accelerometer,-2.2669501,-14.482951,-3.9750001
1778964773629,Accelerometer,-0.31095,-15.397951,-4.8850503
1778964773644,Accelerometer,1.57305,-15.988951,-5.71605
1778964773663,Accelerometer,3.354,-17.26095,-6.36495
1778964773664,Gyroscope,0.0391875,-1.9525,2.6313374
1778964773688,Accelerometer,3.4110003,-17.50995,-4.90605
1778964773709,Accelerometer,1.692,-16.15905,-2.673
1778964773726,Accelerometer,-2.70705,-14.50695,-2.661
1778964773745,Accelerometer,-2.5540502,-17.23905,0.43905002
1778964773745,Gyroscope,0.404525,-0.784575,3.1065376
1778964773765,Accelerometer,-8.644951,-12.628051,-2.361
1778964773785,Accelerometer,1.0320001,-5.1460505,-1.5880501
1778964773809,Accelerometer,5.4150004,-2.388,-1.4800501
1778964773827,Accelerometer,5.09205,-1.18095,-1.50405
1778964773827,Gyroscope,0.27981248,0.8954,-1.3245375
1778964773847,Accelerometer,2.631,-0.87405,-2.2800002
1778964773863,Accelerometer,1.7740501,-1.353,-2.424
1778964773881,Accelerometer,1.245,-3.1560001,-1.3939501
1778964773896,Accelerometer,1.01205,-4.6480503,-1.6669501
1778964773897,Gyroscope,0.095425,2.372425,-3.641
1778964773917,Accelerometer,-0.117000006,-6.1009502,-2.8980002
1778964773942,Accelerometer,-1.14405,-8.215051,-3.11805
1778964773960,Accelerometer,-1.419,-9.891001,-3.2040002
1778964773977,Accelerometer,-1.86705,-10.614,-3.7789502
1778964773977,Gyroscope,0.0061875,0.88673747,-5.9841375
1778964773996,Accelerometer,-1.098,-13.783951,-4.887
1778964774018,Accelerometer,-3.6460502,-19.69305,-5.1990004
1778964774042,Accelerometer,-7.2640505,-20.674952,-5.2180505
1778964774059,Accelerometer,-5.5470004,-19.303051,-5.53095
1778964774059,Gyroscope,-0.71335,1.6955125,-5.9927998
1778964774081,Accelerometer,-8.335951,-20.04795,-4.3050003
1778964774095,Accelerometer,-11.656951,-18.76905,-4.78695
1778964774115,Accelerometer,-15.603001,-14.440051,-4.08795
1778964774130,Accelerometer,-19.75695,-9.931951,-4.485
1778964774130,Gyroscope,-0.69629997,-0.426525,-2.5841749
1778964774154,Accelerometer,-18.976952,-9.307051,-2.436
1778964774174,Accelerometer,-15.153001,-12.26595,0.42000002
1778964774193,Accelerometer,-12.079051,-11.91405,0.49605003
1778964774208,Accelerometer,-11.004001,-11.13405,-0.27105
1778964774208,Gyroscope,-0.16115,-0.509575,3.1200125
1778964774232,Accelerometer,-7.5199504,-11.731951,-0.132
1778964774251,Accelerometer,49.966053,-13.51605,9.468
1778964774275,Accelerometer,2.2770002,-18.805052,0.70500004
1778964774292,Accelerometer,-1.79805,-15.373951,-3.0199502
1778964774292,Gyroscope,-0.94435,1.3706,4.9977126
1778964774312,Accelerometer,0.873,-12.634951,-6.7120504
1778964774329,Accelerometer,-18.39195,-10.677,-6.5730004
1778964774348,Accelerometer,-7.2250504,-6.91305,-5.649
1778964774363,Accelerometer,-3.6790502,-5.8830004,-6.20205
1778964774363,Gyroscope,-0.16733749,-1.0630125,1.3277
1778964774387,Accelerometer,-4.6420503,-9.11505,0.549
1778964774397,Accelerometer,-2.76495,-12.010051,-2.4709501
1778964774426,Accelerometer,-1.14405,-9.481951,-4.58295
1778964774443,Accelerometer,-2.7,-9.016951,-1.4800501
1778964774444,Gyroscope,-0.0878625,-0.4668125,0.6766375
1778964774464,Accelerometer,-0.45405003,-9.646951,-2.3130002
1778964774477,Accelerometer,0.624,-9.393001,-3.903
1778964774504,Accelerometer,-3.7800002,-9.432,-4.3170004
1778964774526,Accelerometer,-6.90495,-8.562,-4.4539504
1778964774526,Gyroscope,-0.0207625,-0.3777125,0.5385875
1778964774546,Accelerometer,-4.5079503,-8.45205,-3.4669502
1778964774557,Accelerometer,-1.9270501,-9.04605,-2.96895
1778964774581,Accelerometer,1.17495,-9.022051,-3.4720502
1778964774596,Accelerometer,0.32805002,-9.460051,-3.183
1778964774596,Gyroscope,0.0037125,-0.3166625,0.4456375
1778964774620,Accelerometer,-2.63595,-9.52995,-3.1920002
1778964774639,Accelerometer,-3.4069502,-9.0390005,-3.15105
1778964774659,Accelerometer,-4.15605,-8.953051,-2.6130002
1778964774673,Accelerometer,-3.24795,-8.98095,-2.2369502
1778964774674,Gyroscope,-0.0341,-0.9213875,0.3235375
1778964774698,Accelerometer,-1.6300501,-8.88105,-3.2929502
1778964774723,Accelerometer,0.41595003,-8.96205,-3.9300003
1778964774740,Accelerometer,-0.711,-10.00395,-4.092
1778964774757,Accelerometer,-2.67105,-10.79895,-3.7789502
1778964774757,Gyroscope,0.117425,-0.4582875,1.2166
1778964774775,Accelerometer,-3.2940001,-10.602,-2.6850002
1778964774795,Accelerometer,-2.3460002,-10.8820505,-2.3730001
1778964774815,Accelerometer,-1.4980501,-12.1060505,-3.6019502
1778964774829,Accelerometer,-1.3950001,-12.798,-4.51095
1778964774829,Gyroscope,0.34705,-0.5817625,1.9776624
1778964774854,Accelerometer,-1.8840001,-13.963951,-5.043
1778964774873,Accelerometer,-1.1890501,-15.867001,-4.7130003
1778964774892,Accelerometer,0.00405,-17.494951,-4.9420505
1778964774906,Accelerometer,1.74705,-18.79095,-4.56195
1778964774906,Gyroscope,0.033,-1.7765,2.638625
1778964774931,Accelerometer,3.7750502,-19.09695,-4.1329503
1778964774956,Accelerometer,5.5590005,-18.408,-2.8879502
1778964774973,Accelerometer,1.1899501,-16.042051,-3.321
1778964774988,Accelerometer,2.73105,-17.577002,-1.9849501
1778964774989,Gyroscope,0.55962497,-1.353825,2.9990125
1778964775008,Accelerometer,-5.83395,-15.325951,-2.361
1778964775028,Accelerometer,-3.8779502,-9.348001,-4.071
1778964775038,Accelerometer,4.293,-1.79595,-3.8479502
1778964775062,Accelerometer,6.8980503,-1.0200001,-3.6040502
1778964775063,Gyroscope,0.2908125,1.2373625,-0.9299125
1778964775087,Accelerometer,4.63005,-0.41205,-2.11695
1778964775105,Accelerometer,3.012,-0.63705003,-2.02605
1778964775123,Accelerometer,1.8019501,-2.35605,0.027
1778964775140,Accelerometer,0.864,-4.86105,2.2729502
1778964775140,Gyroscope,-0.1551,1.2923625,-4.2359624
1778964775164,Accelerometer,0.31095,-6.7309504,0.25695002
1778964775187,Accelerometer,0.42600003,-8.224951,-1.5499501
1778964775205,Accelerometer,0.16005,-10.85805,-0.67095006
1778964775221,Accelerometer,-2.1330001,-12.762001,-0.048
1778964775221,Gyroscope,-0.10615,1.1922625,-6.4557624
1778964775241,Accelerometer,-0.97605,-16.07295,-2.637
1778964775261,Accelerometer,-5.5420504,-24.30195,-2.94105
1778964775278,Accelerometer,-11.86305,-23.22495,-2.83995
1778964775295,Accelerometer,-6.8299503,-18.781052,-3.0919502
1778964775295,Gyroscope,-0.1441,0.6936875,-6.205375
1778964775315,Accelerometer,-7.6320004,-19.21005,-2.93805
1778964775339,Accelerometer,-11.66205,-16.734001,-2.6940002
1778964775358,Accelerometer,-17.976002,-12.484051,-2.1720002
1778964775373,Accelerometer,-21.225,-8.227051,-4.2979503
1778964775373,Gyroscope,-0.0048125,1.3046,-0.98614997
1778964775398,Accelerometer,-19.84095,-8.93595,-2.77095
1778964775420,Accelerometer,-15.043051,-10.85805,-1.4899501
1778964775438,Accelerometer,-10.752001,-11.182051,-3.381
1778964775453,Accelerometer,16.057951,-14.479051,2.8210502
1778964775453,Gyroscope,1.03125,1.3473625,1.6625125
1778964775475,Accelerometer,6.1720505,-28.425001,-4.54995
1778964775495,Accelerometer,-7.3309503,-23.883001,0.28095
1778964775519,Accelerometer,3.3040502,-7.4680505,-1.7170501
1778964775537,Accelerometer,-10.779,3.9490502,-7.4710503
1778964775537,Gyroscope,-0.5924875,1.2728375,2.7718625
1778964775555,Accelerometer,-11.437051,-0.642,-4.8559504
1778964775572,Accelerometer,-6.2650504,-12.693001,-0.89805007
1778964775592,Accelerometer,-3.6169503,-18.762001,-2.08095
1778964775606,Accelerometer,-2.226,-9.846001,-5.0479503
1778964775606,Gyroscope,-0.152625,-0.94215,1.2508374
1778964775631,Accelerometer,0.675,-6.93195,-2.052
1778964775652,Accelerometer,-1.8049501,-8.76105,-1.04205
1778964775670,Accelerometer,-3.62895,-9.925051,-2.3449502
1778964775684,Accelerometer,-3.1260002,-10.498951,-2.56995
1778964775684,Gyroscope,0.1307625,0.478775,0.6777375
1778964775708,Accelerometer,-2.4420002,-9.4150505,-2.565
1778964775728,Accelerometer,-3.15,-8.85,-2.4520502
1778964775752,Accelerometer,-3.3229501,-8.43795,-2.74005
1778964775759,Accelerometer,-2.1019502,-8.601001,-2.2699502
1778964775769,Gyroscope,-0.0243375,-0.619575,0.120725
1778964775786,Accelerometer,-0.55305004,-9.646951,-1.62405
1778964775805,Accelerometer,-0.27495003,-10.432051,-2.325
1778964775825,Accelerometer,-2.391,-9.561001,-2.1460502
1778964775839,Accelerometer,-3.3010502,-9.0390005,-2.7160501
1778964775839,Gyroscope,-0.0488125,-0.297,0.4420625
1778964775864,Accelerometer,-2.98305,-9.508051,-2.9670002
1778964775884,Accelerometer,-2.01795,-9.714001,-2.46705
1778964775902,Accelerometer,-0.27195,-9.70905,-2.3850002
1778964775917,Accelerometer,-0.56895,-10.64295,-2.64105
1778964775918,Gyroscope,0.0086624995,-0.718575,0.9673125
1778964775941,Accelerometer,-1.8139501,-11.23005,-2.7439501
1778964775961,Accelerometer,-1.8840001,-10.51095,-3.1900501
1778964775985,Accelerometer,-1.59405,-11.017051,-2.0329502
1778964776003,Accelerometer,-1.47405,-12.172951,-2.25795
1778964776003,Gyroscope,0.3311,-0.5743375,1.84085
1778964776023,Accelerometer,-1.5340501,-13.04895,-3.6330001
1778964776038,Accelerometer,-2.1060002,-13.18605,-3.7840502
1778964776058,Accelerometer,-2.3389502,-14.3539505,-3.58995
1778964776073,Accelerometer,-0.63405,-15.396001,-3.8580003
1778964776073,Gyroscope,0.67815,-0.83215,2.489575
1778964776097,Accelerometer,1.881,-16.116001,-5.373
1778964776117,Accelerometer,4.0939503,-17.826,-7.248
1778964776136,Accelerometer,4.6660504,-17.914051,-6.4939504
1778964776150,Accelerometer,2.6209502,-17.376001,-3.5779502
1778964776151,Gyroscope,-0.251625,-3.010425,2.726625
1778964776174,Accelerometer,-3.1339502,-18.027,-2.2729502
1778964776194,Accelerometer,-3.04695,-18.774,-0.27600002
1778964776217,Accelerometer,-6.0139503,-11.548051,-2.66295
1778964776236,Accelerometer,2.8270502,-6.8820004,0.30495003
1778964776236,Gyroscope,0.670725,0.9612625,2.7083375
1778964776254,Accelerometer,4.0789504,-2.35395,-2.256
1778964776271,Accelerometer,4.1010003,0.078,-2.5240502
1778964776291,Accelerometer,3.45,0.95400006,-3.24705
1778964776305,Accelerometer,1.8960001,-0.12495001,-3.3960001
1778964776305,Gyroscope,-0.654775,2.025375,-2.3288374
1778964776320,Accelerometer,-0.40905002,-3.1729503,-1.1020501
1778964776349,Accelerometer,-0.33900002,-5.3160005,0.702
1778964776369,Accelerometer,-0.13095,-6.5389504,-0.55605
1778964776385,Accelerometer,-0.78000003,-7.7050505,-1.45605
1778964776385,Gyroscope,0.3323375,0.9612625,-5.6445127
1778964776402,Accelerometer,-0.39405003,-8.98095,-1.7220001
1778964776427,Accelerometer,-1.1509501,-10.1980505,-1.6170001
1778964776450,Accelerometer,-0.61995006,-13.81305,-2.50005
1778964776468,Accelerometer,-2.4820502,-21.601952,-3.21405
1778964776468,Gyroscope,-0.571725,0.3773,-7.0569124
1778964776488,Accelerometer,-9.363001,-23.806952,-2.9220002
1778964776505,Accelerometer,-7.0960503,-20.07195,-2.19105
1778964776524,Accelerometer,-6.9240003,-20.63895,-0.59895
1778964776539,Accelerometer,-8.98305,-19.618952,-1.50405
1778964776539,Gyroscope,-0.2809125,1.7175125,-3.953675
1778964776560,Accelerometer,-15.249001,-13.819951,-3.5010002
1778964776582,Accelerometer,-22.839,-9.514951,-4.84695
1778964776602,Accelerometer,-20.50905,-8.78505,-3.7480502
1778964776616,Accelerometer,-16.417051,-11.10795,-1.84905
1778964776617,Gyroscope,-0.1258125,-1.1693,1.3448875
1778964776641,Accelerometer,-13.333051,-10.794001,-1.7530501
1778964776665,Accelerometer,-10.92195,-10.38,-2.4090002
1778964776684,Accelerometer,12.708,-11.347051,4.2390003
1778964776697,Accelerometer,17.94495,-18.666,-2.0740502
1778964776697,Gyroscope,1.3158749,-1.4931124,-1.6666375
1778964776718,Accelerometer,-4.635,-24.108002,-0.61800003
1778964776737,Accelerometer,2.7840002,-16.47105,-2.0020502
1778964776757,Accelerometer,-10.816951,-6.6010504,-4.8250504
1778964776772,Accelerometer,-11.676001,-2.5140002,-3.6160502
1778964776772,Gyroscope,-0.7183,1.1237875,3.0699625
1778964776796,Accelerometer,-3.79395,-6.3810005,-6.7980003
1778964776817,Accelerometer,-5.95905,-11.668051,-1.32
1778964776835,Accelerometer,-2.6880002,-12.451051,-1.641
1778964776850,Accelerometer,-1.0819501,-9.325951,-4.2499504
1778964776851,Gyroscope,-0.2173875,-1.187725,1.3118875
1778964776874,Accelerometer,-0.97905004,-8.00895,-3.3330002
1778964776895,Accelerometer,-2.4750001,-9.06495,-1.554
1778964776913,Accelerometer,-3.1549501,-9.606001,-2.1360002
1778964776930,Accelerometer,-3.5430002,-10.03995,-3.2640002
1778964776930,Gyroscope,-0.07205,0.6070625,0.7535
1778964776952,Accelerometer,-3.41595,-9.168,-3.417
1778964776962,Accelerometer,-3.79695,-8.554951,-3.4480503
1778964776991,Accelerometer,-3.4140003,-8.799001,-3.2400002
1778964777005,Accelerometer,-1.8529501,-9.09195,-3.183
1778964777005,Gyroscope,-0.086625,-0.8273375,0.164725
1778964777029,Accelerometer,-0.55005,-9.252001,-2.9620502
1778964777048,Accelerometer,-0.90000004,-9.240001,-2.8570502
1778964777068,Accelerometer,-2.7,-9.010051,-2.8830001
1778964777083,Accelerometer,-3.9120002,-8.658,-2.36595
1778964777083,Gyroscope,-0.0402875,-0.321475,0.346775
1778964777107,Accelerometer,-3.7150502,-8.55,-2.67
1778964777130,Accelerometer,-2.5180502,-8.731951,-2.9959502
1778964777148,Accelerometer,-1.02195,-9.11295,-3.42195
1778964777163,Accelerometer,-0.37800002,-9.783,-2.9670002
1778964777164,Gyroscope,-0.030524999,-0.8041,0.6667375
1778964777184,Accelerometer,-1.8259501,-10.450951,-2.70105
1778964777202,Accelerometer,-2.2480502,-9.66405,-3.65895
1778964777224,Accelerometer,-1.6300501,-10.2960005,-3.2569501
1778964777247,Accelerometer,-0.94005007,-11.12895,-2.70795
1778964777247,Gyroscope,0.2077625,-0.6428125,1.5709375
1778964777268,Accelerometer,-0.91905004,-11.77095,-3.1920002
1778964777282,Accelerometer,-2.226,-12.463051,-3.9580503
1778964777301,Accelerometer,-3.7030501,-12.520051,-3.6660001
1778964777316,Accelerometer,-3.80205,-13.284,-3.4360502
1778964777316,Gyroscope,0.33605,-1.072775,2.5103376
1778964777340,Accelerometer,-1.9770001,-15.43605,-3.15405
1778964777360,Accelerometer,0.012,-17.18205,-3.7429502
1778964777379,Accelerometer,2.772,-19.296001,-3.96495
1778964777394,Accelerometer,4.09095,-19.578001,-1.66005
1778964777395,Gyroscope,-0.2992,-2.7160375,3.1725376
1778964777417,Accelerometer,2.38905,-17.008951,-1.4830501
1778964777437,Accelerometer,0.22005,-16.23405,0.35295
1778964777462,Accelerometer,-8.133,-16.59795,-0.71205
1778964777481,Accelerometer,-9.366,-10.9140005,-4.9830003
1778964777481,Gyroscope,0.7574875,1.0285,4.17065
1778964777496,Accelerometer,0.034950003,-3.9529502,-4.131
1778964777515,Accelerometer,4.3500004,-1.6309501,-3.7090502
1778964777534,Accelerometer,4.407,-0.01695,-3.5269501
1778964777549,Accelerometer,2.265,0.24495001,-3.8749502
1778964777549,Gyroscope,0.245575,0.7792125,-1.259775
1778964777573,Accelerometer,0.91395,-0.27105,-2.4
1778964777593,Accelerometer,-0.50505,-2.2680001,-1.485
1778964777610,Accelerometer,-1.2919501,-4.4940004,-2.5480502
1778964777628,Accelerometer,0.16695,-5.51205,-3.3930001
1778964777628,Gyroscope,1.2413499,1.019975,-4.758875
1778964777651,Accelerometer,0.58605003,-6.16305,-3.7519503
1778964777671,Accelerometer,-0.31500003,-6.5149503,-3.8410501
1778964777683,Accelerometer,-1.3120501,-9.096001,-3.25005
1778964777705,Accelerometer,-0.95205003,-13.803,-4.46805
1778964777705,Gyroscope,0.1797125,1.2898875,-6.1136622
1778964777734,Accelerometer,-2.8489501,-18.97995,-5.2249503
1778964777748,Accelerometer,-9.8209505,-19.926,-5.77605
1778964777763,Accelerometer,-7.6320004,-18.490952,-6.26595
1778964777782,Accelerometer,-5.99205,-18.03195,-5.7850504
1778964777782,Gyroscope,-0.44825,1.8885624,-5.5957
1778964777807,Accelerometer,-7.8240004,-17.76795,-4.40805
1778964777825,Accelerometer,-10.74495,-14.93805,-4.7920504
1778964777844,Accelerometer,-14.4199505,-13.2619505,-3.3409503
1778964777861,Accelerometer,-15.768001,-10.696051,-2.7469501
1778964777861,Gyroscope,-0.5412,0.677875,-2.259125
1778964777884,Accelerometer,-15.543001,-9.597,-1.0710001
1778964777904,Accelerometer,-13.288051,-10.59,0.31005
1778964777926,Accelerometer,-11.581051,-10.05195,-0.09195001
1778964777943,Accelerometer,-9.80895,-9.76395,-0.89595
1778964777943,Gyroscope,-0.1343375,1.092025,2.9954374
1778964777963,Accelerometer,-7.0290003,-9.59895,-1.3440001
1778964777981,Accelerometer,13.245001,-11.967001,10.045051
1778964778001,Accelerometer,14.859001,-19.930052,-1.8730501
1778964778015,Accelerometer,-2.7240002,-26.50995,-0.34095
1778964778015,Gyroscope,-1.2057375,-0.1846625,4.1866
1778964778040,Accelerometer,2.0320501,-16.176,-2.67705
1778964778059,Accelerometer,-18.76305,-8.70405,-16.97805
1778964778078,Accelerometer,-8.715,-2.5140002,1.9039501
1778964778093,Accelerometer,-12.64605,-0.47895002,-7.8630004
1778964778093,Gyroscope,-0.4054875,-0.183425,2.053425
1778964778117,Accelerometer,-4.49805,-10.119,2.80005
1778964778137,Accelerometer,-4.37895,-14.263051,-5.19105
1778964778160,Accelerometer,-2.3430002,-10.49205,-4.3890004
1778964778176,Accelerometer,-4.1680503,-10.411051,-2.7180002
1778964778176,Gyroscope,-0.080575,-1.0509125,1.25565
1778964778195,Accelerometer,-1.8739501,-8.392051,0.34095
1778964778214,Accelerometer,-3.0349503,-8.65305,-1.83
1778964778233,Accelerometer,-4.3429503,-10.38,-2.601
1778964778243,Accelerometer,-3.5119503,-10.14,-2.8279502
1778964778248,Gyroscope,0.117425,0.2112,0.7522625
1778964778273,Accelerometer,-5.2260003,-8.385,-2.3710501
1778964778292,Accelerometer,-5.5350003,-7.7820005,-1.8870001
1778964778311,Accelerometer,-3.5689502,-8.3880005,-1.6720501
1778964778325,Accelerometer,-0.768,-8.371051,-1.7839501
1778964778326,Gyroscope,0.057475,-0.5548125,0.2074875
1778964778350,Accelerometer,-0.69405,-8.686951,-2.12205
1778964778373,Accelerometer,-2.904,-9.063001,-1.42005
1778964778390,Accelerometer,-4.6800003,-9.369,-2.52705
1778964778408,Accelerometer,-5.037,-9.37395,-2.87805
1778964778409,Gyroscope,0.0281875,-0.636625,0.4456375
1778964778428,Accelerometer,-4.17,-9.27105,-1.7320501
1778964778447,Accelerometer,-1.7380501,-9.24705,-1.37205
1778964778467,Accelerometer,0.44700003,-10.70505,-1.4950501
1778964778481,Accelerometer,0.37095,-11.92395,-1.9450501
1778964778482,Gyroscope,0.1747625,-0.5108125,1.4645125
1778964778506,Accelerometer,-1.6609501,-10.923,-2.3449502
1778964778525,Accelerometer,-3.1909502,-10.744051,-3.147
1778964778544,Accelerometer,-4.0750504,-12.88395,-2.946
1778964778558,Accelerometer,-3.4780502,-15.001051,-2.4
1778964778559,Gyroscope,0.4668125,-0.8883875,2.4212375
1778964778583,Accelerometer,-2.0059502,-15.397951,-2.2420502
1778964778605,Accelerometer,-1.00695,-15.70005,-3.0630002
1778964778623,Accelerometer,-1.0390501,-15.867001,-3.0889502
1778964778640,Accelerometer,2.2360501,-19.27005,-3.3000002
1778964778640,Gyroscope,0.5974375,-2.2004125,2.908675
1778964778661,Accelerometer,9.250951,-24.183,-2.7160501
1778964778681,Accelerometer,8.911051,-20.962051,-5.3569503
1778964778700,Accelerometer,-2.1349502,-19.531052,-4.7130003
1778964778714,Accelerometer,-16.62795,-16.44705,-2.19105
1778964778715,Gyroscope,0.5963375,1.8299875,5.713675
1778964778739,Accelerometer,-3.5839503,-7.22205,-5.54295
1778964778758,Accelerometer,5.72205,-4.566,-4.497
1778964778778,Accelerometer,5.60505,-0.38295,-4.00395
1778964778792,Accelerometer,4.11795,2.5129502,-3.9060001
1778964778793,Gyroscope,0.245575,0.4395875,-1.7314
1778964778817,Accelerometer,1.7520001,1.9380001,-1.2529501
1778964778838,Accelerometer,-0.058950003,-1.8700501,-0.49605003
1778964778856,Accelerometer,1.3879501,-4.059,-1.863
1778964778874,Accelerometer,1.3069501,-5.4019504,-3.2020502
1778964778874,Gyroscope,0.9640125,1.2936,-5.0373125
1778964778890,Accelerometer,-0.37095,-6.2400002,-3.8770502
1778964778913,Accelerometer,-1.1530501,-7.5420003,-3.6420002
1778964778934,Accelerometer,-0.21000001,-9.89805,-4.104
1778964778955,Accelerometer,-0.31995,-13.734,-6.156
1778964778955,Gyroscope,0.3568125,1.0162625,-6.9432
1778964778974,Accelerometer,-4.467,-20.518951,-6.77895
1778964778991,Accelerometer,-8.19705,-21.918001,-7.9159503
1778964779011,Accelerometer,-6.40395,-23.043001,-8.986051
1778964779025,Accelerometer,-6.39195,-22.49205,-8.148001
1778964779025,Gyroscope,-0.8221125,2.8098125,-6.0856123
1778964779044,Accelerometer,-10.498051,-20.55495,-5.7439504
1778964779069,Accelerometer,-15.273001,-17.673,-7.1380506
1778964779088,Accelerometer,-21.310951,-14.380051,-6.2689505
1778964779105,Accelerometer,-26.11605,-8.998051,-6.12795
1778964779105,Gyroscope,-0.91987497,0.434775,-1.6251125
1778964779126,Accelerometer,-21.876001,-10.750951,-0.50295
1778964779147,Accelerometer,-15.95505,-12.156,1.1520001
1778964779172,Accelerometer,-14.049001,-10.486951,0.49905002
1778964779188,Accelerometer,-0.294,-11.92905,7.938
1778964779188,Gyroscope,0.2982375,2.0620875,3.6551626
1778964779208,Accelerometer,41.856003,-22.750952,6.1210504
1778964779225,Accelerometer,-8.30805,-26.577002,-1.9570501
1778964779244,Accelerometer,0.72705,-15.841051,-3.9919503
1778964779258,Accelerometer,-16.510052,-5.8110003,-9.219001
1778964779259,Gyroscope,-0.9834,2.549525,3.93855
1778964779283,Accelerometer,-13.9459505,-1.47,-3.726
1778964779303,Accelerometer,-5.16195,-5.8110003,-7.9999504
1778964779321,Accelerometer,-5.9209504,-10.923,0.84405005
1778964779340,Accelerometer,-3.3610501,-12.891001,-2.7180002
1778964779340,Gyroscope,-0.3579125,-1.9072624,1.0492625
1778964779360,Accelerometer,0.049950004,-9.790951,-4.2120004
1778964779380,Accelerometer,-1.7539501,-9.807,-0.54195005
1778964779405,Accelerometer,-2.736,-9.681001,-0.83895004
1778964779421,Accelerometer,-1.1920501,-9.73095,-2.4499502
1778964779422,Gyroscope,-0.1111,1.1653125,0.922075
1778964779439,Accelerometer,-1.29495,-9.184951,-2.9959502
1778964779457,Accelerometer,-4.39305,-9.321,-3.6109502
1778964779477,Accelerometer,-6.1069503,-8.51895,-2.97195
1778964779492,Accelerometer,-3.7080002,-8.63895,-2.838
1778964779492,Gyroscope,-0.07205,-1.1473,-0.1188
1778964779516,Accelerometer,0.51195,-9.37395,-2.63895
1778964779526,Accelerometer,2.60205,-10.083,-1.9039501
1778964779555,Accelerometer,-0.80595005,-9.71895,-1.404
1778964779572,Accelerometer,-2.83395,-9.159,-2.328
1778964779572,Gyroscope,-0.1111,0.1892,0.7071625
1778964779593,Accelerometer,-2.2450502,-9.250051,-3.2020502
1778964779606,Accelerometer,-2.2810502,-9.26595,-3.2689502
1778964779633,Accelerometer,-2.56095,-9.85995,-2.4190502
1778964779653,Accelerometer,-2.2720501,-10.69305,-0.70005006
1778964779653,Gyroscope,-0.0413875,-0.64762497,0.75845
1778964779674,Accelerometer,-1.2589501,-9.501,-2.3490002
1778964779686,Accelerometer,-0.049950004,-9.54405,-3.9580503
1778964779710,Accelerometer,-0.97395,-11.083951,-3.7360501
1778964779725,Accelerometer,-2.49195,-11.910001,-3.0870001
1778964779736,Gyroscope,0.2187625,-0.3947625,1.7528499
1778964779753,Accelerometer,-2.94,-12.12705,-3.5299501
1778964779770,Accelerometer,-2.6119502,-12.52995,-3.7720501
1778964779787,Accelerometer,-2.23095,-13.2289505,-3.7810502
1778964779802,Accelerometer,-1.434,-14.778001,-3.25395
1778964779803,Gyroscope,0.4973375,-1.0362,2.301475
1778964779827,Accelerometer,0.74895006,-17.376001,-4.16895
1778964779851,Accelerometer,3.1669502,-18.867,-4.47795
1778964779868,Accelerometer,5.60895,-19.522951,-3.9130502
1778964779886,Accelerometer,6.7159505,-18.25695,-2.67705
1778964779886,Gyroscope,-0.1148125,-2.2836,2.74615
1778964779904,Accelerometer,2.8459501,-16.07595,-3.1630502
1778964779927,Accelerometer,-1.43805,-18.65895,-1.47105
1778964779953,Accelerometer,-8.04705,-16.02495,-2.3130002
1778964779957,Accelerometer,-3.0210001,-9.681001,-4.90605
1778964779958,Gyroscope,0.33605,1.682175,3.7492125
1778964779982,Accelerometer,3.1890001,-3.4360502,-4.557
1778964780001,Accelerometer,4.518,-1.8390001,-3.11295
1778964780021,Accelerometer,4.34805,-0.20895001,-2.31795
1778964780036,Accelerometer,3.2440503,0.38205,-3.0270002
1778964780036,Gyroscope,-0.0353375,0.7731625,-2.3153625
1778964780060,Accelerometer,2.121,-0.537,-1.72695
1778964780081,Accelerometer,1.266,-3.2400002,-0.94905007
1778964780101,Accelerometer,1.05495,-5.5810504,-1.0680001
1778964780117,Accelerometer,0.18900001,-7.2790504,-2.361
1778964780118,Gyroscope,0.3421,1.3278375,-5.3904123
1778964780139,Accelerometer,-0.9480001,-8.88105,-2.6530502
1778964780157,Accelerometer,0.22905001,-10.6380005,-2.28705
1778964780167,Accelerometer,-0.95205003,-12.490951,-1.794
1778964780191,Accelerometer,-0.93600005,-18.274052,-3.9559503
1778964780191,Gyroscope,-0.494725,0.881925,-6.83815
1778964780216,Accelerometer,-4.56495,-24.906002,-3.6450002
1778964780235,Accelerometer,-8.776951,-23.299051,-3.7759502
1778964780251,Accelerometer,-7.1179504,-21.97005,-3.039
1778964780269,Accelerometer,-7.7190003,-20.88795,-4.87095
1778964780269,Gyroscope,-0.2869625,1.9888,-4.5511127
1778964780293,Accelerometer,-15.742051,-16.82295,-5.6680503
1778964780317,Accelerometer,-26.896952,-9.847951,-5.9170504
1778964780335,Accelerometer,-26.209951,-7.3050003,-5.89305
1778964780350,Accelerometer,-19.087051,-11.57205,-2.0359502
1778964780350,Gyroscope,-0.2014375,-1.5211625,1.534225
1778964780371,Accelerometer,-14.808001,-11.887951,-1.33905
1778964780390,Accelerometer,-1.7160001,-12.694951,3.0730503
1778964780407,Accelerometer,38.17905,-18.004951,4.33005
1778964780424,Accelerometer,-4.64895,-23.560051,-0.18
1778964780424,Gyroscope,-0.94063747,-0.4497625,3.7307875
1778964780449,Accelerometer,0.74895006,-16.768051,-2.3470502
1778964780468,Accelerometer,-8.097,-8.026051,-3.04395
1778964780487,Accelerometer,-12.1699505,0.11400001,-7.0230002
1778964780502,Accelerometer,-7.37895,-5.29395,-4.9180503
1778964780502,Gyroscope,-0.649825,-0.1736625,2.229425
1778964780526,Accelerometer,-5.2210503,-12.283051,-1.8060001
1778964780549,Accelerometer,-3.4090502,-14.02095,-2.1769502
1778964780568,Accelerometer,-0.684,-9.405001,-4.104
1778964780582,Accelerometer,0.32505003,-8.11695,-1.5190501
1778964780583,Gyroscope,-0.246675,-0.9409125,0.977075
1778964780604,Accelerometer,-2.025,-9.396001,-1.5280501
1778964780623,Accelerometer,-2.53005,-9.790951,-2.8950002
1778964780643,Accelerometer,-2.36505,-10.167001,-2.943
1778964780667,Accelerometer,-3.1600502,-9.604051,-2.9599502
1778964780667,Gyroscope,-0.0793375,0.4555375,0.8012125
1778964780688,Accelerometer,-4.15605,-8.78295,-3.4669502
1778964780701,Accelerometer,-3.9810002,-8.674951,-3.42
1778964780720,Accelerometer,-2.3749502,-9.09405,-3.0940502
1778964780735,Accelerometer,-0.76995003,-9.666,-2.49795
1778964780735,Gyroscope,-0.0708125,-0.625625,0.297825
1778964780759,Accelerometer,-0.49500003,-9.714001,-2.01405
1778964780782,Accelerometer,-2.26395,-9.144,-2.421
1778964780798,Accelerometer,-3.6000001,-8.75205,-2.7439501
1778964780814,Accelerometer,-4.05795,-8.58405,-2.60805
1778964780815,Gyroscope,-0.058575,-0.4302375,0.302775
1778964780837,Accelerometer,-3.2959502,-8.89995,-2.9020503
1778964780856,Accelerometer,-0.99495006,-8.96895,-2.2800002
1778964780880,Accelerometer,0.50205004,-9.168,-3.3790503
1778964780888,Accelerometer,-0.91905004,-10.52805,-3.42195
1778964780898,Gyroscope,-0.0963875,-0.6488625,1.071125
1778964780915,Accelerometer,-3.55995,-11.050051,-2.9479501
1778964780934,Accelerometer,-3.6120002,-9.906,-2.5890002
1778964780953,Accelerometer,-1.6510501,-10.23795,-1.8010501
1778964780968,Accelerometer,-0.42105,-11.799001,-3.3450003
1778964780968,Gyroscope,0.19195,-0.4632375,1.666225
1778964780993,Accelerometer,-0.82305,-12.994051,-5.3250003
1778964781013,Accelerometer,-2.9200501,-13.264951,-4.5430503
1778964781031,Accelerometer,-3.5839503,-14.304001,-3.5029502
1778964781047,Accelerometer,-0.53295004,-15.705001,-3.21105
1778964781048,Gyroscope,0.5083375,-0.9849125,2.2672374
1778964781070,Accelerometer,2.49195,-17.70405,-4.04505
1778964781089,Accelerometer,4.57695,-18.810001,-5.14095
1778964781114,Accelerometer,4.88595,-18.025051,-4.57095
1778964781132,Accelerometer,3.3400502,-17.019001,-3.00795
1778964781132,Gyroscope,-0.3322,-2.7148,2.8084376
1778964781152,Accelerometer,-2.2789502,-15.751951,-2.7180002
1778964781167,Accelerometer,-3.37995,-17.55105,-0.22605
1778964781186,Accelerometer,-6.0469503,-12.345,-3.63
1778964781201,Accelerometer,1.04805,-6.2689505,-1.9879501
1778964781201,Gyroscope,0.5363875,0.810975,2.65815
1778964781226,Accelerometer,3.6720002,-2.229,-3.051
1778964781245,Accelerometer,4.5919504,-1.0870501,-2.70795
1778964781264,Accelerometer,2.571,-0.87705004,-2.7280502
1778964781280,Accelerometer,0.82995003,-1.69605,-2.60595
1778964781280,Gyroscope,-0.1013375,1.2020249,-2.2163625
1778964781303,Accelerometer,1.55805,-2.562,-1.0879501
1778964781323,Accelerometer,2.4079502,-4.93695,-2.32095
1778964781346,Accelerometer,-0.094950005,-7.3170004,-2.73
1778964781364,Accelerometer,-2.0350502,-8.806951,-2.9290502
1778964781365,Gyroscope,0.4178625,1.107975,-5.6420374
1778964781382,Accelerometer,-2.9299502,-9.778951,-2.2099502
1778964781401,Accelerometer,-2.5729501,-10.552051,-3.25005
1778964781420,Accelerometer,-1.5630001,-14.670001,-3.55395
1778964781434,Accelerometer,-4.33995,-19.86795,-3.1660502
1778964781435,Gyroscope,-0.4409625,0.28325,-7.2450123
1778964781448,Accelerometer,-5.02005,-20.778002,-3.3409503
1778964781478,Accelerometer,-5.55705,-22.33905,-3.0870001
1778964781497,Accelerometer,-8.917951,-22.612051,-2.02605
1778964781513,Accelerometer,-11.434951,-18.226051,-2.97195
1778964781513,Gyroscope,-0.18315,1.7774625,-4.201725
1778964781534,Accelerometer,-17.19495,-12.7240505,-3.9220502
1778964781556,Accelerometer,-21.177002,-8.076,-5.1390004
1778964781579,Accelerometer,-20.170952,-8.78295,-3.62295
1778964781594,Accelerometer,-15.574051,-11.479051,-1.45395
1778964781595,Gyroscope,-0.174625,-0.6183375,1.7100875
1778964781614,Accelerometer,-12.0709505,-11.28495,-1.5330001
1778964781634,Accelerometer,-8.415,-11.562,-2.62695
1778964781652,Accelerometer,32.76105,-14.887951,7.0590005
1778964781667,Accelerometer,1.812,-22.152,0.03705
1778964781667,Gyroscope,0.2737625,-0.6562875,1.43165
1778964781690,Accelerometer,-2.7960002,-19.22895,-2.28495
1778964781711,Accelerometer,-0.26295,-11.47605,-1.2600001
1778964781730,Accelerometer,-7.6920004,-1.008,-5.26305
1778964781745,Accelerometer,-14.83905,-0.96795005,-6.98505
1778964781745,Gyroscope,-0.8441125,0.5740625,2.5042875
1778964781770,Accelerometer,-4.6420503,-10.417951,-4.02495
1778964781794,Accelerometer,-3.5310001,-18.345001,-1.3369501
1778964781812,Accelerometer,-3.2269502,-11.200951,-2.25105
1778964781827,Accelerometer,-0.25995,-6.4030504,-3.9130502
1778964781827,Gyroscope,-0.2039125,-1.187725,1.16765
1778964781848,Accelerometer,-0.91395,-7.9110003,-1.2550501
1778964781867,Accelerometer,-2.29605,-10.155001,-2.38995
1778964781886,Accelerometer,-2.1379502,-11.050051,-3.2020502
1778964781900,Accelerometer,-2.05605,-10.078051,-3.1009502
1778964781901,Gyroscope,0.112475,0.6241125,0.80602497
1778964781925,Accelerometer,-3.9049501,-8.742001,-3.5460002
1778964781944,Accelerometer,-5.25705,-8.194051,-2.53095
1778964781964,Accelerometer,-2.6910002,-8.554951,-1.9780501
1778964781978,Accelerometer,0.0139500005,-9.40305,-2.0719502
1778964781978,Gyroscope,-0.019524999,-0.536525,0.1342
1778964782003,Accelerometer,0.29895002,-9.92205,-2.49795
1778964782027,Accelerometer,-1.4260501,-9.1710005,-2.4499502
1778964782043,Accelerometer,-2.7960002,-8.610001,-2.49495
1778964782060,Accelerometer,-2.83695,-8.686951,-2.6940002
1778964782060,Gyroscope,-0.0928125,-0.4472875,0.501875
1778964782080,Accelerometer,-2.5129502,-9.73995,-2.2800002
1778964782092,Accelerometer,-2.013,-9.967951,-3.2380502
1778964782119,Accelerometer,-1.47195,-10.450951,-2.8590002
1778964782134,Accelerometer,-1.9219501,-10.31505,-2.50005
1778964782134,Gyroscope,0.0122375,-0.7148625,0.872025
1778964782158,Accelerometer,-0.9670501,-9.384001,-3.3049502
1778964782178,Accelerometer,-1.3450501,-10.803,-2.9650502
1778964782197,Accelerometer,-1.6710001,-11.598001,-2.52705
1778964782211,Accelerometer,-2.2810502,-12.0390005,-3.4290001
1778964782211,Gyroscope,0.28105,-0.5438125,1.8127999
1778964782236,Accelerometer,-2.523,-12.4480505,-3.7069502
1778964782259,Accelerometer,-2.97105,-13.305,-3.4510503
1778964782276,Accelerometer,-2.53305,-15.016951,-2.8189502
1778964782292,Accelerometer,0.00705,-15.661051,-3.5629501
1778964782292,Gyroscope,0.6732,-0.807675,2.2697124
1778964782313,Accelerometer,2.29305,-16.650002,-4.74405
1778964782330,Accelerometer,4.56495,-17.90505,-6.25005
1778964782353,Accelerometer,4.5370502,-17.740051,-5.328
1778964782377,Accelerometer,3.0550501,-17.05995,-3.17805
1778964782377,Gyroscope,-0.1293875,-2.4349875,2.864675
1778964782397,Accelerometer,-1.44105,-16.420052,-3.0030003
1778964782410,Accelerometer,-2.3719501,-18.444,0.40800002
1778964782430,Accelerometer,-7.3000503,-12.11295,-3.66105
1778964782445,Accelerometer,0.31800002,-5.8660502,-2.0310001
1778964782445,Gyroscope,0.4778125,1.2117875,2.969725
1778964782469,Accelerometer,5.025,-2.6170502,-2.325
1778964782489,Accelerometer,4.5030003,-0.69000006,-2.5840502
1778964782508,Accelerometer,2.7580502,0.33600003,-2.5410001
1778964782524,Accelerometer,2.50605,-0.67995006,-1.8610501
1778964782525,Gyroscope,-0.3419625,0.99549997,-2.49865
1778964782546,Accelerometer,1.83405,-3.1900501,-0.09195001
1778964782566,Accelerometer,0.88995004,-5.4139504,-0.120000005
1778964782590,Accelerometer,0.177,-7.1860504,-0.72105
1778964782608,Accelerometer,-0.064050004,-8.674951,-1.07595
1778964782609,Gyroscope,0.184525,1.0175,-5.847325
1778964782627,Accelerometer,-1.5370501,-9.82695,-1.13505
1778964782644,Accelerometer,-1.7500501,-11.397,-0.94200003
1778964782663,Accelerometer,-0.54795,-15.42405,-3.1200001
1778964782678,Accelerometer,-4.66095,-22.25295,-3.07695
1778964782678,Gyroscope,-0.37867498,0.3004375,-7.2645373
1778964782702,Accelerometer,-8.3560505,-22.56705,-2.88105
1778964782722,Accelerometer,-5.99205,-21.798,-2.4859502
1778964782731,Accelerometer,-8.22105,-22.320002,-1.0680001
1778964782756,Accelerometer,-11.514001,-18.408,-2.73705
1778964782756,Gyroscope,-0.180675,1.8335625,-3.881625
1778964782780,Accelerometer,-18.772951,-13.143001,-4.203
1778964782799,Accelerometer,-24.000002,-8.514,-5.2440004
1778964782811,Accelerometer,-21.586052,-9.309,-3.28095
1778964782833,Accelerometer,-16.57695,-11.527051,-1.4440501
1778964782834,Gyroscope,-0.0402875,-0.90915,2.08395
1778964782863,Accelerometer,-12.997951,-10.94505,-1.983
1778964782877,Accelerometer,1.9290001,-11.34,2.2369502
1778964782891,Accelerometer,27.19605,-15.676051,0.537
1778964782911,Accelerometer,-3.28905,-21.92295,-0.633
1778964782911,Gyroscope,-0.9686875,-1.2230625,3.504875
1778964782935,Accelerometer,1.5799501,-18.712051,-3.1590002
1778964782955,Accelerometer,-4.1200504,-7.7530503,-3.39105
1778964782971,Accelerometer,-15.103051,-0.441,-5.4640503
1778964782989,Accelerometer,-8.50395,-4.854,-4.4370003
1778964782989,Gyroscope,-0.53267497,0.12925,2.0744624
1778964783013,Accelerometer,-4.326,-13.176001,-1.07805
1778964783032,Accelerometer,-1.9750501,-14.911951,-4.0350003
1778964783055,Accelerometer,0.35895002,-9.019951,-3.15405
1778964783072,Accelerometer,0.021000002,-7.6840506,-2.4810002
1778964783072,Gyroscope,-0.267575,-0.745525,0.9383
1778964783092,Accelerometer,-3.2989502,-9.11505,-2.4379501
1778964783110,Accelerometer,-3.426,-9.98505,-2.77605
1778964783129,Accelerometer,-2.2720501,-10.00905,-2.93595
1778964783144,Accelerometer,-2.38395,-9.118051,-2.9530501
1778964783144,Gyroscope,-0.063525,0.2660625,0.5484875
1778964783169,Accelerometer,-3.3390002,-8.58195,-3.21105
1778964783187,Accelerometer,-3.6150002,-8.74905,-3.1200001
1778964783207,Accelerometer,-1.86195,-9.22095,-2.7160501
1778964783221,Accelerometer,0.14805001,-9.427051,-2.8639503
1778964783222,Gyroscope,-0.1197625,-0.3546125,0.3408625
1778964783246,Accelerometer,0.04695,-9.30195,-2.5410001
1778964783269,Accelerometer,-2.0320501,-9.360001,-2.42595
1778964783289,Accelerometer,-3.0210001,-9.417001,-2.49795
1778964783305,Accelerometer,-2.844,-9.03405,-2.89995
1778964783305,Gyroscope,-0.18205,-0.57695,0.5179625
1778964783324,Accelerometer,-1.98195,-8.78505,-3.0700502
1778964783343,Accelerometer,-0.73200005,-9.40305,-3.072
1778964783363,Accelerometer,-0.40605003,-10.85805,-3.21405
1778964783377,Accelerometer,-1.7190001,-10.891951,-3.693
1778964783377,Gyroscope,0.0452375,-0.55495,1.0676875
1778964783401,Accelerometer,-2.664,-9.658951,-3.28095
1778964783421,Accelerometer,-2.25495,-9.84105,-2.9890501
1778964783440,Accelerometer,-1.4790001,-11.083951,-2.57205
1778964783454,Accelerometer,-1.12695,-12.151051,-4.18305
1778964783454,Gyroscope,0.245575,-0.469425,1.8008375
1778964783479,Accelerometer,-2.5159502,-12.51105,-4.6000504
1778964783504,Accelerometer,-3.7680001,-12.23805,-3.86505
1778964783522,Accelerometer,-3.117,-13.903951,-3.417
1778964783537,Accelerometer,-0.77805007,-15.999001,-3.42
1778964783538,Gyroscope,0.5204375,-0.9678625,2.26985
1778964783557,Accelerometer,2.32695,-17.53395,-4.9090505
1778964783576,Accelerometer,4.30905,-18.43905,-5.3830504
1778964783596,Accelerometer,4.89795,-18.274052,-3.20895
1778964783610,Accelerometer,4.197,-16.93995,-2.4090002
1778964783611,Gyroscope,-0.18933749,-2.871275,2.61195
1778964783635,Accelerometer,0.045,-16.49205,-3.3979502
1778964783654,Accelerometer,-5.355,-19.216951,1.1719501
1778964783673,Accelerometer,-6.6439505,-13.291051,-3.4699502
1778964783687,Accelerometer,2.6449502,-6.0199504,-2.33505
1778964783688,Gyroscope,0.6072,1.4779875,2.785475
1778964783712,Accelerometer,4.623,-2.80395,-3.7549503
1778964783736,Accelerometer,4.6519504,-1.3600501,-2.1460502
1778964783755,Accelerometer,3.282,-0.48405004,-2.3830502
1778964783769,Accelerometer,2.5489502,-0.83805007,-2.1079502
1778964783770,Gyroscope,-0.1868625,0.678975,-2.7097125
1778964783790,Accelerometer,1.12695,-2.6130002,-0.822
1778964783809,Accelerometer,0.61695004,-4.73595,-0.39105
1778964783829,Accelerometer,0.13395001,-6.2179503,-1.47105
1778964783843,Accelerometer,0.097950004,-7.7749505,-2.42805
1778964783844,Gyroscope,0.3751,1.043075,-6.0291
1778964783868,Accelerometer,0.055050004,-10.102051,-2.38995
1778964783887,Accelerometer,-1.3260001,-11.802001,-1.3939501
1778964783907,Accelerometer,-0.68895006,-16.036951,-4.2000003
1778964783921,Accelerometer,-4.728,-25.485,-4.61205
1778964783921,Gyroscope,-0.416625,0.496925,-7.274025
1778964783945,Accelerometer,-12.057,-23.650951,-4.59
1778964783968,Accelerometer,-7.4550004,-18.56595,-4.1280003
1778964783986,Accelerometer,-8.55405,-19.41105,-3.4699502
1778964784001,Accelerometer,-12.579,-17.914051,-2.6200502
1778964784001,Gyroscope,-0.4239125,1.198175,-3.668775
1778964784019,Accelerometer,-18.65805,-12.475051,-2.9020503
1778964784043,Accelerometer,-22.930052,-8.08605,-4.2070503
1778964784062,Accelerometer,-19.636951,-9.73095,-2.0020502
1778964784085,Accelerometer,-15.069,-11.883,-0.43395
1778964784085,Gyroscope,-0.1538625,-0.0625625,2.5876124
1778964784105,Accelerometer,-12.531,-10.89,-0.91800004
1778964784120,Accelerometer,-3.07605,-10.61205,-0.025050001
1778964784140,Accelerometer,43.807953,-13.84395,3.0990002
1778964784154,Accelerometer,-4.7569504,-24.031952,0.57795
1778964784154,Gyroscope,-0.714725,-1.07415,2.9259999
1778964784174,Accelerometer,-0.38295,-21.65895,-3.2740502
1778964784198,Accelerometer,-4.0480504,-8.874001,-4.224
1778964784219,Accelerometer,-16.699951,-1.0849501,-4.66695
1778964784236,Accelerometer,-6.8299503,-3.9169502,-4.0300503
1778964784237,Gyroscope,-0.6512,0.397925,2.217325
1778964784254,Accelerometer,-5.5729504,-10.807951,-3.1920002
1778964784275,Accelerometer,-3.7060502,-15.084001,-1.056
1778964784299,Accelerometer,-2.3820002,-9.83895,-4.06395
1778964784317,Accelerometer,-1.50495,-7.3650002,-2.63205
1778964784318,Gyroscope,-0.26015,-1.0461,0.9053
1778964784336,Accelerometer,-1.9240501,-9.56595,-1.9060501
1778964784353,Accelerometer,-2.11095,-10.509001,-2.3779502
1778964784373,Accelerometer,-2.334,-10.068001,-2.8860002
1778964784387,Accelerometer,-3.081,-9.313951,-2.9479501
1778964784388,Gyroscope,-0.0622875,0.4444,0.6804875
1778964784412,Accelerometer,-4.16295,-8.542951,-3.6450002
1778964784433,Accelerometer,-4.39995,-8.385,-2.778
1778964784452,Accelerometer,-2.4079502,-9.007951,-2.7130501
1778964784467,Accelerometer,-0.282,-9.51795,-2.57205
1778964784468,Gyroscope,-0.078099996,-0.734525,0.2358125
1778964784489,Accelerometer,-0.009000001,-9.42405,-2.328
1778964784509,Accelerometer,-1.9050001,-9.199051,-2.1790502
1778964784533,Accelerometer,-2.9200501,-9.06795,-2.59395
1778964784549,Accelerometer,-3.0190501,-9.22605,-2.49105
1778964784549,Gyroscope,-0.0243375,-0.607475,0.4703875
1778964784569,Accelerometer,-2.3430002,-9.754951,-2.766
1778964784586,Accelerometer,-1.1770501,-9.847951,-2.9650502
1778964784606,Accelerometer,-1.182,-10.234051,-2.6890502
1778964784621,Accelerometer,-2.0320501,-10.566001,-2.83095
1778964784621,Gyroscope,0.07205,-0.53295,1.106875
1778964784645,Accelerometer,-2.061,-10.738951,-3.075
1778964784655,Accelerometer,-1.4500501,-11.00895,-2.2150502
1778964784684,Accelerometer,-1.194,-11.809051,-2.15295
1778964784700,Accelerometer,-1.2919501,-12.670951,-4.0609503
1778964784701,Gyroscope,0.366575,-0.42061248,2.2210374
1778964784718,Accelerometer,-2.2669501,-13.509001,-3.97005
1778964784735,Accelerometer,-2.0989501,-15.010051,-3.7210503
1778964784756,Accelerometer,0.20505,-17.167051,-4.5540004
1778964784776,Accelerometer,2.5159502,-19.327051,-5.589
1778964784776,Gyroscope,0.3909125,-1.1633875,2.8245249
1778964784804,Accelerometer,3.62505,-18.85095,-4.9420505
1778964784815,Accelerometer,6.19395,-18.429,-3.18495
1778964784839,Accelerometer,1.2280501,-15.657001,-3.0319502
1778964784853,Accelerometer,-0.86895007,-17.778002,-1.2529501
1778964784854,Gyroscope,0.61215,-1.661825,3.2693374
1778964784878,Accelerometer,-8.04195,-16.240952,-2.2150502
1778964784898,Accelerometer,-2.36295,-10.16895,-4.02495
1778964784916,Accelerometer,3.7540503,-4.09005,-3.7120502
1778964784932,Accelerometer,4.1659503,-2.256,-3.3310502
1778964784933,Gyroscope,0.7134875,1.441275,-0.068475
1778964784956,Accelerometer,3.5650501,-0.52005005,-3.1969502
1778964784975,Accelerometer,2.4540002,0.054,-4.06395
1778964784997,Accelerometer,1.17795,-0.513,-3.0199502
1778964785014,Accelerometer,0.76095,-2.9670002,-1.365
1778964785015,Gyroscope,0.1808125,1.4474624,-3.49415
1778964785034,Accelerometer,0.96900004,-4.65495,-1.45395
1778964785053,Accelerometer,0.768,-5.95695,-3.18495
1778964785072,Accelerometer,0.061950002,-8.313001,-3.21105
1778964785087,Accelerometer,-1.3090501,-10.13805,-2.66505
1778964785087,Gyroscope,0.16005,0.53845,-6.3932
1778964785111,Accelerometer,-1.644,-12.184951,-2.8500001
1778964785131,Accelerometer,-1.16805,-18.159,-4.18305
1778964785150,Accelerometer,-8.17395,-24.465002,-4.0129504
1778964785164,Accelerometer,-9.085951,-20.51505,-2.8470001
1778964785164,Gyroscope,-0.5790125,0.5654,-6.654725
1778964785189,Accelerometer,-10.795051,-19.28895,-1.9879501
1778964785213,Accelerometer,-10.804951,-18.468,-1.0489501
1778964785230,Accelerometer,-13.28505,-17.99805,-1.5640501
1778964785247,Accelerometer,-18.49995,-12.0390005,-3.4030502
1778964785247,Gyroscope,-0.2198625,2.9440124,-1.602975
1778964785267,Accelerometer,-23.775002,-7.8130503,-4.63605
1778964785286,Accelerometer,-22.338001,-9.07005,-4.22895
1778964785295,Accelerometer,-18.748951,-9.634951,-3.3690002
1778964785320,Accelerometer,-8.7630005,-11.376,-0.324
1778964785320,Gyroscope,0.157575,0.264825,2.807475
1778964785344,Accelerometer,39.414,-14.96205,4.45905
1778964785363,Accelerometer,-4.347,-30.397951,-0.61305004
1778964785382,Accelerometer,1.02195,-18.195002,-0.9580501
1778964785397,Accelerometer,-1.9080001,-7.2289505,-1.45905
1778964785397,Gyroscope,-0.6743,1.21165,3.53925
1778964785422,Accelerometer,-10.47,-0.17295001,-4.6000504
1778964785446,Accelerometer,-7.9339504,-3.45495,-6.906
1778964785463,Accelerometer,-6.93795,-13.732051,-0.00795
1778964785480,Accelerometer,-4.7310004,-15.853051,-2.6220002
1778964785480,Gyroscope,-0.339625,-1.0778625,1.327975
1778964785500,Accelerometer,-2.49405,-8.12205,-4.842
1778964785519,Accelerometer,-1.2280501,-7.6980004,-1.0519501
1778964785536,Accelerometer,-1.9120501,-9.963,-1.00605
1778964785553,Accelerometer,-2.07495,-10.39605,-2.4880502
1778964785553,Gyroscope,-0.168575,0.0462,0.891825
1778964785577,Accelerometer,-2.0370002,-9.879001,-2.8950002
1778964785596,Accelerometer,-1.8570001,-8.51895,-3.6210003
1778964785616,Accelerometer,-4.077,-8.42595,-4.09005
1778964785630,Accelerometer,-6.0880504,-8.79195,-2.2800002
1778964785631,Gyroscope,0.024475,-0.8408125,0.3493875
1778964785655,Accelerometer,-2.571,-9.144,-2.23005
1778964785676,Accelerometer,0.0139500005,-9.537001,-2.079
1778964785695,Accelerometer,-0.47400004,-9.549001,-2.1360002
1778964785711,Accelerometer,-2.74095,-9.484051,-1.8940501
1778964785711,Gyroscope,0.0342375,-0.044275,0.7390625
1778964785732,Accelerometer,-4.39095,-8.953051,-1.50405
1778964785752,Accelerometer,-4.4620504,-8.29905,-2.163
1778964785772,Accelerometer,-3.59295,-9.003,-3.4030502
1778964785795,Accelerometer,-3.459,-10.375051,-3.2590501
1778964785796,Gyroscope,0.0427625,-0.7027625,0.5154875
1778964785815,Accelerometer,-2.8200002,-10.128,-2.433
1778964785830,Accelerometer,-2.0350502,-9.87405,-2.02095
1778964785849,Accelerometer,-1.12995,-10.602,-2.09805
1778964785863,Accelerometer,-1.64205,-11.586,-1.24605
1778964785864,Gyroscope,0.2468125,-0.3179,1.3255
1778964785888,Accelerometer,-1.45305,-11.088,-2.13105
1778964785911,Accelerometer,-1.7809501,-11.6629505,-3.7860003
1778964785928,Accelerometer,-2.35095,-12.324,-4.40595
1778964785944,Accelerometer,-2.70495,-13.45905,-4.25805
1778964785944,Gyroscope,0.4679125,-0.847,2.3945625
1778964785965,Accelerometer,-1.3470001,-16.782001,-4.62195
1778964785985,Accelerometer,1.82895,-19.240952,-4.9690504
1778964786009,Accelerometer,4.7689505,-20.035952,-5.0620503
1778964786017,Accelerometer,7.0270505,-19.449001,-3.111
1778964786027,Gyroscope,-0.1038125,-2.2482624,2.934525
1778964786043,Accelerometer,3.3970501,-16.54305,-3.2209501
1778964786063,Accelerometer,-0.39405003,-17.677052,-2.3490002
1778964786082,Accelerometer,-8.913,-16.26,-1.9020001
1778964786097,Accelerometer,-3.7350001,-10.224001,-3.4150503
1778964786097,Gyroscope,0.4631,1.777325,4.104925
1778964786121,Accelerometer,2.80605,-3.7039502,-3.5730002
1778964786143,Accelerometer,2.6569502,-1.91805,-3.82905
1778964786161,Accelerometer,3.5340002,-0.112950005,-3.1710002
1778964786175,Accelerometer,2.6910002,0.22800002,-3.561
1778964786176,Gyroscope,-0.0122375,1.14565,-1.890075
1778964786199,Accelerometer,1.4430001,-0.72300005,-2.673
1778964786218,Accelerometer,0.46605003,-3.1009502,-0.9799501
1778964786243,Accelerometer,0.97605,-5.27505,-1.4440501
1778964786259,Accelerometer,1.146,-6.3520503,-3.3330002
1778964786260,Gyroscope,0.6804875,1.4499375,-5.230225
1778964786277,Accelerometer,-1.1770501,-8.043,-3.3240001
1778964786296,Accelerometer,-2.331,-10.368,-2.33505
1778964786315,Accelerometer,-1.40205,-11.89305,-4.0009503
1778964786330,Accelerometer,-2.12295,-16.63095,-5.0790005
1778964786330,Gyroscope,-0.16005,0.8683125,-6.97235
1778964786355,Accelerometer,-7.6249504,-22.042051,-4.926
1778964786376,Accelerometer,-7.4700003,-19.76505,-5.03595
1778964786393,Accelerometer,-7.122,-18.633001,-4.12095
1778964786410,Accelerometer,-9.844951,-19.98105,-2.39205
1778964786410,Gyroscope,-0.488675,1.7809,-4.855125
1778964786432,Accelerometer,-12.16695,-17.116951,-2.8260002
1778964786451,Accelerometer,-17.584951,-12.694951,-2.7880502
1778964786476,Accelerometer,-19.515001,-7.8229504,-4.12395
1778964786494,Accelerometer,-19.24695,-10.111051,-1.9090501
1778964786494,Gyroscope,-0.129525,0.39435,0.5839625
1778964786512,Accelerometer,-15.519001,-10.972951,-1.69305
1778964786529,Accelerometer,-14.284051,-9.216001,-3.3070502
1778964786549,Accelerometer,-7.3039503,-9.181951,-5.3689504
1778964786563,Accelerometer,20.84205,-7.806,-4.176
1778964786563,Gyroscope,-0.1648625,-1.1339625,0.118525
1778964786577,Accelerometer,3.8850002,-18.084002,5.70405
1778964786608,Accelerometer,10.9150505,-33.90105,6.0100503
1778964786626,Accelerometer,-3.4350002,-17.019001,-4.6480503
1778964786641,Accelerometer,-11.049001,-7.2739506,-6.0870004
1778964786642,Gyroscope,-1.1544499,1.7260375,4.85265
1778964786658,Accelerometer,-8.644951,-2.33205,-2.32095
1778964786685,Accelerometer,-8.99205,-2.5480502,-7.1950502
1778964786708,Accelerometer,-4.7899504,-10.762951,-2.7829502
1778964786726,Accelerometer,-4.18695,-14.517001,-3.6829503
1778964786726,Gyroscope,-0.21133749,-1.606825,1.172875
1778964786745,Accelerometer,-3.3060002,-8.056951,-4.9830003
1778964786762,Accelerometer,-3.8809502,-7.4110503,-3.15105
1778964786782,Accelerometer,-4.1269503,-8.742001,0.43905002
1778964786796,Accelerometer,-3.5670002,-11.445001,-3.0649502
1778964786796,Gyroscope,-0.085525,1.2483625,0.83435
1778964786819,Accelerometer,-0.30600002,-9.967951,-4.8970504
1778964786841,Accelerometer,-5.01105,-8.479051,-2.91405
1778964786859,Accelerometer,-7.6249504,-8.371051,-3.2929502
1778964786874,Accelerometer,-2.53695,-9.372001,-2.49105
1778964786874,Gyroscope,-0.0818125,-1.1902,-0.140525
1778964786898,Accelerometer,-0.29895002,-9.58005,-2.601
1778964786923,Accelerometer,0.30600002,-9.204,-2.62905
1778964786941,Accelerometer,-1.3549501,-9.17805,-2.2459502
1778964786957,Accelerometer,-2.5110002,-8.257951,-2.4520502
1778964786957,Gyroscope,-0.030524999,-0.16885,0.372625
1778964786976,Accelerometer,-4.03095,-8.47095,-2.9190001
1778964786996,Accelerometer,-3.8419502,-9.07995,-2.97195
1778964787015,Accelerometer,-1.9770001,-9.40305,-2.8860002
1778964787030,Accelerometer,-0.51705,-9.901051,-2.3110502
1778964787030,Gyroscope,-0.036575,-0.85676247,0.6450125
1778964787054,Accelerometer,-0.29595003,-10.35105,-2.46705
1778964787074,Accelerometer,-1.1730001,-10.779,-3.1900501
1778964787093,Accelerometer,-1.9219501,-11.50695,-2.74005
1778964787107,Accelerometer,-2.2759502,-12.05805,-2.7250502
1778964787107,Gyroscope,0.179575,-0.47547498,1.7384125
1778964787131,Accelerometer,-2.298,-12.5779505,-3.0340502
1778964787155,Accelerometer,-2.21895,-12.915001,-3.3310502
1778964787173,Accelerometer,-1.8840001,-13.5400505,-3.5419502
1778964787188,Accelerometer,-1.20105,-14.524051,-4.12095
1778964787189,Gyroscope,0.3262875,-1.2672,2.4629
1778964787209,Accelerometer,0.81795,-16.947,-5.27295
1778964787219,Accelerometer,4.032,-19.23405,-6.36495
1778964787248,Accelerometer,5.95695,-19.732052,-5.21505
1778964787263,Accelerometer,3.9840002,-17.389952,-4.0279503
1778964787263,Gyroscope,-0.516725,-2.6868875,3.204575
1778964787287,Accelerometer,0.651,-15.43605,-3.0919502
1778964787305,Accelerometer,-7.9510503,-18.810001,-0.915
1778964787326,Accelerometer,-11.61705,-13.293,-5.24205
1778964787340,Accelerometer,-0.45900002,-5.5579505,-3.0919502
1778964787340,Gyroscope,0.4288625,1.31065,2.669425
1778964787364,Accelerometer,2.3460002,-3.4360502,-3.59205
1778964787379,Accelerometer,5.2309504,-2.69895,-1.5450001
1778964787404,Accelerometer,4.33995,-1.7869501,-2.2390501
1778964787423,Accelerometer,3.117,-0.67305005,-1.50195
1778964787424,Gyroscope,-0.20515,0.88783747,-1.9963624
1778964787442,Accelerometer,1.2040501,-1.8510001,0.504
1778964787459,Accelerometer,0.63600004,-4.6330504,0.43905002
1778964787481,Accelerometer,0.13800001,-7.1740503,0.11595
1778964787505,Accelerometer,-0.70605004,-8.005051,-0.28995
1778964787505,Gyroscope,0.4398625,1.4034625,-5.5649
1778964787525,Accelerometer,-0.055050004,-8.577001,-1.0129501
1778964787539,Accelerometer,-0.42795002,-10.564051,-0.67095006
1778964787559,Accelerometer,-1.8379501,-14.788051,-1.54005
1778964787573,Accelerometer,-2.703,-19.10205,-2.56695
1778964787574,Gyroscope,-0.0243375,0.501875,-6.67425
1778964787598,Accelerometer,-11.335951,-21.228,-2.6149502
1778964787618,Accelerometer,-11.061001,-19.459051,-2.05005
1778964787636,Accelerometer,-8.08005,-17.73195,-2.53095
1778964787655,Accelerometer,-10.644,-19.33695,-3.3649502
1778964787655,Gyroscope,-0.0268125,2.246475,-4.1696873
1778964787675,Accelerometer,-17.341051,-16.30995,-3.8530502
1778964787695,Accelerometer,-21.775051,-9.669001,-5.00505
1778964787720,Accelerometer,-23.056051,-5.9380503,-5.8330503
1778964787737,Accelerometer,-19.113,-9.09405,-5.4949503
1778964787737,Gyroscope,-0.212575,-0.36313748,0.90035
1778964787757,Accelerometer,-14.952001,-12.21405,-3.24705
1778964787772,Accelerometer,11.746051,-21.41295,-1.52295
1778964787792,Accelerometer,-3.8590503,-41.479053,-7.701
1778964787806,Accelerometer,-7.0000505,-21.408,9.71205
1778964787806,Gyroscope,-1.4122624,0.187825,7.6588874
1778964787831,Accelerometer,11.63595,2.424,3.13995
1778964787853,Accelerometer,-10.78995,16.62195,-5.3569503
1778964787860,Accelerometer,-9.61305,-2.493,-10.035001
1778964787885,Accelerometer,-4.3549504,-21.628052,4.026
1778964787885,Gyroscope,-0.499675,-0.491425,1.7445999
1778964787908,Accelerometer,-10.192051,-20.806952,-1.8919501
1778964787928,Accelerometer,-2.53695,-3.55605,-6.6709504
1778964787940,Accelerometer,2.7630002,-4.46805,-1.8589501
1778964787962,Accelerometer,-2.47305,-9.010051,0.11100001
1778964787963,Gyroscope,0.112475,-0.8237625,0.5339125
1778964787992,Accelerometer,-2.877,-12.1060505,-2.5099502
1778964788006,Accelerometer,-3.5070002,-11.47095,-2.23005
1778964788020,Accelerometer,-2.157,-8.75205,-2.1049502
1778964788040,Accelerometer,-1.917,-8.377951,-2.5069501
1778964788040,Gyroscope,0.17105,0.12925,0.472725
1778964788064,Accelerometer,-3.1309502,-9.168,-2.7469501
1778964788085,Accelerometer,-2.592,-9.58005,-2.23005
1778964788103,Accelerometer,-1.5840001,-9.769051,-2.05995
1778964788118,Accelerometer,-0.684,-9.963,-2.24895
1778964788118,Gyroscope,0.055,-0.2495625,0.3738625
1778964788142,Accelerometer,-1.1869501,-9.73095,-1.9260001
1778964788161,Accelerometer,-1.71105,-9.20895,-2.088
1778964788185,Accelerometer,-1.9800001,-9.58695,-2.2150502
1778964788201,Accelerometer,-2.3170502,-9.57495,-2.6220002
1778964788201,Gyroscope,-0.0048125,-0.605,0.6975375
1778964788219,Accelerometer,-2.7820501,-9.3,-2.3830502
1778964788239,Accelerometer,-2.35995,-9.834001,-2.3470502
1778964788258,Accelerometer,-1.36905,-10.132951,-2.22495
1778964788273,Accelerometer,-0.864,-10.20495,-2.2030501
1778964788273,Gyroscope,0.223575,-0.662475,1.1336875
1778964788297,Accelerometer,-1.0819501,-10.297951,-2.4019501
1778964788317,Accelerometer,-2.4439502,-11.172001,-1.9540501
1778964788335,Accelerometer,-2.6950502,-11.127001,-1.5469501
1778964788350,Accelerometer,-2.2480502,-11.71605,-2.74005
1778964788351,Gyroscope,0.5302,-0.6331875,2.0659375
1778964788375,Accelerometer,-2.4150002,-12.58695,-3.6180003
1778964788394,Accelerometer,-2.6910002,-13.380001,-3.0649502
1778964788417,Accelerometer,-2.181,-14.413951,-3.4120502
1778964788436,Accelerometer,-0.63600004,-15.826951,-3.7500002
1778964788436,Gyroscope,0.6744375,-1.5615875,2.9357624
1778964788453,Accelerometer,1.0200001,-18.202051,-4.9230003
1778964788472,Accelerometer,2.8540502,-19.600052,-5.352
1778964788491,Accelerometer,6.438,-20.910002,-3.69
1778964788501,Accelerometer,3.696,-19.20495,-4.8829503
1778964788505,Gyroscope,1.0775875,-2.3178375,3.5552
1778964788531,Accelerometer,0.342,-19.49205,-2.7829502
1778964788549,Accelerometer,-6.6270003,-12.826951,-4.1950502
1778964788569,Accelerometer,1.6009501,-8.28495,-2.2060502
1778964788585,Accelerometer,2.22405,-4.2190504,-5.26305
1778964788586,Gyroscope,1.1191125,2.417525,1.3034999
1778964788608,Accelerometer,3.0240002,0.0010500001,-5.5620003
1778964788633,Accelerometer,2.7940502,1.5619501,-4.12095
1778964788650,Accelerometer,1.4959501,0.69495004,-3.8149502
1778964788667,Accelerometer,0.016050002,-1.4250001,-1.5780001
1778964788667,Gyroscope,0.146575,1.7028,-3.4049125
1778964788686,Accelerometer,1.7400001,-3.9750001,-2.0329502
1778964788705,Accelerometer,1.79805,-7.6600504,-2.9580002
1778964788724,Accelerometer,-1.6969501,-10.53495,-2.1649501
1778964788739,Accelerometer,-2.70495,-11.14605,-2.32305
1778964788740,Gyroscope,0.3128125,1.7248,-6.4884872
1778964788764,Accelerometer,-1.4580001,-12.807,-3.0199502
1778964788783,Accelerometer,-1.21095,-16.557001,-4.0800004
1778964788802,Accelerometer,-6.91695,-21.240002,-4.67205
1778964788816,Accelerometer,-8.463,-20.991001,-4.9570503
1778964788816,Gyroscope,-0.0023375,1.7601374,-7.1861625
1778964788841,Accelerometer,-8.97795,-19.902,-4.428
1778964788865,Accelerometer,-10.182,-19.569,-4.5259504
1778964788884,Accelerometer,-13.168051,-19.43205,-6.0750003
1778964788899,Accelerometer,-18.177,-14.983951,-6.15105
1778964788899,Gyroscope,-0.31515,2.3698125,-3.2240999
1778964788918,Accelerometer,-24.306002,-9.048,-5.44995
1778964788941,Accelerometer,-24.916952,-7.09005,-4.46595
1778964788965,Accelerometer,-20.274,-9.82905,-2.09805
1778964788972,Accelerometer,-15.723001,-9.57495,-1.5259501
1778964788973,Gyroscope,-0.2443375,-0.254375,3.2693374
1778964788997,Accelerometer,-8.743051,-9.204,-3.6829503
1778964789017,Accelerometer,64.150055,-11.854951,7.1790004
1778964789036,Accelerometer,0.70305,-43.654953,-1.0320001
1778964789050,Accelerometer,-12.117001,-25.227001,4.41795
1778964789050,Gyroscope,-1.7213625,2.092475,8.091325
1778964789074,Accelerometer,-7.1320505,-2.94105,-2.60805
1778964789097,Accelerometer,-16.728,8.962951,-7.4160004
1778964789115,Accelerometer,-6.1480503,-4.6530004,-5.7130504
1778964789129,Accelerometer,-3.17895,-12.12495,-1.8229501
1778964789129,Gyroscope,-0.461725,-2.1700249,0.98835
1778964789148,Accelerometer,-3.2959502,-17.57895,-3.1660502
1778964789171,Accelerometer,-2.2429502,-9.522,-4.7239504
1778964789191,Accelerometer,-2.8180501,-8.115001,-3.0889502
1778964789216,Accelerometer,-3.4759502,-8.577001,-1.5810001
1778964789217,Gyroscope,0.0672375,-0.116325,0.841775
1778964789235,Accelerometer,-4.11795,-8.21805,-2.0740502
1778964789249,Accelerometer,-4.08195,-9.561001,-2.4810002
1778964789268,Accelerometer,-2.6550002,-9.621,-2.634
1778964789283,Accelerometer,-3.177,-9.472051,-2.7919502
1778964789283,Gyroscope,0.0427625,-0.215325,0.179575
1778964789302,Accelerometer,-3.8230503,-9.022051,-2.56695
1778964789327,Accelerometer,-2.6809502,-8.548051,-3.0220501
1778964789346,Accelerometer,-1.00695,-8.814,-1.6650001
1778964789364,Accelerometer,-0.43500003,-9.7879505,-1.1910001
1778964789365,Gyroscope,-0.113575,-0.0710875,0.151525
1778964789384,Accelerometer,-0.60495,-9.799951,-2.9580002
1778964789404,Accelerometer,-3.01605,-9.316951,-2.96895
1778964789428,Accelerometer,-4.49595,-9.927,-2.8830001
1778964789446,Accelerometer,-2.04405,-9.06,-2.3130002
1778964789446,Gyroscope,-0.0903375,-1.1011,0.2393875
1778964789467,Accelerometer,0.63195,-7.9830003,-2.26095
1778964789482,Accelerometer,0.55695003,-10.759951,-2.25405
1778964789502,Accelerometer,-0.51900005,-12.4150505,-3.46005
1778964789516,Accelerometer,-1.1389501,-10.65495,-3.6450002
1778964789516,Gyroscope,0.17847499,-0.3826625,1.470975
1778964789541,Accelerometer,-1.8649501,-10.096951,-3.4510503
1778964789562,Accelerometer,-2.286,-11.998051,-3.62295
1778964789580,Accelerometer,-2.571,-13.717051,-3.0990002
1778964789595,Accelerometer,-2.53695,-13.432051,-2.8260002
1778964789595,Gyroscope,0.427625,-0.922625,2.167275
1778964789618,Accelerometer,-1.48905,-13.486951,-2.9190001
1778964789638,Accelerometer,-0.45405003,-14.81595,-3.4080002
1778964789663,Accelerometer,1.1370001,-17.397001,-4.25295
1778964789680,Accelerometer,4.39305,-18.80805,-5.6580005
1778964789680,Gyroscope,0.4349125,-1.6080625,2.8282375
1778964789695,Accelerometer,6.9649506,-19.16205,-4.5690002
1778964789715,Accelerometer,5.8560004,-18.487051,-3.348
1778964789735,Accelerometer,2.3440502,-17.22705,-3.7669501
1778964789749,Accelerometer,-5.2840505,-18.51795,-2.3470502
1778964789749,Gyroscope,0.53515,-0.1126125,3.684725
1778964789774,Accelerometer,-6.7369504,-13.300951,-3.8220003
1778964789783,Accelerometer,2.29605,-5.7949505,-2.70795
1778964789813,Accelerometer,2.7150002,-2.16195,-4.70295
1778964789830,Accelerometer,3.1909502,-0.30705002,-2.91405
1778964789830,Gyroscope,0.28105,1.253175,-1.04335
1778964789851,Accelerometer,2.69805,0.98700005,-2.9239502
1778964789863,Accelerometer,2.595,0.74805003,-2.94105
1778964789890,Accelerometer,1.8529501,-1.866,-1.131
1778964789911,Accelerometer,1.623,-4.8300004,-0.37605003
1778964789912,Gyroscope,0.140525,1.579325,-4.3382626
1778964789933,Accelerometer,0.77505004,-6.9270005,-1.164
1778964789943,Accelerometer,-0.27495003,-8.59395,-1.9969501
1778964789968,Accelerometer,-0.84705,-10.35795,-1.7010001
1778964789982,Accelerometer,-1.66305,-11.92905,-0.93705004
1778964789982,Gyroscope,-0.061049998,0.8757375,-6.9661627
1778964790007,Accelerometer,-0.71505004,-15.807001,-3.15105
1778964790026,Accelerometer,-4.3759503,-25.272001,-4.1329503
1778964790045,Accelerometer,-9.31305,-24.810001,-3.21405
1778964790061,Accelerometer,-8.752951,-20.71305,-2.77605
1778964790061,Gyroscope,-0.5729625,1.5989875,-6.1818624
1778964790084,Accelerometer,-9.850051,-20.344952,-1.4419501
1778964790104,Accelerometer,-13.017,-17.07405,-3.7140002
1778964790129,Accelerometer,-22.101002,-13.059001,-4.71
1778964790144,Accelerometer,-27.495,-6.4099503,-6.3430505
1778964790145,Gyroscope,-0.061049998,1.4694625,-0.5204375
1778964790163,Accelerometer,-22.056002,-8.15295,-3.7050002
1778964790181,Accelerometer,-16.60395,-10.7029505,-2.8570502
1778964790201,Accelerometer,-13.173,-9.98505,-3.5629501
1778964790215,Accelerometer,10.306951,-11.649,3.4819503
1778964790216,Gyroscope,0.4618625,1.1286,2.5350876
1778964790230,Accelerometer,23.169,-25.291052,-1.99995
1778964790260,Accelerometer,-7.3759503,-29.793001,1.43505
1778964790278,Accelerometer,1.9369501,-13.04895,-0.54405004
1778964790295,Accelerometer,-14.700001,-1.32,-8.610001
1778964790296,Gyroscope,-0.6315375,1.871375,3.48425
1778964790318,Accelerometer,-15.95505,-0.87000006,-2.91195
1778964790341,Accelerometer,-4.5870004,-8.24205,-8.005051
1778964790359,Accelerometer,-5.703,-12.429001,-0.27600002
1778964790376,Accelerometer,-2.7550502,-13.405951,-3.8410501
1778964790376,Gyroscope,-0.124575,-1.2989625,0.9736375
1778964790396,Accelerometer,-0.52095,-9.175051,-4.0609503
1778964790414,Accelerometer,-2.6500502,-9.285001,-3.2970002
1778964790424,Accelerometer,-3.0190501,-8.56995,-0.37395
1778964790448,Accelerometer,-3.5500503,-9.022051,-2.0070002
1778964790449,Gyroscope,0.10395,0.8427375,0.632775
1778964790473,Accelerometer,-3.045,-9.475051,-2.5549502
1778964790493,Accelerometer,-2.72895,-9.297001,-3.0870001
1778964790509,Accelerometer,-4.848,-8.533951,-3.55605
1778964790526,Accelerometer,-4.2730503,-7.9420505,-3.2929502
1778964790526,Gyroscope,0.013475,-1.0363375,-0.066
1778964790551,Accelerometer,-1.7350501,-8.74905,-2.5170002
1778964790574,Accelerometer,-0.24795002,-9.558001,-1.8390001
1778964790591,Accelerometer,-0.88500005,-9.49905,-1.8349501
1778964790608,Accelerometer,-2.7820501,-8.983951,-2.3400002
1778964790608,Gyroscope,-0.052525,-0.1848,0.4324375
1778964790628,Accelerometer,-3.8830502,-8.89995,-3.00795
1778964790648,Accelerometer,-3.459,-8.479051,-3.15105
1778964790665,Accelerometer,-1.8100501,-8.931001,-2.4160502
1778964790682,Accelerometer,-1.0860001,-11.03295,-2.127
1778964790682,Gyroscope,-0.0561,-1.109625,0.6292
1778964790706,Accelerometer,-0.67200005,-11.989051,-2.70795
1778964790725,Accelerometer,-0.30405003,-9.951,-3.7549503
1778964790745,Accelerometer,0.03795,-9.70005,-3.5029502
1778964790759,Accelerometer,-0.933,-11.967001,-3.6690001
1778964790759,Gyroscope,0.2578125,-0.6917625,2.0879376
1778964790784,Accelerometer,-2.4460502,-13.449,-4.3219504
1778964790806,Accelerometer,-3.9400501,-13.569,-3.0529501
1778964790824,Accelerometer,-3.5740502,-13.758,-2.5530002
1778964790840,Accelerometer,-1.314,-15.71895,-2.673
1778964790840,Gyroscope,0.6683875,-1.2769625,2.5936625
1778964790861,Accelerometer,1.8049501,-18.867,-3.62595
1778964790881,Accelerometer,3.7750502,-20.017052,-4.5469503
1778964790900,Accelerometer,6.7390504,-20.07405,-4.77705
1778964790923,Accelerometer,4.95795,-17.72505,-6.9030004
1778964790924,Gyroscope,0.0281875,-2.7649875,3.3401499
1778964790944,Accelerometer,3.4069502,-16.782001,-5.3040004
1778964790958,Accelerometer,-2.3770502,-15.867001,-3.7020001
1778964790978,Accelerometer,-7.8240004,-12.064951,-2.8570502
1778964790992,Accelerometer,0.31605002,-3.6400502,-1.72905
1778964790993,Gyroscope,0.76725,1.5488,2.5521374
1778964791017,Accelerometer,1.5130501,-1.365,-3.8790002
1778964791038,Accelerometer,4.3039503,0.61200005,-2.2369502
1778964791056,Accelerometer,3.8539503,1.098,-3.96795
1778964791073,Accelerometer,3.0949502,-0.09900001,-3.5850003
1778964791073,Gyroscope,-0.312675,1.3374625,-2.827
1778964791096,Accelerometer,1.83105,-3.111,-0.89400005
1778964791114,Accelerometer,1.3549501,-6.19005,-0.85305005
1778964791134,Accelerometer,0.22695,-8.706,-2.3710501
1778964791145,Accelerometer,-1.09395,-9.52995,-3.31695
1778964791157,Gyroscope,0.8344875,1.5280375,-6.0841
1778964791173,Accelerometer,-1.70895,-10.82505,-2.56995
1778964791191,Accelerometer,-1.02705,-12.325951,-3.7810502
1778964791211,Accelerometer,-0.768,-17.038052,-5.8279505
1778964791225,Accelerometer,-5.95905,-24.79305,-5.6940002
1778964791226,Gyroscope,-0.251625,1.7528499,-7.1347375
1778964791250,Accelerometer,-8.868,-22.794,-6.333
1778964791271,Accelerometer,-6.3679504,-19.53495,-7.0230002
1778964791289,Accelerometer,-11.2240505,-20.632051,-6.537
1778964791307,Accelerometer,-16.704,-16.66695,-7.3339505
1778964791307,Gyroscope,-0.428725,1.4339875,-3.8875375
1778964791327,Accelerometer,-24.012001,-12.274051,-6.53205
1778964791347,Accelerometer,-25.819052,-7.2019506,-5.50995
1778964791372,Accelerometer,-19.812,-10.771951,-1.26195
1778964791389,Accelerometer,-13.804951,-12.573001,-0.26595002
1778964791389,Gyroscope,-0.26015,-1.9952625,2.4556124
1778964791408,Accelerometer,-9.871051,-11.281951,-0.34800002
1778964791425,Accelerometer,22.73595,-14.62695,7.96395
1778964791444,Accelerometer,16.333052,-28.309952,5.37795
1778964791459,Accelerometer,-2.9320502,-18.61395,-3.1039503
1778964791459,Gyroscope,-0.8270625,2.7094374,6.08905
1778964791484,Accelerometer,-3.2940001,-9.726001,-4.43505
1778964791503,Accelerometer,-15.77805,-5.196,-6.28095
1778964791522,Accelerometer,-15.832951,-2.3779502,-9.987
1778964791539,Accelerometer,-8.18595,-11.0119505,-4.7460003
1778964791539,Gyroscope,-0.48125,-2.104025,1.466025
1778964791561,Accelerometer,-4.53195,-13.114051,-0.44400004
1778964791580,Accelerometer,-2.18505,-10.83195,-4.27005
1778964791605,Accelerometer,3.141,-8.457001,-3.8770502
1778964791624,Accelerometer,-0.21000001,-9.23805,-1.15695
1778964791624,Gyroscope,-0.061049998,-0.8958125,0.7269625
1778964791639,Accelerometer,-5.1060004,-8.57205,-1.5190501
1778964791658,Accelerometer,-4.1130004,-9.558001,-3.69705
1778964791677,Accelerometer,-2.38905,-10.00605,-2.802
1778964791692,Accelerometer,-2.8890002,-9.26895,-3.96495
1778964791692,Gyroscope,0.02695,-0.011275,0.389675
1778964791707,Accelerometer,-4.81395,-8.47095,-4.2910504
1778964791736,Accelerometer,-3.9859502,-8.208,-3.3240001
1778964791755,Accelerometer,-1.7160001,-8.77095,-2.5819502
1778964791771,Accelerometer,0.97905004,-9.120001,-3.1200001
1778964791772,Gyroscope,0.00495,-0.717475,0.0903375
1778964791790,Accelerometer,0.126,-9.73095,-2.9190001
1778964791814,Accelerometer,-2.7150002,-9.814951,-2.3040001
1778964791837,Accelerometer,-3.8470502,-9.264001,-2.91405
1778964791855,Accelerometer,-2.8609502,-8.91195,-2.874
1778964791855,Gyroscope,-0.0317625,-0.966625,0.2613875
1778964791873,Accelerometer,-1.28295,-9.429001,-2.28705
1778964791891,Accelerometer,-0.14805001,-9.8890505,-2.25405
1778964791910,Accelerometer,-0.18405001,-10.750951,-3.0010502
1778964791925,Accelerometer,-0.37500003,-10.566001,-3.7930503
1778964791925,Gyroscope,0.1588125,-0.464475,1.356025
1778964791947,Accelerometer,-1.197,-10.879951,-3.1420503
1778964791969,Accelerometer,-1.9560001,-11.806951,-3.5149503
1778964791988,Accelerometer,-2.3770502,-13.1640005,-4.04505
1778964792003,Accelerometer,-2.43405,-13.851001,-3.4050002
1778964792003,Gyroscope,0.4508625,-0.8823375,2.1637
1778964792027,Accelerometer,-0.94005007,-15.298051,-3.5800502
1778964792051,Accelerometer,1.5010501,-16.557001,-4.42995
1778964792069,Accelerometer,2.667,-16.903952,-5.91405
1778964792086,Accelerometer,3.795,-18.15405,-6.90105
1778964792087,Gyroscope,0.0281875,-1.6385875,3.0188124
1778964792105,Accelerometer,4.2730503,-18.69,-5.45205
1778964792124,Accelerometer,2.07795,-18.144001,-2.7469501
1778964792144,Accelerometer,-2.8579502,-18.23295,-3.4080002
1778964792158,Accelerometer,-6.0930004,-18.642,-0.68505
1778964792159,Gyroscope,0.3348125,-0.486475,3.45125
1778964792183,Accelerometer,-5.3580003,-11.239051,-2.127
1778964792202,Accelerometer,2.47305,-4.3440003,-2.32305
1778964792221,Accelerometer,4.70205,-2.01405,-2.42805
1778964792235,Accelerometer,5.3580003,0.11400001,-2.16
1778964792236,Gyroscope,-0.09405,1.2593625,-1.4465
1778964792260,Accelerometer,4.34805,0.47700003,-2.799
1778964792283,Accelerometer,2.775,-1.3560001,-1.4680501
1778964792302,Accelerometer,1.2730501,-3.5680501,0.61605
1778964792318,Accelerometer,1.2250501,-6.1990504,0.27405003
1778964792318,Gyroscope,-0.3334375,2.222,-4.280925
1778964792338,Accelerometer,-1.2349501,-8.373,-0.33600003
1778964792349,Accelerometer,-1.8889501,-8.49495,-0.67095006
1778964792377,Accelerometer,-0.94305,-8.95005,-1.26705
1778964792391,Accelerometer,-2.571,-10.108951,-0.69000006
1778964792392,Gyroscope,-0.41415,0.2415875,-6.649775
1778964792416,Accelerometer,-1.63995,-15.487051,-2.1790502
1778964792435,Accelerometer,-6.2389503,-23.742,-1.6980001
1778964792455,Accelerometer,-11.205001,-21.477001,-0.18300001
1778964792469,Accelerometer,-7.8570004,-18.379051,0.40305
1778964792469,Gyroscope,-0.670725,0.5176875,-6.1353874
1778964792493,Accelerometer,-7.6039505,-19.51905,-0.19395001
1778964792508,Accelerometer,-12.81105,-18.858002,-1.416
1778964792533,Accelerometer,-18.048,-12.703951,-2.9550002
1778964792553,Accelerometer,-23.571001,-7.6429505,-4.44
1778964792553,Gyroscope,-0.0243375,1.308175,-0.8405375
1778964792573,Accelerometer,-20.904001,-8.27505,-3.7480502
1778964792588,Accelerometer,-15.091051,-11.787001,-1.4680501
1778964792610,Accelerometer,-5.35305,-12.54405,-1.34895
1778964792625,Accelerometer,41.461052,-14.083951,1.5330001
1778964792625,Gyroscope,1.5125,-0.282425,-1.422025
1778964792649,Accelerometer,-2.43195,-27.324001,-1.34595
1778964792668,Accelerometer,1.62495,-20.436,-0.47205
1778964792688,Accelerometer,0.59295005,-9.798,-2.3110502
1778964792702,Accelerometer,-10.519951,-1.2600001,-3.7360501
1778964792702,Gyroscope,-0.3408625,1.324125,3.0152376
1778964792726,Accelerometer,-11.40795,0.07305,-7.3770003
1778964792747,Accelerometer,-6.3040504,-10.123051,-3.9390001
1778964792765,Accelerometer,-3.078,-16.566,-2.6460001
1778964792782,Accelerometer,-1.39995,-10.52595,-3.3960001
1778964792782,Gyroscope,-0.1368125,-1.6141125,1.1862125
1778964792804,Accelerometer,0.061950002,-7.59495,-2.21805
1778964792824,Accelerometer,-1.3930501,-9.192,-1.863
1778964792849,Accelerometer,-2.42205,-9.570001,-2.02395
1778964792866,Accelerometer,-2.1019502,-10.012951,-2.8210502
1778964792866,Gyroscope,-0.0598125,0.4945875,0.6254875
1778964792884,Accelerometer,-1.6200001,-9.891001,-3.2350502
1778964792901,Accelerometer,-2.56905,-9.22305,-3.8700001
1778964792921,Accelerometer,-4.1059504,-8.826,-3.3960001
1778964792935,Accelerometer,-3.21495,-8.433001,-3.5419502
1778964792935,Gyroscope,-0.0231,-1.0888625,0.0122375
1778964792960,Accelerometer,-0.91395,-8.644051,-3.20895
1778964792981,Accelerometer,0.897,-9.71205,-2.706
1778964792989,Accelerometer,1.10595,-9.89805,-3.5350502
1778964793013,Accelerometer,-1.43595,-9.384001,-3.417
1778964793014,Gyroscope,0.0807125,-0.36313748,0.5424375
1778964793037,Accelerometer,-3.4279501,-9.181951,-3.01005
1778964793057,Accelerometer,-2.5090501,-8.743951,-2.9260502
1778964793069,Accelerometer,-1.64205,-9.151051,-3.2899501
1778964793091,Accelerometer,-1.04295,-10.123051,-2.019
1778964793091,Gyroscope,0.0477125,-1.010625,0.75625
1778964793122,Accelerometer,-0.26805001,-10.16895,-1.746
1778964793135,Accelerometer,-0.01905,-10.267051,-2.77605
1778964793148,Accelerometer,-1.1370001,-10.068001,-3.6730502
1778964793168,Accelerometer,-2.46795,-10.080001,-3.42705
1778964793169,Gyroscope,0.294525,-0.2910875,1.6456
1778964793193,Accelerometer,-3.59805,-10.93305,-2.28705
1778964793214,Accelerometer,-2.901,-10.21395,-2.9980502
1778964793231,Accelerometer,-2.19705,-11.542951,-3.70005
1778964793246,Accelerometer,-2.69805,-13.284,-3.7549503
1778964793247,Gyroscope,0.2492875,-1.0118625,2.3970375
1778964793270,Accelerometer,-2.97105,-14.023951,-3.2899501
1778964793290,Accelerometer,-2.4180002,-16.926,-3.28095
1778964793315,Accelerometer,-1.077,-19.20705,-3.21405
1778964793332,Accelerometer,2.214,-20.02905,-3.3049502
1778964793332,Gyroscope,-0.0097624995,-2.174975,2.63395
1778964793351,Accelerometer,5.8099504,-19.43205,-2.2080002
1778964793368,Accelerometer,5.9110503,-14.425951,-5.0500503
1778964793387,Accelerometer,0.88500005,-13.606951,-4.01595
1778964793402,Accelerometer,-8.24505,-11.13105,-1.07805
1778964793402,Gyroscope,0.2968625,0.076725,3.5759625
1778964793426,Accelerometer,-7.6540504,-5.4690003,-3.7740002
1778964793446,Accelerometer,-1.74495,-1.4419501,-4.26
1778964793464,Accelerometer,3.6390002,-1.5450001,-2.1990001
1778964793480,Accelerometer,3.66,-0.72795004,-1.31505
1778964793480,Gyroscope,0.123475,0.0474375,-2.0378876
1778964793503,Accelerometer,2.07495,-0.735,-1.93305
1778964793523,Accelerometer,1.371,-1.1689501,-0.09195001
1778964793545,Accelerometer,0.82605004,-3.075,0.15195
1778964793564,Accelerometer,1.8700501,-6.156,-1.7410501
1778964793564,Gyroscope,-0.26633748,1.5855125,-4.2087374
1778964793582,Accelerometer,1.4599501,-10.000951,-2.06205
1778964793601,Accelerometer,-3.3660002,-11.680051,-0.69705003
1778964793620,Accelerometer,-2.427,-11.09595,-1.9710001
1778964793629,Accelerometer,-2.1090002,-12.925051,-3.96495
1778964793635,Gyroscope,-0.09405,0.4664,-5.7322373
1778964793659,Accelerometer,-7.4100003,-17.188951,-2.352
1778964793678,Accelerometer,-4.668,-16.140001,-2.49105
1778964793697,Accelerometer,-1.4580001,-15.870001,-2.979
1778964793712,Accelerometer,-3.1909502,-18.274052,-2.5819502
1778964793713,Gyroscope,-0.361625,1.9716125,-5.3340373
1778964793737,Accelerometer,-5.46105,-18.820051,-3.108
1778964793756,Accelerometer,-7.17495,-16.44,-4.8040504
1778964793778,Accelerometer,-11.563951,-12.988951,-5.5219502
1778964793798,Accelerometer,-15.024001,-9.88605,-5.472
1778964793798,Gyroscope,-0.50325,0.5531625,-2.261325
1778964793814,Accelerometer,-18.012001,-9.477,-2.53395
1778964793834,Accelerometer,-13.975051,-9.98505,-0.52995
1778964793853,Accelerometer,-10.963051,-10.78695,-0.48900002
1778964793868,Accelerometer,-9.07905,-11.85,0.48000002
1778964793868,Gyroscope,-0.02805,-0.177375,2.7916625
1778964793893,Accelerometer,6.87795,-16.44195,5.8290005
1778964793912,Accelerometer,16.875,-23.059952,-1.4110501
1778964793932,Accelerometer,-5.406,-24.097052,-2.0640001
1778964793945,Accelerometer,0.79200006,-11.005051,-1.3050001
1778964793946,Gyroscope,-1.057925,1.750375,5.1409874
1778964793969,Accelerometer,-3.8040001,1.1020501,-2.1049502
1778964793995,Accelerometer,-13.28505,3.5640001,-8.31105
1778964794011,Accelerometer,-5.9010005,-8.208,-5.1150002
1778964794028,Accelerometer,-4.18905,-21.23295,0.039
1778964794028,Gyroscope,-0.2651,-1.6190625,1.12035
1778964794048,Accelerometer,-6.3300004,-12.790951,-3.5490003
1778964794067,Accelerometer,-0.59595,-5.0929503,-4.8180003
1778964794086,Accelerometer,0.61995006,-7.7700005,0.37005
1778964794101,Accelerometer,-1.3810501,-10.023001,-2.052
1778964794101,Gyroscope,0.0647625,0.639925,0.764775
1778964794126,Accelerometer,-2.70705,-11.116951,-3.4000502
1778964794146,Accelerometer,-4.5490503,-10.633051,-2.9890501
1778964794164,Accelerometer,-4.6729503,-8.553,-3.14895
1778964794178,Accelerometer,-4.1130004,-8.359051,-3.1060503
1778964794179,Gyroscope,0.085525,-0.690525,0.01705
1778964794203,Accelerometer,-2.094,-8.686951,-2.6490002
1778964794227,Accelerometer,-0.37095,-9.372001,-2.2680001
1778964794244,Accelerometer,0.33495003,-10.22595,-1.5640501
1778964794260,Accelerometer,-0.8880001,-10.179001,-2.433
1778964794261,Gyroscope,-0.008525,-0.02475,0.471625
1778964794281,Accelerometer,-2.80995,-8.81595,-2.32995
1778964794300,Accelerometer,-4.29705,-8.34195,-2.3710501
1778964794320,Accelerometer,-3.4110003,-9.304951,-2.9620502
1778964794334,Accelerometer,-1.7380501,-9.55605,-2.4810002
1778964794335,Gyroscope,-0.0671,-1.115675,0.2223375
1778964794351,Accelerometer,-0.19605,-9.666,-1.5880501
1778964794377,Accelerometer,1.197,-10.068001,-2.124
1778964794397,Accelerometer,0.58095,-10.614,-2.8500001
1778964794412,Accelerometer,-2.0350502,-11.505,-2.9890501
1778964794412,Gyroscope,0.154,-0.12979999,1.4647875
1778964794431,Accelerometer,-3.5719502,-10.894051,-2.115
1778964794456,Accelerometer,-2.901,-10.18095,-2.088
1778964794477,Accelerometer,-1.67505,-11.65095,-3.2929502
1778964794495,Accelerometer,-1.56105,-12.786,-4.0350003
1778964794495,Gyroscope,0.4288625,-0.491425,2.0317
1778964794513,Accelerometer,-2.66895,-12.772051,-3.7159503
1778964794533,Accelerometer,-3.0210001,-14.03295,-3.5629501
1778964794553,Accelerometer,-1.2040501,-15.457951,-4.3390503
1778964794575,Accelerometer,1.0510501,-16.272001,-5.45205
1778964794575,Gyroscope,0.5559125,-1.0643874,2.5851374
1778964794597,Accelerometer,3.1650002,-18.05595,-6.47205
1778964794611,Accelerometer,3.8569503,-17.866951,-5.5410004
1778964794630,Accelerometer,3.5719502,-18.05805,-3.3000002
1778964794645,Accelerometer,-0.16695,-17.011951,-3.3019502
1778964794645,Gyroscope,0.5058625,-3.1486125,3.2118626
1778964794669,Accelerometer,-0.79200006,-17.59095,-0.92505
1778964794692,Accelerometer,-7.01205,-13.401001,-2.907
1778964794710,Accelerometer,-0.804,-8.27505,0.087000005
1778964794724,Accelerometer,2.20005,-3.1200001,-2.55795
1778964794724,Gyroscope,0.97625,1.3484625,1.1801625
1778964794747,Accelerometer,3.8590503,-1.3800001,-2.60595
1778964794766,Accelerometer,3.7489502,0.087000005,-2.7180002
1778964794793,Accelerometer,2.91105,0.03195,-3.4339502
1778964794810,Accelerometer,1.09905,-1.368,-2.6440501
1778964794810,Gyroscope,-0.00605,2.484625,-2.5216124
1778964794827,Accelerometer,0.37500003,-3.18195,-1.8780001
1778964794844,Accelerometer,-0.77505004,-5.445,-2.7970502
1778964794863,Accelerometer,-1.23195,-6.4549503,-2.9170501
1778964794878,Accelerometer,-1.0000501,-8.019,-3.4000502
1778964794878,Gyroscope,0.9774875,1.3789876,-5.8898125
1778964794902,Accelerometer,-0.91200006,-9.321,-3.9769502
1778964794912,Accelerometer,0.045,-10.392,-5.445
1778964794941,Accelerometer,-1.07895,-15.250051,-5.7559505
1778964794959,Accelerometer,-5.66895,-22.05705,-6.5149503
1778964794959,Gyroscope,-0.4189625,1.0052625,-6.9966874
1778964794979,Accelerometer,-7.97205,-21.01305,-6.7309504
1778964794992,Accelerometer,-10.218,-18.705002,-5.67495
1778964795019,Accelerometer,-13.489051,-18.54705,-5.3899503
1778964795040,Accelerometer,-15.399001,-16.084951,-5.196
1778964795041,Gyroscope,-0.58025,0.3686375,-3.7995374
1778964795061,Accelerometer,-19.25205,-11.49495,-3.6760502
1778964795072,Accelerometer,-21.81105,-8.389951,-2.766
1778964795097,Accelerometer,-17.44905,-10.726951,0.59205
1778964795111,Accelerometer,-13.960951,-12.345,1.0210501
1778964795111,Gyroscope,-0.1661,-0.5537125,2.664475
1778964795136,Accelerometer,-6.6510005,-11.742001,1.1410501
1778964795155,Accelerometer,49.765053,-16.99995,5.02605
1778964795174,Accelerometer,-4.1059504,-33.82695,-0.12705001
1778964795191,Accelerometer,-6.6649504,-21.41505,0.92505
1778964795191,Gyroscope,-1.1484,2.2512875,7.49155
1778964795213,Accelerometer,-2.7820501,-3.0700502,-1.9900501
1778964795233,Accelerometer,-12.8539505,8.649,-10.246051
1778964795256,Accelerometer,-7.8100505,-2.04795,-10.66005
1778964795273,Accelerometer,-4.7710505,-13.806001,0.432
1778964795273,Gyroscope,-0.15015,-2.1687875,1.4612125
1778964795292,Accelerometer,-7.46505,-22.435051,0.42705002
1778964795310,Accelerometer,-2.3080502,-8.401951,-6.7860003
1778964795330,Accelerometer,2.12805,-5.99595,-2.0070002
1778964795345,Accelerometer,-0.65505004,-7.7719502,0.18300001
1778964795345,Gyroscope,-0.030524999,-0.24585,1.001825
1778964795369,Accelerometer,-4.0030503,-9.23805,-3.6349502
1778964795389,Accelerometer,-5.27895,-10.930051,-3.9270003
1778964795408,Accelerometer,-3.6510003,-9.537001,-4.3770003
1778964795421,Accelerometer,-4.66095,-7.56195,-4.1329503
1778964795422,Gyroscope,-0.0133375,-0.9801,0.4153875
1778964795446,Accelerometer,-5.6980505,-7.8109503,-3.4390502
1778964795466,Accelerometer,-3.2680502,-8.92905,-3.3240001
1778964795490,Accelerometer,-0.43800002,-9.99195,-2.5240502
1778964795507,Accelerometer,-0.33705002,-9.760051,-2.562
1778964795507,Gyroscope,0.007425,0.071775,0.35915
1778964795523,Accelerometer,-2.808,-8.842951,-2.8470001
1778964795544,Accelerometer,-4.63005,-8.6650505,-2.9910002
1778964795553,Accelerometer,-5.23605,-8.29905,-3.4120502
1778964795577,Accelerometer,-4.977,-7.7100005,-2.73705
1778964795577,Gyroscope,-0.1489125,-0.94215,-0.066
1778964795602,Accelerometer,-2.9989502,-7.38705,-2.7540002
1778964795621,Accelerometer,-0.92100006,-8.434951,-3.1969502
1778964795638,Accelerometer,0.41895002,-10.012951,-3.8530502
1778964795655,Accelerometer,-0.81600004,-10.51395,-4.48995
1778964795655,Gyroscope,0.0281875,-0.45113748,0.8430125
1778964795679,Accelerometer,-1.8070501,-10.104,-4.3099504
1778964795704,Accelerometer,-2.22405,-10.795951,-3.0340502
1778964795723,Accelerometer,-2.29095,-11.965051,-2.184
1778964795737,Accelerometer,-1.9339501,-12.405001,-3.2070003
1778964795738,Gyroscope,0.140525,-0.8248625,1.885125
1778964795757,Accelerometer,-1.302,-11.689051,-4.926
1778964795776,Accelerometer,-2.0299501,-12.906,-5.01195
1778964795793,Accelerometer,-2.6089501,-15.870001,-4.1620502
1778964795810,Accelerometer,-0.79200006,-17.211,-4.1449504
1778964795811,Gyroscope,0.3433375,-1.4442999,2.669425
1778964795835,Accelerometer,2.72895,-18.85305,-4.617
1778964795854,Accelerometer,4.6849504,-19.689001,-3.5370002
1778964795874,Accelerometer,4.776,-17.61495,-1.4830501
1778964795888,Accelerometer,0.23895001,-14.755951,-3.183
1778964795888,Gyroscope,0.002475,-3.3416624,3.09705
1778964795913,Accelerometer,-3.0570002,-19.396952,1.6339501
1778964795936,Accelerometer,-12.64605,-15.24705,-4.65495
1778964795954,Accelerometer,-1.6489501,-6.8029504,-3.5350502
1778964795969,Accelerometer,1.10595,-2.4109502,-4.03305
1778964795969,Gyroscope,0.6793875,0.6777375,1.2656875
1778964795990,Accelerometer,2.868,-1.9230001,-2.46195
1778964796009,Accelerometer,3.1380002,-1.30305,-2.09295
1778964796029,Accelerometer,3.18405,-1.14705,-2.50305
1778964796044,Accelerometer,1.5490501,-1.4470501,-0.822
1778964796044,Gyroscope,-0.2431,1.070025,-2.7647126
1778964796068,Accelerometer,0.20805001,-2.63895,-0.42705002
1778964796087,Accelerometer,0.32805002,-5.3320503,-1.9090501
1778964796107,Accelerometer,0.52905005,-7.4610004,-2.04495
1778964796121,Accelerometer,-0.61995006,-8.481,-2.15505
1778964796121,Gyroscope,0.1857625,1.0907875,-6.202625
1778964796146,Accelerometer,-0.53805,-9.348001,-2.5860002
1778964796167,Accelerometer,-1.47,-11.677051,-1.6020001
1778964796186,Accelerometer,-0.77805007,-16.348951,-2.2030501
1778964796202,Accelerometer,-4.8889503,-22.54305,-2.31795
1778964796202,Gyroscope,-0.4409625,-0.3949,-7.583125
1778964796223,Accelerometer,-8.34405,-22.76505,-1.5520501
1778964796243,Accelerometer,-7.5220504,-21.94395,-0.82695
1778964796262,Accelerometer,-8.071051,-21.805052,-0.56100005
1778964796274,Accelerometer,-12.033001,-17.718,-3.6400502
1778964796285,Gyroscope,-0.130625,2.65815,-3.5589125
1778964796301,Accelerometer,-21.337051,-12.123,-3.8509502
1778964796320,Accelerometer,-24.778051,-6.04605,-5.36595
1778964796340,Accelerometer,-22.951052,-8.521951,-3.9100502
1778964796354,Accelerometer,-17.61705,-11.170051,-2.289
1778964796355,Gyroscope,-0.1343375,-0.580525,2.8037624
1778964796379,Accelerometer,-12.763051,-10.521001,-2.151
1778964796400,Accelerometer,-8.715,-10.444051,-0.73305005
1778964796417,Accelerometer,34.956,-11.78505,17.275951
1778964796435,Accelerometer,7.82595,-24.81705,-5.6650505
1778964796435,Gyroscope,0.399575,-2.7687,-0.9200125
1778964796456,Accelerometer,-0.93795,-32.07405,-6.0919504
1778964796476,Accelerometer,-12.984,-19.119001,-12.276001
1778964796501,Accelerometer,-15.222001,1.30095,3.8220003
1778964796517,Accelerometer,-5.0080504,3.41805,-13.119
1778964796518,Gyroscope,-0.7415375,-0.506,1.2106875
1778964796535,Accelerometer,-2.049,-6.14895,-4.4560504
1778964796554,Accelerometer,-2.5830002,-11.515051,-0.123
1778964796573,Accelerometer,-0.76605004,-15.147,-5.4810004
1778964796587,Accelerometer,-5.3479505,-10.927951,-1.4830501
1778964796587,Gyroscope,0.0782375,-1.1449625,0.5779125
1778964796612,Accelerometer,-5.0940003,-9.27105,-0.015000001
1778964796633,Accelerometer,0.45195,-10.279051,-0.44595003
1778964796650,Accelerometer,2.36295,-9.589951,-5.3299503
1778964796665,Accelerometer,-2.47005,-8.12895,-3.8410501
1778964796665,Gyroscope,-0.0353375,-0.7442875,0.5229125
1778964796689,Accelerometer,-11.820001,-7.4659505,-2.8930502
1778964796709,Accelerometer,-4.5100503,-8.11695,-2.11995
1778964796733,Accelerometer,-0.01905,-9.843,-2.15805
1778964796750,Accelerometer,1.79295,-10.255051,-2.232
1778964796751,Gyroscope,-0.163625,-0.5622375,0.179575
1778964796772,Accelerometer,0.37095,-9.309,-2.4829502
1778964796787,Accelerometer,-2.3119502,-8.27295,-2.6920502
1778964796806,Accelerometer,-4.18695,-8.613001,-2.6149502
1778964796820,Accelerometer,-4.24695,-9.292951,-3.111
1778964796821,Gyroscope,-0.124575,-0.5317125,0.4068625
1778964796836,Accelerometer,-3.4660501,-9.73995,-3.6709502
1778964796865,Accelerometer,-1.0720501,-9.40995,-2.87595
1778964796884,Accelerometer,0.342,-9.90795,-1.6360501
1778964796901,Accelerometer,-0.057000004,-10.689,-2.09805
1778964796901,Gyroscope,-0.075625,-0.48894998,1.150875
1778964796918,Accelerometer,-1.0510501,-10.69095,-3.7090502
1778964796942,Accelerometer,-2.229,-10.576051,-4.23105
1778964796967,Accelerometer,-3.1050003,-11.301001,-3.42195
1778964796983,Accelerometer,-2.8290002,-12.640051,-3.07995
1778964796983,Gyroscope,0.1527625,-0.784575,1.9608874
1778964797003,Accelerometer,-2.322,-13.461,-3.1990502
1778964797019,Accelerometer,-1.9200001,-13.734,-3.5779502
1778964797040,Accelerometer,-1.64205,-14.527051,-4.4869504
1778964797054,Accelerometer,-0.63195,-16.794,-5.34705
1778964797054,Gyroscope,0.156475,-1.64835,2.871
1778964797076,Accelerometer,2.59695,-19.80105,-7.0300503
1778964797097,Accelerometer,5.41305,-20.97195,-6.25005
1778964797117,Accelerometer,6.0139503,-19.966051,-4.05195
1778964797131,Accelerometer,0.81600004,-15.858001,-3.3430502
1778964797131,Gyroscope,-0.23815,-3.4942875,3.546675
1778964797156,Accelerometer,-0.591,-18.003,0.75705004
1778964797175,Accelerometer,-8.920951,-14.172001,-2.4139502
1778964797198,Accelerometer,-1.8430501,-6.6850505,-2.02095
1778964797215,Accelerometer,3.00705,-2.0400002,-2.8570502
1778964797215,Gyroscope,0.890725,0.7877375,0.990825
1778964797234,Accelerometer,4.395,-0.84105,-2.42595
1778964797253,Accelerometer,4.19205,0.35295,-2.25405
1778964797272,Accelerometer,3.6799502,-0.012,-2.87805
1778964797287,Accelerometer,1.7520001,-2.02395,-1.7910001
1778964797287,Gyroscope,0.1271875,2.0999,-3.0872874
1778964797311,Accelerometer,0.933,-4.368,-1.4440501
1778964797332,Accelerometer,-0.21705002,-7.5450006,-2.83995
1778964797350,Accelerometer,-0.93795,-9.642,-3.6450002
1778964797364,Accelerometer,-0.77505004,-10.726951,-4.65
1778964797364,Gyroscope,0.93225,1.805375,-6.3479624
1778964797389,Accelerometer,-1.7539501,-11.971951,-4.0470004
1778964797412,Accelerometer,-2.8200002,-14.893051,-6.5539503
1778964797430,Accelerometer,-3.8779502,-19.885052,-7.1070004
1778964797447,Accelerometer,-9.43095,-21.678001,-6.8940005
1778964797447,Gyroscope,0.03795,1.606275,-7.102975
1778964797468,Accelerometer,-8.01105,-19.35795,-6.7330503
1778964797477,Accelerometer,-10.078951,-17.68695,-7.2310505
1778964797506,Accelerometer,-13.872001,-17.55105,-8.34
1778964797520,Accelerometer,-19.618052,-14.080951,-7.071
1778964797520,Gyroscope,-0.301675,1.5574625,-3.2228625
1778964797544,Accelerometer,-24.157951,-6.5869503,-5.9170504
1778964797565,Accelerometer,-21.727951,-6.3090005,-3.5299501
1778964797583,Accelerometer,-18.22995,-10.23795,0.010050001
1778964797597,Accelerometer,-14.11095,-10.899,1.5829501
1778964797598,Gyroscope,-0.23567499,-0.701525,2.5289
1778964797622,Accelerometer,-11.32695,-10.071,2.046
1778964797637,Accelerometer,21.511951,-11.401951,7.8300004
1778964797661,Accelerometer,16.597052,-20.77605,-7.0300503
1778964797682,Accelerometer,-9.63195,-27.903002,-2.8500001
1778964797682,Gyroscope,-1.5758874,0.9037875,5.3768
1778964797700,Accelerometer,1.12695,-20.983952,-4.617
1778964797717,Accelerometer,-34.168053,-14.172001,-9.252001
1778964797739,Accelerometer,-4.0459504,1.66005,-0.99405
1778964797753,Accelerometer,-6.7270503,-1.8510001,-6.6930003
1778964797753,Gyroscope,-0.428725,-1.6654,0.8625375
1778964797778,Accelerometer,-0.30600002,-7.9159503,0.19005
1778964797797,Accelerometer,-1.23,-11.469001,-4.2840004
1778964797816,Accelerometer,-1.6369501,-13.573951,-3.7500002
1778964797831,Accelerometer,-6.01095,-9.98505,-1.2550501
1778964797831,Gyroscope,0.029424999,-0.6648125,0.792825
1778964797855,Accelerometer,-2.1060002,-8.610001,-2.3400002
1778964797879,Accelerometer,0.0,-8.62005,-3.4050002
1778964797897,Accelerometer,-2.32395,-9.25905,-3.9100502
1778964797911,Accelerometer,-4.743,-9.01305,-4.1020503
1778964797911,Gyroscope,-0.0928125,-0.682,0.32381248
1778964797933,Accelerometer,-5.19495,-8.75895,-3.8940003
1778964797952,Accelerometer,-3.1339502,-8.979,-2.97705
1778964797972,Accelerometer,1.0819501,-9.26595,-2.3689501
1778964797995,Accelerometer,1.7310001,-9.336,-2.35395
1778964797995,Gyroscope,-0.0133375,-0.17985,0.3359125
1778964798016,Accelerometer,-2.2090502,-9.096001,-2.70105
1778964798030,Accelerometer,-4.6540504,-9.147,-2.3059502
1778964798049,Accelerometer,-4.6249504,-9.123,-2.8570502
1778964798064,Accelerometer,-2.63595,-9.075001,-3.2260501
1778964798064,Gyroscope,-0.019524999,-0.8028625,0.069575
1778964798089,Accelerometer,-0.96195006,-9.654,-3.216
1778964798110,Accelerometer,0.53805,-9.69705,-2.3800502
1778964798117,Accelerometer,-0.19095,-9.654,-2.8279502
1778964798142,Accelerometer,-1.2420001,-10.126051,-4.05195
1778964798142,Gyroscope,0.018424999,-0.3399,1.2364
1778964798168,Accelerometer,-2.19,-10.677,-4.1280003
1778964798185,Accelerometer,-2.3410501,-11.503051,-3.0559502
1778964798197,Accelerometer,-1.5340501,-12.004951,-2.80395
1778964798219,Accelerometer,-1.419,-12.70905,-3.4699502
1778964798220,Gyroscope,0.233475,-0.778525,2.1758
1778964798249,Accelerometer,-2.01105,-13.21695,-3.7810502
1778964798263,Accelerometer,-2.736,-13.80105,-3.8580003
1778964798277,Accelerometer,-1.79295,-15.645,-4.1350503
1778964798297,Accelerometer,0.67005,-17.13405,-5.1340504
1778964798297,Gyroscope,0.3763375,-1.3880625,2.8062375
1778964798321,Accelerometer,3.22005,-19.167002,-6.28095
1778964798344,Accelerometer,5.0350504,-19.69605,-5.33505
1778964798361,Accelerometer,5.2189503,-18.05595,-3.62595
1778964798378,Accelerometer,-0.29595003,-15.235051,-3.4459503
1778964798378,Gyroscope,0.0171875,-3.09485,3.52825
1778964798399,Accelerometer,-2.6140501,-18.682951,1.4059501
1778964798419,Accelerometer,-8.214001,-12.015,-3.3070502
1778964798444,Accelerometer,0.055050004,-4.64295,-1.6840501
1778964798462,Accelerometer,3.96495,-0.45495003,-2.7829502
1778964798462,Gyroscope,0.730675,0.6424,0.3713875
1778964798476,Accelerometer,5.59005,0.76500005,-1.9729501
1778964798495,Accelerometer,3.5170503,0.86295,-1.9060501
1778964798515,Accelerometer,1.9339501,-0.273,-1.9540501
1778964798529,Accelerometer,1.077,-2.88105,-0.74505
1778964798530,Gyroscope,-0.2198625,1.7578,-3.0542874
1778964798555,Accelerometer,1.7520001,-4.7460003,-1.1910001
1778964798575,Accelerometer,0.768,-6.73995,-2.8210502
1778964798593,Accelerometer,-1.386,-8.694,-3.25395
1778964798608,Accelerometer,-2.45595,-10.21695,-2.4190502
1778964798608,Gyroscope,0.245575,1.0308375,-6.1391
1778964798632,Accelerometer,-1.9410001,-10.815001,-2.8639503
1778964798652,Accelerometer,-1.3470001,-14.13405,-4.26195
1778964798675,Accelerometer,-5.10195,-21.10095,-3.7140002
1778964798692,Accelerometer,-8.463,-21.111,-3.8749502
1778964798692,Gyroscope,-0.505725,0.71445,-6.8684
1778964798711,Accelerometer,-5.8699503,-19.069052,-2.9479501
1778964798729,Accelerometer,-7.3549504,-20.87895,-1.7410501
1778964798749,Accelerometer,-10.807051,-18.25905,-3.00795
1778964798758,Accelerometer,-16.62795,-13.789051,-3.21405
1778964798763,Gyroscope,-0.5203,1.8701375,-2.7121875
1778964798788,Accelerometer,-22.369051,-9.592051,-3.5800502
1778964798808,Accelerometer,-22.201952,-7.63605,-2.5240502
1778964798826,Accelerometer,-16.764,-10.224001,-1.095
1778964798842,Accelerometer,-12.885,-10.96395,-0.73305005
1778964798842,Gyroscope,-0.025575,0.16225,3.2998624
1778964798865,Accelerometer,5.6569505,-12.790951,1.3630501
1778964798885,Accelerometer,30.060001,-21.585001,-1.27005
1778964798907,Accelerometer,-8.202001,-27.669,0.33405003
1778964798925,Accelerometer,-2.403,-18.094051,-5.0880003
1778964798925,Gyroscope,-1.5416499,1.9861875,6.2294374
1778964798945,Accelerometer,-11.632951,-6.2689505,-3.9250503
1778964798962,Accelerometer,-13.245001,6.9900002,-5.7949505
1778964798982,Accelerometer,-7.3309503,-3.15405,-5.10795
1778964798996,Accelerometer,-4.668,-15.0390005,1.4089501
1778964798997,Gyroscope,-0.2552,-1.6055875,0.93334997
1778964799021,Accelerometer,-2.59995,-16.22895,-7.071
1778964799042,Accelerometer,-1.76205,-8.674951,-3.5149503
1778964799059,Accelerometer,-1.71405,-8.73495,-0.79800004
1778964799074,Accelerometer,-2.94405,-8.11005,-1.23405
1778964799074,Gyroscope,0.07095,0.3100625,0.8613
1778964799099,Accelerometer,-4.3039503,-9.26595,-3.01005
1778964799122,Accelerometer,-3.73005,-9.906,-2.8500001
1778964799140,Accelerometer,-2.76495,-9.457951,-3.0630002
1778964799158,Accelerometer,-3.9720001,-9.522,-3.3049502
1778964799158,Gyroscope,-0.1269125,-0.59894997,0.289575
1778964799176,Accelerometer,-3.591,-8.802,-3.0990002
1778964799196,Accelerometer,-2.1730502,-8.6650505,-2.32305
1778964799215,Accelerometer,-0.648,-9.228001,-1.9710001
1778964799230,Accelerometer,-1.3759501,-9.10305,-2.7880502
1778964799230,Gyroscope,-0.13915,-0.144375,0.4862
1778964799254,Accelerometer,-3.6910503,-8.554951,-2.8330503
1778964799274,Accelerometer,-4.49805,-8.644051,-2.8549502
1778964799293,Accelerometer,-3.897,-9.01305,-3.048
1778964799307,Accelerometer,-2.2759502,-9.328951,-2.8210502
1778964799307,Gyroscope,-0.20515,-1.2329625,0.366575
1778964799332,Accelerometer,-1.0699501,-10.000951,-2.8590002
1778964799356,Accelerometer,-0.85200006,-10.05405,-3.2740502
1778964799374,Accelerometer,-1.6969501,-10.044001,-3.2950501
1778964799389,Accelerometer,-1.9219501,-10.21395,-3.34995
1778964799389,Gyroscope,0.057475,-0.7162375,1.3255
1778964799409,Accelerometer,-1.9080001,-10.885051,-2.2030501
1778964799429,Accelerometer,-1.335,-11.349001,-2.673
1778964799448,Accelerometer,-1.3810501,-13.248001,-3.8190002
1778964799463,Accelerometer,-1.9909501,-15.283051,-3.62805
1778964799463,Gyroscope,0.4093375,-0.6037625,2.5326126
1778964799480,Accelerometer,-1.197,-16.087952,-4.8900003
1778964799507,Accelerometer,1.0390501,-17.317951,-7.4779506
1778964799526,Accelerometer,3.318,-19.09995,-9.592051
1778964799540,Accelerometer,4.43895,-20.188951,-8.42595
1778964799540,Gyroscope,-0.7000125,-2.7319875,2.829475
1778964799560,Accelerometer,2.2429502,-18.26205,-4.473
1778964799584,Accelerometer,-1.692,-16.285952,-3.7879503
1778964799606,Accelerometer,-5.367,-16.76505,1.404
1778964799623,Accelerometer,-8.298,-11.562,-1.9729501
1778964799624,Gyroscope,-0.2431,-0.6012875,3.3804374
1778964799642,Accelerometer,1.7710501,-5.538,-0.50295
1778964799662,Accelerometer,7.32105,-2.80695,-0.89400005
1778964799681,Accelerometer,5.8390503,-0.076950006,-1.7050501
1778964799706,Accelerometer,4.46295,0.624,-1.93305
1778964799706,Gyroscope,-1.118975,1.8995625,-1.6933125
1778964799726,Accelerometer,1.8840001,-1.7670001,-1.3630501
1778964799739,Accelerometer,-0.19800001,-4.827,0.63495004
1778964799759,Accelerometer,-0.102000006,-6.7240505,1.4830501
1778964799773,Accelerometer,-0.94305,-7.143,0.08505
1778964799774,Gyroscope,-0.0182875,2.1071875,-5.1739874
1778964799798,Accelerometer,-1.041,-8.497951,-0.42900002
1778964799819,Accelerometer,-0.624,-10.53495,-1.2739501
1778964799837,Accelerometer,-1.5319501,-11.503051,-1.31505
1778964799852,Accelerometer,-2.157,-15.412051,-2.02095
1778964799852,Gyroscope,-0.395725,0.0169125,-6.8806376
1778964799876,Accelerometer,-4.2330003,-22.29795,-1.8319501
1778964799895,Accelerometer,-7.1370006,-23.66295,-1.2930001
1778964799920,Accelerometer,-6.35895,-22.174051,-0.85800004
1778964799937,Accelerometer,-8.643001,-21.031952,0.23805001
1778964799937,Gyroscope,-0.3273875,1.4377,-4.861175
1778964799956,Accelerometer,-8.298,-15.77595,-3.183
1778964799973,Accelerometer,-18.08595,-12.805051,-2.9650502
1778964799992,Accelerometer,-22.87005,-8.200951,-5.67705
1778964800006,Accelerometer,-21.99105,-8.62905,-4.0420504
1778964800007,Gyroscope,0.12595,-0.473,0.5424375
1778964800031,Accelerometer,-17.059052,-10.842001,-2.9860501
1778964800041,Accelerometer,-10.25895,-12.87405,-2.2060502
1778964800070,Accelerometer,22.621052,-15.262051,-0.73305005
1778964800088,Accelerometer,5.49405,-27.504002,-4.73595
1778964800088,Gyroscope,0.294525,-2.0356874,0.6254875
1778964800108,Accelerometer,-4.18905,-22.53495,2.7180002
1778964800120,Accelerometer,3.8140502,-8.862,-1.284
1778964800148,Accelerometer,-13.309051,1.6339501,-4.75605
1778964800171,Accelerometer,-12.933001,1.5289501,-8.314051
1778964800171,Gyroscope,-0.7305375,0.26235,2.2149875
1778964800190,Accelerometer,-6.6940503,-12.331051,-2.3400002
1778964800201,Accelerometer,-1.98195,-20.529001,-3.31695
1778964800225,Accelerometer,-0.33,-9.313951,-4.65
1778964800240,Accelerometer,1.1539501,-6.1060505,-2.31795
1778964800240,Gyroscope,-0.078099996,-1.1609125,1.2546875
1778964800264,Accelerometer,-1.9750501,-8.27505,-2.352
1778964800285,Accelerometer,-4.7190003,-9.927,-2.6100001
1778964800303,Accelerometer,-3.8209503,-9.949051,-3.11805
1778964800319,Accelerometer,-1.6830001,-9.870001,-2.811
1778964800319,Gyroscope,0.106425,0.275825,0.44715
1778964800341,Accelerometer,-0.813,-9.489,-3.2350502
1778964800361,Accelerometer,-2.9320502,-9.09195,-3.3649502
1778964800385,Accelerometer,-2.7460501,-8.42595,-3.45795
1778964800403,Accelerometer,-1.7539501,-9.166051,-2.80905
1778964800403,Gyroscope,0.0099,-0.5182375,0.066
1778964800422,Accelerometer,-0.63900006,-9.85095,-2.2080002
1778964800439,Accelerometer,-0.26505002,-9.867001,-2.77605
1778964800458,Accelerometer,-1.9600501,-9.337951,-3.252
1778964800473,Accelerometer,-3.3610501,-8.59605,-2.835
1778964800473,Gyroscope,-0.080575,-0.5757125,0.2871
1778964800497,Accelerometer,-2.9520001,-8.799001,-2.6100001
1778964800517,Accelerometer,-1.23195,-9.175051,-2.77605
1778964800536,Accelerometer,-0.162,-9.573001,-2.9580002
1778964800551,Accelerometer,0.15300001,-9.870001,-3.18495
1778964800551,Gyroscope,-0.0402875,-0.7088125,0.8820625
1778964800575,Accelerometer,-0.22695,-10.35105,-4.00395
1778964800594,Accelerometer,-1.1920501,-10.779,-3.7500002
1778964800616,Accelerometer,-1.59405,-10.618951,-3.2280002
1778964800633,Accelerometer,-1.2229501,-10.554001,-3.7120502
1778964800633,Gyroscope,0.184525,-0.7943375,1.90465
1778964800653,Accelerometer,-1.6180501,-11.538,-4.3560004
1778964800672,Accelerometer,-2.6790001,-12.56805,-4.71
1778964800683,Accelerometer,-3.4470003,-13.48305,-4.7239504
1778964800706,Accelerometer,-2.592,-15.031951,-3.17805
1778964800706,Gyroscope,0.2822875,-1.6544,2.5876124
1778964800730,Accelerometer,-0.33,-17.785051,-2.53395
1778964800750,Accelerometer,3.5119503,-19.686,-3.5749502
1778964800767,Accelerometer,7.2180004,-21.630001,-4.26195
1778964800784,Accelerometer,7.0579505,-21.088951,-2.6530502
1778964800784,Gyroscope,-0.1379125,-2.88475,2.77695
1778964800808,Accelerometer,2.7840002,-16.01295,-5.3110504
1778964800831,Accelerometer,-1.20105,-19.248001,-1.08
1778964800851,Accelerometer,-10.26105,-14.245951,-3.6139503
1778964800868,Accelerometer,-0.93105006,-5.622,-3.0940502
1778964800868,Gyroscope,0.6194375,2.277,3.5221999
1778964800887,Accelerometer,0.33195,-1.6000501,-5.43795
1778964800905,Accelerometer,2.3749502,-0.48405004,-2.4550502
1778964800922,Accelerometer,2.667,0.079950005,-2.2680001
1778964800939,Accelerometer,3.519,-0.055050004,-2.69895
1778964800939,Gyroscope,-0.008525,1.17865,-2.415325
1778964800964,Accelerometer,1.8700501,-1.4440501,0.10395
1778964800983,Accelerometer,0.72,-4.1329503,0.85995007
1778964801002,Accelerometer,-0.75600004,-7.5930004,-0.55395
1778964801016,Accelerometer,-1.95105,-8.2890005,-0.39600003
1778964801017,Gyroscope,1.09835,1.3827,-5.4756627
1778964801041,Accelerometer,-0.19605,-8.12895,-1.64505
1778964801064,Accelerometer,-2.523,-10.14,-0.89595
1778964801082,Accelerometer,-0.58395004,-13.600051,-1.74405
1778964801098,Accelerometer,-1.56105,-20.151001,-2.7640502
1778964801098,Gyroscope,0.675675,1.495175,-6.9381123
1778964801119,Accelerometer,-8.274,-23.496,-3.42705
1778964801138,Accelerometer,-12.471001,-22.641,-3.7050002
1778964801158,Accelerometer,-11.94705,-20.151001,-4.7200503
1778964801172,Accelerometer,-15.133951,-17.82105,-7.1329503
1778964801173,Gyroscope,0.680625,3.7809749,-3.624775
1778964801197,Accelerometer,-18.507,-11.661,-9.69705
1778964801216,Accelerometer,-24.47595,-5.4810004,-9.98505
1778964801235,Accelerometer,-24.036001,-5.8900504,-8.208
1778964801250,Accelerometer,-18.37305,-8.967,-4.7920504
1778964801250,Gyroscope,-0.2149125,-0.9983875,1.8533624
1778964801275,Accelerometer,-13.12005,-9.3810005,-3.72795
1778964801297,Accelerometer,1.6159501,-10.52595,1.2550501
1778964801314,Accelerometer,40.312054,-17.424002,0.22395001
1778964801331,Accelerometer,-5.0560503,-20.92905,-3.8119502
1778964801331,Gyroscope,-1.48555,-0.6648125,3.204575
1778964801352,Accelerometer,3.32505,-19.962002,-5.7949505
1778964801371,Accelerometer,-6.2029505,-15.175051,1.4610001
1778964801391,Accelerometer,-11.842051,0.19995001,-0.27405003
1778964801403,Accelerometer,-11.061001,-0.49095002,-3.86295
1778964801416,Gyroscope,-0.8771125,0.3161125,1.6676
1778964801431,Accelerometer,-5.7120004,-11.076,-0.52995
1778964801449,Accelerometer,-1.9240501,-16.708052,-1.7050501
1778964801468,Accelerometer,-1.539,-11.6650505,-3.3409503
1778964801483,Accelerometer,-0.52095,-8.644051,-2.706
1778964801483,Gyroscope,-0.3639625,-1.005675,1.2302125
1778964801507,Accelerometer,-1.93605,-9.55095,-2.28195
1778964801530,Accelerometer,-3.3390002,-8.674951,-1.9210501
1778964801548,Accelerometer,-4.52895,-8.526,-1.9810501
1778964801564,Accelerometer,-4.4149504,-9.68505,-1.2720001
1778964801565,Gyroscope,0.0111375,0.3235375,0.45815
1778964801585,Accelerometer,-3.9930003,-9.585,-2.35905
1778964801605,Accelerometer,-3.7750502,-8.851951,-2.7919502
1778964801629,Accelerometer,-2.6590502,-8.823,-2.04495
1778964801645,Accelerometer,-0.99105006,-9.019951,-1.9710001
1778964801645,Gyroscope,0.013475,-0.5047625,-0.0672375
1778964801665,Accelerometer,-1.2540001,-10.01805,-1.37205
1778964801682,Accelerometer,-1.47405,-9.949051,-1.53795
1778964801705,Accelerometer,-2.7120001,-9.228001,-2.18205
1778964801716,Accelerometer,-3.52395,-8.93595,-1.8030001
1778964801717,Gyroscope,-0.019524999,-0.4217125,0.2431
1778964801741,Accelerometer,-3.01095,-9.393001,-2.3800502
1778964801764,Accelerometer,-2.08695,-10.083,-2.1360002
1778964801781,Accelerometer,-0.804,-10.68105,-0.76005006
1778964801796,Accelerometer,0.34005,-10.732051,-0.98505
1778964801796,Gyroscope,0.1722875,-0.3716625,0.764775
1778964801818,Accelerometer,0.38295,-10.566001,-1.3050001
1778964801838,Accelerometer,-1.2559501,-10.52805,-1.6500001
1778964801862,Accelerometer,-2.38395,-9.666,-1.8750001
1778964801880,Accelerometer,-2.082,-10.35105,-2.52705
1778964801881,Gyroscope,0.38005,-0.160325,2.0048876
1778964801898,Accelerometer,-2.35305,-12.343051,-2.2060502
1778964801915,Accelerometer,-3.2370002,-12.798,-1.9519501
1778964801935,Accelerometer,-3.9859502,-12.858001,-1.96905
1778964801950,Accelerometer,-3.1909502,-12.77595,-2.811
1778964801950,Gyroscope,0.5864375,-0.7808625,2.5216124
1778964801965,Accelerometer,-1.6710001,-15.046051,-4.794
1778964801993,Accelerometer,0.33705002,-18.757051,-5.92605
1778964802013,Accelerometer,2.2069502,-21.775951,-2.9620502
1778964802030,Accelerometer,2.8990502,-18.324001,-3.2380502
1778964802030,Gyroscope,0.52415,-2.1858375,3.24115
1778964802048,Accelerometer,3.8470502,-16.969051,-3.2899501
1778964802071,Accelerometer,-4.03905,-16.36095,-1.5499501
1778964802094,Accelerometer,-6.0810003,-9.738001,-2.811
1778964802111,Accelerometer,-2.53695,-5.03595,-2.778
1778964802111,Gyroscope,1.0960125,1.8066125,3.143525
1778964802131,Accelerometer,-1.55295,-2.7630002,-3.01305
1778964802148,Accelerometer,2.5900502,-1.3240501,-2.56995
1778964802168,Accelerometer,4.4100003,-0.36405003,-2.73195
1778964802182,Accelerometer,2.80995,-0.108,-3.4150503
1778964802183,Gyroscope,0.5718625,1.6930375,-1.7898375
1778964802204,Accelerometer,0.83805007,-0.30195,-2.1990001
1778964802228,Accelerometer,-0.57405,-2.38995,-2.325
1778964802245,Accelerometer,-0.21705002,-4.87305,-3.3289502
1778964802260,Accelerometer,-0.51705,-6.57,-3.3619502
1778964802260,Gyroscope,1.376925,1.3228875,-5.3596125
1778964802284,Accelerometer,-3.1720502,-8.17695,-2.91405
1778964802304,Accelerometer,-1.3789501,-9.052951,-4.734
1778964802327,Accelerometer,-2.14695,-13.416,-5.33295
1778964802345,Accelerometer,-6.9979506,-17.598001,-6.39795
1778964802345,Gyroscope,0.5058625,2.522575,-6.2759123
1778964802363,Accelerometer,-6.37305,-17.50695,-7.6309505
1778964802381,Accelerometer,-9.94995,-18.12495,-6.5940003
1778964802401,Accelerometer,-10.683001,-16.021051,-5.61
1778964802416,Accelerometer,-10.707001,-15.835951,-6.288
1778964802416,Gyroscope,0.057475,2.870725,-4.1476874
1778964802440,Accelerometer,-13.932001,-15.670951,-5.9890504
1778964802460,Accelerometer,-15.103051,-10.729051,-6.0870004
1778964802479,Accelerometer,-14.34405,-7.66905,-5.3179502
1778964802494,Accelerometer,-16.546051,-8.48805,-3.7879503
1778964802494,Gyroscope,-0.483725,0.424875,-0.37867498
1778964802518,Accelerometer,-12.378,-9.81,-2.5410001
1778964802542,Accelerometer,-10.15095,-10.37205,-2.5770001
1778964802560,Accelerometer,-6.3300004,-12.781051,0.23295002
1778964802576,Accelerometer,29.830051,-19.26,2.2110002
1778964802576,Gyroscope,1.1473,0.91355,-0.1747625
1778964802596,Accelerometer,-4.8790503,-26.524052,-3.8029501
1778964802607,Accelerometer,-7.9600506,-21.166052,4.01805
1778964802634,Accelerometer,0.61995006,-2.7870002,1.3630501
1778964802649,Accelerometer,-13.477051,3.7189503,-5.1600003
1778964802649,Gyroscope,-0.47025,1.209175,1.681075
1778964802673,Accelerometer,-5.1259503,-3.6130502,-7.7650504
1778964802694,Accelerometer,-3.3750002,-11.56995,1.43505
1778964802712,Accelerometer,-2.229,-18.82695,-2.196
1778964802726,Accelerometer,-2.4079502,-10.960951,-4.5880504
1778964802726,Gyroscope,-0.2638625,-0.76876247,1.1166375
1778964802751,Accelerometer,-0.98805004,-8.184,-2.3089502
1778964802765,Accelerometer,-1.8019501,-8.7630005,0.71205
1778964802790,Accelerometer,-2.94195,-9.9529505,-1.72905
1778964802810,Accelerometer,-2.592,-10.30305,-3.15405
1778964802811,Gyroscope,-0.0903375,0.2745875,0.7000125
1778964802831,Accelerometer,-2.631,-9.360001,-2.7439501
1778964802846,Accelerometer,-3.8880002,-8.668051,-1.899
1778964802867,Accelerometer,-3.2050502,-8.694,-2.3710501
1778964802882,Accelerometer,-2.08005,-9.678,-1.8349501
1778964802882,Gyroscope,-0.0523875,-0.4437125,0.052525
1778964802907,Accelerometer,-1.16805,-9.870001,-1.8700501
1778964802927,Accelerometer,-1.4670001,-9.4789505,-1.863
1778964802945,Accelerometer,-2.67105,-8.847,-2.043
1778964802959,Accelerometer,-2.79795,-8.668051,-1.9810501
1778964802959,Gyroscope,-0.07205,-0.4217125,0.245575
1778964802984,Accelerometer,-2.3430002,-9.57495,-1.9300501
1778964803006,Accelerometer,-1.62495,-10.16205,-1.96905
1778964803024,Accelerometer,-1.4790001,-10.092,-1.5979501
1778964803039,Accelerometer,-1.383,-9.90795,-1.866
1778964803039,Gyroscope,0.0452375,-0.3911875,0.6842
1778964803061,Accelerometer,-0.651,-10.39605,-2.5480502
1778964803081,Accelerometer,-0.57405,-10.935,-2.2780502
1778964803101,Accelerometer,-1.6470001,-10.765051,-1.5520501
1778964803115,Accelerometer,-2.32395,-10.750951,-1.74405
1778964803126,Gyroscope,0.184525,-0.30085,1.448975
1778964803142,Accelerometer,-2.9640002,-11.29695,-1.42005
1778964803158,Accelerometer,-2.676,-12.297001,-2.0329502
1778964803178,Accelerometer,-1.09605,-13.51605,-3.01305
1778964803193,Accelerometer,-0.04695,-15.1390505,-3.3360002
1778964803193,Gyroscope,0.4643375,-0.528,2.122175
1778964803217,Accelerometer,1.1029501,-17.20605,-2.96895
1778964803240,Accelerometer,2.42295,-19.665,-2.505
1778964803246,Accelerometer,2.90595,-20.938051,-1.3770001
1778964803271,Accelerometer,2.4510002,-16.332,-3.384
1778964803271,Gyroscope,0.427625,-1.496825,2.641375
1778964803295,Accelerometer,-1.8100501,-14.263051,-1.9020001
1778964803314,Accelerometer,-6.2749505,-11.670001,-1.2379501
1778964803326,Accelerometer,-7.386,-8.188951,-2.39205
1778964803348,Accelerometer,-5.6140504,-7.4269505,-4.09005
1778964803348,Gyroscope,1.1693,2.6288624,1.6432625
1778964803377,Accelerometer,-4.4380503,-7.24095,-5.1199503
1778964803392,Accelerometer,-7.5100503,-6.6010504,-4.464
1778964803406,Accelerometer,-5.9370003,-3.834,-3.0679502
1778964803426,Accelerometer,-4.563,-2.56695,-2.388
1778964803426,Gyroscope,0.5621,0.9257875,-0.930875
1778964803450,Accelerometer,-5.6520004,-2.1390002,-2.4120002
1778964803472,Accelerometer,-5.6719503,-2.5500002,-2.46195
1778964803491,Accelerometer,-4.2709503,-3.46005,-2.9290502
1778964803505,Accelerometer,-4.458,-3.0990002,-2.4550502
1778964803505,Gyroscope,0.5181,0.402875,-2.547325
1778964803528,Accelerometer,-5.262,-2.5930502,-1.389
1778964803547,Accelerometer,-5.1780005,-3.6330001,-1.554
1778964803572,Accelerometer,-6.6319504,-4.0420504,-1.6650001
1778964803590,Accelerometer,-7.4770503,-3.27795,-2.697
1778964803590,Gyroscope,0.3848625,1.5598,-2.55585
1778964803608,Accelerometer,-8.776951,-3.18495,-2.73195
1778964803625,Accelerometer,-9.085951,-3.45495,-2.1409502
1778964803644,Accelerometer,-9.435,-3.7240503,-2.1430502
1778964803659,Accelerometer,-10.5390005,-3.561,-2.7520502
1778964803659,Gyroscope,0.233475,1.2678875,-1.6285499
1778964803683,Accelerometer,-11.290951,-3.41895,-3.084
1778964803704,Accelerometer,-12.354001,-4.08705,-2.907
1778964803722,Accelerometer,-12.57705,-4.5690002,-2.49795
1778964803737,Accelerometer,-11.166,-4.116,-2.33505
1778964803737,Gyroscope,0.0831875,0.6521625,0.0562375
1778964803761,Accelerometer,-9.36795,-3.6730502,-1.746
1778964803781,Accelerometer,-6.09105,-3.65895,-0.76005006
1778964803795,Accelerometer,-14.193001,-7.7650504,-10.468051
1778964803815,Accelerometer,-4.2450004,-34.55205,7.1670003
1778964803815,Gyroscope,-0.0622875,1.3509375,0.229625
1778964803844,Accelerometer,-3.4300501,-13.79205,-0.40305
1778964803858,Accelerometer,1.245,-6.5509505,-0.07005
1778964803878,Accelerometer,-4.314,-5.0400004,-4.7629504
1778964803887,Accelerometer,-7.51695,-2.2729502,-2.6940002
1778964803892,Gyroscope,-0.0451,0.795025,0.830775
1778964803916,Accelerometer,-7.5060005,-4.104,-1.3579501
1778964803936,Accelerometer,-5.37195,-13.717051,-2.87805
1778964803955,Accelerometer,-6.7060504,-12.472051,-3.11595
1778964803969,Accelerometer,-3.3040502,-6.6850505,-1.78005
1778964803970,Gyroscope,0.1417625,0.2074875,-0.113575
1778964803994,Accelerometer,-4.0789504,-7.3099504,-2.232
1778964804014,Accelerometer,-5.24805,-9.681001,-1.9810501
1778964804037,Accelerometer,-4.76595,-9.988951,-2.1000001
1778964804053,Accelerometer,-3.9259503,-9.59895,-2.5120502
1778964804053,Gyroscope,-0.0671,0.1634875,-0.775775
1778964804072,Accelerometer,-4.25895,-9.681001,-2.634
1778964804091,Accelerometer,-3.7800002,-8.553,-2.9890501
1778964804111,Accelerometer,-3.5689502,-8.47395,-2.6749501
1778964804125,Accelerometer,-3.4710002,-8.698951,-2.3040001
1778964804125,Gyroscope,0.044,-0.2140875,-0.9981125
1778964804149,Accelerometer,-2.6880002,-8.898001,-2.66805
1778964804169,Accelerometer,-2.3170502,-9.07005,-2.1430502
1778964804188,Accelerometer,-1.21095,-9.5460005,-2.673
1778964804203,Accelerometer,-1.5840001,-9.408,-2.4709501
1778964804203,Gyroscope,0.05995,-0.0540375,-0.67925
1778964804227,Accelerometer,-1.7950501,-8.847,-2.457
1778964804253,Accelerometer,-1.5960001,-9.40995,-2.8950002
1778964804269,Accelerometer,-0.24405001,-10.15005,-3.2329502
1778964804284,Accelerometer,-0.78195006,-9.276,-1.4950501
1778964804284,Gyroscope,0.17847499,-0.199375,-0.367675
1778964804305,Accelerometer,-2.2810502,-8.610001,-1.8270001
1778964804324,Accelerometer,-1.218,-9.490951,-1.6480501
1778964804344,Accelerometer,0.097950004,-10.47795,-1.863
1778964804358,Accelerometer,-0.67200005,-10.50405,-1.9279501
1778964804358,Gyroscope,0.00495,-0.0955625,0.140525
1778964804383,Accelerometer,-1.4310001,-9.71895,-1.88205
1778964804404,Accelerometer,-1.86195,-9.348001,-2.1769502
1778964804421,Accelerometer,-1.8739501,-9.075001,-2.46195
1778964804436,Accelerometer,-0.96195006,-8.514,-2.1790502
1778964804436,Gyroscope,0.0086624995,-0.100375,0.4508625
1778964804460,Accelerometer,-0.49500003,-10.51395,-1.9849501
1778964804475,Accelerometer,-0.82500005,-12.240001,-2.0640001
1778964804499,Accelerometer,-2.42205,-10.62405,-1.8390001
1778964804520,Accelerometer,-4.46505,-10.023001,-2.163
1778964804520,Gyroscope,0.16499999,0.0204875,0.43614998
1778964804540,Accelerometer,-2.36505,-11.160001,-3.17805
1778964804557,Accelerometer,-1.36395,-13.63605,-2.2750502
1778964804577,Accelerometer,-1.39995,-14.047951,-2.2699502
1778964804591,Accelerometer,-1.7860501,-12.634951,-3.1609502
1778964804592,Gyroscope,0.49115,-0.4767125,0.3861
1778964804609,Accelerometer,-4.2450004,-13.954051,-1.365
1778964804635,Accelerometer,-1.71405,-16.971,-1.9450501
1778964804655,Accelerometer,3.7489502,-17.455051,-0.68295
1778964804669,Accelerometer,8.394,-14.160001,-1.9780501
1778964804670,Gyroscope,0.4288625,-0.227425,0.8943
1778964804688,Accelerometer,6.84495,-12.879001,-3.7159503
1778964804713,Accelerometer,-6.76095,-17.70405,-3.7909503
1778964804734,Accelerometer,-15.64605,-20.95305,-4.59795
1778964804752,Accelerometer,-8.31,-13.662001,-10.531051
1778964804752,Gyroscope,-0.174625,2.605625,3.8520625
1778964804769,Accelerometer,-6.1980004,-14.75895,-8.814
1778964804791,Accelerometer,-7.7550006,-14.911951,-3.9850502
1778964804810,Accelerometer,-5.75505,-13.083,-1.023
1778964804825,Accelerometer,-1.8169501,-11.74905,-0.135
1778964804825,Gyroscope,-0.119625,-2.67575,1.382975
1778964804849,Accelerometer,-0.64605004,-9.309,0.25905
1778964804869,Accelerometer,4.209,-5.2390504,0.96105003
1778964804888,Accelerometer,5.3749504,-0.43605003,0.70005006
1778964804902,Accelerometer,1.8960001,0.16395001,0.24495001
1778964804902,Gyroscope,-0.2809125,2.362525,0.229625
1778964804927,Accelerometer,-1.25205,-1.557,0.12495001
1778964804950,Accelerometer,-3.2370002,-1.65495,0.216
1778964804966,Accelerometer,-1.917,0.16605,-0.34095
1778964804983,Accelerometer,-1.05795,1.43505,-0.67095006
1778964804983,Gyroscope,0.0331375,-0.0405625,-2.2943249
1778964805004,Accelerometer,-0.84000003,1.50705,-0.78105
1778964805024,Accelerometer,-1.8000001,0.80295,-0.432
1778964805048,Accelerometer,-4.695,-0.15405001,1.3249501
1778964805068,Accelerometer,-6.708,-1.33905,2.38995
1778964805068,Gyroscope,-0.21367499,0.0169125,-2.5448499
1778964805086,Accelerometer,-9.684,-3.6210003,1.3560001
1778964805101,Accelerometer,-14.43,-4.92495,-1.6860001
1778964805121,Accelerometer,-16.03395,-3.147,-3.7519503
1778964805135,Accelerometer,-17.205,-1.8060001,-2.50005
1778964805135,Gyroscope,0.1601875,0.396825,0.1551
1778964805159,Accelerometer,-12.82995,-1.6860001,-1.3249501
1778964805170,Accelerometer,-25.40295,-4.6140003,-5.5150504
1778964805199,Accelerometer,7.1989503,-21.034052,3.2280002
1778964805217,Accelerometer,-3.0900002,-14.6629505,-5.55105
1778964805217,Gyroscope,-0.1258125,-1.36125,0.963875
1778964805237,Accelerometer,-0.85695004,-9.154051,-0.20400001
1778964805250,Accelerometer,-10.975051,-9.331051,-2.64105
1778964805276,Accelerometer,-8.997001,-4.18305,-2.22705
1778964805299,Accelerometer,-6.1909504,-6.40005,-4.21005
1778964805299,Gyroscope,-0.17215,-0.2140875,-0.1441
1778964805317,Accelerometer,-5.6719503,-10.66695,-3.39105
1778964805331,Accelerometer,-6.6340504,-9.9199505,-2.22705
1778964805354,Accelerometer,-5.4370503,-6.8770504,-3.4510503
1778964805368,Accelerometer,-5.3200502,-7.25295,-2.87805
1778964805369,Gyroscope,-0.053625,0.0840125,-0.626725
1778964805393,Accelerometer,-5.4220505,-9.1369505,-2.5819502
1778964805414,Accelerometer,-5.9830503,-9.156,-2.5840502
1778964805432,Accelerometer,-5.1780005,-8.56005,-3.2620502
1778964805449,Accelerometer,-5.49405,-8.70405,-2.63205
1778964805449,Gyroscope,0.1247125,-0.094325,-1.0751125
1778964805470,Accelerometer,-5.0389504,-8.41395,-2.4550502
1778964805490,Accelerometer,-4.0630503,-8.955001,-2.7130501
1778964805515,Accelerometer,-3.7800002,-9.943951,-2.23005
1778964805532,Accelerometer,-3.6990001,-9.205951,-2.19405
1778964805532,Gyroscope,0.0232375,-0.3386625,-1.1386375
1778964805551,Accelerometer,-2.77395,-9.03405,-3.2070003
1778964805568,Accelerometer,-1.9440001,-9.879001,-3.04095
1778964805587,Accelerometer,-1.8859501,-8.91195,-2.42595
1778964805602,Accelerometer,-1.6489501,-8.158051,-2.436
1778964805602,Gyroscope,0.1577125,-0.2946625,-0.78429997
1778964805626,Accelerometer,-1.09095,-8.847,-2.0310001
1778964805646,Accelerometer,-1.40505,-9.154051,-1.23405
1778964805665,Accelerometer,-1.24395,-8.73495,-1.332
1778964805680,Accelerometer,-1.18005,-9.28995,-1.9450501
1778964805680,Gyroscope,0.08195,0.1122,0.0037125
1778964805703,Accelerometer,-1.1850001,-9.8220005,-1.21905
1778964805718,Accelerometer,-1.66305,-9.915001,-1.4950501
1778964805743,Accelerometer,-2.2999501,-9.534,-2.13105
1778964805763,Accelerometer,-2.16405,-9.754951,-2.4550502
1778964805763,Gyroscope,0.11,0.1475375,0.4813875
1778964805784,Accelerometer,-2.2759502,-10.747951,-2.8279502
1778964805801,Accelerometer,-3.10995,-10.818001,-2.1049502
1778964805812,Accelerometer,-4.254,-10.31505,-1.59
1778964805835,Accelerometer,-4.17705,-10.576051,-2.6179502
1778964805835,Gyroscope,0.1527625,0.0950125,0.2638625
1778964805859,Accelerometer,-3.4969501,-11.710951,-1.96905
1778964805879,Accelerometer,-2.74305,-12.727951,-2.127
1778964805897,Accelerometer,-1.5490501,-14.340001,-1.7560501
1778964805913,Accelerometer,0.33495003,-15.055951,-1.44
1778964805913,Gyroscope,0.316525,0.275825,-0.0207625
1778964805937,Accelerometer,1.5769501,-15.468,-2.32095
1778964805956,Accelerometer,2.2429502,-14.839951,-2.5770001
1778964805979,Accelerometer,3.2410502,-12.53205,-3.183
1778964805996,Accelerometer,-1.8379501,-13.309951,-3.21105
1778964805996,Gyroscope,0.024475,-0.4279,1.7788374
1778964806015,Accelerometer,-11.53005,-21.492,-0.573
1778964806034,Accelerometer,-8.3560505,-17.30595,-5.2849503
1778964806051,Accelerometer,-7.1269503,-13.509001,-7.6930504
1778964806068,Accelerometer,-7.1580005,-14.385,-7.9350004
1778964806068,Gyroscope,-1.1044,-0.5902875,2.6706624
1778964806092,Accelerometer,-5.9680505,-15.558001,-5.6269503
1778964806112,Accelerometer,-3.6649501,-15.439051,-3.4650002
1778964806131,Accelerometer,-2.23095,-14.658001,-1.4110501
1778964806145,Accelerometer,-1.005,-12.187051,0.89400005
1778964806146,Gyroscope,-0.26015,-2.6514125,1.4306875
1778964806170,Accelerometer,1.23,-6.8380504,2.5510502
1778964806193,Accelerometer,2.8849502,-2.8830001,2.9869502
1778964806210,Accelerometer,4.11795,-0.60405004,2.115
1778964806228,Accelerometer,2.559,-0.312,1.60695
1778964806228,Gyroscope,-0.3554375,0.760925,-0.86501247
1778964806247,Accelerometer,0.33195,-0.70695,2.05005
1778964806267,Accelerometer,-0.31500003,-0.096,1.797
1778964806287,Accelerometer,0.36600003,0.89895004,1.11405
1778964806301,Accelerometer,-0.19095,1.3470001,0.40095
1778964806301,Gyroscope,-0.08305,-0.0528,-3.0713375
1778964806326,Accelerometer,-2.3479502,0.87705004,-0.34305
1778964806346,Accelerometer,-4.8769503,0.29505002,-0.50295
1778964806364,Accelerometer,-9.81105,-0.16605,0.24000001
1778964806378,Accelerometer,-14.842051,-1.9879501,-0.28800002
1778964806379,Gyroscope,-0.318725,0.2905375,-2.1135125
1778964806403,Accelerometer,-17.43,-4.36305,-1.72695
1778964806426,Accelerometer,-18.852001,-4.0300503,-2.3400002
1778964806444,Accelerometer,-15.579,-1.8079501,-2.1769502
1778964806460,Accelerometer,-21.361052,0.93000007,-5.589
1778964806460,Gyroscope,-0.4862,0.0144375,1.1996875
1778964806480,Accelerometer,-2.0989501,-8.743951,-8.17695
1778964806500,Accelerometer,0.80895007,-28.356,-2.3760002
1778964806520,Accelerometer,-8.97105,-9.843,6.8269506
1778964806532,Accelerometer,-5.77395,-11.995951,-4.12395
1778964806534,Gyroscope,0.2248125,0.9942625,0.455675
1778964806559,Accelerometer,-6.7849503,-9.216001,-3.3670502
1778964806578,Accelerometer,-6.4950004,-6.6880503,-1.08
1778964806597,Accelerometer,-6.1740003,-5.256,-3.489
1778964806612,Accelerometer,-6.4540505,-7.899,-2.8980002
1778964806612,Gyroscope,-0.141625,0.0132,-0.207625
1778964806636,Accelerometer,-6.6580505,-8.92605,-2.80905
1778964806659,Accelerometer,-6.0139503,-8.212951,-3.0889502
1778964806677,Accelerometer,-5.71005,-8.806951,-2.8210502
1778964806693,Accelerometer,-5.46105,-9.604051,-2.21805
1778964806693,Gyroscope,-0.0378125,0.0864875,-0.8075375
1778964806714,Accelerometer,-5.3430004,-8.184,-3.11295
1778964806733,Accelerometer,-5.0730004,-6.4429502,-3.0700502
1778964806753,Accelerometer,-5.68305,-7.8780003,-2.4709501
1778964806777,Accelerometer,-4.61595,-9.754951,-2.46405
1778964806777,Gyroscope,-0.0121,-0.30085,-1.18745
1778964806796,Accelerometer,-3.59805,-9.939,-2.4760501
1778964806811,Accelerometer,-3.07095,-9.240001,-2.50305
1778964806830,Accelerometer,-2.59995,-9.084001,-2.24895
1778964806845,Accelerometer,-2.3460002,-8.814,-2.421
1778964806845,Gyroscope,0.0452375,-0.31295,-0.8490625
1778964806869,Accelerometer,-1.7020501,-8.373,-2.802
1778964806891,Accelerometer,-1.5270001,-8.823,-2.8930502
1778964806908,Accelerometer,-2.04405,-8.530951,-2.29695
1778964806924,Accelerometer,-2.29095,-8.349,-2.1670501
1778964806924,Gyroscope,0.100237496,-0.0906125,-0.3091
1778964806947,Accelerometer,-1.7520001,-9.016951,-2.0310001
1778964806966,Accelerometer,-1.8859501,-9.04605,-1.9570501
1778964806990,Accelerometer,-2.6209502,-9.316951,-2.4810002
1778964807008,Accelerometer,-1.8000001,-10.00605,-2.08605
1778964807008,Gyroscope,0.0611875,-0.0710875,0.2308625
1778964807028,Accelerometer,-1.2090001,-9.86505,-2.1340501
1778964807040,Accelerometer,-1.0339501,-10.746,-2.16
1778964807064,Accelerometer,-1.12995,-10.894051,-2.421
1778964807078,Accelerometer,-3.1549501,-9.292951,-2.1700501
1778964807078,Gyroscope,0.20899999,0.0119624995,0.7525375
1778964807093,Accelerometer,-4.623,-8.47095,-1.863
1778964807122,Accelerometer,-3.8929503,-9.781051,-2.7130501
1778964807142,Accelerometer,-3.5770502,-10.5400505,-1.5660001
1778964807159,Accelerometer,-4.122,-9.051001,-1.6380001
1778964807159,Gyroscope,0.2347125,-0.088275,0.59125
1778964807176,Accelerometer,-3.9720001,-9.051001,-2.7880502
1778964807199,Accelerometer,-4.3429503,-9.46695,-2.127
1778964807223,Accelerometer,-4.8120003,-9.726001,-1.9380001
1778964807240,Accelerometer,-4.5030003,-10.03695,-2.23005
1778964807241,Gyroscope,0.23705,-0.1285625,0.240625
1778964807261,Accelerometer,-3.8520002,-11.28495,-2.1049502
1778964807277,Accelerometer,-3.9160502,-12.36495,-2.907
1778964807297,Accelerometer,-4.419,-13.597951,-2.6490002
1778964807311,Accelerometer,-4.16295,-14.75895,-1.64295
1778964807311,Gyroscope,0.3042875,-0.40094998,-0.3469125
1778964807333,Accelerometer,-3.0589502,-16.638,-1.9519501
1778964807355,Accelerometer,1.728,-12.870001,-2.3710501
1778964807374,Accelerometer,2.63595,-10.368,-2.9220002
1778964807389,Accelerometer,-1.1920501,-11.545951,-2.62905
1778964807389,Gyroscope,-0.1929125,-1.2500125,0.4459125
1778964807413,Accelerometer,-3.9910502,-13.34895,-2.0400002
1778964807433,Accelerometer,-6.9739504,-13.132951,-3.86505
1778964807454,Accelerometer,-10.635,-12.21405,-2.9290502
1778964807473,Accelerometer,-12.94995,-9.39105,-6.7549505
1778964807473,Gyroscope,-0.8393,-1.0839125,2.4666126
1778964807492,Accelerometer,-8.81805,-8.088,-5.517
1778964807510,Accelerometer,-3.5860503,-9.9529505,-1.332
1778964807530,Accelerometer,-3.65805,-13.155001,0.26895002
1778964807544,Accelerometer,-1.6969501,-9.27105,1.50195
1778964807544,Gyroscope,-0.0463375,-3.4637625,1.996225
1778964807569,Accelerometer,-1.7380501,-6.3760505,1.8060001
1778964807588,Accelerometer,-0.45195,-5.09805,0.55905
1778964807607,Accelerometer,2.74305,-3.5680501,-2.7160501
1778964807622,Accelerometer,-2.3719501,-2.5120502,0.609
1778964807622,Gyroscope,-0.914925,-0.811525,1.41845
1778964807647,Accelerometer,-15.493051,-3.18705,4.5600004
1778964807671,Accelerometer,2.028,-2.835,2.319
1778964807689,Accelerometer,11.097,-6.4870505,0.67395
1778964807704,Accelerometer,4.02405,-5.00895,-5.0070004
1778964807704,Gyroscope,-1.0824,0.8745,-1.3536875
1778964807725,Accelerometer,3.4380002,-0.76905006,-3.2740502
1778964807735,Accelerometer,-0.052050002,-0.99600005,-1.8870001
1778964807763,Accelerometer,-7.9339504,-10.255051,-0.34095
1778964807777,Accelerometer,-7.491,-5.68905,2.11995
1778964807778,Gyroscope,-1.0322125,-2.0625,-3.3889625
1778964807802,Accelerometer,-2.1730502,-6.063,1.2270001
1778964807822,Accelerometer,1.968,-4.4110503,-1.00905
1778964807841,Accelerometer,7.5870004,-5.7250504,-2.5860002
1778964807855,Accelerometer,5.4469504,-11.78505,-2.19405
1778964807855,Gyroscope,-2.18185,1.8018,-4.165975
1778964807879,Accelerometer,-5.9560504,-19.710001,1.1910001
1778964807894,Accelerometer,-7.635,-18.01995,-0.41700003
1778964807919,Accelerometer,-10.798051,-14.16705,-1.542
1778964807939,Accelerometer,-12.82995,-13.993051,-2.019
1778964807940,Gyroscope,-0.2564375,-0.580525,-3.9681125
1778964807958,Accelerometer,-10.338,-11.433001,-2.73
1778964807974,Accelerometer,-8.545051,-10.000951,-2.3850002
1778964807996,Accelerometer,-9.84,-9.795,-0.73995006
1778964808011,Accelerometer,-10.10295,-9.55395,0.52995
1778964808011,Gyroscope,-0.4239125,-1.308725,-0.8173
1778964808035,Accelerometer,-8.7289505,-9.25695,1.1910001
1778964808054,Accelerometer,-10.527,-9.91005,2.2750502
1778964808074,Accelerometer,-2.29095,-11.481001,0.60195005
1778964808088,Accelerometer,7.8,-17.914051,-4.7509503
1778964808088,Gyroscope,0.3971,1.3899875,0.449625
1778964808113,Accelerometer,13.177951,-18.468,-3.2209501
1778964808135,Accelerometer,-0.42105,-6.9529505,-4.842
1778964808153,Accelerometer,-9.48795,1.8610501,-1.4970001
1778964808170,Accelerometer,-12.117001,-7.2430506,-3.66105
1778964808170,Gyroscope,0.286,1.6869875,1.09835
1778964808190,Accelerometer,-4.36905,-14.910001,-3.4510503
1778964808209,Accelerometer,-2.2380002,-12.7570505,-2.09805
1778964808229,Accelerometer,-0.117000006,-8.514,-2.1769502
1778964808243,Accelerometer,1.1920501,-8.8279505,-2.5770001
1778964808244,Gyroscope,-0.0402875,-0.5377625,-0.0317625
1778964808268,Accelerometer,-0.86595005,-10.33395,-2.7829502
1778964808287,Accelerometer,-2.76195,-9.915001,-3.084
1778964808307,Accelerometer,-3.519,-9.4480505,-4.1070004
1778964808321,Accelerometer,-3.45405,-9.489,-4.43505
1778964808321,Gyroscope,0.16499999,-0.2996125,-0.3201
1778964808346,Accelerometer,-2.6140501,-9.273001,-4.30095
1778964808370,Accelerometer,-1.06305,-9.654,-3.1969502
1778964808375,Accelerometer,1.233,-9.931951,-2.53395
1778964808399,Accelerometer,3.7080002,-10.530001,-2.15805
1778964808400,Gyroscope,0.2358125,-0.420475,0.356675
1778964808423,Accelerometer,4.5750003,-10.69305,-2.29395
1778964808443,Accelerometer,5.0800505,-11.58405,-3.6810002
1778964808455,Accelerometer,3.8710501,-10.80105,-2.088
1778964808477,Accelerometer,-0.13800001,-4.473,-1.0900501
1778964808477,Gyroscope,-0.0561,0.51535,2.1929874
1778964808508,Accelerometer,-7.7209506,0.079950005,-2.5840502
1778964808520,Accelerometer,-5.59695,-8.313001,-3.1009502
1778964808535,Accelerometer,-6.35895,-10.593,-4.8780003
1778964808554,Accelerometer,-4.01895,-12.27795,-0.74805003
1778964808555,Gyroscope,-0.1038125,-0.9348625,1.2289749
1778964808579,Accelerometer,-7.3710003,-8.31795,-2.9310002
1778964808600,Accelerometer,-4.479,-3.2899501,-2.8230002
1778964808617,Accelerometer,-6.9090004,-7.63605,-3.2400002
1778964808633,Accelerometer,-9.64095,-12.432,-4.2790504
1778964808633,Gyroscope,0.0831875,-0.24585,0.1563375
1778964808656,Accelerometer,-9.967051,-8.833051,-3.42705
1778964808676,Accelerometer,-10.036051,-10.114051,-3.2590501
1778964808699,Accelerometer,-10.644,-13.66005,-4.7130003
1778964808716,Accelerometer,-8.77005,-16.71495,-5.1670504
1778964808716,Gyroscope,0.3458125,-0.49995,-2.845425
1778964808738,Accelerometer,-4.3330503,-23.86395,-4.9110003
1778964808753,Accelerometer,5.43195,-21.805052,-7.3890004
1778964808773,Accelerometer,9.43995,-8.277,-6.4510503
1778964808787,Accelerometer,-7.3830004,-0.78795004,-6.1969504
1778964808788,Gyroscope,-1.024925,-2.176075,-0.4739625
1778964808812,Accelerometer,-17.19,-1.42305,-0.47505003
1778964808832,Accelerometer,-4.9939504,-3.15105,-2.91195
1778964808850,Accelerometer,1.4170501,-1.1040001,0.84795004
1778964808865,Accelerometer,13.041,2.355,-1.27005
1778964808865,Gyroscope,-0.2063875,-1.573825,-1.6115
1778964808890,Accelerometer,4.965,2.28795,-1.5780001
1778964808909,Accelerometer,0.72495,-0.94095004,0.69000006
1778964808933,Accelerometer,-3.5500503,-2.9530501,1.9980001
1778964808952,Accelerometer,-5.51595,-3.6010501,2.3779502
1778964808952,Gyroscope,-0.6694875,-1.0692,0.068475
1778964808970,Accelerometer,-0.651,-3.3979502,2.046
1778964808987,Accelerometer,0.22500001,-2.7829502,0.82005006
1778964809006,Accelerometer,-3.8880002,-2.8660502,3.4459503
1778964809016,Accelerometer,-12.184051,-2.6890502,4.18095
1778964809020,Gyroscope,-0.097625,0.286825,2.707375
1778964809045,Accelerometer,-5.19495,-19.521002,2.9220002
1778964809066,Accelerometer,4.7689505,-35.68695,-7.8250504
1778964809084,Accelerometer,0.9289501,-3.18705,-9.90795
1778964809100,Accelerometer,-9.30105,-27.393002,-7.4230504
1778964809100,Gyroscope,-0.731775,1.24465,1.1996875
1778964809123,Accelerometer,-15.01395,-17.28,3.7219503
1778964809142,Accelerometer,-7.9129505,-1.60905,2.17995
1778964809166,Accelerometer,-6.43305,3.2070003,-4.4950504
1778964809183,Accelerometer,-7.089,10.099951,-4.32495
1778964809183,Gyroscope,-0.18315,0.060775,0.100237496
1778964809201,Accelerometer,-9.27495,-4.4230504,-3.7570503
1778964809219,Accelerometer,-17.323952,-28.879951,-1.81305
1778964809239,Accelerometer,-8.31,-10.17105,-3.8700001
1778964809254,Accelerometer,-10.11495,-12.8220005,-1.8349501
1778964809254,Gyroscope,0.41305,0.137775,-2.6241875
1778964809278,Accelerometer,-10.021951,-14.93595,-0.63000005
1778964809298,Accelerometer,-6.3040504,-16.71705,-0.99405
1778964809317,Accelerometer,-2.18295,-18.618,-3.8410501
1778964809332,Accelerometer,4.4700003,-13.64805,-3.456
1778964809332,Gyroscope,0.6634375,-0.3216125,-3.282675
1778964809356,Accelerometer,-7.1370006,-6.1009502,-4.90605
1778964809375,Accelerometer,-14.935051,-0.44295,-1.34595
1778964809399,Accelerometer,-7.905,-1.0350001,-1.1329501
1778964809415,Accelerometer,0.64095,-1.4749501,0.147
1778964809415,Gyroscope,0.4142875,-1.054625,0.1331
1778964809437,Accelerometer,-1.9720501,-0.48405004,-0.83400005
1778964809453,Accelerometer,-0.98595005,-2.6560502,-0.693
1778964809473,Accelerometer,-0.73395,-3.7189503,0.15195
1778964809487,Accelerometer,0.37305,-3.252,-0.41505003
1778964809487,Gyroscope,0.1601875,-0.30195,1.8704125
1778964809511,Accelerometer,0.03795,-0.882,-0.060000002
1778964809531,Accelerometer,-0.17205001,0.65505004,-0.59400004
1778964809550,Accelerometer,-0.20805001,-2.02395,-0.15105
1778964809564,Accelerometer,3.759,-2.8930502,2.25105
1778964809565,Gyroscope,0.4081,-0.13213749,1.4147375
1778964809589,Accelerometer,4.1779504,3.0270002,-2.1720002
1778964809614,Accelerometer,-22.80495,-6.1870503,9.670951
1778964809630,Accelerometer,10.387951,-40.320004,-10.839001
1778964809647,Accelerometer,-12.526051,-14.27805,-16.240952
1778964809648,Gyroscope,-0.8771125,-1.7351125,3.1813376
1778964809667,Accelerometer,2.049,-17.73195,-6.7720504
1778964809686,Accelerometer,-16.264051,-34.131,3.8410501
1778964809706,Accelerometer,-5.19,-17.608051,-3.8430002
1778964809720,Accelerometer,-7.28805,-5.2320004,-3.8770502
1778964809720,Gyroscope,-0.328625,-0.6502375,1.2474
1778964809737,Accelerometer,-9.09105,5.86005,0.56805
1778964809764,Accelerometer,-12.250951,13.33005,0.34995002
1778964809784,Accelerometer,-5.9209504,5.328,-5.0209503
1778964809798,Accelerometer,-6.3420005,-12.120001,-11.17905
1778964809798,Gyroscope,-0.4995375,0.104775,-2.32485
1778964809817,Accelerometer,-17.832,-30.955952,-3.561
1778964809842,Accelerometer,-8.854051,-13.387051,-1.5109501
1778964809864,Accelerometer,-3.73005,-21.982052,-3.6469502
1778964809880,Accelerometer,0.60495,-20.682001,-7.8130503
1778964809880,Gyroscope,0.21505,-0.4169,-4.4287376
1778964809900,Accelerometer,-1.6180501,-10.107,-8.373
1778964809919,Accelerometer,-6.2749505,-4.6639504,-1.22595
1778964809939,Accelerometer,-12.555,-2.6440501,-5.00895
1778964809953,Accelerometer,-3.8610003,-4.89195,0.80295
1778964809954,Gyroscope,-0.21133749,-0.3949,0.7513
1778964809978,Accelerometer,1.506,-3.7140002,0.86295
1778964809997,Accelerometer,6.8500504,-0.56505,0.45105
1778964810016,Accelerometer,7.6450505,1.5000001,-1.7629501
1778964810031,Accelerometer,2.05395,-1.3600501,0.81000006
1778964810031,Gyroscope,-0.2992,-0.249425,0.62067497
1778964810055,Accelerometer,-2.67105,-1.7050501,1.8040501
1778964810078,Accelerometer,-7.5610504,-1.2409501,1.5450001
1778964810096,Accelerometer,-3.6750002,-0.21300001,2.4480002
1778964810112,Accelerometer,-3.65595,-0.039,2.0959501
1778964810112,Gyroscope,0.05995,-1.970925,0.2443375
1778964810133,Accelerometer,-4.6969504,-1.46595,1.84395
1778964810152,Accelerometer,-3.081,-4.02,2.769
1778964810172,Accelerometer,0.75405,-3.31905,3.489
1778964810196,Accelerometer,-25.555952,-15.867001,3.0580502
1778964810197,Gyroscope,0.198,3.2593,4.9845123
1778964810216,Accelerometer,45.604053,-44.758953,-20.046001
1778964810230,Accelerometer,-18.60495,-12.73995,3.7120502
1778964810250,Accelerometer,2.4799502,4.4539504,-2.98095
1778964810264,Accelerometer,-4.6129503,-31.188002,-8.874001
1778964810264,Gyroscope,-1.2557875,0.176825,0.6939625
1778964810288,Accelerometer,-10.92,-25.935001,-4.6069503
1778964810299,Accelerometer,-3.39,-2.8860002,-3.252
1778964810328,Accelerometer,-5.4970503,-1.35105,2.433
1778964810346,Accelerometer,-5.3149505,5.7379503,-0.64905006
1778964810346,Gyroscope,0.1612875,0.622875,1.2412125
1778964810367,Accelerometer,-8.089951,4.14795,-7.0129504
1778964810378,Accelerometer,-12.019051,-6.6829505,-5.8450503
1778964810405,Accelerometer,-12.486001,-13.435051,0.633
1778964810428,Accelerometer,-8.106,-2.77305,-2.3470502
1778964810428,Gyroscope,0.382525,-0.166375,-0.60115
1778964810448,Accelerometer,-6.5070004,-9.646951,-2.97195
1778964810458,Accelerometer,-12.391951,-18.015001,-1.4320501
1778964810483,Accelerometer,-10.494,-11.922001,-1.2379501
1778964810497,Accelerometer,-9.897,-15.232951,-2.5789502
1778964810497,Gyroscope,0.16499999,-0.484,-2.88695
1778964810522,Accelerometer,-6.4500003,-18.372002,-4.8130503
1778964810543,Accelerometer,-3.4380002,-17.428051,-4.78905
1778964810560,Accelerometer,4.88595,-15.658951,-3.7069502
1778964810576,Accelerometer,-1.4500501,-7.8079505,-1.6309501
1778964810577,Gyroscope,0.3262875,-0.5377625,-3.79335
1778964810599,Accelerometer,-17.595001,-7.4659505,3.2430003
1778964810619,Accelerometer,-4.9099503,-3.051,0.112950005
1778964810643,Accelerometer,0.45705003,-3.38805,-3.525
1778964810661,Accelerometer,4.3500004,-0.52500004,-3.072
1778964810661,Gyroscope,-0.1013375,1.9190875,-0.2613875
1778964810680,Accelerometer,2.1690001,-0.16305001,-2.42805
1778964810696,Accelerometer,-2.97105,-1.6140001,0.44595003
1778964810716,Accelerometer,-3.4740002,-1.9590001,1.19595
1778964810730,Accelerometer,-2.736,-0.62505,0.06105
1778964810731,Gyroscope,-0.3394875,-2.689225,-1.0653499
1778964810755,Accelerometer,0.028050002,-0.46995002,1.416
1778964810774,Accelerometer,3.96705,-1.0129501,2.1100502
1778964810793,Accelerometer,-1.3549501,-2.02605,1.16205
1778964810809,Accelerometer,-5.29995,-2.1070502,1.44
1778964810809,Gyroscope,0.2652375,0.0022,1.44045
1778964810833,Accelerometer,-5.95905,-1.2739501,1.3939501
1778964810852,Accelerometer,-14.149951,-3.92895,-4.62405
1778964810876,Accelerometer,-16.411951,-23.02395,7.9999504
1778964810894,Accelerometer,35.04705,-33.22605,-19.29405
1778964810894,Gyroscope,0.0281875,2.2074249,0.6169625
1778964810912,Accelerometer,-13.85805,-15.046051,-2.2780502
1778964810929,Accelerometer,7.8430505,-10.509001,-10.14
1778964810940,Accelerometer,-21.12705,-27.688051,2.60595
1778964810963,Accelerometer,-7.0909505,-9.09195,3.5040002
1778964810963,Gyroscope,-0.0023375,-0.9739125,1.9877
1778964810988,Accelerometer,-7.1080503,-3.52005,3.4680002
1778964811007,Accelerometer,-4.6750503,1.3560001,-1.3750501
1778964811025,Accelerometer,-6.7440004,3.5659502,-4.9500003
1778964811041,Accelerometer,-9.62205,2.08905,-5.4210005
1778964811041,Gyroscope,0.1467125,0.2905375,1.101925
1778964811066,Accelerometer,-9.900001,-5.2200003,-4.4710503
1778964811085,Accelerometer,-10.896001,-16.41105,1.023
1778964811108,Accelerometer,-6.6049504,-8.78505,-0.01995
1778964811126,Accelerometer,-4.1080503,-6.9289503,-3.7840502
1778964811126,Gyroscope,0.022,0.076725,0.411675
1778964811144,Accelerometer,-8.446051,-3.6010501,-3.2260501
1778964811163,Accelerometer,-8.83695,-1.16205,-1.8750001
1778964811180,Accelerometer,-8.899051,-4.7389503,-1.8679501
1778964811197,Accelerometer,-8.97795,-7.8750005,-2.95005
1778964811197,Gyroscope,0.002475,-0.226325,-0.797775
1778964811221,Accelerometer,-7.7040005,-6.38805,-3.7050002
1778964811240,Accelerometer,-8.437051,-10.30305,-1.69095
1778964811260,Accelerometer,-11.278951,-16.69095,-0.9889501
1778964811274,Accelerometer,-11.001,-16.71495,-2.3089502
1778964811274,Gyroscope,-0.1183875,-0.1786125,-2.525325
1778964811299,Accelerometer,-11.61705,-16.926,-3.4459503
1778964811323,Accelerometer,-10.09605,-20.521952,-3.8410501
1778964811341,Accelerometer,-1.67805,-26.199001,-3.6540003
1778964811357,Accelerometer,6.2730002,-24.682951,-5.1550503
1778964811358,Gyroscope,0.2102375,-1.6446375,-6.4664874
1778964811378,Accelerometer,-4.86,-17.24595,-3.2209501
1778964811395,Accelerometer,-14.113951,-7.4440503,-1.07805
1778964811415,Accelerometer,-6.7200003,2.1649501,-4.9759502
1778964811430,Accelerometer,-1.4460001,-2.02095,-2.9020503
1778964811430,Gyroscope,-0.28215,1.2214125,0.51315
1778964811454,Accelerometer,-3.45705,-1.6380001,0.55905
1778964811475,Accelerometer,1.539,-1.15005,1.6530001
1778964811493,Accelerometer,2.5830002,-0.80700004,0.15900001
1778964811507,Accelerometer,2.1040502,-0.41895002,2.12205
1778964811507,Gyroscope,-0.2369125,-1.63735,-0.648725
1778964811532,Accelerometer,4.9099503,-0.46005002,2.97
1778964811555,Accelerometer,5.6740503,-0.45495003,2.127
1778964811574,Accelerometer,3.22005,0.45795003,1.1050501
1778964811591,Accelerometer,0.87600005,0.38595003,1.2030001
1778964811591,Gyroscope,0.2248125,0.84755,-0.6169625
1778964811609,Accelerometer,-0.651,-0.42405003,0.80100006
1778964811629,Accelerometer,-1.07895,-0.25695002,0.18495001
1778964811649,Accelerometer,-2.3770502,-0.53205,-0.43395
1778964811660,Accelerometer,-3.423,-0.786,-1.1209501
1778964811662,Gyroscope,0.134475,-0.5047625,-0.372625
1778964811688,Accelerometer,-3.2959502,-1.9350001,-1.1550001
1778964811707,Accelerometer,-3.078,-4.071,-0.73095006
1778964811726,Accelerometer,-4.05795,-4.64505,-1.641
1778964811740,Accelerometer,-3.9090002,-4.31295,0.36195
1778964811741,Gyroscope,0.2358125,0.9515,2.6596625
1778964811765,Accelerometer,-36.40695,-6.3520503,-7.93305
1778964811786,Accelerometer,12.649051,-47.659054,2.93595
1778964811806,Accelerometer,-2.5210502,-24.427052,2.8330503
1778964811821,Accelerometer,-2.14995,10.866,-0.98505
1778964811821,Gyroscope,0.233475,-1.6190625,3.712775
1778964811842,Accelerometer,-1.4980501,-4.0080004,-29.419052
1778964811862,Accelerometer,-36.160053,-74.30505,-3.6420002
1778964811882,Accelerometer,-3.2770503,-3.1009502,0.37905002
1778964811904,Accelerometer,-5.2980003,-7.90395,-9.738001
1778964811904,Gyroscope,-0.2198625,-0.0455125,0.400675
1778964811925,Accelerometer,-6.33195,-1.37205,-3.07995
1778964811940,Accelerometer,-2.6569502,15.018001,-1.8370501
1778964811959,Accelerometer,-2.7820501,4.4710503,-0.57495004
1778964811974,Accelerometer,-9.29205,-15.064951,-0.606
1778964811974,Gyroscope,-0.329725,-0.326425,0.5742
1778964811998,Accelerometer,-13.077001,-21.78795,1.8900001
1778964812020,Accelerometer,-7.15395,-0.14205001,1.8730501
1778964812038,Accelerometer,-2.082,1.2079501,-6.4080005
1778964812053,Accelerometer,-1.8259501,-8.90205,-8.2900505
1778964812054,Gyroscope,-0.5509625,0.0059125,-0.2088625
1778964812076,Accelerometer,-11.454,-21.159,-0.034050003
1778964812095,Accelerometer,-7.5769506,-6.9990005,0.70500004
1778964812120,Accelerometer,-5.499,-2.7469501,-2.73
1778964812139,Accelerometer,-6.282,-1.09695,-2.42805
1778964812139,Gyroscope,-0.196625,-0.0345125,-0.4263875
1778964812156,Accelerometer,-5.5540504,-3.24705,-1.88205
1778964812173,Accelerometer,-6.189,-10.2960005,-1.5810001
1778964812192,Accelerometer,-7.3879504,-14.27805,-2.3160002
1778964812207,Accelerometer,-5.214,-9.493951,-2.35905
1778964812207,Gyroscope,0.143,-0.0405625,-0.8124875
1778964812223,Accelerometer,-4.9939504,-8.27295,-1.2240001
1778964812251,Accelerometer,-5.7979503,-7.2240005,-2.0070002
1778964812272,Accelerometer,-5.34105,-7.9879503,-2.42805
1778964812288,Accelerometer,-5.7910504,-8.505,-1.99995
1778964812288,Gyroscope,0.0977625,0.2893,-1.090925
1778964812306,Accelerometer,-4.72095,-9.22605,-2.06205
1778964812328,Accelerometer,-4.6660504,-8.48805,-2.02605
1778964812351,Accelerometer,-3.663,-8.682,-1.8700501
1778964812369,Accelerometer,-3.72705,-8.866051,-1.9210501
1778964812369,Gyroscope,0.0807125,0.186725,-1.07635
1778964812388,Accelerometer,-3.3949502,-9.016951,-1.7029501
1778964812407,Accelerometer,-3.153,-8.823,-2.3040001
1778964812425,Accelerometer,-3.3130503,-8.979,-1.7359501
1778964812440,Accelerometer,-3.186,-9.501,-1.9060501
1778964812440,Gyroscope,0.0416625,0.21725,-0.8393
1778964812462,Accelerometer,-3.1930501,-9.618,-1.8730501
1778964812484,Accelerometer,-2.2720501,-9.748051,-1.3990501
1778964812503,Accelerometer,-2.1379502,-9.24495,-2.562
1778964812519,Accelerometer,-2.4130502,-9.1060505,-1.8270001
1778964812519,Gyroscope,0.0587125,0.2404875,-0.549725
1778964812542,Accelerometer,-2.4150002,-9.589951,-1.95
1778964812561,Accelerometer,-2.4490502,-9.70695,-1.8229501
1778964812587,Accelerometer,-1.6489501,-9.7570505,-1.9849501
1778964812604,Accelerometer,-2.193,-9.09405,-1.9590001
1778964812604,Gyroscope,0.0367125,0.060775,-0.37015
1778964812621,Accelerometer,-2.3029501,-9.23505,-2.00895
1778964812639,Accelerometer,-1.9339501,-9.748051,-1.9540501
1778964812658,Accelerometer,-1.2280501,-10.00395,-1.9159501
1778964812673,Accelerometer,-1.2060001,-10.1310005,-1.88205
1778964812673,Gyroscope,0.0697125,-0.16885,-0.0402875
1778964812698,Accelerometer,-0.76095,-10.879951,-1.8679501
1778964812717,Accelerometer,0.62895006,-11.344951,-2.289
1778964812736,Accelerometer,1.28295,-11.529,-1.677
1778964812751,Accelerometer,0.75900006,-11.977051,-1.00605
1778964812751,Gyroscope,0.300575,-0.1126125,1.2804
1778964812775,Accelerometer,0.933,-12.772051,-0.88605005
1778964812795,Accelerometer,-0.28905,-12.307051,-4.083
1778964812816,Accelerometer,-1.6540501,-12.05805,-3.9100502
1778964812834,Accelerometer,-2.6590502,-10.83195,-2.21295
1778964812834,Gyroscope,-0.078099996,0.2233,2.3115125
1778964812852,Accelerometer,-5.7670503,-6.5509505,-1.6840501
1778964812865,Accelerometer,-7.8570004,-3.24495,-1.3440001
1778964812892,Accelerometer,-3.8950503,-5.1000004,-1.4470501
1778964812906,Accelerometer,-4.9840503,-4.09695,2.2710001
1778964812906,Gyroscope,0.349525,-0.682,1.3866875
1778964812931,Accelerometer,-7.8499503,3.351,1.452
1778964812951,Accelerometer,-4.98,-0.26595002,-5.2489505
1778964812969,Accelerometer,-7.5150003,-8.50695,-4.84695
1778964812984,Accelerometer,-11.016001,-13.056001,-2.12895
1778964812984,Gyroscope,0.0342375,0.037675,0.9431125
1778964813003,Accelerometer,-6.4450502,-8.821051,-0.78795004
1778964813023,Accelerometer,-6.8640003,-10.096951,-1.6020001
1778964813047,Accelerometer,-6.6390004,-9.817051,-1.6620001
1778964813068,Accelerometer,-7.0789504,-5.47095,-0.84300005
1778964813068,Gyroscope,0.267575,-0.0686125,0.5363875
1778964813085,Accelerometer,-6.3109503,-0.9889501,-0.68805003
1778964813103,Accelerometer,-6.1309505,1.983,-0.95595
1778964813125,Accelerometer,-5.6520004,-2.184,-2.74005
1778964813139,Accelerometer,-8.7960005,-17.421001,-0.384
1778964813140,Gyroscope,-0.2759625,-0.1725625,-0.4508625
1778964813164,Accelerometer,-10.707001,-15.027,1.00905
1778964813184,Accelerometer,-6.0469503,-9.951,-0.76005006
1778964813202,Accelerometer,-8.401051,-10.66695,-0.42195
1778964813216,Accelerometer,-10.324051,-9.783,-0.12705001
1778964813217,Gyroscope,-0.21133749,0.4310625,-1.5967875
1778964813241,Accelerometer,-12.688951,-9.573001,-2.0959501
1778964813264,Accelerometer,-13.027051,-17.038052,-3.3310502
1778964813283,Accelerometer,-10.137,-29.424002,-5.2180505
1778964813298,Accelerometer,-1.26405,-30.89895,-5.814
1778964813298,Gyroscope,0.55233747,-0.4059,-5.6552377
1778964813320,Accelerometer,10.09605,-22.212002,-10.854
1778964813338,Accelerometer,-7.359,-6.45795,-4.533
1778964813358,Accelerometer,-22.534052,-5.7060003,2.62695
1778964813372,Accelerometer,-9.58395,-4.41795,-3.69495
1778964813373,Gyroscope,-0.3004375,-0.028324999,1.1141624
1778964813397,Accelerometer,-1.98405,-5.11005,0.384
1778964813417,Accelerometer,1.5970501,-5.9050503,1.16205
1778964813436,Accelerometer,1.8840001,-2.1100502,0.882
1778964813450,Accelerometer,4.7710505,0.91305006,2.39805
1778964813450,Gyroscope,0.0196625,0.0815375,1.3267375
1778964813475,Accelerometer,8.59305,1.38495,2.52705
1778964813498,Accelerometer,8.04405,4.0020003,2.5890002
1778964813504,Accelerometer,5.01795,4.3489504,0.70500004
1778964813528,Accelerometer,2.028,1.7179501,0.22605
1778964813528,Gyroscope,0.0526625,0.9123125,-1.0153
1778964813555,Accelerometer,0.65805006,-0.82395005,-0.16305001
1778964813572,Accelerometer,-0.76305,-1.9110001,-0.35295
1778964813584,Accelerometer,-1.86195,-1.33905,-0.28800002
1778964813606,Accelerometer,-3.0690002,-0.10605001,-0.82905006
1778964813606,Gyroscope,0.0416625,-0.5487625,-0.78925
1778964813633,Accelerometer,-3.7110002,0.66705,-0.62295
1778964813649,Accelerometer,-3.6030002,-0.052950002,-2.2030501
1778964813665,Accelerometer,-1.2709501,-1.9729501,-1.2790501
1778964813683,Accelerometer,-1.98195,-4.566,-1.5660001
1778964813684,Gyroscope,-0.0878625,-1.2390125,0.494725
1778964813708,Accelerometer,-3.354,-3.6469502,-0.36900002
1778964813729,Accelerometer,-51.702003,-11.851951,-5.26095
1778964813746,Accelerometer,25.041,-49.711052,17.362051
1778964813763,Accelerometer,-9.088051,-30.492,4.842
1778964813763,Gyroscope,-0.94063747,-3.2439,1.1801625
1778964813785,Accelerometer,-4.85505,-9.20895,1.5090001
1778964813805,Accelerometer,-7.8460503,-5.49795,-0.34305
1778964813830,Accelerometer,-24.28005,-5.2099504,-0.19695
1778964813849,Accelerometer,-3.15,-9.7240505,-7.9879503
1778964813849,Gyroscope,-0.577775,-0.8628125,0.54614997
1778964813867,Accelerometer,-16.257,-57.597004,-4.5930004
1778964813882,Accelerometer,1.14405,-13.420051,-2.32305
1778964813902,Accelerometer,-6.25605,-5.34705,1.62705
1778964813916,Accelerometer,-10.630051,-1.35105,1.8970501
1778964813917,Gyroscope,0.5009125,1.1028875,0.35433748
1778964813942,Accelerometer,-3.5449502,8.90505,-1.03005
1778964813963,Accelerometer,-4.58895,6.4459505,-3.4669502
1778964813980,Accelerometer,-6.2320504,-1.779,-4.99695
1778964813997,Accelerometer,-8.889001,-21.28305,-0.64695
1778964813997,Gyroscope,-0.3163875,0.1683,-0.930875
1778964814018,Accelerometer,-9.708,-9.184951,-0.597
1778964814038,Accelerometer,-2.46105,-6.7759504,-2.05005
1778964814062,Accelerometer,-4.7569504,-10.732051,-2.4829502
1778964814079,Accelerometer,-7.14405,-9.819,-2.148
1778964814079,Gyroscope,0.13695,0.25135,-0.4618625
1778964814099,Accelerometer,-7.1629505,-9.297001,-1.27695
1778964814116,Accelerometer,-7.5340505,-7.8700504,-1.29795
1778964814135,Accelerometer,-5.57805,-6.918,-1.542
1778964814145,Accelerometer,-5.0869503,-7.8439503,-1.47105
1778964814149,Gyroscope,0.035475,-0.0675125,-1.25345
1778964814174,Accelerometer,-5.511,-9.25905,-1.7220001
1778964814195,Accelerometer,-4.7470503,-8.955001,-1.9260001
1778964814212,Accelerometer,-5.3869505,-8.337001,-1.7530501
1778964814227,Accelerometer,-4.8450003,-8.847,-1.57605
1778964814228,Gyroscope,-0.0133375,-0.22013749,-1.2925
1778964814251,Accelerometer,-3.7680001,-9.108001,-1.8970501
1778964814271,Accelerometer,-3.663,-8.743951,-1.296
1778964814295,Accelerometer,-3.52905,-8.11005,-1.1910001
1778964814313,Accelerometer,-3.117,-7.7700005,-1.2859501
1778964814313,Gyroscope,-0.0231,-0.2531375,-1.1251625
1778964814331,Accelerometer,-3.15,-7.5259504,-1.296
1778964814349,Accelerometer,-3.2440503,-7.2670503,-1.1590501
1778964814368,Accelerometer,-3.3300002,-6.7639503,-1.24605
1778964814382,Accelerometer,-3.0310502,-6.2689505,-1.27695
1778964814383,Gyroscope,-0.0072875,-0.2996125,-0.49115
1778964814397,Accelerometer,-2.5729501,-6.4459505,-1.3800001
1778964814427,Accelerometer,-2.39595,-6.9150004,-1.6000501
1778964814446,Accelerometer,-2.40105,-8.005051,-1.66005
1778964814460,Accelerometer,-2.5519502,-9.958051,-0.93195003
1778964814460,Gyroscope,-0.0488125,0.021724999,-0.1172875
1778964814485,Accelerometer,-1.9750501,-10.582951,-1.6860001
1778964814504,Accelerometer,-2.8459501,-10.222051,-1.24605
1778964814526,Accelerometer,-2.1690001,-9.357,-1.9950001
1778964814546,Accelerometer,-1.6320001,-10.593,-1.9159501
1778964814546,Gyroscope,-0.1403875,0.1243,-0.107525
1778964814564,Accelerometer,-3.45,-14.481001,-0.46995002
1778964814582,Accelerometer,-3.0949502,-13.23795,-1.19505
1778964814601,Accelerometer,-3.31095,-10.31295,-1.95
1778964814619,Accelerometer,-2.25,-9.460051,-1.9420501
1778964814620,Gyroscope,-0.1013375,-0.094325,-0.526625
1778964814647,Accelerometer,-3.1669502,-9.003,-2.088
1778964814659,Accelerometer,-3.6030002,-8.409,-1.7149501
1778964814679,Accelerometer,-3.5050502,-7.6500006,-1.7320501
1778964814693,Accelerometer,-3.07095,-6.9820504,-1.8270001
1778964814693,Gyroscope,-0.09405,-0.635525,-0.5999125
1778964814718,Accelerometer,-2.3100002,-6.939,-1.5640501
1778964814742,Accelerometer,-0.86100006,-8.052,-1.5829501
1778964814760,Accelerometer,-0.28005,-9.778951,-1.9450501
1778964814777,Accelerometer,-0.88095003,-10.04895,-1.24605
1778964814777,Gyroscope,-0.1441,-0.0528,-0.2358125
1778964814797,Accelerometer,-1.1149501,-9.51105,-0.98700005
1778964814815,Accelerometer,-1.6489501,-9.84105,-1.76505
1778964814834,Accelerometer,-1.4599501,-10.329,-2.1460502
1778964814849,Accelerometer,-1.74495,-10.276951,-2.23005
1778964814849,Gyroscope,-0.122099996,0.0999625,0.08305
1778964814867,Accelerometer,-1.3230001,-10.144951,-1.42005
1778964814893,Accelerometer,-0.29895002,-11.332951,-2.45895
1778964814912,Accelerometer,0.36600003,-13.33695,-1.542
1778964814928,Accelerometer,-1.8259501,-11.376,-0.66405004
1778964814928,Gyroscope,-0.0402875,-0.0015125,0.0622875
1778964814946,Accelerometer,-2.39895,-8.34195,-1.42005
1778964814971,Accelerometer,-2.334,-8.3560505,-2.24895
1778964814990,Accelerometer,-1.39995,-9.24705,-2.5860002
1778964815009,Accelerometer,-1.4650501,-9.658951,-2.4450002
1778964815009,Gyroscope,-0.0231,-0.1150875,0.01705
1778964815028,Accelerometer,-1.7590501,-9.85995,-1.7010001
1778964815048,Accelerometer,-1.63995,-9.65205,-1.16205
1778964815067,Accelerometer,-1.2349501,-9.661051,-1.6669501
1778964815082,Accelerometer,-1.7329501,-9.646951,-2.05005
1778964815082,Gyroscope,-0.0133375,0.1780625,0.135575
1778964815107,Accelerometer,-2.25,-9.34305,-2.3689501
1778964815126,Accelerometer,-2.4750001,-9.37395,-2.424
1778964815145,Accelerometer,-2.43705,-9.432,-2.151
1778964815159,Accelerometer,-2.2789502,-9.405001,-1.76505
1778964815160,Gyroscope,-0.0023375,-0.011275,0.0012375
1778964815184,Accelerometer,-1.8790501,-9.460051,-1.74405
1778964815207,Accelerometer,-1.6660501,-9.549001,-1.72695
1778964815225,Accelerometer,-1.93605,-9.441,-1.8679501
1778964815240,Accelerometer,-1.491,-9.54405,-1.7530501
1778964815240,Gyroscope,-0.0121,0.1304875,0.0402875
1778964815261,Accelerometer,-1.7950501,-9.906,-1.74405
1778964815281,Accelerometer,-2.4100502,-9.63,-1.674
1778964815301,Accelerometer,-2.43705,-9.228001,-1.95
1778964815315,Accelerometer,-1.608,-9.357,-2.1460502
1778964815316,Gyroscope,-0.0378125,-0.0125124995,-0.00495
1778964815340,Accelerometer,-1.67805,-9.52005,-1.9969501
1778964815359,Accelerometer,-1.812,-9.585,-1.9969501
1778964815379,Accelerometer,-1.8889501,-9.798,-1.6330501
1778964815392,Accelerometer,-1.9150501,-9.56595,-1.78005
1778964815393,Gyroscope,-0.025575,0.037675,0.014712499
1778964815417,Accelerometer,-2.1660001,-9.39105,-2.0310001
1778964815428,Accelerometer,-2.15895,-9.5460005,-2.09295
1778964815456,Accelerometer,-2.26005,-9.633,-2.18895
1778964815476,Accelerometer,-2.3389502,-9.348001,-2.1460502
1778964815476,Gyroscope,-0.0158125,-0.0455125,-0.0952875
1778964815495,Accelerometer,-1.98195,-9.166051,-2.115
1778964815507,Accelerometer,-1.4140501,-9.63,-2.02605
1778964815534,Accelerometer,-1.7400001,-9.760051,-1.8540001
1778964815556,Accelerometer,-2.1330001,-9.37395,-1.8349501
1778964815557,Gyroscope,-0.00605,-0.0270875,-0.074525
1778964815577,Accelerometer,-1.8070501,-9.54195,-2.0760002
1778964815587,Accelerometer,-1.455,-9.72105,-1.9519501
1778964815611,Accelerometer,-1.48395,-9.649051,-1.9660501
1778964815626,Accelerometer,-1.7260501,-9.63,-1.8750001
1778964815626,Gyroscope,0.033,-0.011275,-0.0268125
1778964815650,Accelerometer,-1.86195,-9.52005,-2.115
1778964815672,Accelerometer,-2.02305,-9.43605,-2.0760002
1778964815690,Accelerometer,-2.013,-9.34305,-1.8700501
1778964815705,Accelerometer,-1.7809501,-9.514951,-1.6189501
1778964815706,Gyroscope,0.0697125,-0.0160875,-0.0622875
1778964815728,Accelerometer,-1.21095,-9.786,-1.35105
1778964815748,Accelerometer,-1.434,-9.843,-1.8010501
1778964815772,Accelerometer,-1.9750501,-9.307051,-1.8319501
1778964815789,Accelerometer,-1.98195,-9.27105,-1.8900001
1778964815789,Gyroscope,0.1271875,0.1915375,-0.057475
1778964815807,Accelerometer,-1.9650002,-9.321,-2.196
1778964815825,Accelerometer,-2.2399502,-9.537001,-2.04795
1778964815844,Accelerometer,-2.18505,-9.52005,-1.8060001
1778964815859,Accelerometer,-1.6900501,-9.307051,-1.7320501
1778964815859,Gyroscope,0.1392875,-0.0185625,-0.190575
1778964815884,Accelerometer,-1.3069501,-9.372001,-1.8270001
1778964815904,Accelerometer,-1.4100001,-9.760051,-2.04495
1778964815922,Accelerometer,-1.83105,-9.561001,-2.1670501
1778964815938,Accelerometer,-1.62495,-9.811951,-1.983
1778964815938,Gyroscope,0.1662375,0.0180125,-0.1233375
1778964815961,Accelerometer,-0.924,-10.321951,-2.0020502
1778964815981,Accelerometer,-1.6180501,-9.97305,-1.7389501
1778964816004,Accelerometer,-2.59995,-9.307051,-1.6720501
1778964816021,Accelerometer,-2.1760502,-9.621,-1.593
1778964816022,Gyroscope,0.2382875,-0.2641375,-0.2321
1778964816041,Accelerometer,-1.09095,-9.538951,-2.1100502
1778964816058,Accelerometer,-1.4290501,-9.61305,-1.677
1778964816069,Accelerometer,-1.56105,-9.61095,-1.4950501
1778964816092,Accelerometer,-1.21305,-9.621,-1.4280001
1778964816092,Gyroscope,0.308,-0.3716625,-0.31033748
1778964816117,Accelerometer,-1.3620001,-9.61305,-1.4680501
1778964816136,Accelerometer,-1.764,-9.5460005,-1.5310501
1778964816155,Accelerometer,-1.659,-9.56295,-1.6810501
1778964816170,Accelerometer,-1.40205,-9.405001,-1.3050001
1778964816170,Gyroscope,0.352,-0.447425,-0.4593875
1778964816194,Accelerometer,-1.47195,-10.123051,-1.4490001
1778964816214,Accelerometer,-1.79805,-10.67895,-1.9950001
1778964816237,Accelerometer,-1.9120501,-10.056001,-1.8319501
1778964816256,Accelerometer,-2.2020001,-9.658951,-0.99405
1778964816256,Gyroscope,0.5828625,-0.2629,-1.0971125
1778964816273,Accelerometer,-3.41595,-9.76395,-0.08205
1778964816291,Accelerometer,-3.588,-10.107,0.324
1778964816309,Accelerometer,-3.9480002,-10.993051,-0.29700002
1778964816327,Accelerometer,-1.9939501,-10.854,-1.4610001
1778964816327,Gyroscope,0.2212375,-2.152975,-1.5063125
1778964816350,Accelerometer,-1.1580001,-10.684051,-3.46005
1778964816369,Accelerometer,-5.6260505,-9.934051,-6.73995
1778964816388,Accelerometer,-9.069,-10.449,-3.3649502
1778964816403,Accelerometer,-7.66095,-11.1,0.13695
1778964816403,Gyroscope,0.024475,-3.164425,0.962775
1778964816428,Accelerometer,-6.8280005,-11.809051,1.9189501
1778964816447,Accelerometer,-3.2340002,-10.03995,0.58005005
1778964816469,Accelerometer,-0.77295005,-10.54695,0.22800002
1778964816486,Accelerometer,-0.040050004,-11.548051,0.16395001
1778964816487,Gyroscope,0.1307625,-0.4156625,2.487375
1778964816506,Accelerometer,-0.124050006,-11.163,-0.321
1778964816525,Accelerometer,-0.22500001,-10.593,-0.49095002
1778964816544,Accelerometer,1.4430001,-9.252001,-0.89400005
1778964816558,Accelerometer,3.9090002,-7.9249506,-1.095
1778964816559,Gyroscope,0.3323375,-0.3069,1.5307875
1778964816583,Accelerometer,5.4030004,-6.8500504,-0.80700004
1778964816604,Accelerometer,5.35995,-5.649,-2.0959501
1778964816622,Accelerometer,10.065001,-5.0809503,-3.55095
1778964816637,Accelerometer,12.361051,-9.11295,-2.1670501
1778964816638,Gyroscope,0.0611875,-0.591525,-1.5087875
1778964816660,Accelerometer,-2.2360501,-14.208001,-2.673
1778964816675,Accelerometer,-3.4350002,-15.120001,2.90295
1778964816700,Accelerometer,-3.96705,-10.79895,2.3419502
1778964816720,Accelerometer,3.4110003,-7.3050003,3.6190503
1778964816720,Gyroscope,0.1502875,-0.375375,-0.3359125
1778964816739,Accelerometer,2.6239502,-11.61495,1.54005
1778964816758,Accelerometer,1.4460001,-16.56195,-1.27695
1778964816777,Accelerometer,-1.2589501,-11.34,-1.5109501
1778964816790,Accelerometer,-4.9939504,-8.548051,-0.29505002
1778964816791,Gyroscope,0.18205,0.2440625,0.30305
1778964816816,Accelerometer,-7.1010003,-7.7650504,0.16605
1778964816835,Accelerometer,-3.696,-9.40005,-0.32895002
1778964816855,Accelerometer,1.7230501,-11.755951,-0.132
1778964816869,Accelerometer,-0.32700002,-11.09805,1.2430501
1778964816869,Gyroscope,0.040425,-0.2006125,0.1661
1778964816894,Accelerometer,-3.5670002,-9.345,1.28205
1778964816916,Accelerometer,-3.52905,-8.895,-0.0049500004
1778964816934,Accelerometer,-2.9950502,-9.34095,-0.31905
1778964816951,Accelerometer,-3.114,-9.561001,-0.04095
1778964816951,Gyroscope,0.0099,-0.4241875,-0.1258125
1778964816972,Accelerometer,-3.1690502,-9.349951,-0.36
1778964816991,Accelerometer,-2.64,-10.18095,0.55395
1778964817010,Accelerometer,-2.154,-9.951,0.72195005
1778964817025,Accelerometer,-2.02005,-9.304951,0.46500003
1778964817025,Gyroscope,-0.13915,-0.759,-0.2418625
1778964817049,Accelerometer,-1.74495,-9.56295,0.28305
1778964817068,Accelerometer,-1.21605,-9.982051,0.34995002
1778964817088,Accelerometer,-1.67805,-9.63,0.24300002
1778964817102,Accelerometer,-2.2759502,-9.68295,-0.04605
1778964817103,Gyroscope,-0.100099996,-0.254375,0.050049998
1778964817127,Accelerometer,-2.0680501,-9.75,0.010050001
1778964817149,Accelerometer,-1.67295,-9.589951,0.42195
1778964817167,Accelerometer,-2.5849502,-9.316951,-0.058050003
1778964817184,Accelerometer,-2.937,-9.75195,0.64995
1778964817184,Gyroscope,-0.1159125,-0.5732375,0.0537625
1778964817200,Accelerometer,-1.56105,-9.843,0.36195
1778964817223,Accelerometer,-1.7380501,-10.06095,0.45105
1778964817243,Accelerometer,-1.4770501,-9.57495,0.13995
1778964817262,Accelerometer,-2.3029501,-9.835951,0.10095
1778964817262,Gyroscope,-0.15015,-0.3361875,-0.0012375
1778964817282,Accelerometer,-1.9530001,-9.73095,-0.06795
1778964817301,Accelerometer,-2.5830002,-9.609,-0.036000002
1778964817320,Accelerometer,-2.8920002,-9.525001,0.54405004
1778964817336,Accelerometer,-1.52505,-9.349951,0.36705002
1778964817336,Gyroscope,-0.07205,-0.072325,-0.0317625
1778964817352,Accelerometer,-1.24695,-9.943951,0.043950003
1778964817380,Accelerometer,-2.355,-9.88395,0.21900001
1778964817399,Accelerometer,-2.4100502,-9.786,0.00795
1778964817416,Accelerometer,-2.391,-9.670951,0.135
1778964817416,Gyroscope,-0.091575,0.08525,0.044
1778964817435,Accelerometer,-2.013,-9.297001,0.22095
1778964817457,Accelerometer,-2.157,-9.702001,-0.12495001
1778964817482,Accelerometer,-1.8859501,-9.657001,-0.33795002
1778964817498,Accelerometer,-1.9459502,-9.51795,-0.21405001
1778964817499,Gyroscope,-0.0891,-0.0735625,0.013475
1778964817517,Accelerometer,-2.1400502,-9.393001,-0.31395
1778964817535,Accelerometer,-1.89795,-10.044001,-0.23505001
1778964817554,Accelerometer,-2.0370002,-9.645,0.043950003
1778964817568,Accelerometer,-2.2399502,-9.396001,0.018000001
1778964817569,Gyroscope,-0.0671,-0.0039875,0.035475
1778964817591,Accelerometer,-2.355,-9.85095,-0.21795002
1778964817614,Accelerometer,-2.5540502,-9.691951,-0.051000003
1778964817632,Accelerometer,-1.9630501,-9.52995,-0.03195
1778964817648,Accelerometer,-1.6320001,-9.7570505,-0.36705002
1778964817648,Gyroscope,-0.0793375,-0.047849998,0.0622875
1778964817671,Accelerometer,-2.09205,-9.778951,-0.28800002
1778964817690,Accelerometer,-2.0029502,-9.634951,-0.35700002
1778964817715,Accelerometer,-2.1379502,-9.691951,-0.32895002
1778964817733,Accelerometer,-2.5900502,-9.634951,-0.156
1778964817733,Gyroscope,0.0111375,0.065725,0.1478125
1778964817751,Accelerometer,-2.63295,-9.549001,-0.028950002
1778964817768,Accelerometer,-2.4150002,-9.621,0.01305
1778964817787,Accelerometer,-2.5489502,-9.52005,-0.147
1778964817801,Accelerometer,-2.46795,-9.53205,-0.0049500004
1778964817802,Gyroscope,-0.036575,-0.0638,0.063525
1778964817826,Accelerometer,-2.1780002,-9.84105,-0.18705001
1778964817845,Accelerometer,-2.286,-9.69495,-0.37905002
1778964817865,Accelerometer,-2.47005,-9.484051,-0.264
1778964817880,Accelerometer,-2.14695,-9.661051,-0.25395
1778964817880,Gyroscope,-0.0023375,0.0022,0.0867625
1778964817905,Accelerometer,-2.403,-9.646951,-0.31695002
1778964817924,Accelerometer,-2.3790002,-9.53205,-0.058050003
1778964817947,Accelerometer,-2.67405,-9.70695,0.063
1778964817965,Accelerometer,-2.6140501,-9.417001,-0.13905
1778964817965,Gyroscope,-0.008525,0.0449625,0.0782375
1778964817984,Accelerometer,-2.49405,-9.460051,-0.20205002
1778964817993,Accelerometer,-2.32695,-9.766951,-0.29295
1778964818020,Accelerometer,-2.26395,-9.81,-0.30900002
