timestamp,sensor,x,y,z
1780861683821,Accelerometer,2.12205,9.71895,-0.003
1780861683845,Accelerometer,2.08395,9.741,-0.06105
1780861683865,Accelerometer,1.9950001,9.748051,-0.09
1780861683885,Accelerometer,2.0650501,9.774,-0.087000005
1780861683905,Accelerometer,2.1390002,9.745951,-0.09
1780861683923,Accelerometer,2.0340002,9.70995,-0.10395
1780861683943,Accelerometer,1.9909501,9.777,-0.13305001
1780861683963,Accelerometer,2.08395,9.7240505,-0.109050006
1780861683985,Accelerometer,2.1370502,9.772051,-0.13305001
1780861684001,Accelerometer,2.0650501,9.748051,-0.01995
1780861684021,Accelerometer,2.0029502,9.717,-0.01305
1780861684040,Accelerometer,1.96395,9.733951,0.052950002
1780861684063,Accelerometer,2.0650501,9.70005,-0.09
1780861684079,Accelerometer,2.079,9.769951,-0.042000003
1780861684098,Accelerometer,2.12505,9.729,-0.01995
1780861684118,Accelerometer,2.082,9.757951,-0.12795001
1780861684140,Accelerometer,1.9980001,9.741,-0.07305
1780861684157,Accelerometer,2.19705,9.777,-0.14895001
1780861684176,Accelerometer,2.091,9.766951,-0.20505
1780861684196,Accelerometer,2.046,9.774,0.02205
1780861684216,Accelerometer,2.1460502,9.69795,0.0
1780861684234,Accelerometer,2.12895,9.79605,-0.015000001
1780861684254,Accelerometer,2.0070002,9.705001,-0.01995
1780861684274,Accelerometer,2.02395,9.74295,-0.03195
1780861684298,Accelerometer,2.05305,9.739051,-0.14205001
1780861684312,Accelerometer,1.8919501,9.745951,-0.20205002
1780861684332,Accelerometer,1.8610501,9.715051,-0.10605001
1780861684351,Accelerometer,2.02905,9.7240505,-0.18795002
1780861684371,Accelerometer,2.1460502,9.769951,-0.22395001
1780861684380,Accelerometer,2.08395,9.778951,-0.05595
1780861684410,Accelerometer,2.0770502,9.7240505,-0.03705
1780861684430,Accelerometer,2.25195,9.753,0.010050001
1780861684449,Accelerometer,2.151,9.777,0.01695
1780861684460,Accelerometer,2.1990001,9.727051,-0.09
1780861684487,Accelerometer,2.0389502,9.73095,0.015000001
1780861684507,Accelerometer,2.08605,9.73095,0.027
1780861684527,Accelerometer,2.2470002,9.729,-0.030000001
1780861684540,Accelerometer,2.19405,9.757951,0.024
1780861684565,Accelerometer,1.96395,9.68595,-0.03195
1780861684585,Accelerometer,1.9950001,9.754951,-0.11595
1780861684605,Accelerometer,2.05995,9.73095,-0.09195001
1780861684621,Accelerometer,2.0650501,9.760051,-0.07005
1780861684643,Accelerometer,2.0650501,9.741,-0.066
1780861684663,Accelerometer,2.1100502,9.73095,0.015000001
1780861684682,Accelerometer,2.29905,9.814951,0.010050001
1780861684701,Accelerometer,2.4739501,10.441951,-0.39600003
1780861684720,Accelerometer,1.5520501,8.629951,0.513
1780861684740,Accelerometer,1.47105,10.026,0.41700003
1780861684759,Accelerometer,2.2399502,7.7080503,-0.55395
1780861684779,Accelerometer,1.8589501,9.736051,0.37095
1780861684798,Accelerometer,3.1020002,8.40705,-0.70995003
1780861684818,Accelerometer,1.2889501,9.607051,1.245
1780861684837,Accelerometer,2.424,10.548,-1.2049501
1780861684856,Accelerometer,2.7970502,9.55395,-0.34605002
1780861684876,Accelerometer,2.3740501,9.765,0.60405004
1780861684895,Accelerometer,1.6699501,9.727051,-0.52305
1780861684915,Accelerometer,1.866,9.757951,-0.15405001
1780861684934,Accelerometer,2.1079502,9.705001,0.10305001
1780861684954,Accelerometer,2.0650501,9.762,-0.03195
1780861684973,Accelerometer,2.019,9.70995,0.08895
1780861684993,Accelerometer,2.046,9.729,-0.0010500001
1780861685012,Accelerometer,2.1679502,9.778951,-0.09705
1780861685031,Accelerometer,2.118,9.71895,-0.00795
1780861685052,Accelerometer,2.11305,9.741,-0.00795
1780861685074,Accelerometer,2.0359502,9.757951,-0.21900001
1780861685089,Accelerometer,2.1460502,9.790951,-0.123
1780861685101,Accelerometer,2.082,9.71205,-0.094050005
1780861685129,Accelerometer,2.02395,9.748051,-0.16095
1780861685148,Accelerometer,2.0340002,9.475051,-0.40605003
1780861685168,Accelerometer,1.38195,10.035001,0.24900001
1780861685185,Accelerometer,2.022,9.98295,-0.22395001
1780861685207,Accelerometer,2.53395,9.73095,0.28500003
1780861685226,Accelerometer,2.5480502,9.262051,-0.025050001
1780861685246,Accelerometer,1.9740001,9.6,0.11805001
1780861685262,Accelerometer,1.9710001,9.966001,-0.21900001
1780861685283,Accelerometer,2.046,9.83205,-0.39795002
1780861685303,Accelerometer,2.8909502,9.255,-0.22800002
1780861685322,Accelerometer,2.93895,9.292951,-0.42495003
1780861685341,Accelerometer,2.30205,9.40305,-2.0389502
1780861685361,Accelerometer,0.46800002,10.585951,0.34005
1780861685380,Accelerometer,1.27995,9.870001,-0.066
1780861685400,Accelerometer,3.0580502,9.5130005,-0.063
1780861685420,Accelerometer,3.216,10.078951,0.70695
1780861685439,Accelerometer,2.3380501,10.62405,0.75195
1780861685459,Accelerometer,1.18095,10.23705,0.079050004
1780861685478,Accelerometer,1.5979501,8.7640505,0.513
1780861685497,Accelerometer,1.6290001,9.48705,0.771
1780861685517,Accelerometer,1.7389501,9.52305,0.75195
1780861685536,Accelerometer,1.608,9.754951,0.762
1780861685556,Accelerometer,1.4470501,9.97605,0.39105
1780861685576,Accelerometer,0.777,9.53295,0.108
1780861685594,Accelerometer,2.05305,9.457951,0.43395
1780861685614,Accelerometer,3.3240001,9.68805,0.41205
1780861685634,Accelerometer,1.9789501,10.02795,0.702
1780861685653,Accelerometer,1.46895,9.628051,0.61605
1780861685672,Accelerometer,1.2910501,9.537001,0.36195
1780861685692,Accelerometer,1.7389501,9.897,0.47700003
1780861685711,Accelerometer,1.8780001,10.134001,0.56295
1780861685730,Accelerometer,1.9210501,9.873,0.45000002
1780861685742,Accelerometer,2.1100502,9.624001,0.47205
1780861685769,Accelerometer,2.02395,9.65505,0.69000006
1780861685789,Accelerometer,1.488,9.22095,0.40695003
1780861685809,Accelerometer,3.51795,9.123,0.54105
1780861685826,Accelerometer,2.56305,10.155001,0.53205
1780861685847,Accelerometer,15.339001,21.36795,7.7100005
1780861685867,Accelerometer,-3.8220003,3.3430502,2.874
1780861685886,Accelerometer,2.5200002,12.013051,-1.1020501
1780861685903,Accelerometer,2.57505,8.16495,0.53895
1780861685925,Accelerometer,4.497,6.67605,2.9190001
1780861685944,Accelerometer,-1.17795,8.77095,-2.09805
1780861685964,Accelerometer,-0.34995002,8.613001,-3.588
1780861685984,Accelerometer,-1.2739501,10.27995,-0.28800002
1780861686002,Accelerometer,0.62805,11.07705,-1.65795
1780861686022,Accelerometer,3.7030501,10.543051,1.26705
1780861686041,Accelerometer,4.428,9.68595,1.5139501
1780861686061,Accelerometer,2.6830502,8.950951,0.076950006
1780861686081,Accelerometer,0.68595004,9.09195,-0.25500003
1780861686100,Accelerometer,1.45905,9.814951,0.43905002
1780861686119,Accelerometer,-0.78105,10.738951,2.67
1780861686139,Accelerometer,3.3310502,10.038,0.19695
1780861686160,Accelerometer,1.9810501,9.150001,0.18195
1780861686178,Accelerometer,-0.30705002,10.00395,0.01995
1780861686197,Accelerometer,1.2030001,9.955951,0.28995
1780861686217,Accelerometer,2.352,9.64305,0.13005
1780861686236,Accelerometer,3.0580502,9.549001,-0.27600002
1780861686255,Accelerometer,2.59395,9.825001,0.43605003
1780861686275,Accelerometer,1.36995,11.7619505,0.333
1780861686295,Accelerometer,1.7680501,9.35505,0.558
1780861686313,Accelerometer,0.92295,10.17405,0.91005003
1780861686333,Accelerometer,-2.5120502,8.58195,1.4299501
1780861686353,Accelerometer,1.2559501,9.14505,0.003
1780861686372,Accelerometer,5.4810004,9.66705,0.17805001
1780861686390,Accelerometer,5.41905,9.607051,0.36900002
1780861686411,Accelerometer,1.761,9.66405,0.88095003
1780861686430,Accelerometer,2.0310001,9.85095,0.192
1780861686450,Accelerometer,2.19705,9.573001,-0.123
1780861686467,Accelerometer,1.7580001,9.86505,-0.82005006
1780861686489,Accelerometer,1.3060501,10.258051,-0.22395001
1780861686508,Accelerometer,1.251,10.02795,-0.66195005
1780861686528,Accelerometer,1.9159501,9.457951,0.028950002
1780861686544,Accelerometer,2.7930002,9.8220005,0.27600002
1780861686566,Accelerometer,2.88105,9.898951,0.23505001
1780861686586,Accelerometer,2.5870502,9.748051,0.29205
1780861686605,Accelerometer,2.1990001,9.71895,0.30195
1780861686624,Accelerometer,2.0070002,9.703051,0.34995002
1780861686644,Accelerometer,1.8060001,9.70995,0.192
1780861686663,Accelerometer,1.8919501,9.70695,0.333
1780861686683,Accelerometer,1.88505,9.68595,0.41895002
1780861686703,Accelerometer,2.09805,9.733951,0.40695003
1780861686721,Accelerometer,1.8040501,9.693001,0.36195
1780861686741,Accelerometer,1.6030501,9.612,0.39105
1780861686761,Accelerometer,1.7890501,9.648001,0.21300001
1780861686781,Accelerometer,1.81305,9.717,0.28095
1780861686800,Accelerometer,1.6099501,9.5449505,0.42900002
1780861686819,Accelerometer,1.7700001,9.621,0.49095002
1780861686839,Accelerometer,2.4460502,9.68805,-0.20700002
1780861686857,Accelerometer,2.9580002,9.777,-0.93495005
1780861686877,Accelerometer,2.8240502,9.717,-1.5090001
1780861686897,Accelerometer,2.4859502,9.691051,-1.8019501
1780861686916,Accelerometer,2.06205,9.640051,-1.9159501
1780861686935,Accelerometer,2.1730502,9.846001,-1.7230501
1780861686955,Accelerometer,2.118,9.564,-1.3780501
1780861686974,Accelerometer,2.04795,9.84105,-1.0519501
1780861686994,Accelerometer,2.364,9.925051,-1.11
1780861687013,Accelerometer,2.6250002,9.778951,-1.248
1780861687025,Accelerometer,2.565,9.79605,-1.0570501
1780861687052,Accelerometer,2.4019501,9.715051,-0.94200003
1780861687072,Accelerometer,2.3860502,9.834001,-1.011
1780861687090,Accelerometer,1.9240501,9.61905,-0.89400005
1780861687105,Accelerometer,1.5979501,9.757951,-0.41505003
1780861687130,Accelerometer,1.83,9.849001,-0.40095
1780861687150,Accelerometer,1.9740001,9.65505,-0.44400004
1780861687168,Accelerometer,1.9590001,9.753,-0.28095
1780861687185,Accelerometer,2.1679502,9.83205,-0.17595
1780861687208,Accelerometer,2.0410502,9.736051,-0.15900001
1780861687228,Accelerometer,1.9519501,9.70995,-0.28605002
1780861687247,Accelerometer,1.8180001,9.774,-0.432
1780861687266,Accelerometer,1.7920501,9.798,-0.40800002
1780861687285,Accelerometer,1.7920501,9.7890005,-0.27600002
1780861687305,Accelerometer,1.57605,9.7890005,-0.22095
1780861687325,Accelerometer,1.58595,9.739051,-0.123
1780861687344,Accelerometer,1.6099501,9.778951,-0.075
1780861687363,Accelerometer,1.8090001,9.84405,0.11100001
1780861687383,Accelerometer,1.78005,9.760051,0.20895001
1780861687401,Accelerometer,1.5259501,9.762,0.31905
1780861687421,Accelerometer,1.3660501,9.70695,0.381
1780861687441,Accelerometer,1.2910501,9.78195,0.40995002
1780861687460,Accelerometer,1.71,9.80805,0.50595003
1780861687479,Accelerometer,1.677,9.786,0.52500004
1780861687499,Accelerometer,1.4899501,9.766951,0.61305004
1780861687518,Accelerometer,1.6170001,9.80595,0.42405003
1780861687539,Accelerometer,1.5600001,9.79605,0.34800002
1780861687559,Accelerometer,1.5169501,9.790951,0.37395
1780861687577,Accelerometer,1.4110501,9.777,0.34005
1780861687596,Accelerometer,1.452,9.772051,0.33600003
1780861687616,Accelerometer,1.536,9.825001,0.38805002
1780861687637,Accelerometer,1.5120001,9.802951,0.37395
1780861687654,Accelerometer,1.5190501,9.85305,0.37095
1780861687666,Accelerometer,1.69095,9.846001,0.33105
1780861687693,Accelerometer,1.7629501,9.8220005,0.26895002
1780861687713,Accelerometer,1.7389501,9.86295,0.24195
1780861687732,Accelerometer,1.6099501,9.82695,0.19695
1780861687746,Accelerometer,1.6699501,9.81795,0.21300001
1780861687772,Accelerometer,1.6720501,9.86295,0.108
1780861687791,Accelerometer,1.7299501,9.85095,0.18
1780861687809,Accelerometer,1.6309501,9.82995,0.23505001
1780861687827,Accelerometer,1.605,9.772051,0.30705002
1780861687849,Accelerometer,1.5810001,9.849001,0.29700002
1780861687868,Accelerometer,1.6650001,9.84105,0.30195
1780861687888,Accelerometer,1.7010001,9.790951,0.36195
1780861687907,Accelerometer,1.59105,9.85095,0.393
1780861687927,Accelerometer,1.6170001,9.8220005,0.30405003
1780861687946,Accelerometer,1.53795,9.7890005,0.25395
1780861687965,Accelerometer,1.5960001,9.825001,0.41205
1780861687985,Accelerometer,1.6290001,9.846001,0.42900002
1780861688005,Accelerometer,1.593,9.766951,0.40500003
1780861688025,Accelerometer,1.6030501,9.84105,0.29700002
1780861688043,Accelerometer,1.6890001,9.87705,0.24000001
1780861688062,Accelerometer,1.69095,9.82005,0.25905
1780861688082,Accelerometer,1.608,9.80805,0.38295
1780861688101,Accelerometer,1.4899501,9.825001,0.43905002
1780861688120,Accelerometer,1.6459501,9.81,0.31395
1780861688140,Accelerometer,1.8090001,9.825001,0.20400001
1780861688160,Accelerometer,1.713,9.87495,0.39105
1780861688179,Accelerometer,1.5979501,9.802951,0.34305
1780861688199,Accelerometer,1.7080501,9.8220005,0.27795002
1780861688219,Accelerometer,1.7509501,9.834001,0.18495001
1780861688228,Accelerometer,1.62705,9.8220005,0.23505001
1780861688256,Accelerometer,1.4640001,9.798,0.33600003
1780861688277,Accelerometer,1.43805,9.729,0.34500003
1780861688295,Accelerometer,1.4809501,9.798,0.36405003
1780861688307,Accelerometer,1.263,9.825001,0.56295
1780861688334,Accelerometer,1.1209501,9.65505,0.63195
1780861688353,Accelerometer,1.3249501,9.564,0.462
1780861688373,Accelerometer,0.94905007,9.681001,0.58905005
1780861688388,Accelerometer,1.22895,9.84405,0.66795003
1780861688412,Accelerometer,1.89495,9.616051,-0.0010500001
1780861688432,Accelerometer,1.6890001,9.753,-0.31695002
1780861688451,Accelerometer,1.605,10.045051,-0.40305
1780861688468,Accelerometer,1.42095,9.909,-0.39600003
1780861688489,Accelerometer,1.3270501,9.727051,0.14205001
1780861688510,Accelerometer,1.5480001,9.68595,0.855
1780861688529,Accelerometer,2.05305,9.68595,1.15005
1780861688549,Accelerometer,2.5870502,9.705001,1.2049501
1780861688567,Accelerometer,2.742,9.66705,1.1539501
1780861688587,Accelerometer,2.63205,9.681001,1.047
1780861688607,Accelerometer,2.352,9.769951,0.94605005
1780861688626,Accelerometer,2.424,9.68595,0.72300005
1780861688646,Accelerometer,2.89995,9.65205,0.453
1780861688665,Accelerometer,3.11595,9.633,0.096
1780861688684,Accelerometer,3.006,9.528001,-0.16095
1780861688704,Accelerometer,2.97495,9.39105,-0.29295
1780861688723,Accelerometer,3.1900501,9.583051,-0.16605
1780861688742,Accelerometer,2.946,9.85305,-0.11805001
1780861688762,Accelerometer,2.982,9.559051,-0.47700003
1780861688782,Accelerometer,3.2959502,9.588,-0.62805
1780861688801,Accelerometer,3.3390002,9.80595,-0.52305
1780861688821,Accelerometer,3.21195,9.703051,-0.171
1780861688840,Accelerometer,3.0900002,9.559051,0.22995001
1780861688859,Accelerometer,3.01305,9.54705,0.39795002
1780861688879,Accelerometer,2.637,9.540001,0.74700004
1780861688898,Accelerometer,2.43105,9.492001,1.0159501
1780861688917,Accelerometer,2.36205,9.61905,0.91995007
1780861688937,Accelerometer,2.3500502,9.68805,0.91305006
1780861688949,Accelerometer,2.46705,9.576,0.88605005
1780861688975,Accelerometer,2.36205,9.63105,0.67095006
1780861688995,Accelerometer,2.0029502,9.556951,0.61095005
1780861689015,Accelerometer,1.96395,9.609,0.66405004
1780861689035,Accelerometer,2.5770001,9.568951,0.61605
1780861689054,Accelerometer,2.6230502,9.549001,0.381
1780861689073,Accelerometer,2.0740502,9.74295,0.61095005
1780861689092,Accelerometer,2.2470002,9.595051,0.55305004
1780861689109,Accelerometer,2.769,9.58005,0.36
1780861689131,Accelerometer,2.877,9.769951,0.522
1780861689151,Accelerometer,2.70405,9.58005,0.50805
1780861689170,Accelerometer,2.4169502,9.681001,0.51495004
1780861689189,Accelerometer,2.328,9.571051,0.30405003
1780861689208,Accelerometer,2.5099502,9.67395,0.30705002
1780861689228,Accelerometer,2.604,9.733951,0.46005002
1780861689248,Accelerometer,2.529,9.604051,0.48600003
1780861689268,Accelerometer,2.079,9.49905,0.56295
1780861689286,Accelerometer,1.593,9.53505,0.65895003
1780861689306,Accelerometer,1.81605,9.525001,0.96000004
1780861689326,Accelerometer,2.2039502,9.436951,1.353
1780861689345,Accelerometer,2.4100502,9.55395,1.6789501
1780861689364,Accelerometer,2.3089502,9.50895,1.8970501
1780861689384,Accelerometer,1.9620001,9.49905,1.6140001
1780861689404,Accelerometer,2.043,9.55395,1.1880001
1780861689425,Accelerometer,2.7280502,9.597,0.78795004
1780861689442,Accelerometer,2.93595,9.56595,0.40005
1780861689462,Accelerometer,2.8909502,9.681001,0.076950006
1780861689480,Accelerometer,2.97495,9.70995,-0.28605002
1780861689500,Accelerometer,3.1570501,9.717,-0.54705
1780861689509,Accelerometer,3.1420503,9.69495,-0.64305
1780861689539,Accelerometer,2.86695,9.625951,-0.36495003
1780861689559,Accelerometer,2.7229502,9.601951,-0.26205
1780861689579,Accelerometer,2.63205,9.63105,-0.20505
1780861689594,Accelerometer,2.6800501,9.645,0.043050002
1780861689617,Accelerometer,2.802,9.65505,0.34005
1780861689637,Accelerometer,2.8980002,9.595051,0.34305
1780861689657,Accelerometer,2.979,9.657001,0.32595003
1780861689670,Accelerometer,2.8260002,9.607051,0.32805002
1780861689695,Accelerometer,2.4460502,9.564,0.30405003
1780861689714,Accelerometer,2.4190502,9.612,0.20595
1780861689733,Accelerometer,2.5099502,9.645,0.18705001
1780861689751,Accelerometer,2.39295,9.556951,0.18705001
1780861689773,Accelerometer,2.367,9.640051,0.156
1780861689793,Accelerometer,2.1990001,9.63105,0.312
1780861689811,Accelerometer,2.33295,9.583051,0.24900001
1780861689831,Accelerometer,2.56005,9.65205,0.17295001
1780861689850,Accelerometer,2.42595,9.637951,0.27600002
1780861689870,Accelerometer,2.3160002,9.595051,0.39495003
1780861689889,Accelerometer,2.469,9.592051,0.34995002
1780861689908,Accelerometer,2.4460502,9.648001,0.28995
1780861689927,Accelerometer,2.4499502,9.64995,0.18705001
1780861689948,Accelerometer,2.39295,9.588,0.04095
1780861689966,Accelerometer,2.42895,9.625951,-0.01305
1780861689986,Accelerometer,2.4,9.597,-0.05595
1780861690005,Accelerometer,2.5080001,9.648001,-0.063
1780861690026,Accelerometer,2.802,9.69495,-0.24795002
1780861690048,Accelerometer,2.84295,9.65505,-0.21900001
1780861690063,Accelerometer,2.766,9.58005,-0.22395001
1780861690084,Accelerometer,2.60805,9.660001,-0.279
1780861690103,Accelerometer,2.4,9.633,-0.06795
1780861690122,Accelerometer,2.52195,9.5779505,0.058050003
1780861690141,Accelerometer,2.769,9.65505,0.024
1780861690161,Accelerometer,2.5080001,9.607051,0.28095
1780861690181,Accelerometer,2.42895,9.58005,0.324
1780861690200,Accelerometer,2.6200502,9.648001,0.156
1780861690219,Accelerometer,2.63505,9.636001,0.16605
1780861690234,Accelerometer,2.57205,9.601951,0.064950004
1780861690258,Accelerometer,2.4739501,9.633,-0.054
1780861690277,Accelerometer,2.43405,9.636001,0.060000002
1780861690297,Accelerometer,2.6200502,9.61905,-0.063
1780861690312,Accelerometer,2.697,9.65505,-0.16395001
1780861690336,Accelerometer,2.604,9.64995,-0.08505
1780861690356,Accelerometer,2.5099502,9.609,-0.09705
1780861690374,Accelerometer,2.53395,9.636001,-0.19305001
1780861690391,Accelerometer,2.57505,9.616051,-0.11100001
1780861690415,Accelerometer,2.52195,9.66195,-0.006
1780861690433,Accelerometer,2.4810002,9.595051,0.079050004
1780861690452,Accelerometer,2.59605,9.564,-0.034950003
1780861690472,Accelerometer,2.6899502,9.640051,-0.018000001
1780861690492,Accelerometer,2.505,9.637951,0.04095
1780861690511,Accelerometer,2.4790502,9.609,0.120000005
1780861690530,Accelerometer,2.66295,9.607051,0.00795
1780861690549,Accelerometer,2.45805,9.607051,-0.058050003
1780861690569,Accelerometer,2.2470002,9.585,0.010050001
1780861690588,Accelerometer,2.46195,9.576,-0.07005
1780861690607,Accelerometer,2.7900002,9.66705,-0.08205
1780861690628,Accelerometer,2.7900002,9.67395,-0.14205001
1780861690647,Accelerometer,2.53395,9.588,-0.22800002
1780861690671,Accelerometer,2.42595,9.660001,-0.20895001
1780861690685,Accelerometer,2.496,9.625951,-0.16605
1780861690705,Accelerometer,2.6560502,9.68595,-0.08205
1780861690725,Accelerometer,2.7520502,9.64305,-0.075
1780861690744,Accelerometer,2.769,9.583051,-0.15900001
1780861690764,Accelerometer,2.5530002,9.64995,-0.22800002
1780861690783,Accelerometer,2.4100502,9.648001,-0.15900001
1780861690803,Accelerometer,2.4550502,9.628051,-0.08205
1780861690822,Accelerometer,2.5510502,9.64995,-0.054
1780861690841,Accelerometer,2.4859502,9.640051,0.08400001
1780861690861,Accelerometer,2.529,9.628051,0.06705
1780861690872,Accelerometer,2.4070501,9.625951,-0.03195
1780861690899,Accelerometer,2.3779502,9.66405,0.028950002
1780861690918,Accelerometer,2.328,9.607051,0.112950005
1780861690938,Accelerometer,2.32095,9.64305,0.16095
1780861690955,Accelerometer,2.4019501,9.609,0.28500003
1780861690977,Accelerometer,2.53695,9.616051,0.11505
1780861690996,Accelerometer,2.46705,9.636001,-0.03195
1780861691016,Accelerometer,2.3160002,9.636001,-0.07305
1780861691033,Accelerometer,2.35695,9.613951,-0.11100001
1780861691055,Accelerometer,2.45805,9.65205,-0.123
1780861691074,Accelerometer,2.53695,9.63105,-0.123
1780861691094,Accelerometer,2.6160002,9.64995,-0.21705002
1780861691113,Accelerometer,2.5870502,9.669001,-0.21705002
1780861691132,Accelerometer,2.57205,9.633,-0.21900001
1780861691153,Accelerometer,2.637,9.637951,-0.303
1780861691171,Accelerometer,2.52705,9.64995,-0.19995001
1780861691191,Accelerometer,2.4840002,9.628051,-0.087000005
1780861691210,Accelerometer,2.505,9.637951,-0.051000003
1780861691229,Accelerometer,2.5459502,9.648001,-0.003
1780861691249,Accelerometer,2.59395,9.633,-0.066
1780861691269,Accelerometer,2.4769502,9.648001,0.01695
1780861691288,Accelerometer,2.42205,9.636001,0.015000001
1780861691308,Accelerometer,2.46,9.613951,-0.06795
1780861691327,Accelerometer,2.50305,9.625951,-0.08505
1780861691347,Accelerometer,2.4190502,9.64305,-0.079950005
1780861691365,Accelerometer,2.5560002,9.612,-0.15195
1780861691385,Accelerometer,2.59395,9.633,-0.13005
1780861691404,Accelerometer,2.5800002,9.648001,-0.063
1780861691424,Accelerometer,2.496,9.66705,-0.126
1780861691443,Accelerometer,2.532,9.613951,-0.19500001
1780861691463,Accelerometer,2.53695,9.670951,-0.08205
1780861691483,Accelerometer,2.57505,9.621,-0.018000001
1780861691502,Accelerometer,2.48895,9.636001,-0.006
1780861691521,Accelerometer,2.46705,9.640051,0.003
1780861691541,Accelerometer,2.4480002,9.612,-0.00795
1780861691560,Accelerometer,2.35905,9.645,0.06705
1780861691580,Accelerometer,2.4190502,9.621,0.06705
1780861691594,Accelerometer,2.52195,9.640051,0.052950002
1780861691618,Accelerometer,2.4480002,9.648001,0.072000004
1780861691637,Accelerometer,2.3710501,9.624001,0.087000005
1780861691657,Accelerometer,2.32305,9.637951,0.02205
1780861691678,Accelerometer,2.32095,9.63105,-0.051000003
1780861691696,Accelerometer,2.5459502,9.669001,-0.079950005
1780861691716,Accelerometer,2.67105,9.669001,-0.18300001
1780861691735,Accelerometer,2.7160501,9.669001,-0.17805001
1780861691754,Accelerometer,2.604,9.637951,-0.30495003
1780861691774,Accelerometer,2.45295,9.648001,-0.31905
1780861691793,Accelerometer,2.4499502,9.624001,-0.312
1780861691813,Accelerometer,2.6160002,9.66195,-0.25695002
1780861691833,Accelerometer,2.6869502,9.640051,-0.22095
1780861691851,Accelerometer,2.52195,9.625951,-0.123
1780861691871,Accelerometer,2.49105,9.621,-0.078
1780861691891,Accelerometer,2.56005,9.625951,-0.0010500001
1780861691910,Accelerometer,2.49105,9.621,-0.027
1780861691929,Accelerometer,2.4769502,9.612,-0.006
1780861691949,Accelerometer,2.5200002,9.637951,0.0
1780861691968,Accelerometer,2.55795,9.633,-0.05595
1780861691988,Accelerometer,2.5440001,9.636001,-0.078
1780861692006,Accelerometer,2.6130002,9.625951,-0.066
1780861692027,Accelerometer,2.6110501,9.63105,-0.08505
1780861692047,Accelerometer,2.493,9.637951,-0.08505
1780861692065,Accelerometer,2.4379501,9.628051,-0.09
1780861692079,Accelerometer,2.52195,9.636001,-0.094050005
1780861692105,Accelerometer,2.5770001,9.66705,-0.066
1780861692124,Accelerometer,2.5170002,9.640051,-0.010950001
1780861692143,Accelerometer,2.45805,9.616051,-0.087000005
1780861692155,Accelerometer,2.4810002,9.681001,-0.07305
1780861692181,Accelerometer,2.328,9.604051,-0.03195
1780861692202,Accelerometer,2.4120002,9.65205,-0.09195001
1780861692220,Accelerometer,2.59605,9.660001,-0.15195
1780861692237,Accelerometer,2.66295,9.640051,-0.126
1780861692260,Accelerometer,2.4409502,9.628051,-0.07305
1780861692280,Accelerometer,2.39295,9.64995,-0.049050003
1780861692300,Accelerometer,2.5129502,9.613951,-0.05595
1780861692315,Accelerometer,2.5800002,9.65505,-0.022950001
1780861692338,Accelerometer,2.50095,9.648001,-0.04695
1780861692357,Accelerometer,2.4169502,9.63105,-0.10395
1780861692376,Accelerometer,2.3760002,9.63105,-0.01995
1780861692396,Accelerometer,2.50095,9.669001,-0.015000001
1780861692415,Accelerometer,2.6179502,9.65505,-0.14205001
1780861692435,Accelerometer,2.5200002,9.624001,-0.14895001
1780861692454,Accelerometer,2.4409502,9.64305,-0.12795001
1780861692474,Accelerometer,2.4049501,9.628051,-0.20205002
1780861692493,Accelerometer,2.5170002,9.660001,-0.20700002
1780861692512,Accelerometer,2.4739501,9.65205,-0.18300001
1780861692532,Accelerometer,2.46705,9.637951,-0.109050006
1780861692551,Accelerometer,2.565,9.657001,-0.11595
1780861692570,Accelerometer,2.6160002,9.65205,-0.10395
1780861692590,Accelerometer,2.5080001,9.609,-0.09900001
1780861692609,Accelerometer,2.3860502,9.640051,-0.06795
1780861692628,Accelerometer,2.4460502,9.64305,-0.03705
1780861692648,Accelerometer,2.60595,9.621,-0.09195001
1780861692669,Accelerometer,2.4499502,9.645,-0.058050003
1780861692690,Accelerometer,2.4190502,9.613951,-0.010950001
1780861692706,Accelerometer,2.5870502,9.640051,-0.11595
1780861692726,Accelerometer,2.59605,9.67395,-0.14205001
1780861692745,Accelerometer,2.48895,9.6,-0.12105001
1780861692765,Accelerometer,2.4480002,9.625951,-0.16605
1780861692785,Accelerometer,2.4049501,9.61905,-0.109050006
1780861692803,Accelerometer,2.46495,9.628051,-0.087000005
1780861692824,Accelerometer,2.4769502,9.648001,-0.06795
1780861692843,Accelerometer,2.5440001,9.607051,-0.06105
1780861692861,Accelerometer,2.52195,9.660001,-0.030000001
1780861692876,Accelerometer,2.4859502,9.613951,-0.030000001
1780861692901,Accelerometer,2.496,9.637951,-0.018000001
1780861692921,Accelerometer,2.5459502,9.624001,-0.07005
1780861692940,Accelerometer,2.529,9.628051,-0.102000006
1780861692956,Accelerometer,2.4120002,9.625951,-0.022950001
1780861692979,Accelerometer,2.59905,9.633,-0.13305001
1780861692998,Accelerometer,2.63205,9.637951,-0.20505
1780861693017,Accelerometer,2.45295,9.657001,-0.09900001
1780861693037,Accelerometer,2.43105,9.633,-0.06795
1780861693057,Accelerometer,2.50095,9.624001,-0.042000003
1780861693076,Accelerometer,2.52195,9.66405,-0.010950001
1780861693095,Accelerometer,2.424,9.612,0.027
1780861693115,Accelerometer,2.3760002,9.633,0.04095
1780861693134,Accelerometer,2.3710501,9.595051,0.039
1780861693153,Accelerometer,2.4049501,9.645,0.039
1780861693173,Accelerometer,2.3760002,9.613951,0.039
1780861693192,Accelerometer,2.52705,9.636001,-0.043950003
1780861693212,Accelerometer,2.53695,9.660001,-0.07005
1780861693231,Accelerometer,2.5530002,9.625951,-0.09900001
1780861693250,Accelerometer,2.6160002,9.64995,-0.16905001
1780861693270,Accelerometer,2.6899502,9.65205,-0.21405001
1780861693290,Accelerometer,2.6160002,9.61905,-0.27600002
1780861693311,Accelerometer,2.56995,9.660001,-0.26205
1780861693328,Accelerometer,2.568,9.628051,-0.27600002
1780861693348,Accelerometer,2.6230502,9.64305,-0.27405003
1780861693366,Accelerometer,2.6560502,9.68295,-0.25995
1780861693386,Accelerometer,2.5819502,9.621,-0.21705002
1780861693406,Accelerometer,2.49795,9.633,-0.16395001
1780861693425,Accelerometer,2.4499502,9.604051,-0.15705001
1780861693440,Accelerometer,2.48895,9.607051,0.010050001
1780861693464,Accelerometer,2.53695,9.625951,0.048
1780861693484,Accelerometer,2.592,9.6,0.055050004
1780861693504,Accelerometer,2.5510502,9.61905,-0.003
1780861693518,Accelerometer,2.42595,9.601951,0.01995
1780861693542,Accelerometer,2.328,9.63105,-0.06105
1780861693561,Accelerometer,2.3779502,9.607051,-0.123
1780861693581,Accelerometer,2.436,9.633,-0.14895001
1780861693598,Accelerometer,2.5200002,9.637951,-0.087000005
1780861693619,Accelerometer,2.6560502,9.625951,-0.034950003
1780861693639,Accelerometer,2.6950502,9.640051,-0.13005
1780861693658,Accelerometer,2.60595,9.637951,-0.13005
1780861693678,Accelerometer,2.60805,9.621,-0.11805001
1780861693697,Accelerometer,2.5870502,9.636001,-0.09900001
1780861693717,Accelerometer,2.4840002,9.633,-0.051000003
1780861693737,Accelerometer,2.4460502,9.624001,-0.07005
1780861693756,Accelerometer,2.52195,9.604051,-0.10395
1780861693775,Accelerometer,2.59395,9.63105,-0.102000006
1780861693795,Accelerometer,2.5770001,9.613951,-0.16095
1780861693814,Accelerometer,2.42595,9.616051,-0.19005
1780861693834,Accelerometer,2.529,9.645,-0.075
1780861693853,Accelerometer,2.6419501,9.63105,-0.10605001
1780861693871,Accelerometer,2.7229502,9.597,-0.18300001
1780861693892,Accelerometer,2.6130002,9.64305,-0.18795002
1780861693912,Accelerometer,2.45805,9.601951,-0.13995
1780861693932,Accelerometer,2.49795,9.612,-0.109050006
1780861693950,Accelerometer,2.5870502,9.63105,-0.14895001
1780861693969,Accelerometer,2.7109501,9.613951,-0.13800001
1780861693989,Accelerometer,2.57205,9.595051,-0.11805001
1780861694008,Accelerometer,2.53695,9.636001,-0.16605
1780861694028,Accelerometer,2.4790502,9.63105,-0.28095
1780861694047,Accelerometer,2.53905,9.583051,-0.22395001
1780861694067,Accelerometer,2.56305,9.63105,-0.18105
1780861694080,Accelerometer,2.6590502,9.616051,-0.15195
1780861694105,Accelerometer,2.7640502,9.601951,-0.22800002
1780861694126,Accelerometer,2.6779501,9.636001,-0.23595001
1780861694144,Accelerometer,2.6950502,9.588,-0.28395
1780861694163,Accelerometer,2.69895,9.604051,-0.28095
1780861694183,Accelerometer,2.6950502,9.645,-0.26205
1780861694203,Accelerometer,2.6590502,9.624001,-0.31905
1780861694223,Accelerometer,2.57505,9.6,-0.29595003
1780861694242,Accelerometer,2.4739501,9.5779505,-0.21195
1780861694261,Accelerometer,2.52705,9.613951,-0.16095
1780861694280,Accelerometer,2.66595,9.601951,-0.12105001
1780861694300,Accelerometer,2.7540002,9.61905,-0.11100001
1780861694319,Accelerometer,2.6470501,9.6,-0.10395
1780861694339,Accelerometer,2.46195,9.607051,-0.094050005
1780861694358,Accelerometer,2.46195,9.576,-0.19005
1780861694377,Accelerometer,2.53395,9.601951,-0.11595
1780861694396,Accelerometer,2.604,9.585,-0.08205
1780861694416,Accelerometer,2.6130002,9.604051,-0.087000005
1780861694435,Accelerometer,2.6179502,9.592051,-0.08205
1780861694456,Accelerometer,2.6950502,9.616051,-0.15705001
1780861694475,Accelerometer,2.6250002,9.609,-0.17805001
1780861694493,Accelerometer,2.53695,9.607051,-0.12795001
1780861694514,Accelerometer,2.6200502,9.595051,-0.25005
1780861694533,Accelerometer,2.5840502,9.645,-0.20700002
1780861694552,Accelerometer,2.56995,9.612,-0.18105
1780861694572,Accelerometer,2.57205,9.5779505,-0.21705002
1780861694592,Accelerometer,2.5480502,9.633,-0.18105
1780861694611,Accelerometer,2.6230502,9.595051,-0.13005
1780861694630,Accelerometer,2.59605,9.601951,-0.19695
1780861694639,Accelerometer,2.63205,9.588,-0.24300002
1780861694669,Accelerometer,2.604,9.592051,-0.25005
1780861694689,Accelerometer,2.73,9.61905,-0.28605002
1780861694708,Accelerometer,2.70195,9.6,-0.32895002
1780861694725,Accelerometer,2.7499502,9.640051,-0.30705002
1780861694747,Accelerometer,2.733,9.648001,-0.36705002
1780861694766,Accelerometer,2.62995,9.561001,-0.27195
1780861694786,Accelerometer,2.604,9.6,-0.24000001
1780861694800,Accelerometer,2.70405,9.628051,-0.25500003
1780861694824,Accelerometer,2.66805,9.612,-0.20505
1780861694844,Accelerometer,2.59905,9.5779505,-0.19995001
1780861694863,Accelerometer,2.63205,9.64995,-0.13800001
1780861694880,Accelerometer,2.5560002,9.576,-0.22605
1780861694902,Accelerometer,2.45805,9.628051,-0.18795002
1780861694922,Accelerometer,2.53905,9.609,-0.102000006
1780861694941,Accelerometer,2.50305,9.583051,-0.12105001
1780861694960,Accelerometer,2.3779502,9.58005,-0.10395
1780861694980,Accelerometer,2.49795,9.61905,-0.102000006
1780861694999,Accelerometer,2.6419501,9.604051,-0.10605001
1780861695021,Accelerometer,2.7280502,9.625951,-0.18105
1780861695038,Accelerometer,2.6470501,9.613951,-0.22605
1780861695057,Accelerometer,2.5410001,9.601951,-0.26205
1780861695078,Accelerometer,2.5480502,9.595051,-0.23295002
1780861695097,Accelerometer,2.63205,9.609,-0.23805001
1780861695116,Accelerometer,2.62995,9.67905,-0.29295
1780861695136,Accelerometer,2.6200502,9.607051,-0.34605002
1780861695155,Accelerometer,2.63895,9.612,-0.28800002
1780861695174,Accelerometer,2.6419501,9.609,-0.3
1780861695194,Accelerometer,2.6230502,9.601951,-0.31905
1780861695214,Accelerometer,2.6869502,9.628051,-0.36495003
1780861695233,Accelerometer,2.63205,9.595051,-0.324
1780861695251,Accelerometer,2.5080001,9.585,-0.264
1780861695272,Accelerometer,2.56005,9.601951,-0.23595001
1780861695290,Accelerometer,2.62995,9.621,-0.16905001
1780861695310,Accelerometer,2.62695,9.613951,-0.19695
1780861695329,Accelerometer,2.6950502,9.616051,-0.26700002
1780861695349,Accelerometer,2.6470501,9.607051,-0.27600002
1780861695362,Accelerometer,2.50305,9.613951,-0.26895002
1780861695388,Accelerometer,2.5480502,9.607051,-0.23805001
1780861695408,Accelerometer,2.57205,9.597,-0.22095
1780861695427,Accelerometer,2.604,9.616051,-0.22395001
1780861695444,Accelerometer,2.6869502,9.58005,-0.28800002
1780861695466,Accelerometer,2.66295,9.607051,-0.32205
1780861695485,Accelerometer,2.6539502,9.595051,-0.29595003
1780861695504,Accelerometer,2.55795,9.612,-0.26205
1780861695521,Accelerometer,2.5170002,9.585,-0.27195
1780861695544,Accelerometer,2.6230502,9.601951,-0.17805001
1780861695565,Accelerometer,2.733,9.613951,-0.21900001
1780861695582,Accelerometer,2.63505,9.6,-0.21900001
1780861695602,Accelerometer,2.6179502,9.601951,-0.18495001
1780861695621,Accelerometer,2.66595,9.604051,-0.15900001
1780861695640,Accelerometer,2.6950502,9.6,-0.14895001
1780861695660,Accelerometer,2.709,9.601951,-0.21405001
1780861695679,Accelerometer,2.5800002,9.6,-0.231
1780861695700,Accelerometer,2.4070501,9.571051,-0.22395001
1780861695718,Accelerometer,2.5099502,9.6,-0.264
1780861695738,Accelerometer,2.7469501,9.585,-0.29595003
1780861695757,Accelerometer,2.6779501,9.64995,-0.26700002
1780861695777,Accelerometer,2.56305,9.607051,-0.27195
1780861695796,Accelerometer,2.6899502,9.58005,-0.42495003
1780861695815,Accelerometer,2.70405,9.625951,-0.36705002
1780861695834,Accelerometer,2.5530002,9.597,-0.34800002
1780861695855,Accelerometer,2.5410001,9.589951,-0.28395
1780861695873,Accelerometer,2.56995,9.601951,-0.21195
1780861695893,Accelerometer,2.6869502,9.63105,-0.21405001
1780861695913,Accelerometer,2.73,9.624001,-0.35295
1780861695933,Accelerometer,2.697,9.612,-0.37005
1780861695955,Accelerometer,2.6250002,9.601951,-0.40605003
1780861695970,Accelerometer,2.3070002,9.583051,-0.40605003
1780861695990,Accelerometer,2.42205,9.592051,-0.25005
1780861696002,Accelerometer,2.697,9.609,-0.30495003
1780861696029,Accelerometer,2.8650002,9.628051,-0.37005
1780861696048,Accelerometer,2.7829502,9.613951,-0.40995002
1780861696068,Accelerometer,2.6779501,9.583051,-0.44205
1780861696083,Accelerometer,2.5099502,9.595051,-0.40605003
1780861696107,Accelerometer,2.6440501,9.612,-0.351
1780861696126,Accelerometer,2.73795,9.5779505,-0.42195
1780861696146,Accelerometer,2.6590502,9.625951,-0.39405003
1780861696163,Accelerometer,2.53695,9.58005,-0.34800002
1780861696184,Accelerometer,2.6110501,9.6,-0.33900002
1780861696204,Accelerometer,2.6539502,9.601951,-0.312
1780861696224,Accelerometer,2.6749501,9.589951,-0.28395
1780861696243,Accelerometer,2.661,9.601951,-0.279
1780861696262,Accelerometer,2.63895,9.58005,-0.312
1780861696282,Accelerometer,2.66805,9.604051,-0.34095
1780861696301,Accelerometer,2.7139502,9.601951,-0.34305
1780861696321,Accelerometer,2.6490002,9.609,-0.303
1780861696340,Accelerometer,2.5840502,9.6,-0.291
1780861696360,Accelerometer,2.56305,9.604051,-0.31695002
1780861696379,Accelerometer,2.5870502,9.604051,-0.34305
1780861696398,Accelerometer,2.6490002,9.601951,-0.31500003
1780861696417,Accelerometer,2.6419501,9.628051,-0.32895002
1780861696437,Accelerometer,2.6200502,9.613951,-0.34800002
1780861696456,Accelerometer,2.5770001,9.56595,-0.39105
1780861696478,Accelerometer,2.48895,9.613951,-0.24000001
1780861696494,Accelerometer,2.5530002,9.592051,-0.19305001
1780861696515,Accelerometer,2.661,9.595051,-0.19005
1780861696534,Accelerometer,2.7540002,9.597,-0.109050006
1780861696555,Accelerometer,2.73,9.628051,-0.15195
1780861696564,Accelerometer,2.6590502,9.592051,-0.17595
1780861696592,Accelerometer,2.6230502,9.601951,-0.19995001
1780861696612,Accelerometer,2.52495,9.576,-0.22395001
1780861696632,Accelerometer,2.39295,9.549001,-0.20205002
1780861696644,Accelerometer,2.5170002,9.576,-0.18105
1780861696671,Accelerometer,2.7900002,9.621,-0.21195
1780861696689,Accelerometer,2.80905,9.613951,-0.25005
1780861696709,Accelerometer,2.6250002,9.583051,-0.30495003
1780861696723,Accelerometer,2.5890002,9.604051,-0.36495003
1780861696748,Accelerometer,2.6560502,9.609,-0.42195
1780861696768,Accelerometer,2.592,9.609,-0.46995002
1780861696787,Accelerometer,2.565,9.597,-0.45105
1780861696810,Accelerometer,2.7180002,9.624001,-0.45795003
1780861696825,Accelerometer,2.7970502,9.628051,-0.44595003
1780861696847,Accelerometer,2.6830502,9.633,-0.41295
1780861696865,Accelerometer,2.637,9.6,-0.39795002
1780861696884,Accelerometer,2.6850002,9.6,-0.35505003
1780861696904,Accelerometer,2.6509502,9.601951,-0.38700002
1780861696923,Accelerometer,2.59605,9.633,-0.3
1780861696943,Accelerometer,2.6179502,9.585,-0.24495001
1780861696962,Accelerometer,2.83605,9.612,-0.303
1780861696981,Accelerometer,2.6590502,9.616051,-0.27195
1780861697001,Accelerometer,2.4810002,9.633,-0.11595
1780861697020,Accelerometer,2.4790502,9.592051,-0.15195
1780861697039,Accelerometer,2.42895,9.613951,-0.09705
1780861697059,Accelerometer,2.6830502,9.616051,-0.06795
1780861697078,Accelerometer,2.7469501,9.616051,-0.16605
1780861697098,Accelerometer,2.673,9.66195,-0.147
1780861697117,Accelerometer,2.3689501,9.597,-0.135
1780861697136,Accelerometer,2.355,9.612,-0.123
1780861697156,Accelerometer,2.52195,9.636001,-0.109050006
1780861697176,Accelerometer,2.52195,9.660001,-0.05595
1780861697195,Accelerometer,2.4739501,9.61905,-0.030000001
1780861697215,Accelerometer,2.4139502,9.585,-0.006
1780861697234,Accelerometer,2.505,9.645,0.015000001
1780861697254,Accelerometer,2.6590502,9.681001,-0.018000001
1780861697273,Accelerometer,2.59905,9.597,-0.025050001
1780861697285,Accelerometer,2.4049501,9.660001,-0.006
1780861697311,Accelerometer,2.18505,9.609,0.02205
1780861697332,Accelerometer,2.4550502,9.616051,-0.03195
1780861697350,Accelerometer,2.53905,9.624001,0.04095
1780861697365,Accelerometer,2.4499502,9.6,0.16305001
1780861697389,Accelerometer,2.4840002,9.624001,0.16800001
1780861697409,Accelerometer,2.5890002,9.67395,0.13695
1780861697429,Accelerometer,2.6509502,9.613951,0.21300001
1780861697445,Accelerometer,2.5890002,9.607051,0.12195001
1780861697467,Accelerometer,2.53695,9.67395,0.08205
1780861697487,Accelerometer,2.496,9.63105,0.039
1780861697506,Accelerometer,2.39805,9.633,-0.06795
1780861697525,Accelerometer,2.223,9.657001,-0.006
1780861697545,Accelerometer,2.2369502,9.589951,0.11805001
1780861697564,Accelerometer,2.5129502,9.637951,0.13395001
1780861697584,Accelerometer,2.66805,9.64995,0.13395001
1780861697603,Accelerometer,2.56005,9.65505,0.16995001
1780861697623,Accelerometer,2.49795,9.657001,0.079050004
1780861697642,Accelerometer,2.3470502,9.636001,0.08895
1780861697661,Accelerometer,2.26605,9.604051,0.12495001
1780861697681,Accelerometer,2.3809502,9.624001,0.17295001
1780861697700,Accelerometer,2.3760002,9.637951,0.22800002
1780861697720,Accelerometer,2.4169502,9.616051,0.20895001
1780861697739,Accelerometer,2.46195,9.613951,0.14595
1780861697758,Accelerometer,2.4409502,9.636001,0.24495001
1780861697778,Accelerometer,2.5440001,9.609,0.13905
1780861697798,Accelerometer,2.6509502,9.628051,0.076950006
1780861697817,Accelerometer,2.66595,9.660001,0.13005
1780861697836,Accelerometer,2.6560502,9.63105,0.108
1780861697847,Accelerometer,2.56305,9.637951,-0.078
1780861697875,Accelerometer,2.46,9.636001,-0.058050003
1780861697895,Accelerometer,2.49795,9.597,-0.027
1780861697914,Accelerometer,2.529,9.6,0.034050003
1780861697930,Accelerometer,2.5819502,9.640051,0.09900001
1780861697953,Accelerometer,2.56005,9.585,0.075
1780861697972,Accelerometer,2.5440001,9.612,0.058050003
1780861697992,Accelerometer,2.62695,9.61905,0.09105001
1780861698006,Accelerometer,2.6440501,9.609,0.028950002
1780861698031,Accelerometer,2.66595,9.624001,-0.00795
1780861698050,Accelerometer,2.7540002,9.65205,-0.027
1780861698070,Accelerometer,2.77605,9.625951,-0.12105001
1780861698086,Accelerometer,2.67105,9.648001,-0.12105001
1780861698109,Accelerometer,2.60595,9.66405,-0.123
1780861698127,Accelerometer,2.6850002,9.640051,-0.15900001
1780861698147,Accelerometer,2.73,9.621,-0.15405001
1780861698167,Accelerometer,2.592,9.71205,-0.16395001
1780861698187,Accelerometer,2.39295,9.636001,-0.14895001
1780861698210,Accelerometer,2.19705,9.609,-0.11400001
1780861698224,Accelerometer,2.2710001,9.645,-0.05595
1780861698245,Accelerometer,2.4100502,9.670951,0.024
1780861698264,Accelerometer,2.4190502,9.648001,0.096
1780861698283,Accelerometer,2.32305,9.625951,0.14205001
1780861698303,Accelerometer,2.2800002,9.621,0.18495001
1780861698322,Accelerometer,2.295,9.628051,0.12495001
1780861698342,Accelerometer,2.2399502,9.621,0.072000004
1780861698361,Accelerometer,2.2110002,9.612,0.063
1780861698380,Accelerometer,2.33295,9.637951,0.075
1780861698400,Accelerometer,2.39295,9.67905,-0.015000001
1780861698420,Accelerometer,2.4499502,9.67605,0.051000003
1780861698439,Accelerometer,2.5440001,9.640051,-0.00795
1780861698458,Accelerometer,2.4810002,9.67605,-0.12105001
1780861698478,Accelerometer,2.45295,9.691051,-0.15705001
1780861698497,Accelerometer,2.4739501,9.624001,-0.23805001
1780861698516,Accelerometer,2.5150502,9.715051,-0.15405001
1780861698535,Accelerometer,2.5170002,9.681001,-0.19995001
1780861698555,Accelerometer,2.45805,9.633,-0.12795001
1780861698570,Accelerometer,2.367,9.616051,-0.042000003
1780861698594,Accelerometer,2.4859502,9.68805,-0.01305
1780861698613,Accelerometer,2.4720001,9.640051,-0.043950003
1780861698633,Accelerometer,2.4430501,9.64305,0.076950006
1780861698647,Accelerometer,2.3430002,9.589951,0.11505
1780861698671,Accelerometer,2.2710001,9.64305,0.12195001
1780861698691,Accelerometer,2.56305,9.63105,0.07005
1780861698711,Accelerometer,2.637,9.66405,0.031050002
1780861698727,Accelerometer,2.57505,9.648001,0.04605
1780861698749,Accelerometer,2.57505,9.61905,-0.0010500001
1780861698768,Accelerometer,2.604,9.625951,-0.01305
1780861698789,Accelerometer,2.46,9.585,-0.049050003
1780861698809,Accelerometer,2.2780502,9.628051,-0.07305
1780861698826,Accelerometer,2.53695,9.70005,-0.00795
1780861698847,Accelerometer,2.8860002,9.68805,-0.058050003
1780861698866,Accelerometer,2.73495,9.621,0.010050001
1780861698885,Accelerometer,2.4120002,9.52995,0.058050003
1780861698904,Accelerometer,2.05305,9.540001,0.052950002
1780861698925,Accelerometer,2.1100502,9.640051,0.087000005
1780861698944,Accelerometer,2.6509502,9.727051,0.031050002
1780861698964,Accelerometer,2.8960502,9.681001,0.11505
1780861698982,Accelerometer,2.8570502,9.505951,0.010050001
1780861699002,Accelerometer,2.6490002,9.71205,-0.24300002
1780861699021,Accelerometer,2.4480002,9.75,-0.26700002
1780861699041,Accelerometer,2.19405,9.607051,-0.34800002
1780861699061,Accelerometer,2.3449502,9.585,-0.42000002
1780861699080,Accelerometer,2.46195,9.64995,-0.351
1780861699100,Accelerometer,2.6130002,9.607051,-0.13800001
1780861699119,Accelerometer,2.5129502,9.73095,0.264
1780861699136,Accelerometer,2.5170002,9.71205,0.051000003
1780861699157,Accelerometer,2.568,9.660001,-0.17805001
1780861699177,Accelerometer,2.53905,9.67395,-0.28605002
1780861699197,Accelerometer,2.24895,9.691051,-0.303
1780861699210,Accelerometer,2.53905,9.633,-0.66705
1780861699235,Accelerometer,2.7930002,9.786,-0.42705002
1780861699255,Accelerometer,2.2080002,9.68595,-0.18495001
1780861699274,Accelerometer,1.8010501,9.61905,-0.28095
1780861699291,Accelerometer,2.046,9.68595,-0.279
1780861699313,Accelerometer,2.256,9.66195,-0.252
1780861699333,Accelerometer,2.3400002,9.67605,0.13395001
1780861699347,Accelerometer,2.60595,9.760051,0.324
1780861699368,Accelerometer,2.592,9.69495,0.48405004
1780861699389,Accelerometer,1.86405,9.64305,0.94395006
1780861699410,Accelerometer,1.0900501,9.592051,1.2430501
1780861699429,Accelerometer,1.6990501,9.70695,0.99600005
1780861699448,Accelerometer,2.38995,9.741,1.008
1780861699467,Accelerometer,2.33505,9.7890005,0.90795004
1780861699487,Accelerometer,1.8520501,9.66705,0.52995
1780861699507,Accelerometer,1.6309501,9.727051,0.063
1780861699526,Accelerometer,1.81605,9.80595,-0.043950003
1780861699545,Accelerometer,2.079,9.64995,-0.11400001
1780861699564,Accelerometer,2.15805,9.766951,-0.14895001
1780861699584,Accelerometer,2.21595,9.691051,-0.20505
1780861699603,Accelerometer,1.9950001,9.70005,-0.25695002
1780861699623,Accelerometer,2.14905,9.772051,-0.51600003
1780861699642,Accelerometer,2.331,9.786,-0.492
1780861699663,Accelerometer,2.43405,9.7240505,-0.25995
1780861699683,Accelerometer,2.35905,9.69495,-0.11100001
1780861699701,Accelerometer,2.0029502,9.733951,0.034050003
1780861699720,Accelerometer,2.15295,9.73095,0.08400001
1780861699741,Accelerometer,2.3110502,9.71205,0.112950005
1780861699759,Accelerometer,2.14395,9.612,0.048
1780861699779,Accelerometer,2.1319501,9.65505,0.003
1780861699798,Accelerometer,2.19195,9.73095,-0.20700002
1780861699818,Accelerometer,2.2420502,9.693001,-0.44895002
1780861699837,Accelerometer,2.4139502,9.736051,-0.48900002
1780861699853,Accelerometer,2.46195,9.74295,-0.609
1780861699876,Accelerometer,2.4,9.68295,-0.69495004
1780861699896,Accelerometer,2.29695,9.73095,-0.786
1780861699916,Accelerometer,2.2440002,9.68595,-0.384
1780861699929,Accelerometer,2.3430002,9.657001,-0.23595001
1780861699953,Accelerometer,2.3760002,9.74295,-0.17805001
1780861699974,Accelerometer,2.2009501,9.66705,-0.39105
1780861699992,Accelerometer,2.18205,9.66195,-0.37905002
1780861700010,Accelerometer,2.151,9.68805,-0.54
1780861700031,Accelerometer,2.091,9.65505,-0.43005002
1780861700051,Accelerometer,2.259,9.73095,-0.44205
1780861700070,Accelerometer,2.39295,9.71205,-0.64695
1780861700090,Accelerometer,2.28795,9.741,-0.56100005
1780861700110,Accelerometer,2.2080002,9.66405,-0.64695
1780861700129,Accelerometer,2.2110002,9.736051,-0.80805004
1780861700148,Accelerometer,2.29005,9.74295,-0.64995
1780861700168,Accelerometer,1.9710001,9.63105,-0.34095
1780861700187,Accelerometer,2.0410502,9.70005,-0.30705002
1780861700207,Accelerometer,2.292,9.70695,-0.279
1780861700226,Accelerometer,2.295,9.693001,-0.47700003
1780861700245,Accelerometer,2.1390002,9.703051,-0.51600003
1780861700265,Accelerometer,2.1409502,9.67395,-0.51105005
1780861700285,Accelerometer,2.18205,9.703051,-0.588
1780861700305,Accelerometer,2.16105,9.71205,-0.56805
1780861700323,Accelerometer,2.082,9.65205,-0.48705003
1780861700343,Accelerometer,2.11305,9.67605,-0.37005
1780861700363,Accelerometer,2.19195,9.70695,-0.41505003
1780861700381,Accelerometer,2.2440002,9.670951,-0.42495003
1780861700401,Accelerometer,2.5150502,9.745951,-0.61605
1780861700421,Accelerometer,2.4169502,9.65505,-0.75000006
1780861700441,Accelerometer,2.1460502,9.681001,-0.80100006
1780861700463,Accelerometer,2.2440002,9.67605,-0.87495005
1780861700478,Accelerometer,2.3710501,9.68595,-0.85605
1780861700490,Accelerometer,2.1769502,9.67395,-0.69495004
1780861700518,Accelerometer,2.0650501,9.681001,-0.42495003
1780861700537,Accelerometer,2.15595,9.633,-0.43695003
1780861700556,Accelerometer,2.35905,9.693001,-0.42195
1780861700573,Accelerometer,2.424,9.691051,-0.64995
1780861700596,Accelerometer,2.2060502,9.69795,-0.717
1780861700615,Accelerometer,2.11995,9.67905,-0.91095006
1780861700634,Accelerometer,2.29695,9.703051,-0.94905007
1780861700651,Accelerometer,2.4,9.715051,-0.83205
1780861700673,Accelerometer,2.496,9.715051,-0.72900003
1780861700692,Accelerometer,2.32605,9.625951,-0.81000006
1780861700712,Accelerometer,2.094,9.733951,-0.67095006
1780861700731,Accelerometer,2.115,9.69495,-0.75495005
1780861700751,Accelerometer,2.2060502,9.69795,-0.55395
1780861700770,Accelerometer,2.1319501,9.69495,-0.52095
1780861700789,Accelerometer,2.12505,9.66405,-0.40605003
1780861700809,Accelerometer,2.079,9.66705,-0.25995
1780861700829,Accelerometer,2.1060002,9.65505,-0.40605003
1780861700848,Accelerometer,2.15805,9.703051,-0.633
1780861700867,Accelerometer,2.26095,9.741,-0.717
1780861700887,Accelerometer,2.3860502,9.670951,-0.83205
1780861700906,Accelerometer,2.29905,9.73095,-0.84405005
1780861700926,Accelerometer,2.19405,9.65505,-0.86805004
1780861700945,Accelerometer,2.21805,9.669001,-0.85800004
1780861700964,Accelerometer,2.39295,9.727051,-0.72405005
1780861700985,Accelerometer,2.424,9.681001,-0.63795
1780861701003,Accelerometer,1.9930501,9.691051,-0.53295004
1780861701023,Accelerometer,1.9879501,9.604051,-0.49695003
1780861701043,Accelerometer,2.1649501,9.703051,-0.51600003
1780861701062,Accelerometer,2.15595,9.7890005,-0.63105005
1780861701081,Accelerometer,2.2440002,9.612,-0.513
1780861701101,Accelerometer,2.1750002,9.71895,-0.76005006
1780861701121,Accelerometer,2.3089502,9.75,-0.89400005
1780861701139,Accelerometer,2.2080002,9.67605,-0.73395
1780861701159,Accelerometer,2.2399502,9.657001,-0.61605
1780861701179,Accelerometer,2.1460502,9.7240505,-0.64500004
1780861701197,Accelerometer,2.18505,9.65505,-0.48705003
1780861701213,Accelerometer,2.35695,9.69495,-0.64500004
1780861701237,Accelerometer,2.292,9.69795,-0.83400005
1780861701256,Accelerometer,2.0650501,9.67605,-0.66705
1780861701275,Accelerometer,2.29905,9.559051,-0.62595004
1780861701293,Accelerometer,2.12505,9.648001,-0.54
1780861701314,Accelerometer,2.01195,9.691051,-0.77895004
1780861701334,Accelerometer,2.6250002,9.597,-0.73800004
1780861701353,Accelerometer,2.39505,9.576,-0.77400005
1780861701373,Accelerometer,1.62705,9.934951,-0.762
1780861701392,Accelerometer,2.3470502,9.568951,-0.84900004
1780861701411,Accelerometer,2.38995,10.102051,-0.66195005
1780861701431,Accelerometer,1.8180001,9.97605,-0.67095006
1780861701451,Accelerometer,2.3500502,10.033051,-1.1220001
1780861701469,Accelerometer,2.45805,9.589951,-0.71205
1780861701489,Accelerometer,2.1750002,9.595051,-0.32895002
1780861701508,Accelerometer,2.1390002,9.67905,-0.56595004
1780861701528,Accelerometer,2.6110501,9.739051,-0.837
1780861701547,Accelerometer,2.6850002,9.537001,-0.91995007
1780861701567,Accelerometer,1.9189501,9.762,-0.57105005
1780861701587,Accelerometer,2.08605,9.880051,-0.91995007
1780861701606,Accelerometer,2.2440002,9.54705,-0.99195004
1780861701625,Accelerometer,1.8090001,9.456,-0.78900003
1780861701644,Accelerometer,1.368,9.741,-0.85305005
1780861701664,Accelerometer,0.80505,8.57205,-0.906
1780861701684,Accelerometer,3.69495,9.901051,-0.69795
1780861701704,Accelerometer,2.8549502,9.231001,-0.69795
1780861701722,Accelerometer,2.4019501,9.97305,-0.93000007
1780861701742,Accelerometer,0.72405005,9.436951,-0.96795005
1780861701762,Accelerometer,1.00395,9.501,-1.1340001
1780861701776,Accelerometer,2.1030002,9.68805,-1.12395
1780861701800,Accelerometer,1.9480501,9.83895,-0.74595004
1780861701820,Accelerometer,1.9590001,9.736051,-0.64995
1780861701840,Accelerometer,1.86405,10.19295,-0.98295003
1780861701853,Accelerometer,1.43805,9.295951,-1.1689501
1780861701878,Accelerometer,2.0050502,10.099951,-0.99495006
1780861701898,Accelerometer,2.532,10.14105,-1.062
1780861701917,Accelerometer,1.3080001,9.35505,-0.79800004
1780861701938,Accelerometer,1.7580001,8.38095,-0.70500004
1780861701956,Accelerometer,4.8040504,11.920051,-1.0189501
1780861701975,Accelerometer,2.15595,10.308001,-0.549
1780861701995,Accelerometer,1.5190501,9.790951,-0.87495005
1780861702014,Accelerometer,1.8880501,9.63105,-1.27995
1780861702033,Accelerometer,2.0959501,9.17595,-1.0330501
1780861702053,Accelerometer,2.7469501,8.99895,-0.76500005
1780861702073,Accelerometer,1.6669501,8.592,-0.08505
1780861702092,Accelerometer,2.0670002,9.825001,-0.96405005
1780861702111,Accelerometer,1.3230001,9.252001,-0.64005005
1780861702131,Accelerometer,1.8690001,9.559051,-1.371
1780861702150,Accelerometer,1.3560001,9.67395,-1.3660501
1780861702169,Accelerometer,1.31805,7.5120006,0.29505002
1780861702189,Accelerometer,1.78005,8.568001,-0.77400005
1780861702208,Accelerometer,0.68805003,8.3880005,-1.32
1780861702228,Accelerometer,5.53905,11.817,-0.67095006
1780861702247,Accelerometer,2.0670002,9.625951,-0.56805
1780861702266,Accelerometer,1.55505,9.729,-1.30095
1780861702286,Accelerometer,2.3760002,9.65205,-0.88005006
1780861702306,Accelerometer,2.673,9.49905,-0.59205
1780861702326,Accelerometer,1.6339501,9.63105,-0.48900002
1780861702344,Accelerometer,1.8900001,9.721951,-0.35805002
1780861702364,Accelerometer,2.5870502,9.589951,-0.57105005
1780861702383,Accelerometer,2.53695,9.660001,-0.81495005
1780861702401,Accelerometer,1.866,10.075951,-0.72405005
1780861702413,Accelerometer,1.485,9.904051,-1.15995
1780861702440,Accelerometer,2.32095,9.42195,-1.0999501
1780861702460,Accelerometer,2.4019501,9.217051,-0.97800004
1780861702479,Accelerometer,2.1100502,9.561001,-0.49695003
1780861702496,Accelerometer,2.2759502,9.561001,-0.72900003
1780861702519,Accelerometer,1.9069501,9.670951,-0.78900003
1780861702539,Accelerometer,1.7869501,9.97305,-0.92805004
1780861702558,Accelerometer,1.6030501,9.42,-0.504
1780861702574,Accelerometer,2.50095,10.00905,-0.24300002
1780861702597,Accelerometer,2.70705,9.925051,-0.90795004
1780861702616,Accelerometer,3.111,10.441951,-1.11405
1780861702635,Accelerometer,1.19295,9.0730505,-0.50595003
1780861702655,Accelerometer,2.328,8.517,-0.45105
1780861702674,Accelerometer,1.8570001,9.1380005,-0.873
1780861702694,Accelerometer,2.01495,10.717951,-0.55695003
1780861702716,Accelerometer,2.1079502,10.03995,-0.79800004
1780861702732,Accelerometer,3.3720002,9.61905,-0.87000006
1780861702753,Accelerometer,2.5080001,9.295951,-0.76500005
1780861702771,Accelerometer,1.4569501,10.588051,-0.65895003
1780861702790,Accelerometer,2.62695,9.38895,-0.65895003
1780861702811,Accelerometer,3.2670002,9.0390005,-0.14205001
1780861702830,Accelerometer,1.6480501,11.070001,-0.492
1780861702849,Accelerometer,1.1020501,9.42,-1.059
1780861702868,Accelerometer,2.39505,9.42195,-1.00905
1780861702887,Accelerometer,2.81205,9.36705,-0.822
1780861702907,Accelerometer,3.1330502,9.745951,-1.098
1780861702930,Accelerometer,3.1060503,9.40305,-0.69105005
1780861702949,Accelerometer,3.1710002,9.53295,-0.25695002
1780861702965,Accelerometer,1.81605,9.937051,-1.40205
1780861702976,Accelerometer,1.90005,9.882001,-0.92805004
1780861703005,Accelerometer,2.505,9.303,-0.82500005
1780861703024,Accelerometer,4.4419503,10.20495,-0.67095006
1780861703044,Accelerometer,3.7600503,9.93,-1.0020001
1780861703060,Accelerometer,1.9240501,9.786,-0.90105003
1780861703083,Accelerometer,1.4950501,9.528001,-0.61905
1780861703103,Accelerometer,2.1750002,9.53295,-0.96795005
1780861703121,Accelerometer,2.769,9.681001,-0.61200005
1780861703135,Accelerometer,3.2719502,9.727051,-0.59205
1780861703161,Accelerometer,2.55795,8.971951,-1.6360501
1780861703179,Accelerometer,1.9090501,9.139951,-1.3990501
1780861703199,Accelerometer,1.677,9.23295,-1.11195
1780861703216,Accelerometer,1.3780501,9.616051,-1.0350001
1780861703237,Accelerometer,0.91995007,10.275001,-1.0189501
1780861703257,Accelerometer,1.4899501,9.69495,-0.72195005
1780861703277,Accelerometer,2.35695,9.280951,-1.0380001
1780861703296,Accelerometer,2.8600502,9.160951,-1.27995
1780861703316,Accelerometer,2.1460502,9.83205,-0.60705
1780861703335,Accelerometer,2.14905,9.84405,-0.80595005
1780861703354,Accelerometer,2.0340002,9.463051,-1.5640501
1780861703374,Accelerometer,2.16105,9.408,-1.4299501
1780861703393,Accelerometer,2.63505,9.351001,-0.98700005
1780861703413,Accelerometer,1.8330001,9.607051,-1.11405
1780861703432,Accelerometer,1.3470001,9.765,-1.18605
1780861703451,Accelerometer,2.709,9.568951,-1.43505
1780861703471,Accelerometer,3.7480502,9.68295,-1.66005
1780861703489,Accelerometer,2.76195,9.729,-1.00905
1780861703509,Accelerometer,2.5459502,9.897,-0.99000007
1780861703529,Accelerometer,1.3800001,10.210051,-1.0309501
1780861703548,Accelerometer,1.4809501,10.030951,-1.9620001
1780861703567,Accelerometer,2.1340501,9.967951,-1.4470501
1780861703587,Accelerometer,0.99495006,9.70695,-0.25500003
1780861703606,Accelerometer,1.4500501,9.04905,-0.624
1780861703627,Accelerometer,1.4449501,8.698951,-0.71505004
1780861703645,Accelerometer,1.9450501,7.45695,-0.31695002
1780861703666,Accelerometer,0.33600003,9.585,0.20895001
1780861703684,Accelerometer,12.03705,11.01,-9.624001
1780861703700,Accelerometer,-3.6540003,10.45005,1.19295
1780861703723,Accelerometer,1.3560001,12.442051,-0.81705004
1780861703743,Accelerometer,3.48705,9.703051,0.17295001
1780861703761,Accelerometer,3.6120002,8.812051,-0.03195
1780861703776,Accelerometer,2.63895,9.955951,-0.33105
1780861703800,Accelerometer,1.7539501,9.583051,0.096
1780861703820,Accelerometer,1.99995,9.559051,-0.384
1780861703839,Accelerometer,2.66295,9.64995,-0.73095006
1780861703856,Accelerometer,2.8620002,9.748051,-0.89400005
1780861703878,Accelerometer,2.5800002,9.766951,-0.74100006
1780861703898,Accelerometer,2.352,9.66195,-0.52995
1780861703917,Accelerometer,2.469,9.540001,-0.68595004
1780861703937,Accelerometer,2.6440501,9.691051,-0.85305005
1780861703956,Accelerometer,2.73,9.748051,-0.75495005
1780861703977,Accelerometer,2.766,9.561001,-0.68100005
1780861703995,Accelerometer,2.5890002,9.6,-0.81705004
1780861704015,Accelerometer,2.19195,9.769951,-0.72405005
1780861704034,Accelerometer,1.9069501,9.70005,-0.43395
1780861704054,Accelerometer,2.22495,9.38895,-0.46605003
1780861704073,Accelerometer,2.3470502,9.64305,-0.171
1780861704093,Accelerometer,1.746,9.65505,0.28095
1780861704112,Accelerometer,1.8370501,9.48705,0.16995001
1780861704131,Accelerometer,2.4049501,9.612,0.34305
1780861704151,Accelerometer,2.4120002,9.78195,0.67995006
1780861704170,Accelerometer,2.05305,9.748051,0.70395005
1780861704191,Accelerometer,1.4779501,9.624001,0.324
1780861704209,Accelerometer,1.4299501,9.61905,-0.18105
1780861704229,Accelerometer,1.725,9.66195,0.08205
1780861704248,Accelerometer,0.94695,10.708051,0.21300001
1780861704267,Accelerometer,0.63105005,11.838,-0.64305
1780861704286,Accelerometer,2.1769502,11.3550005,-1.55295
1780861704306,Accelerometer,4.26,10.086,-2.56305
1780861704326,Accelerometer,4.9690504,9.154051,-3.1230001
1780861704340,Accelerometer,2.9650502,9.3820505,-3.4339502
1780861704365,Accelerometer,0.01995,10.72305,-4.215
1780861704384,Accelerometer,-2.4450002,11.53695,-4.18095
1780861704404,Accelerometer,-0.83400005,11.11995,-2.1319501
1780861704424,Accelerometer,0.80805004,10.61505,-2.532
1780861704443,Accelerometer,1.18095,10.504951,-3.1930501
1780861704462,Accelerometer,0.022950001,9.861,-2.5489502
1780861704482,Accelerometer,-0.41505003,9.151951,-2.5099502
1780861704498,Accelerometer,0.384,8.57505,-2.04795
1780861704520,Accelerometer,0.80805004,8.292001,-1.69095
1780861704540,Accelerometer,0.43905002,8.3550005,-2.079
1780861704559,Accelerometer,0.31500003,7.9860005,-2.4139502
1780861704581,Accelerometer,0.95400006,7.38,-2.35905
1780861704597,Accelerometer,1.8330001,7.1790004,-2.11995
1780861704619,Accelerometer,2.04795,7.0519505,-1.7010001
1780861704637,Accelerometer,2.0959501,7.01595,-1.7080501
1780861704656,Accelerometer,1.99995,6.57105,-1.8610501
1780861704675,Accelerometer,1.8250501,5.34705,-1.3230001
1780861704696,Accelerometer,8.091001,16.99605,-3.3649502
1780861704715,Accelerometer,1.3300501,30.061052,0.43605003
1780861704733,Accelerometer,-10.722,0.03195,-2.7900002
1780861704753,Accelerometer,-2.84505,8.56095,-4.0620003
1780861704773,Accelerometer,2.86905,11.95995,-3.8220003
1780861704794,Accelerometer,-2.8639503,9.14505,-1.866
1780861704814,Accelerometer,-2.43495,9.21405,-2.4840002
1780861704831,Accelerometer,-1.24995,10.27005,-3.1420503
1780861704850,Accelerometer,-1.863,9.849001,-1.9879501
1780861704871,Accelerometer,-2.301,9.231001,-1.098
1780861704889,Accelerometer,-1.6140001,9.279,-1.1020501
1780861704898,Accelerometer,-0.78105,9.715051,-1.6200001
1780861704929,Accelerometer,-2.1430502,9.589951,-1.6990501
1780861704948,Accelerometer,-2.46405,9.648001,-1.368
1780861704972,Accelerometer,-1.34595,9.315001,-1.296
1780861704979,Accelerometer,-0.50295,9.40995,-1.8690001
1780861705006,Accelerometer,-1.6330501,10.59105,-1.5670501
1780861705026,Accelerometer,-2.3760002,9.80805,-1.881
1780861705045,Accelerometer,-0.77400005,10.059,-1.81095
1780861705060,Accelerometer,-2.2080002,10.035001,0.25395
1780861705084,Accelerometer,-3.3049502,9.612,0.18705001
1780861705104,Accelerometer,-2.8159502,9.616051,-0.384
1780861705123,Accelerometer,-3.0559502,9.328951,-0.28395
1780861705140,Accelerometer,-3.15105,9.463051,-0.76995003
1780861705162,Accelerometer,-3.4819503,9.564,-1.2100501
1780861705182,Accelerometer,-3.5800502,9.47295,-1.40205
1780861705202,Accelerometer,-3.4030502,9.56595,-1.39005
1780861705220,Accelerometer,-3.2710502,9.748051,-1.04505
1780861705240,Accelerometer,-3.46005,9.66195,-0.52095
1780861705259,Accelerometer,-3.5970001,9.568951,-0.06795
1780861705278,Accelerometer,-3.3619502,9.729,0.36705002
1780861705297,Accelerometer,-2.9290502,9.51795,0.90300006
1780861705317,Accelerometer,-2.9650502,10.203,0.75195
1780861705337,Accelerometer,-3.1230001,10.761001,0.31905
1780861705356,Accelerometer,-3.2260501,10.1650505,0.06705
1780861705375,Accelerometer,-3.1609502,7.8810005,-3.79605
1780861705395,Accelerometer,-0.77595,11.692051,-1.65795
1780861705414,Accelerometer,1.21695,14.965051,1.473
1780861705434,Accelerometer,5.4310503,12.906,1.64505
1780861705453,Accelerometer,7.248,11.223001,1.10895
1780861705472,Accelerometer,6.42,10.011001,1.5780001
1780861705492,Accelerometer,4.3830004,8.48205,1.2379501
1780861705511,Accelerometer,3.5779502,7.1119504,0.42195
1780861705530,Accelerometer,2.45295,7.2289505,-0.55395
1780861705550,Accelerometer,1.4809501,7.3680005,-2.16105
1780861705570,Accelerometer,-0.36,8.556001,-3.52095
1780861705590,Accelerometer,-1.5589501,8.199,-4.4929504
1780861705609,Accelerometer,-2.538,8.412001,-4.6200004
1780861705620,Accelerometer,-2.8159502,8.983951,-4.9279504
1780861705648,Accelerometer,-3.2260501,9.19005,-4.93095
1780861705667,Accelerometer,-2.301,9.597,-4.69395
1780861705685,Accelerometer,-2.5860002,9.56595,-4.1460004
1780861705700,Accelerometer,-5.01405,8.244,-2.436
1780861705724,Accelerometer,-5.2440004,7.6699505,-1.8970501
1780861705743,Accelerometer,-4.557,7.63605,-2.26095
1780861705763,Accelerometer,-3.558,8.094001,0.71895003
1780861705780,Accelerometer,-0.18705001,8.24895,1.27695
1780861705803,Accelerometer,22.167002,5.2830005,-18.601952
1780861705822,Accelerometer,35.724003,29.119951,2.1000001
1780861705841,Accelerometer,-10.210051,10.275001,-7.3630505
1780861705860,Accelerometer,-14.377951,6.6139503,0.16095
1780861705880,Accelerometer,-5.5860004,10.714951,-0.42705002
1780861705899,Accelerometer,0.030000001,9.147,-3.7699502
1780861705919,Accelerometer,-1.3290001,9.150001,-5.6610003
1780861705938,Accelerometer,-4.31295,9.943951,-2.328
1780861705958,Accelerometer,-5.5960503,8.958,-1.713
1780861705977,Accelerometer,-0.79995006,9.4459505,-1.2100501
1780861705996,Accelerometer,-0.072000004,9.516001,-2.5770001
1780861706015,Accelerometer,-0.42195,9.705001,-2.86695
1780861706036,Accelerometer,-2.7229502,9.25695,-3.6019502
1780861706057,Accelerometer,-2.86905,9.58005,-3.9090002
1780861706075,Accelerometer,-2.05695,9.56595,-3.6090002
1780861706093,Accelerometer,-0.27105,9.80595,-3.14505
1780861706114,Accelerometer,0.432,9.624001,-2.127
1780861706133,Accelerometer,-0.22095,9.49695,-2.21805
1780861706152,Accelerometer,-1.18305,9.68595,-1.8400501
1780861706172,Accelerometer,-0.86700004,9.861,-2.02395
1780861706192,Accelerometer,-1.1520001,9.54705,-2.2399502
1780861706214,Accelerometer,-1.5810001,9.802951,-2.80695
1780861706231,Accelerometer,-0.97305006,9.909,-3.0940502
1780861706250,Accelerometer,-1.26195,9.71205,-2.66595
1780861706269,Accelerometer,-1.7200501,9.48705,-1.7680501
1780861706288,Accelerometer,-1.4490001,9.52995,-1.6669501
1780861706308,Accelerometer,-1.22595,9.691051,-1.098
1780861706328,Accelerometer,-0.71400005,9.78195,-2.25405
1780861706341,Accelerometer,-0.96495,9.85095,-2.8840501
1780861706366,Accelerometer,-0.94605005,9.931951,-2.4169502
1780861706385,Accelerometer,-0.822,10.356001,-1.7920501
1780861706405,Accelerometer,-2.151,10.264951,-1.41795
1780861706422,Accelerometer,-3.69195,10.2630005,-0.88905007
1780861706444,Accelerometer,-3.3070502,10.59105,-1.1530501
1780861706463,Accelerometer,-2.0760002,10.62405,-1.74405
1780861706483,Accelerometer,-1.6189501,9.757951,-3.59205
1780861706502,Accelerometer,-1.245,10.18605,-6.4800005
1780861706522,Accelerometer,-3.18,11.6970005,-5.15595
1780861706541,Accelerometer,-2.565,11.014951,-3.1999502
1780861706560,Accelerometer,-0.87405,10.158001,-2.52195
1780861706581,Accelerometer,-1.21695,9.528001,-1.5289501
1780861706604,Accelerometer,-3.0559502,8.778001,-0.56595004
1780861706619,Accelerometer,-3.7399502,8.167951,-0.31005
1780861706638,Accelerometer,-4.66905,8.77095,1.3240501
1780861706658,Accelerometer,-3.2380502,8.99895,2.301
1780861706677,Accelerometer,-1.3750501,8.47395,2.7919502
1780861706697,Accelerometer,-0.68505,8.58195,2.4550502
1780861706716,Accelerometer,-1.1230501,8.653951,2.328
1780861706736,Accelerometer,-2.08095,8.698951,2.4190502
1780861706755,Accelerometer,-2.1720002,9.217051,2.2440002
1780861706774,Accelerometer,-1.9300501,9.633,2.12595
1780861706794,Accelerometer,-2.02395,9.70005,1.8580501
1780861706814,Accelerometer,-1.5259501,9.798,1.4779501
1780861706834,Accelerometer,-1.1209501,10.057051,1.19805
1780861706852,Accelerometer,-1.22895,10.15005,1.0200001
1780861706872,Accelerometer,-1.3630501,10.368,0.83400005
1780861706891,Accelerometer,-1.353,10.464001,0.72105
1780861706910,Accelerometer,-1.2,10.536,0.63195
1780861706930,Accelerometer,-0.93195003,10.49505,0.42195
1780861706949,Accelerometer,-0.762,10.399051,0.28095
1780861706969,Accelerometer,-0.76695,10.64595,0.24195
1780861706983,Accelerometer,-0.73800004,10.48305,0.20595
1780861707007,Accelerometer,-0.75495005,10.383,0.30900002
1780861707027,Accelerometer,-0.65400004,10.453951,0.15405001
1780861707047,Accelerometer,0.66405004,10.11705,0.23295002
1780861707067,Accelerometer,1.0570501,9.47805,0.513
1780861707085,Accelerometer,1.1410501,8.994,0.40695003
1780861707104,Accelerometer,1.2049501,8.497951,0.53205
1780861707124,Accelerometer,1.31295,8.508,0.13905
1780861707143,Accelerometer,1.5790501,8.568001,-0.171
1780861707163,Accelerometer,1.7869501,8.57505,-0.54195005
1780861707182,Accelerometer,1.4899501,8.533951,-0.90405005
1780861707202,Accelerometer,1.72695,8.532001,-0.94395006
1780861707222,Accelerometer,1.6099501,8.601001,-0.71895003
1780861707240,Accelerometer,0.966,8.79,-1.131
1780861707260,Accelerometer,1.7029501,9.219001,-1.31505
1780861707280,Accelerometer,1.8060001,9.142051,-0.93705004
1780861707299,Accelerometer,1.7850001,9.267,-0.61905
1780861707319,Accelerometer,2.08905,9.80595,-1.2559501
1780861707338,Accelerometer,-0.14400001,9.894,-1.6669501
1780861707358,Accelerometer,-0.81195,9.777,-0.56595004
1780861707377,Accelerometer,0.46305,10.033051,-0.94005007
1780861707396,Accelerometer,-0.381,9.904051,-0.90405005
1780861707416,Accelerometer,-1.57305,8.043,-0.22605
1780861707435,Accelerometer,-8.497951,10.870951,1.9900501
1780861707456,Accelerometer,-4.617,7.7970004,4.7910004
1780861707474,Accelerometer,1.131,11.55105,-5.0820003
1780861707493,Accelerometer,-2.0710502,11.484,-0.68805003
1780861707513,Accelerometer,-2.7490501,13.689001,3.1660502
1780861707532,Accelerometer,-0.69705003,12.099001,1.1520001
1780861707543,Accelerometer,-2.2390501,9.250051,-2.0389502
1780861707571,Accelerometer,-2.802,9.42,-1.9570501
1780861707591,Accelerometer,-2.8159502,9.949051,-2.91195
1780861707609,Accelerometer,-3.00495,9.79395,-2.4409502
1780861707624,Accelerometer,-2.6170502,10.17195,-1.69605
1780861707649,Accelerometer,-2.196,9.892051,-2.6779501
1780861707668,Accelerometer,-2.00895,9.38895,-2.04795
1780861707688,Accelerometer,-2.079,9.528001,-1.9159501
1780861707704,Accelerometer,-2.184,9.5449505,-1.6650001
1780861707727,Accelerometer,-1.50405,9.604051,-2.90505
1780861707746,Accelerometer,-1.2019501,9.753,-2.15595
1780861707765,Accelerometer,-2.232,9.571051,-2.29695
1780861707784,Accelerometer,-2.052,9.456,-2.7949502
1780861707804,Accelerometer,-1.7670001,9.52995,-2.87205
1780861707824,Accelerometer,-1.9009501,9.762,-2.3790002
1780861707844,Accelerometer,-1.746,9.597,-2.23005
1780861707863,Accelerometer,-1.4490001,9.68295,-2.25195
1780861707882,Accelerometer,-0.85800004,9.75,-2.01705
1780861707902,Accelerometer,-0.59895,9.80595,-3.0010502
1780861707921,Accelerometer,-1.095,9.715051,-2.3740501
1780861707940,Accelerometer,-0.702,9.741,-1.16505
1780861707960,Accelerometer,-0.97005004,9.777,-2.496
1780861707980,Accelerometer,-0.441,9.868051,-1.65495
1780861707998,Accelerometer,-0.63000005,9.588,-1.9450501
1780861708018,Accelerometer,-1.45605,9.52095,-2.70405
1780861708038,Accelerometer,-0.97695005,9.540001,-2.81205
1780861708057,Accelerometer,-2.2440002,9.34605,-2.1750002
1780861708077,Accelerometer,-1.6140001,9.66705,-2.43105
1780861708096,Accelerometer,-1.03005,9.625951,-2.60595
1780861708115,Accelerometer,-1.1190001,9.4800005,-2.8210502
1780861708135,Accelerometer,-1.32,9.561001,-2.8909502
1780861708154,Accelerometer,-1.3560001,9.49005,-2.7570002
1780861708173,Accelerometer,-1.9570501,9.481951,-2.4190502
1780861708188,Accelerometer,-1.5660001,9.6,-2.901
1780861708213,Accelerometer,-1.3560001,9.23805,-2.3449502
1780861708231,Accelerometer,-2.1979501,9.37905,-2.163
1780861708251,Accelerometer,-1.401,9.69795,-3.0630002
1780861708265,Accelerometer,-1.2100501,9.430051,-3.4819503
1780861708290,Accelerometer,-1.45605,9.44205,-3.08205
1780861708309,Accelerometer,-3.52005,8.224951,-2.0959501
1780861708329,Accelerometer,-0.10305001,10.069051,-2.7259502
1780861708346,Accelerometer,0.432,9.573001,-3.528
1780861708368,Accelerometer,-1.506,9.339001,-3.1639502
1780861708387,Accelerometer,-2.4109502,9.22095,-3.0940502
1780861708406,Accelerometer,-1.2889501,9.657001,-3.2740502
1780861708425,Accelerometer,-0.49095002,9.4459505,-2.9629502
1780861708446,Accelerometer,-0.90300006,9.406051,-3.0730503
1780861708466,Accelerometer,-1.19505,9.4129505,-3.7339501
1780861708484,Accelerometer,-1.4059501,9.387,-2.9560502
1780861708504,Accelerometer,-0.642,9.525001,-4.1670003
1780861708524,Accelerometer,-1.32,9.468,-4.0740004
1780861708542,Accelerometer,-1.8199501,9.35805,-3.2329502
1780861708561,Accelerometer,-1.02795,9.552,-2.12205
1780861708581,Accelerometer,-0.79800004,9.576,-2.0050502
1780861708601,Accelerometer,-1.47105,9.43395,-3.147
1780861708620,Accelerometer,-2.43495,9.23595,-3.255
1780861708640,Accelerometer,-3.0630002,9.217051,-3.1279502
1780861708660,Accelerometer,-2.39205,9.183001,-2.9239502
1780861708678,Accelerometer,-1.9519501,9.436951,-3.3990002
1780861708698,Accelerometer,-2.0040002,9.427051,-2.91195
1780861708718,Accelerometer,-2.3850002,9.39105,-2.90505
1780861708737,Accelerometer,-1.8780001,9.4459505,-3.15
1780861708757,Accelerometer,-1.5259501,9.4800005,-3.2329502
1780861708776,Accelerometer,-1.2790501,9.589951,-3.1210501
1780861708795,Accelerometer,-1.2379501,9.5130005,-2.8650002
1780861708814,Accelerometer,-1.06095,9.648001,-2.6749501
1780861708826,Accelerometer,-1.50405,9.51105,-2.83605
1780861708853,Accelerometer,-1.7989501,9.436951,-2.18505
1780861708873,Accelerometer,-1.8679501,9.53505,-2.4460502
1780861708893,Accelerometer,-2.18895,9.4150505,-2.6250002
1780861708909,Accelerometer,-2.01195,9.645,-2.01495
1780861708931,Accelerometer,-2.2099502,9.571051,-1.914
1780861708951,Accelerometer,-2.637,9.451051,-2.29005
1780861708969,Accelerometer,-2.67195,9.493951,-1.67505
1780861708986,Accelerometer,-2.3760002,9.96105,-1.797
1780861709008,Accelerometer,-1.5139501,9.999001,-2.4379501
1780861709028,Accelerometer,-1.353,9.64995,-1.66305
1780861709048,Accelerometer,-1.557,10.225051,-2.3040001
1780861709067,Accelerometer,-2.00895,10.33695,-2.15805
1780861709088,Accelerometer,-1.30095,10.794001,-2.529
1780861709105,Accelerometer,-2.46705,11.2560005,-1.725
1780861709127,Accelerometer,-3.2400002,12.135,-0.777
1780861709145,Accelerometer,-2.0760002,13.723051,-0.85095006
1780861709164,Accelerometer,-0.85995007,14.034,-1.3609501
1780861709184,Accelerometer,0.67095006,14.44995,-2.16105
1780861709203,Accelerometer,1.45395,13.993051,-1.55505
1780861709223,Accelerometer,1.8730501,13.63605,-3.4150503
1780861709242,Accelerometer,0.966,13.576951,-2.355
1780861709262,Accelerometer,1.19295,12.67395,-2.42895
1780861709281,Accelerometer,0.324,11.139001,-2.1730502
1780861709300,Accelerometer,-1.5589501,9.571051,-1.8330001
1780861709319,Accelerometer,-5.8620005,8.977051,-1.7029501
1780861709339,Accelerometer,-4.1400003,7.3609505,4.116
1780861709359,Accelerometer,3.21405,6.078,-2.6830502
1780861709379,Accelerometer,5.16795,5.802,-4.8900003
1780861709397,Accelerometer,-0.84105,4.47795,-5.52495
1780861709417,Accelerometer,-5.1000004,4.84905,-5.604
1780861709437,Accelerometer,-6.2449503,5.74695,-2.9269502
1780861709456,Accelerometer,-5.0670004,6.1140003,-2.043
1780861709478,Accelerometer,-3.04395,6.6160502,-2.2759502
1780861709495,Accelerometer,-1.9879501,6.9990005,-2.2470002
1780861709514,Accelerometer,-2.388,7.4689503,-3.08505
1780861709534,Accelerometer,-3.42705,8.347051,-4.21005
1780861709555,Accelerometer,-3.24195,9.07995,-4.1839504
1780861709572,Accelerometer,-3.15105,9.660001,-3.9250503
1780861709592,Accelerometer,-3.3720002,10.552951,-3.9540002
1780861709612,Accelerometer,-4.842,11.11995,-4.26
1780861709627,Accelerometer,-7.083,11.022,-4.155
1780861709650,Accelerometer,-8.509951,11.06505,-3.798
1780861709670,Accelerometer,-8.023951,12.126,-3.6520503
1780861709689,Accelerometer,-6.8029504,12.37695,-2.0029502
1780861709709,Accelerometer,-7.143,11.793,-1.07805
1780861709728,Accelerometer,-6.2689505,11.56995,-1.21695
1780861709747,Accelerometer,-3.9460502,10.737,-0.82695
1780861709767,Accelerometer,-2.95005,10.201051,-0.39105
1780861709786,Accelerometer,-2.562,10.416,-0.39795002
1780861709806,Accelerometer,-4.80105,9.70695,-0.98295003
1780861709825,Accelerometer,-5.84205,9.42195,-2.05305
1780861709845,Accelerometer,-3.6520503,9.505951,-1.3270501
1780861709864,Accelerometer,-1.0129501,13.057051,-0.79095006
1780861709883,Accelerometer,-4.9570503,12.283951,1.42005
1780861709903,Accelerometer,4.4110503,10.782001,-0.83895004
1780861709922,Accelerometer,12.754951,14.005051,2.9260502
1780861709942,Accelerometer,3.5850003,10.552951,-2.9149501
1780861709961,Accelerometer,-2.6800501,7.3080006,-1.55295
1780861709979,Accelerometer,-5.4019504,5.27295,-0.55395
1780861710000,Accelerometer,-6.25395,10.600051,-1.9159501
1780861710020,Accelerometer,-6.6610503,13.287001,-4.1740503
1780861710039,Accelerometer,-3.82905,9.408,-1.5090001
1780861710058,Accelerometer,-1.88205,8.641951,-1.4280001
1780861710078,Accelerometer,0.16605,10.593,-2.4049501
1780861710100,Accelerometer,-0.46500003,10.1959505,-1.4059501
1780861710108,Accelerometer,-1.7320501,9.624001,-1.9189501
1780861710136,Accelerometer,-2.5429502,9.645,-2.17995
1780861710156,Accelerometer,-2.42595,9.691051,-1.78005
1780861710174,Accelerometer,-2.4190502,9.595051,-1.43295
1780861710188,Accelerometer,-2.8540502,9.37695,-1.8930001
1780861710213,Accelerometer,-2.9980502,9.406051,-1.8730501
1780861710232,Accelerometer,-2.232,9.757951,-2.32305
1780861710252,Accelerometer,-1.35105,9.765,-2.4139502
1780861710268,Accelerometer,-1.1380501,9.80595,-2.11995
1780861710291,Accelerometer,-1.2220501,9.657001,-2.4480002
1780861710310,Accelerometer,-1.8919501,9.418051,-2.4859502
1780861710332,Accelerometer,-2.5410001,9.45405,-2.4460502
1780861710349,Accelerometer,-2.33505,9.71205,-2.8260002
1780861710369,Accelerometer,-1.815,9.559051,-1.7580001
1780861710389,Accelerometer,-1.2570001,9.882001,-1.3230001
1780861710408,Accelerometer,-0.85305005,9.990001,-2.2090502
1780861710427,Accelerometer,-0.60105,9.87705,-2.49795
1780861710447,Accelerometer,-0.60405004,9.979951,-2.163
1780861710467,Accelerometer,-1.94895,9.327001,-1.69395
1780861710489,Accelerometer,-3.04605,9.65205,-0.98295003
1780861710505,Accelerometer,-3.285,10.276951,-0.99705005
1780861710525,Accelerometer,-3.0679502,10.62705,-1.0189501
1780861710544,Accelerometer,-2.62905,10.905001,-1.14795
1780861710564,Accelerometer,-2.45895,11.12205,-1.8139501
1780861710583,Accelerometer,-3.8740501,8.458051,-4.05195
1780861710602,Accelerometer,-5.26095,9.24495,-8.070001
1780861710622,Accelerometer,-4.2790504,11.721001,-4.67205
1780861710641,Accelerometer,-2.28195,9.80805,-2.60595
1780861710660,Accelerometer,-2.2390501,8.503051,-3.8389502
1780861710680,Accelerometer,-2.9839501,8.865001,-2.7280502
1780861710700,Accelerometer,-2.7919502,8.84805,-2.4379501
1780861710719,Accelerometer,-3.4099503,8.002951,-1.08105
1780861710738,Accelerometer,-3.3430502,7.6720505,0.393
1780861710748,Accelerometer,-3.01005,7.5000005,0.132
1780861710777,Accelerometer,-2.18205,7.8930006,0.86505
1780861710796,Accelerometer,-1.1590501,8.53695,1.6000501
1780861710815,Accelerometer,-0.04605,8.958,1.7340001
1780861710831,Accelerometer,-0.25905,9.37005,1.0009501
1780861710855,Accelerometer,-1.0180501,9.528001,0.30195
1780861710874,Accelerometer,-1.7050501,9.54705,0.44295
1780861710894,Accelerometer,-2.01405,10.030951,0.91695005
1780861710909,Accelerometer,-1.8679501,10.255951,0.69705003
1780861710933,Accelerometer,-1.6999501,9.990001,0.58695
1780861710952,Accelerometer,-1.3579501,9.777,0.29505002
1780861710972,Accelerometer,-0.63000005,9.597,0.18
1780861710990,Accelerometer,-0.38595003,9.47805,0.27600002
1780861711011,Accelerometer,-0.85005003,9.50895,0.27600002
1780861711030,Accelerometer,-0.24705002,9.640051,0.27105
1780861711049,Accelerometer,1.19595,9.469951,-0.71205
1780861711068,Accelerometer,2.3500502,9.71205,-0.43005002
1780861711088,Accelerometer,1.6510501,10.423051,0.28095
1780861711109,Accelerometer,-1.46595,10.78005,-0.91605
1780861711126,Accelerometer,-1.1689501,10.30605,-1.03995
1780861711146,Accelerometer,0.93495005,9.892051,-0.89400005
1780861711166,Accelerometer,1.074,10.09305,-1.9570501
1780861711186,Accelerometer,1.095,10.392,-2.0269501
1780861711205,Accelerometer,1.593,10.435051,-1.7340001
1780861711224,Accelerometer,0.94905007,10.011001,-1.59105
1780861711244,Accelerometer,1.6819501,10.584001,-1.18605
1780861711263,Accelerometer,2.43105,10.926001,-0.549
1780861711282,Accelerometer,1.54005,10.845,-1.28205
1780861711302,Accelerometer,0.06105,10.19295,-1.014
1780861711322,Accelerometer,0.025050001,9.681001,-0.89895004
1780861711342,Accelerometer,0.17295001,9.729,-1.3440001
1780861711360,Accelerometer,-0.50595003,9.8220005,-1.5090001
1780861711380,Accelerometer,-1.15695,9.798,-1.3039501
1780861711396,Accelerometer,-0.69000006,9.922951,-1.15995
1780861711418,Accelerometer,-0.333,9.766951,-0.87495005
1780861711437,Accelerometer,-0.04605,9.94005,-1.0860001
1780861711457,Accelerometer,-0.36195,10.074,-1.19595
1780861711470,Accelerometer,-0.23505001,10.083,-1.2580501
1780861711496,Accelerometer,-0.10095,9.898951,-1.1359501
1780861711516,Accelerometer,0.034050003,9.910951,-1.4449501
1780861711535,Accelerometer,-0.012,9.967951,-1.3660501
1780861711551,Accelerometer,0.16605,9.97095,-1.3080001
1780861711573,Accelerometer,0.29805002,9.918,-1.59105
1780861711593,Accelerometer,0.47505003,9.978001,-1.5810001
1780861711613,Accelerometer,0.86100006,10.042951,-1.4299501
1780861711630,Accelerometer,0.93495005,9.97305,-1.4449501
1780861711652,Accelerometer,0.384,9.967951,-1.5000001
1780861711671,Accelerometer,0.18495001,9.943951,-1.2529501
1780861711690,Accelerometer,-0.135,9.813001,-1.3750501
1780861711710,Accelerometer,-0.13905,9.78195,-1.4899501
1780861711729,Accelerometer,0.054,9.880051,-1.3969501
1780861711749,Accelerometer,0.027,9.8890505,-1.4110501
1780861711768,Accelerometer,-0.39105,9.769951,-1.3729501
1780861711788,Accelerometer,0.28605002,10.011001,-1.4640001
1780861711807,Accelerometer,0.58305,9.97605,-1.43805
1780861711826,Accelerometer,-0.01995,9.733951,-1.4470501
1780861711846,Accelerometer,-0.82395005,9.648001,-1.26495
1780861711866,Accelerometer,-0.40695003,9.906,-1.6200001
1780861711885,Accelerometer,-0.09105001,9.774,-1.65495
1780861711904,Accelerometer,-0.0049500004,9.7890005,-1.50495
1780861711924,Accelerometer,-0.01995,9.898951,-1.4830501
1780861711943,Accelerometer,-0.34995002,9.814951,-1.8930001
1780861711963,Accelerometer,-0.028950002,9.880051,-1.8760501
1780861711982,Accelerometer,0.31905,9.96105,-2.11305
1780861712002,Accelerometer,0.16905001,9.8560505,-1.9450501
1780861712021,Accelerometer,-0.10095,9.81795,-1.8930001
1780861712037,Accelerometer,-0.024,9.87705,-1.8349501
1780861712060,Accelerometer,0.33600003,10.063951,-2.0389502
1780861712079,Accelerometer,0.29295,9.87705,-1.794
1780861712099,Accelerometer,-0.216,9.837001,-1.66305
1780861712111,Accelerometer,-0.16800001,10.011001,-1.8589501
1780861712137,Accelerometer,0.26205,9.98295,-1.7490001
1780861712157,Accelerometer,0.42705002,9.97095,-1.713
1780861712176,Accelerometer,0.018000001,9.916051,-1.5600001
1780861712192,Accelerometer,-0.81405,9.802951,-1.2600001
1780861712215,Accelerometer,-0.56505,9.898951,-1.21695
1780861712234,Accelerometer,-0.01995,10.011001,-1.4500501
1780861712254,Accelerometer,-0.28500003,9.52305,-1.4260501
1780861712272,Accelerometer,-0.96795005,9.621,-1.1740501
1780861712293,Accelerometer,-0.74505,10.059,-1.3920001
1780861712312,Accelerometer,-0.27600002,9.82995,-1.6170001
1780861712332,Accelerometer,-0.16305001,9.37905,-0.34305
1780861712354,Accelerometer,-0.45495003,9.609,-0.41805002
1780861712370,Accelerometer,-0.59400004,9.95895,-1.18095
1780861712390,Accelerometer,-0.15795001,9.882001,-0.71895003
1780861712409,Accelerometer,0.06105,9.681001,-0.86805004
1780861712428,Accelerometer,0.27405003,9.8890505,-0.504
1780861712449,Accelerometer,0.35505003,10.102051,-0.73605
1780861712468,Accelerometer,-0.08205,10.066951,-0.72405005
1780861712487,Accelerometer,0.57600003,10.090051,-0.786
1780861712506,Accelerometer,0.69495004,10.033051,-0.73395
1780861712526,Accelerometer,-0.264,9.87705,-0.79095006
1780861712545,Accelerometer,-0.71595,9.83895,-0.80595005
1780861712565,Accelerometer,-0.15105,10.03995,-0.76500005
1780861712585,Accelerometer,0.08505,9.955951,-0.66705
1780861712604,Accelerometer,-0.42195,9.978001,-0.633
1780861712623,Accelerometer,0.039,10.078951,-0.513
1780861712643,Accelerometer,0.76995003,10.246051,-1.24395
1780861712662,Accelerometer,0.76695,10.48095,-1.24605
1780861712678,Accelerometer,0.003,10.12395,-1.0690501
1780861712701,Accelerometer,-0.79095006,9.814951,-0.717
1780861712721,Accelerometer,-0.822,9.849001,0.076950006
1780861712742,Accelerometer,-0.24705002,9.98295,-0.43395
1780861712752,Accelerometer,-0.24195,10.15305,-0.41805002
1780861712779,Accelerometer,0.15900001,9.748051,-0.17595
1780861712798,Accelerometer,-0.90105003,9.657001,-0.492
1780861712818,Accelerometer,-1.2,9.8560505,-0.717
1780861712833,Accelerometer,-0.79800004,9.621,-0.97095007
1780861712856,Accelerometer,-0.702,9.691051,-0.51600003
1780861712876,Accelerometer,-0.015000001,9.65505,-0.822
1780861712895,Accelerometer,0.76695,9.916051,-0.70005006
1780861712913,Accelerometer,0.41805002,10.014001,-1.2529501
1780861712934,Accelerometer,0.62805,10.00905,-1.12395
1780861712954,Accelerometer,1.11405,9.967951,-1.21695
1780861712978,Accelerometer,1.4449501,10.246051,-1.7629501
1780861712992,Accelerometer,2.283,10.866,-2.23305
1780861713012,Accelerometer,3.1879501,11.11005,-2.0359502
1780861713031,Accelerometer,3.657,11.06505,-1.66305
1780861713050,Accelerometer,2.9650502,11.161051,-2.21295
1780861713069,Accelerometer,1.44,11.223001,-2.4550502
1780861713089,Accelerometer,0.74595004,11.977051,-3.1210501
1780861713109,Accelerometer,-0.27105,12.118051,-2.28495
1780861713129,Accelerometer,-1.29795,11.41005,-2.6539502
1780861713147,Accelerometer,-1.59,11.60595,-2.8500001
1780861713167,Accelerometer,-0.771,10.347,-1.6530001
1780861713186,Accelerometer,2.187,9.05595,-0.06105
1780861713207,Accelerometer,4.3369503,7.9480505,-1.5409501
1780861713226,Accelerometer,2.7859502,6.6070504,-1.7629501
1780861713245,Accelerometer,0.49905002,6.3790503,-2.022
1780861713265,Accelerometer,0.19695,6.6670504,-1.5409501
1780861713283,Accelerometer,0.45105,7.0260005,-0.65895003
1780861713303,Accelerometer,0.66195005,7.7820005,-0.56595004
1780861713319,Accelerometer,0.91800004,8.27595,-0.432
1780861713343,Accelerometer,1.2750001,8.59605,-0.40800002
1780861713362,Accelerometer,1.71,9.087001,-0.42000002
1780861713381,Accelerometer,1.8370501,9.681001,-0.65505004
1780861713393,Accelerometer,1.8829501,10.27995,-0.56100005
1780861713420,Accelerometer,1.9450501,11.01,-0.40305
1780861713439,Accelerometer,1.7080501,11.29695,-0.11100001
1780861713459,Accelerometer,0.82905006,11.29695,-0.37905002
1780861713475,Accelerometer,0.37695003,10.90005,-1.0690501
1780861713498,Accelerometer,0.20205002,10.287001,-1.251
1780861713517,Accelerometer,0.43695003,10.10505,-1.524
1780861713536,Accelerometer,0.91800004,9.99195,-1.15995
1780861713554,Accelerometer,1.27005,10.057051,-1.062
1780861713576,Accelerometer,1.284,10.143001,-0.56805
1780861713595,Accelerometer,1.5960001,10.11705,-0.22800002
1780861713614,Accelerometer,1.6339501,10.354051,-0.64005005
1780861713633,Accelerometer,0.79305005,10.126051,-0.86100006
1780861713654,Accelerometer,-0.38805002,10.203,-1.5090001
1780861713672,Accelerometer,-2.26095,9.49005,-2.8860002
1780861713692,Accelerometer,-2.7970502,6.6589503,-11.767051
1780861713711,Accelerometer,8.332951,13.014001,-11.292001
1780861713732,Accelerometer,14.335951,16.330051,5.43795
1780861713750,Accelerometer,1.81095,13.581,-0.27195
1780861713770,Accelerometer,-4.947,9.774,0.034050003
1780861713789,Accelerometer,-4.32705,6.1639504,-0.37005
1780861713809,Accelerometer,-1.6789501,9.375,-4.4419503
1780861713827,Accelerometer,-1.047,11.326051,-2.13
1780861713847,Accelerometer,-3.2710502,10.31595,-3.762
1780861713867,Accelerometer,-5.7060003,8.470051,-2.5129502
1780861713886,Accelerometer,-5.1480002,9.04695,-2.2090502
1780861713905,Accelerometer,-1.7170501,10.1650505,-1.9120501
1780861713924,Accelerometer,-0.16800001,9.516001,-2.25405
1780861713944,Accelerometer,-0.30495003,9.195001,-2.52705
1780861713955,Accelerometer,-1.6480501,9.315001,-2.05305
1780861713982,Accelerometer,-2.59605,8.974951,-3.183
1780861714002,Accelerometer,-2.5840502,9.087001,-2.97705
1780861714022,Accelerometer,0.22095,10.063951,-2.81205
1780861714038,Accelerometer,0.99000007,9.741,-3.31995
1780861714061,Accelerometer,-0.53205,9.264001,-3.7219503
1780861714080,Accelerometer,-0.62505,9.564,-2.319
1780861714100,Accelerometer,0.74295,9.934951,-2.60805
1780861714115,Accelerometer,0.60195005,9.568951,-2.48895
1780861714138,Accelerometer,-0.15405001,9.45405,-2.2009501
1780861714158,Accelerometer,0.109050006,9.97095,-2.6779501
1780861714177,Accelerometer,-1.7320501,9.02505,-2.84805
1780861714195,Accelerometer,-3.522,9.0709505,-2.46
1780861714216,Accelerometer,-3.0529501,9.394051,-2.493
1780861714236,Accelerometer,-2.3779502,9.20505,-2.0629501
1780861714255,Accelerometer,-1.60905,9.481951,-2.1769502
1780861714276,Accelerometer,-2.3490002,9.430051,-1.8930001
1780861714294,Accelerometer,-2.352,9.71205,-2.4480002
1780861714313,Accelerometer,-2.87595,9.22095,-2.5890002
1780861714333,Accelerometer,-3.5629501,8.92395,-2.7210002
1780861714353,Accelerometer,-3.18,9.916051,-2.70405
1780861714373,Accelerometer,-2.088,8.995951,-3.5970001
1780861714391,Accelerometer,-3.8940003,8.52705,-2.43105
1780861714410,Accelerometer,-4.6789503,9.777,-1.7029501
1780861714430,Accelerometer,-2.4550502,11.778001,-3.1950002
1780861714449,Accelerometer,-0.060000002,12.19995,-4.0620003
1780861714469,Accelerometer,-2.5429502,12.23295,-2.496
1780861714488,Accelerometer,-3.8359501,9.897,-2.8210502
1780861714508,Accelerometer,-4.8460503,8.604,-1.1380501
1780861714527,Accelerometer,-3.0679502,10.552951,-2.01195
1780861714546,Accelerometer,-2.5120502,12.93,-1.9189501
1780861714566,Accelerometer,-1.12605,14.350051,-0.85305005
1780861714586,Accelerometer,-1.11105,17.320951,-0.64995
1780861714598,Accelerometer,-1.34595,13.43805,-1.593
1780861714624,Accelerometer,-3.38595,4.41795,-0.17295001
1780861714644,Accelerometer,-9.228001,-4.6000504,-0.73605
1780861714664,Accelerometer,-8.64105,-9.313951,0.57495004
1780861714680,Accelerometer,10.693951,-0.93405,0.606
1780861714702,Accelerometer,5.06505,2.8240502,-1.3590001
1780861714721,Accelerometer,-3.6160502,1.746,-0.55695003
1780861714741,Accelerometer,-7.9540505,1.296,-3.04905
1780861714756,Accelerometer,-7.7029505,3.9109502,-4.32795
1780861714770,Accelerometer,-7.5420003,5.1990004,-2.42595
1780861714799,Accelerometer,-8.007,7.11,-1.521
1780861714819,Accelerometer,-8.598001,8.493,-1.2919501
1780861714840,Accelerometer,-6.93195,8.57205,-0.52995
1780861714857,Accelerometer,-5.4040504,9.36705,-0.12105001
1780861714876,Accelerometer,-7.5019503,10.51395,0.71400005
1780861714897,Accelerometer,-8.94495,10.78695,1.2600001
1780861714916,Accelerometer,-6.16305,10.74195,0.56100005
1780861714935,Accelerometer,-4.06395,10.63605,-0.42195
1780861714956,Accelerometer,-3.7429502,11.103001,0.60105
1780861714975,Accelerometer,-4.8460503,11.757001,1.7910001
1780861714997,Accelerometer,-9.453,10.042951,0.33105
1780861715012,Accelerometer,-4.6480503,10.46895,-1.1770501
1780861715033,Accelerometer,-1.2790501,10.885051,-1.0350001
1780861715052,Accelerometer,-1.8730501,10.417951,-1.131
1780861715071,Accelerometer,-2.80395,10.40205,-0.21900001
1780861715091,Accelerometer,-4.2070503,10.371,-0.79395
1780861715109,Accelerometer,-1.4779501,10.74705,-1.335
1780861715129,Accelerometer,1.098,9.86295,0.34500003
1780861715149,Accelerometer,-2.35905,7.7629504,-1.1839501
1780861715169,Accelerometer,8.773951,11.901001,-5.07
1780861715188,Accelerometer,6.537,16.416,-7.4779506
1780861715210,Accelerometer,-3.075,16.993052,-8.934
1780861715231,Accelerometer,2.8549502,21.90405,11.3539505
1780861715237,Accelerometer,4.52895,16.71105,0.39795002
1780861715265,Accelerometer,-1.3099501,7.2460504,-7.1530504
1780861715286,Accelerometer,-5.03805,4.6990504,-2.9869502
1780861715304,Accelerometer,-5.5260005,9.363001,-3.4800003
1780861715317,Accelerometer,-6.93195,10.57695,-2.14905
1780861715343,Accelerometer,-6.0940504,6.98505,-1.6530001
1780861715364,Accelerometer,-3.561,8.7619505,-1.7080501
1780861715382,Accelerometer,-3.8580003,8.87205,-1.5499501
1780861715397,Accelerometer,-4.1070004,9.142051,-2.6749501
1780861715421,Accelerometer,-0.62805,11.3550005,-4.43295
1780861715441,Accelerometer,1.53795,11.170051,-2.0959501
1780861715461,Accelerometer,-0.24900001,10.01895,-2.628
1780861715477,Accelerometer,-2.77305,9.67605,-1.8589501
1780861715499,Accelerometer,-3.66105,8.40705,-2.3040001
1780861715519,Accelerometer,-5.0880003,7.38705,-1.404
1780861715538,Accelerometer,-4.39905,7.5360003,-1.74405
1780861715556,Accelerometer,-1.2220501,9.766951,-2.36205
1780861715577,Accelerometer,-1.1329501,9.96405,-3.6379502
1780861715597,Accelerometer,-3.1420503,11.72805,-2.84505
1780861715617,Accelerometer,-2.01195,11.994,-3.18105
1780861715635,Accelerometer,-1.8580501,14.27805,-3.52095
1780861715654,Accelerometer,-0.64905006,15.529951,-3.6520503
1780861715675,Accelerometer,-3.3070502,14.57505,-1.7179501
1780861715692,Accelerometer,-4.6140003,10.44495,-0.17595
1780861715713,Accelerometer,-5.08605,6.6670504,-0.18105
1780861715732,Accelerometer,-7.0200005,0.22095,-1.71105
1780861715752,Accelerometer,-9.790951,-5.97195,-5.44605
1780861715770,Accelerometer,4.0279503,-5.7900004,12.642
1780861715790,Accelerometer,11.103001,-5.14095,0.49395
1780861715809,Accelerometer,10.207951,4.69395,-8.055
1780861715830,Accelerometer,-1.24995,7.29195,-2.93595
1780861715849,Accelerometer,-9.795,7.5049505,-0.813
1780861715868,Accelerometer,-11.91405,7.7539506,-0.99000007
1780861715878,Accelerometer,-11.428051,6.8100004,-4.2169504
1780861715907,Accelerometer,-6.6280503,10.416,-0.43905002
1780861715926,Accelerometer,-4.0230002,12.20505,1.8919501
1780861715945,Accelerometer,-3.7549503,12.8869505,3.7090502
1780861715960,Accelerometer,-10.465951,12.625951,-2.6830502
1780861715985,Accelerometer,-7.1620502,14.223001,-2.33295
1780861716006,Accelerometer,-5.5290003,12.71895,1.1590501
1780861716024,Accelerometer,-6.4819503,11.359051,0.558
1780861716038,Accelerometer,-7.6480503,10.275001,0.24495001
1780861716062,Accelerometer,-8.60295,8.956051,-0.09705
1780861716082,Accelerometer,-4.9900503,10.15995,-0.72900003
1780861716102,Accelerometer,-2.01405,11.14395,-0.38205
1780861716118,Accelerometer,-2.3419502,10.344001,0.120000005
1780861716141,Accelerometer,-3.111,7.794,5.2489505
1780861716160,Accelerometer,1.8370501,10.519051,-10.09095
1780861716178,Accelerometer,7.5409503,17.139,-6.1210504
1780861716198,Accelerometer,-0.51495004,15.043951,-11.106001
1780861716219,Accelerometer,-3.6490502,15.26895,7.5780005
1780861716240,Accelerometer,-1.96905,17.24505,3.9940503
1780861716256,Accelerometer,6.43695,17.733002,-7.0930505
1780861716276,Accelerometer,4.248,10.17195,-5.38605
1780861716296,Accelerometer,-3.5299501,6.1969504,-1.3470001
1780861716315,Accelerometer,-11.59395,6.9040504,-1.55295
1780861716334,Accelerometer,-11.806951,9.42,-2.3689501
1780861716354,Accelerometer,-5.48295,8.806951,-1.6990501
1780861716374,Accelerometer,-2.29905,7.93305,-1.9279501
1780861716392,Accelerometer,-3.0340502,8.44995,-2.1700501
1780861716412,Accelerometer,-1.9009501,11.359051,-1.5690001
1780861716432,Accelerometer,-0.83805007,10.1959505,-2.77605
1780861716452,Accelerometer,-1.6690501,9.537001,-2.22495
1780861716470,Accelerometer,-0.573,11.067,-2.2800002
1780861716490,Accelerometer,0.31500003,9.625951,-3.1900501
1780861716509,Accelerometer,-3.7710001,8.224951,-0.84105
1780861716525,Accelerometer,-2.3419502,11.055,-3.08205
1780861716548,Accelerometer,-1.84905,10.375051,-1.22895
1780861716567,Accelerometer,-2.83995,9.50895,-2.3380501
1780861716587,Accelerometer,-3.381,10.24905,-2.0770502
1780861716600,Accelerometer,-1.9729501,11.338051,-2.946
1780861716625,Accelerometer,-1.023,13.402051,-3.351
1780861716645,Accelerometer,-0.08895,14.785951,-3.9469502
1780861716665,Accelerometer,-0.36405003,15.267001,-2.4049501
1780861716683,Accelerometer,-2.0640001,15.35805,-0.58305
1780861716704,Accelerometer,-1.7320501,11.580001,0.64005005
1780861716723,Accelerometer,-4.32705,1.1329501,-0.837
1780861716742,Accelerometer,-10.08495,-9.658951,-5.4529505
1780861716760,Accelerometer,12.20505,-4.62405,5.1769505
1780861716789,Accelerometer,16.354052,4.1620502,-6.6379504
1780861716800,Accelerometer,2.319,6.7219505,-5.7640505
1780861716819,Accelerometer,-8.404051,5.47695,-6.2980504
1780861716839,Accelerometer,-9.48705,7.6770005,-6.71505
1780861716858,Accelerometer,-7.7700005,6.7530003,-6.4900503
1780861716877,Accelerometer,-6.918,7.62195,-3.69495
1780861716898,Accelerometer,-5.2489505,11.055,-1.8330001
1780861716917,Accelerometer,-4.43895,10.993051,-0.48000002
1780861716936,Accelerometer,-4.32,11.42205,-1.6150501
1780861716955,Accelerometer,-3.8839502,12.769951,-1.3780501
1780861716975,Accelerometer,-5.91195,12.86295,0.048
1780861716995,Accelerometer,-7.3560004,12.4800005,-1.55505
1780861717014,Accelerometer,-4.9450502,13.797001,-0.48705003
1780861717033,Accelerometer,-2.6839502,13.64805,0.94095004
1780861717052,Accelerometer,-2.9530501,11.812051,0.597
1780861717072,Accelerometer,-3.24705,10.94295,1.07505
1780861717091,Accelerometer,-5.6250005,10.528951,-0.762
1780861717111,Accelerometer,-3.8380501,10.92405,-1.8180001
1780861717131,Accelerometer,-1.69605,10.99995,-1.14495
1780861717151,Accelerometer,-2.4550502,10.15305,-0.93000007
1780861717172,Accelerometer,-4.25295,9.05895,-0.92295
1780861717189,Accelerometer,-4.353,8.470051,0.039
1780861717209,Accelerometer,-1.3939501,8.83605,3.89595
1780861717228,Accelerometer,-20.764051,11.74695,0.71595
1780861717251,Accelerometer,-11.94795,14.812051,-11.89305
1780861717266,Accelerometer,12.3,18.423,-12.468
1780861717287,Accelerometer,15.34395,24.355951,-0.19695
1780861717309,Accelerometer,12.661951,22.761002,7.45095
1780861717321,Accelerometer,-5.67,8.65905,-2.24895
1780861717344,Accelerometer,-16.059,-0.87405,-8.22795
1780861717364,Accelerometer,-18.357,4.296,-6.08505
1780861717384,Accelerometer,-10.28205,7.1410503,-2.436
1780861717400,Accelerometer,-0.75195,12.247951,0.55305004
1780861717422,Accelerometer,1.6990501,12.250051,-0.61200005
1780861717441,Accelerometer,-0.9990001,9.70005,-2.0070002
1780861717461,Accelerometer,-1.8940501,10.866,-2.33295
1780861717480,Accelerometer,-1.7149501,10.069051,-2.4720001
1780861717500,Accelerometer,-1.34595,9.4800005,-2.802
1780861717519,Accelerometer,-1.4299501,9.18795,-1.77795
1780861717539,Accelerometer,-2.289,9.44205,-0.83895004
1780861717558,Accelerometer,-1.746,9.61905,-1.6669501
1780861717578,Accelerometer,-2.56995,9.099,-2.0959501
1780861717597,Accelerometer,-3.7930503,9.109051,-2.019
1780861717617,Accelerometer,-3.6799502,9.65205,-1.28205
1780861717636,Accelerometer,-2.4450002,10.075951,-1.8610501
1780861717655,Accelerometer,-3.39105,10.404,-2.73105
1780861717677,Accelerometer,-2.7469501,10.44495,-1.3780501
1780861717694,Accelerometer,0.043950003,11.29695,-1.4950501
1780861717714,Accelerometer,1.3750501,11.806951,-2.46705
1780861717733,Accelerometer,1.07805,12.540001,-3.2640002
1780861717752,Accelerometer,-1.1590501,12.267,-2.436
1780861717772,Accelerometer,-0.67800003,13.15305,-2.01705
1780861717791,Accelerometer,1.023,15.243001,-3.147
1780861717808,Accelerometer,1.2910501,14.85,-4.26795
1780861717830,Accelerometer,2.0410502,15.262051,-3.35505
1780861717850,Accelerometer,2.424,16.27695,-3.18495
1780861717871,Accelerometer,1.7560501,16.459051,-2.6749501
1780861717881,Accelerometer,-0.78795004,16.021051,-2.84295
1780861717908,Accelerometer,-3.46005,14.862,-6.3150005
1780861717928,Accelerometer,-3.8820002,11.014951,-2.2399502
1780861717947,Accelerometer,-10.81095,6.46605,1.095
1780861717961,Accelerometer,-10.573951,9.283951,-0.45405003
1780861717986,Accelerometer,0.14505,8.115001,-1.8229501
1780861718005,Accelerometer,6.5280004,5.14095,0.846
1780861718025,Accelerometer,2.3380501,3.69495,-2.9269502
1780861718041,Accelerometer,-3.9750001,3.5850003,-3.2329502
1780861718063,Accelerometer,-6.87195,3.8200502,-1.6170001
1780861718083,Accelerometer,-5.4880505,3.9520502,-0.21900001
1780861718102,Accelerometer,-3.4939501,3.66195,-0.23805001
1780861718113,Accelerometer,-1.64295,3.96795,-1.11405
1780861718140,Accelerometer,-1.128,5.65605,-2.3470502
1780861718160,Accelerometer,-3.42705,6.3240004,-3.4249501
1780861718179,Accelerometer,-5.433,7.20795,-3.015
1780861718199,Accelerometer,-7.2070503,7.9759502,-3.5089502
1780861718219,Accelerometer,-5.2510505,9.51105,-2.11305
1780861718238,Accelerometer,-2.9239502,10.962001,-1.5960001
1780861718257,Accelerometer,-3.92895,12.259951,-2.70705
1780861718277,Accelerometer,-4.05405,12.493951,-3.1210501
1780861718296,Accelerometer,-5.6460004,12.295951,-3.6979501
1780861718316,Accelerometer,-5.0929503,13.231951,-3.70005
1780861718335,Accelerometer,-3.4819503,12.99495,-3.2050502
1780861718354,Accelerometer,-3.6660001,11.391001,-2.9509501
1780861718374,Accelerometer,-2.802,11.139001,-2.3040001
1780861718394,Accelerometer,-2.5770001,10.870951,-1.42305
1780861718413,Accelerometer,-3.3259501,11.503051,-0.45600003
1780861718432,Accelerometer,0.44595003,12.351001,1.284
1780861718443,Accelerometer,1.572,11.866951,2.22705
1780861718471,Accelerometer,0.063,11.464951,0.48600003
1780861718490,Accelerometer,-2.2060502,10.80405,-0.97605
1780861718510,Accelerometer,-4.0609503,9.715051,-3.0870001
1780861718522,Accelerometer,-3.66105,9.135,-6.69495
1780861718549,Accelerometer,-1.2739501,9.64305,-9.127951
1780861718568,Accelerometer,19.29705,14.986951,-5.00295
1780861718587,Accelerometer,10.585951,12.870001,5.92395
1780861718602,Accelerometer,-3.5010002,11.938951,-5.8170004
1780861718627,Accelerometer,-7.6650004,8.653951,-1.4970001
1780861718646,Accelerometer,-4.42995,6.3409505,0.25395
1780861718665,Accelerometer,0.91095006,11.613001,-2.2729502
1780861718682,Accelerometer,1.46595,12.537001,-3.1039503
1780861718705,Accelerometer,-0.89100003,9.03195,-3.79605
1780861718724,Accelerometer,-2.7919502,8.059951,-3.2239501
1780861718743,Accelerometer,-3.1270502,9.87495,-1.7850001
1780861718762,Accelerometer,-1.9450501,10.36095,-1.15005
1780861718782,Accelerometer,0.85605,9.73095,-1.9549501
1780861718802,Accelerometer,2.1990001,9.834001,-3.0349503
1780861718821,Accelerometer,0.693,9.259951,-3.219
1780861718840,Accelerometer,-0.37395,9.573001,-3.3240001
1780861718861,Accelerometer,-2.2060502,9.23595,-3.8700001
1780861718885,Accelerometer,-3.2640002,9.35505,-3.3340502
1780861718900,Accelerometer,-0.81000006,9.745951,-2.84805
1780861718919,Accelerometer,0.95100003,9.74295,-2.70405
1780861718938,Accelerometer,0.37395,9.79605,-2.6179502
1780861718960,Accelerometer,0.039,9.741,-3.4009502
1780861718977,Accelerometer,-1.521,9.49905,-3.14505
1780861718996,Accelerometer,-1.2409501,9.7240505,-2.8500001
1780861719016,Accelerometer,-0.21405001,9.576,-3.0970502
1780861719038,Accelerometer,-0.23700002,9.7890005,-3.1020002
1780861719054,Accelerometer,-0.71595,9.955951,-2.9220002
1780861719074,Accelerometer,-1.0129501,10.09305,-3.8730001
1780861719094,Accelerometer,-1.08,10.098001,-3.82695
1780861719115,Accelerometer,-0.60105,9.657001,-1.7149501
1780861719128,Accelerometer,-0.43605003,9.82995,-1.8900001
1780861719152,Accelerometer,-0.41700003,10.038,-3.8410501
1780861719166,Accelerometer,-0.93705004,9.95895,-4.296
1780861719190,Accelerometer,-1.011,10.441951,-3.04395
1780861719210,Accelerometer,-2.2770002,10.701,-3.528
1780861719230,Accelerometer,-2.5530002,11.24205,-3.4060502
1780861719243,Accelerometer,-2.09295,11.797951,-2.60595
1780861719268,Accelerometer,-1.31295,12.03705,-2.4499502
1780861719287,Accelerometer,-0.822,13.287001,-3.0349503
1780861719307,Accelerometer,-0.92700005,13.428,-4.2990003
1780861719324,Accelerometer,-0.35505003,14.937,-5.2849503
1780861719346,Accelerometer,1.9260001,16.64595,-6.111
1780861719366,Accelerometer,4.4380503,16.918951,-6.3150005
1780861719384,Accelerometer,6.25005,18.492,-3.7050002
1780861719404,Accelerometer,3.1260002,18.74595,-0.25695002
1780861719423,Accelerometer,-0.99195004,13.99995,-1.3969501
1780861719442,Accelerometer,-4.5259504,11.022,-5.5680003
1780861719463,Accelerometer,-8.59395,8.46,-4.32
1780861719482,Accelerometer,-11.99295,9.6,0.64005005
1780861719502,Accelerometer,-5.53095,7.4760003,-2.1769502
1780861719521,Accelerometer,6.1590004,4.54995,-0.279
1780861719541,Accelerometer,6.29295,1.6530001,1.353
1780861719561,Accelerometer,-0.87000006,1.1329501,0.66405004
1780861719582,Accelerometer,-5.637,1.31505,-1.43295
1780861719599,Accelerometer,-4.67595,3.015,-1.5480001
1780861719618,Accelerometer,-2.13105,1.9909501,0.79305005
1780861719638,Accelerometer,0.37005,2.1370502,0.40305
1780861719656,Accelerometer,0.50100005,4.4710503,-1.28205
1780861719676,Accelerometer,-0.68805003,7.04295,-2.28495
1780861719696,Accelerometer,-2.21805,8.59395,0.67305005
1780861719716,Accelerometer,-4.3770003,9.8560505,-1.57395
1780861719735,Accelerometer,-4.329,14.163001,-1.866
1780861719755,Accelerometer,-4.09695,17.15595,-0.71895003
1780861719774,Accelerometer,-1.9710001,17.99595,-0.73095006
1780861719793,Accelerometer,-3.0700502,18.403051,-2.0359502
1780861719815,Accelerometer,-5.7660003,16.75395,-4.5019503
1780861719831,Accelerometer,-9.11505,14.77095,-3.3820503
1780861719851,Accelerometer,-14.725051,11.236951,-4.65105
1780861719870,Accelerometer,-11.77995,12.798,-3.219
1780861719892,Accelerometer,-6.9970503,11.91495,-1.026
1780861719913,Accelerometer,-4.23105,11.877001,-0.91305006
1780861719929,Accelerometer,-4.42995,11.071951,-2.47005
1780861719948,Accelerometer,7.69605,14.439001,-22.335001
1780861719964,Accelerometer,39.387,23.238,24.823952
1780861719987,Accelerometer,0.109050006,11.580001,6.07695
1780861720007,Accelerometer,-19.060951,4.50495,-5.1990004
1780861720026,Accelerometer,-17.838001,-1.626,-3.8940003
1780861720056,Accelerometer,-9.313951,7.4419503,0.75705004
1780861720064,Accelerometer,-7.4059505,15.817951,-5.235
1780861720084,Accelerometer,1.5790501,14.866951,0.59205
1780861720103,Accelerometer,1.45905,6.1930504,-6.3169503
1780861720123,Accelerometer,1.7659501,9.042001,-3.5010002
1780861720142,Accelerometer,-1.38195,10.15005,-0.45405003
1780861720166,Accelerometer,-6.3430505,9.147,-1.7080501
1780861720184,Accelerometer,-7.7080503,9.295951,-3.6709502
1780861720201,Accelerometer,-4.638,9.48705,-1.5480001
1780861720220,Accelerometer,-1.6380001,9.729,-1.5450001
1780861720240,Accelerometer,-1.45095,9.837001,-2.6869502
1780861720259,Accelerometer,-1.88505,9.990001,-2.1060002
1780861720285,Accelerometer,-2.65995,9.85305,-2.4769502
1780861720297,Accelerometer,-3.00795,9.693001,-2.21595
1780861720317,Accelerometer,-2.43495,9.549001,-1.332
1780861720337,Accelerometer,-1.13505,10.29195,-1.43295
1780861720356,Accelerometer,-0.07005,10.1959505,-2.21595
1780861720376,Accelerometer,-0.76905006,9.894,-2.26605
1780861720398,Accelerometer,-1.34595,9.568951,-2.3089502
1780861720414,Accelerometer,-1.5619501,9.61905,-3.1660502
1780861720433,Accelerometer,-1.605,10.30095,-2.9890501
1780861720446,Accelerometer,-1.2409501,10.620001,-2.0340002
1780861720472,Accelerometer,0.37395,11.3209505,-2.18895
1780861720498,Accelerometer,1.22895,11.830951,-2.9530501
1780861720516,Accelerometer,0.22395001,11.841001,-2.13
1780861720529,Accelerometer,-1.7410501,12.264001,-2.6179502
1780861720551,Accelerometer,-2.7180002,12.339001,-3.7240503
1780861720570,Accelerometer,-0.522,13.906951,-3.3270001
1780861720589,Accelerometer,2.16105,15.813001,-2.9629502
1780861720614,Accelerometer,4.28895,15.04695,-5.43405
1780861720630,Accelerometer,3.8460002,15.259951,-6.22905
1780861720648,Accelerometer,4.308,16.251001,-5.163
1780861720667,Accelerometer,1.593,16.966951,-4.3780503
1780861720686,Accelerometer,-5.8660502,15.616051,-0.76005006
1780861720706,Accelerometer,-6.642,12.880051,-7.0350003
1780861720729,Accelerometer,-7.4059505,7.8520503,-4.4620504
1780861720752,Accelerometer,-8.99295,9.114,4.9420505
1780861720764,Accelerometer,-1.6500001,7.1839504,-0.87705004
1780861720784,Accelerometer,6.25005,4.72695,-1.66305
1780861720803,Accelerometer,3.4609501,3.5970001,-3.07095
1780861720823,Accelerometer,-2.73705,3.3630002,-3.7909503
1780861720845,Accelerometer,-7.11105,3.2980502,-2.5129502
1780861720862,Accelerometer,-7.5109506,2.9560502,-0.0010500001
1780861720881,Accelerometer,-4.98495,2.8170002,0.31905
1780861720900,Accelerometer,-2.502,3.0990002,0.132
1780861720919,Accelerometer,-0.98700005,5.02395,-0.39600003
1780861720939,Accelerometer,-3.18495,5.8450503,-1.78005
1780861720964,Accelerometer,-1.9230001,7.5529504,-1.6150501
1780861720982,Accelerometer,-2.9239502,8.778001,0.04095
1780861720997,Accelerometer,-2.84205,11.23995,-1.00905
1780861721012,Accelerometer,-1.3630501,14.806951,0.31905
1780861721037,Accelerometer,-2.148,17.230051,-0.70995003
1780861721066,Accelerometer,-2.0020502,18.820051,-0.51600003
1780861721076,Accelerometer,-4.3440003,17.391,-1.3950001
1780861721093,Accelerometer,-4.99695,16.014,-1.5600001
1780861721114,Accelerometer,-10.774951,13.902,-2.84805
1780861721133,Accelerometer,-14.875951,12.255,-4.1740503
1780861721153,Accelerometer,-12.295051,11.635051,-2.74005
1780861721167,Accelerometer,-6.15105,11.802001,-2.14905
1780861721192,Accelerometer,-5.6959505,11.50605,-2.5170002
1780861721216,Accelerometer,-5.11695,11.26395,-2.5099502
1780861721230,Accelerometer,-6.024,9.250051,-2.52495
1780861721247,Accelerometer,-7.5930004,7.3369503,-3.4129503
1780861721269,Accelerometer,34.58205,17.68005,-24.384
1780861721300,Accelerometer,28.225052,20.757002,25.91595
1780861721309,Accelerometer,-4.5259504,9.9199505,-1.2580501
1780861721328,Accelerometer,-21.553951,4.215,-11.53905
1780861721347,Accelerometer,-17.167051,6.5209503,-1.8330001
1780861721366,Accelerometer,-7.518,9.34095,-0.85800004
1780861721386,Accelerometer,0.015000001,11.71605,-4.2049503
1780861721411,Accelerometer,5.5630503,10.98795,-3.3820503
1780861721429,Accelerometer,0.324,7.9690504,-3.7150502
1780861721447,Accelerometer,-4.3099504,9.099,-1.2409501
1780861721464,Accelerometer,-5.4229503,9.925051,-1.1340001
1780861721483,Accelerometer,-2.6820002,10.16895,-2.08605
1780861721503,Accelerometer,-1.5090001,9.406051,-2.601
1780861721533,Accelerometer,-1.53795,9.279,-2.8840501
1780861721542,Accelerometer,-1.84395,9.549001,-3.4440002
1780861721561,Accelerometer,-1.8940501,9.834001,-3.0199502
1780861721581,Accelerometer,-1.6639501,9.561001,-3.1039503
1780861721600,Accelerometer,-1.49205,9.66405,-3.2070003
1780861721619,Accelerometer,-0.71595,9.424951,-3.3700502
1780861721643,Accelerometer,0.22095,9.705001,-2.9509501
1780861721661,Accelerometer,-0.19905001,9.70695,-2.9320502
1780861721679,Accelerometer,-1.8940501,9.559051,-2.77095
1780861721697,Accelerometer,-3.3400502,9.430051,-2.4019501
1780861721717,Accelerometer,-2.115,9.44205,-1.71105
1780861721729,Accelerometer,-0.028950002,10.332001,-2.6160002
1780861721757,Accelerometer,0.67095006,10.417951,-4.74405
1780861721775,Accelerometer,0.24495001,10.6050005,-4.47795
1780861721794,Accelerometer,-0.01695,10.897051,-3.17805
1780861721809,Accelerometer,0.15405001,11.60805,-2.80695
1780861721832,Accelerometer,0.82500005,12.424951,-2.901
1780861721853,Accelerometer,0.13305001,12.207001,-3.42
1780861721875,Accelerometer,-0.49395,12.7240505,-3.9949503
1780861721894,Accelerometer,0.003,13.689001,-3.4009502
1780861721913,Accelerometer,0.07305,16.327951,-4.9960504
1780861721930,Accelerometer,0.537,16.150051,-6.3150005
1780861721950,Accelerometer,1.21695,16.918951,-5.9479504
1780861721970,Accelerometer,3.528,17.494051,-7.794
1780861721998,Accelerometer,6.9870005,18.921001,-6.6160502
1780861722009,Accelerometer,5.02395,18.970951,-4.8300004
1780861722027,Accelerometer,-0.10605001,12.592951,-1.9380001
1780861722047,Accelerometer,-9.0720005,4.31505,1.1209501
1780861722066,Accelerometer,-12.958051,6.9949503,2.39205
1780861722090,Accelerometer,-7.42005,6.3190503,-0.08505
1780861722108,Accelerometer,4.72695,3.38595,-2.4460502
1780861722125,Accelerometer,4.7299504,-0.22800002,-2.9290502
1780861722144,Accelerometer,-1.42305,-0.24900001,-2.42895
1780861722164,Accelerometer,-5.3250003,1.74195,-1.725
1780861722183,Accelerometer,-7.1380506,2.80005,-0.384
1780861722208,Accelerometer,-4.6530004,2.18205,1.0180501
1780861722229,Accelerometer,-0.17505,2.9629502,0.97695005
1780861722241,Accelerometer,0.70005006,5.08605,-1.9980001
1780861722261,Accelerometer,-0.31905,7.45905,-3.3100502
1780861722280,Accelerometer,-3.0870001,9.825001,-1.15005
1780861722293,Accelerometer,-4.72905,11.371051,-2.1730502
1780861722319,Accelerometer,-4.1860504,14.10795,-0.73800004
1780861722329,Accelerometer,-2.634,15.98805,-0.657
1780861722358,Accelerometer,-0.094050005,17.737951,-0.33105
1780861722380,Accelerometer,-0.384,18.181051,-0.99000007
1780861722397,Accelerometer,-3.7120502,17.34795,-1.3729501
1780861722416,Accelerometer,-8.533951,16.44495,-2.2420502
1780861722441,Accelerometer,-11.245951,13.64595,-2.187
1780861722461,Accelerometer,-8.404051,13.428,-1.7659501
1780861722474,Accelerometer,-3.5080502,13.608001,-0.09900001
1780861722494,Accelerometer,-4.55205,12.283951,-1.0900501
1780861722513,Accelerometer,-3.6880503,11.25195,-4.6990504
1780861722530,Accelerometer,-3.795,12.18105,-13.929001
1780861722552,Accelerometer,17.08905,18.799051,-7.32495
1780861722572,Accelerometer,9.37005,13.29405,10.468051
1780861722591,Accelerometer,-4.3720503,7.7389503,-1.2049501
1780861722611,Accelerometer,-10.20705,3.693,-2.118
1780861722630,Accelerometer,-3.999,7.5690002,4.413
1780861722649,Accelerometer,-4.46805,14.460001,-6.46605
1780861722675,Accelerometer,2.42895,13.519051,-6.4009504
1780861722694,Accelerometer,0.94395006,6.7500005,-0.79095006
1780861722708,Accelerometer,-0.76905006,7.1929502,-2.8330503
1780861722727,Accelerometer,-1.24995,10.299001,-3.21195
1780861722747,Accelerometer,-4.6600504,9.607051,-3.3289502
1780861722766,Accelerometer,-4.044,9.295951,-1.536
1780861722788,Accelerometer,-1.056,9.61905,-2.493
1780861722807,Accelerometer,0.33900002,9.858001,-2.6160002
1780861722824,Accelerometer,0.15900001,9.609,-2.1079502
1780861722843,Accelerometer,-1.2529501,9.45405,-3.0970502
1780861722863,Accelerometer,-2.5140002,9.64995,-3.6499503
1780861722885,Accelerometer,-2.46705,9.375,-2.9269502
1780861722905,Accelerometer,-1.641,9.304951,-2.841
1780861722926,Accelerometer,-0.23505001,9.717,-2.84505
1780861722941,Accelerometer,0.291,9.589951,-2.946
1780861722960,Accelerometer,0.39105,9.73095,-2.6179502
1780861722980,Accelerometer,-0.44295,9.40305,-3.5110502
1780861723007,Accelerometer,-1.1740501,9.613951,-3.525
1780861723011,Accelerometer,-1.6000501,9.363001,-2.5440001
1780861723038,Accelerometer,-0.99600005,9.47805,-3.2719502
1780861723058,Accelerometer,-0.29505002,9.813001,-4.9549503
1780861723077,Accelerometer,0.42705002,10.05195,-4.28895
1780861723091,Accelerometer,1.36995,9.906,-4.1290503
1780861723116,Accelerometer,1.0639501,10.453951,-3.2310002
1780861723137,Accelerometer,0.034050003,10.49505,-2.59605
1780861723158,Accelerometer,-0.75495005,10.77795,-4.13595
1780861723171,Accelerometer,-1.164,11.371051,-5.0220003
1780861723193,Accelerometer,-1.81095,11.58495,-3.9130502
1780861723213,Accelerometer,-0.96795005,12.23595,-3.1330502
1780861723240,Accelerometer,-0.53400004,12.628051,-2.2039502
1780861723253,Accelerometer,-0.44595003,12.814951,-1.5619501
1780861723271,Accelerometer,-1.4250001,12.481951,-0.83205
1780861723291,Accelerometer,-0.015000001,12.961051,-2.29695
1780861723310,Accelerometer,1.2910501,19.27305,-3.8179502
1780861723330,Accelerometer,5.493,18.10695,-12.0060005
1780861723353,Accelerometer,6.3630004,15.81,-10.7029505
1780861723370,Accelerometer,6.0010505,17.199001,-2.29695
1780861723390,Accelerometer,0.85800004,15.18105,1.4680501
1780861723407,Accelerometer,-3.00795,8.800051,-4.7130003
1780861723426,Accelerometer,-12.93,5.6899505,-7.2960005
1780861723446,Accelerometer,-14.056951,7.6200004,1.13505
1780861723474,Accelerometer,-2.1049502,4.0950003,-1.81095
1780861723485,Accelerometer,6.1039505,1.16505,-1.2100501
1780861723504,Accelerometer,3.5130002,1.062,-3.21705
1780861723525,Accelerometer,-0.75000006,3.0250502,-3.7699502
1780861723543,Accelerometer,-3.8700001,4.11,-2.6200502
1780861723563,Accelerometer,-5.0070004,4.0140004,-2.2090502
1780861723586,Accelerometer,-3.2760003,4.5,-1.6480501
1780861723604,Accelerometer,-0.97695005,4.21995,-3.0940502
1780861723623,Accelerometer,-1.45905,5.565,-4.6650004
1780861723640,Accelerometer,-3.9580503,7.2990003,-4.38705
1780861723652,Accelerometer,-5.598,8.14395,-4.3510504
1780861723680,Accelerometer,-6.1990504,9.30795,-4.9549503
1780861723707,Accelerometer,-4.87305,11.686951,-3.6709502
1780861723718,Accelerometer,-2.9329503,14.577001,-3.3270001
1780861723734,Accelerometer,-3.63,17.33595,-2.6869502
1780861723757,Accelerometer,-5.70795,15.892051,-2.9509501
1780861723776,Accelerometer,-6.6160502,16.05495,-1.9210501
1780861723801,Accelerometer,-9.594001,15.5140505,-4.07595
1780861723820,Accelerometer,-13.47105,12.217051,-3.6979501
1780861723834,Accelerometer,-13.159051,12.02505,-1.074
1780861723853,Accelerometer,-10.114051,12.04695,-1.31805
1780861723873,Accelerometer,-8.673,11.90295,-2.1730502
1780861723893,Accelerometer,-9.68805,10.825951,-4.78695
1780861723917,Accelerometer,17.058,15.363001,-17.55405
1780861723940,Accelerometer,33.91605,20.54895,20.779951
1780861723950,Accelerometer,-0.036000002,12.601951,-4.749
1780861723971,Accelerometer,-19.48995,3.5299501,-6.669
1780861723990,Accelerometer,-13.171051,2.4,-0.76500005
1780861724009,Accelerometer,-8.86905,10.18095,-2.94405
1780861724033,Accelerometer,-1.4080501,15.207001,-4.9399505
1780861724051,Accelerometer,1.09305,9.121051,-3.86295
1780861724068,Accelerometer,-1.1899501,7.04505,-2.60805
1780861724087,Accelerometer,-2.325,9.99705,0.597
1780861724107,Accelerometer,-1.6789501,10.696051,-1.00695
1780861724126,Accelerometer,-2.91405,9.166051,-3.31995
1780861724150,Accelerometer,-2.87595,9.027,-3.387
1780861724171,Accelerometer,-1.7530501,9.33405,-3.4099503
1780861724184,Accelerometer,-0.83100003,9.516001,-4.18905
1780861724204,Accelerometer,-0.79305005,9.906,-3.6760502
1780861724224,Accelerometer,-1.5180001,9.481951,-2.97195
1780861724243,Accelerometer,-1.6309501,9.463051,-3.3700502
1780861724265,Accelerometer,-0.45795003,9.81,-2.9320502
1780861724282,Accelerometer,0.14505,9.516001,-2.81205
1780861724301,Accelerometer,-0.35505003,9.53295,-2.7540002
1780861724320,Accelerometer,-1.815,9.66195,-2.6200502
1780861724340,Accelerometer,-2.5459502,9.408,-2.57505
1780861724360,Accelerometer,-0.56805,9.66195,-2.3070002
1780861724382,Accelerometer,-0.23700002,10.33005,-3.51795
1780861724403,Accelerometer,0.37905002,10.509001,-4.86105
1780861724418,Accelerometer,0.86805004,10.92405,-4.7389503
1780861724437,Accelerometer,0.79800004,11.57295,-4.524
1780861724453,Accelerometer,0.69105005,12.324,-3.075
1780861724476,Accelerometer,1.047,12.813001,-2.1750002
1780861724496,Accelerometer,1.1329501,12.84405,-3.0270002
1780861724515,Accelerometer,0.57795,14.166,-4.512
1780861724535,Accelerometer,0.12495001,15.721951,-4.84005
1780861724554,Accelerometer,-0.39795002,15.03705,-5.3689504
1780861724573,Accelerometer,0.66405004,17.022001,-5.64405
1780861724598,Accelerometer,1.27995,17.404951,-8.331
1780861724616,Accelerometer,5.62995,20.407051,-9.636001
1780861724636,Accelerometer,8.38305,19.810951,-6.0010505
1780861724651,Accelerometer,5.13,13.66005,-1.3630501
1780861724670,Accelerometer,0.27195,5.367,-4.63605
1780861724690,Accelerometer,-21.618002,2.42895,4.79895
1780861724720,Accelerometer,-12.172951,6.1849504,-0.96405005
1780861724728,Accelerometer,1.179,3.59505,-2.73795
1780861724748,Accelerometer,9.295951,0.77205,0.63000005
1780861724768,Accelerometer,2.838,-0.72795004,1.176
1780861724786,Accelerometer,-3.5629501,2.73495,0.16800001
1780861724806,Accelerometer,-5.8759503,4.9120502,1.33605
1780861724830,Accelerometer,-4.497,4.01895,3.4069502
1780861724849,Accelerometer,-0.61095005,3.348,3.144
1780861724854,Accelerometer,1.1550001,5.59905,1.128
1780861724884,Accelerometer,1.15995,8.71605,-1.0380001
1780861724904,Accelerometer,0.231,11.5990505,1.7700001
1780861724923,Accelerometer,-1.4970001,13.46205,1.22895
1780861724935,Accelerometer,-2.60505,18.01605,0.71895003
1780861724962,Accelerometer,-3.0270002,19.744051,2.00895
1780861724980,Accelerometer,-0.23700002,17.719051,2.3400002
1780861725001,Accelerometer,-3.759,15.613951,-0.71505004
1780861725015,Accelerometer,-2.8570502,15.123001,-2.6830502
1780861725040,Accelerometer,-5.256,15.613951,-6.2449503
1780861725063,Accelerometer,-22.25505,10.395,-3.4030502
1780861725082,Accelerometer,-19.531052,10.882951,2.1379502
1780861725098,Accelerometer,-8.44995,10.081051,-2.80005
1780861725117,Accelerometer,-3.1680002,9.880051,-3.4939501
1780861725136,Accelerometer,-6.8580003,11.09805,-5.6080503
1780861725156,Accelerometer,-9.39105,13.632001,-5.77395
1780861725185,Accelerometer,26.388,22.29195,-9.8560505
1780861725196,Accelerometer,20.709002,15.274051,13.52295
1780861725214,Accelerometer,2.3430002,4.7899504,-3.2329502
1780861725234,Accelerometer,-11.029051,1.71,0.75900006
1780861725253,Accelerometer,-1.8390001,9.22395,-3.58995
1780861725277,Accelerometer,-7.6450505,13.203001,-1.21695
1780861725295,Accelerometer,-9.252001,8.99205,-4.3110003
1780861725313,Accelerometer,-10.428,6.3510003,-6.5809503
1780861725332,Accelerometer,-5.0479503,11.070001,-3.63105
1780861725350,Accelerometer,1.15695,10.02795,-1.1719501
1780861725370,Accelerometer,3.6520503,9.537001,-0.29595003
1780861725395,Accelerometer,0.22095,9.898951,-1.644
1780861725416,Accelerometer,-3.0000002,8.938951,-3.7740002
1780861725428,Accelerometer,-3.45495,9.36705,-4.038
1780861725447,Accelerometer,-2.94105,9.54705,-3.8890502
1780861725467,Accelerometer,-1.8060001,9.468,-3.4750502
1780861725486,Accelerometer,-0.47700003,9.79395,-3.0679502
1780861725511,Accelerometer,0.33405003,9.54195,-2.6200502
1780861725530,Accelerometer,-0.043950003,9.336,-3.1039503
1780861725544,Accelerometer,-0.53895,9.609,-3.1879501
1780861725564,Accelerometer,-0.94395006,9.762,-2.5200002
1780861725576,Accelerometer,-0.53400004,9.628051,-2.7859502
1780861725603,Accelerometer,-0.83100003,9.729,-3.1570501
1780861725627,Accelerometer,-0.96495,10.045051,-2.505
1780861725650,Accelerometer,-0.80295,9.943951,-2.4379501
1780861725657,Accelerometer,0.03705,10.143001,-2.52705
1780861725681,Accelerometer,1.24605,10.49505,-3.1060503
1780861725700,Accelerometer,1.4760001,11.3880005,-3.7189503
1780861725719,Accelerometer,0.75495005,12.05595,-4.1070004
1780861725745,Accelerometer,-0.93900007,12.219001,-4.6150503
1780861725760,Accelerometer,-1.96905,12.312,-3.9850502
1780861725778,Accelerometer,-2.18595,12.645,-2.56305
1780861725797,Accelerometer,-1.26195,13.29195,-2.9839501
1780861725808,Accelerometer,-0.38805002,14.470051,-4.12605
1780861725836,Accelerometer,1.167,15.754951,-4.8640504
1780861725846,Accelerometer,2.77605,16.95705,-7.6200004
1780861725878,Accelerometer,5.30205,16.705952,-9.09195
1780861725894,Accelerometer,8.96805,16.13805,-7.5330005
1780861725914,Accelerometer,8.971951,17.22105,-3.7720501
1780861725933,Accelerometer,5.1150002,14.383051,-3.18495
1780861725952,Accelerometer,-1.9249501,5.6899505,-5.44995
1780861725973,Accelerometer,-10.581,2.7900002,-7.761
1780861725993,Accelerometer,-21.03705,4.56405,4.54995
1780861726011,Accelerometer,-7.3080006,2.49795,2.69895
1780861726030,Accelerometer,3.0559502,-0.9580501,-1.23405
1780861726049,Accelerometer,1.9450501,-0.62805,-2.66805
1780861726069,Accelerometer,0.058050003,1.7989501,-2.4049501
1780861726092,Accelerometer,-1.9300501,1.7490001,-0.312
1780861726114,Accelerometer,-3.1660502,3.6400502,-0.53295004
1780861726127,Accelerometer,-3.2610002,3.8530502,-1.794
1780861726147,Accelerometer,-2.328,5.4910502,-2.5890002
1780861726166,Accelerometer,-1.31295,8.127001,-1.6990501
1780861726194,Accelerometer,-3.2640002,9.70695,-1.8930001
1780861726208,Accelerometer,-6.0270004,11.091001,-3.5419502
1780861726224,Accelerometer,-5.84205,13.962001,-4.071
1780861726245,Accelerometer,-4.67595,14.781001,-4.533
1780861726263,Accelerometer,-3.48705,14.185051,-3.28095
1780861726283,Accelerometer,-3.89805,14.910001,-2.08605
1780861726297,Accelerometer,-5.83995,13.66005,-3.2670002
1780861726322,Accelerometer,-8.851951,12.69795,-0.231
1780861726347,Accelerometer,-7.38,12.03705,1.72905
1780861726361,Accelerometer,-7.3410006,11.497951,-1.6000501
1780861726373,Accelerometer,-6.3450003,11.889001,-0.68295
1780861726400,Accelerometer,-3.9270003,11.533951,-0.094050005
1780861726429,Accelerometer,-4.224,10.816051,-0.47295
1780861726440,Accelerometer,-4.65495,10.17195,-0.97605
1780861726457,Accelerometer,-4.1779504,8.898001,-0.81705004
1780861726477,Accelerometer,-4.638,9.64305,-1.12395
1780861726496,Accelerometer,-7.6000504,12.588,-0.42705002
1780861726516,Accelerometer,15.898951,23.448002,-2.0410502
1780861726539,Accelerometer,18.03705,22.042952,-7.5049505
1780861726556,Accelerometer,10.521001,7.4880004,-11.42205
1780861726576,Accelerometer,3.3289502,3.5440502,-3.039
1780861726594,Accelerometer,-19.308,1.5790501,10.392
1780861726613,Accelerometer,-10.81305,9.528001,0.71895003
1780861726633,Accelerometer,-6.29505,12.82005,-4.8349504
1780861726663,Accelerometer,-3.5440502,9.09405,-8.46195
1780861726672,Accelerometer,-0.04605,10.95195,-6.47805
1780861726691,Accelerometer,1.6699501,10.94295,-2.8650002
1780861726711,Accelerometer,0.56595004,9.207001,1.317
1780861726730,Accelerometer,-2.457,7.8490505,0.597
1780861726749,Accelerometer,-1.8559501,9.03495,-3.14505
1780861726773,Accelerometer,-2.64105,9.97605,-4.7580004
1780861726778,Accelerometer,-2.8140001,10.062,-4.88805
1780861726807,Accelerometer,-1.9950001,9.849001,-4.10505
1780861726827,Accelerometer,-1.2070501,9.56595,-2.946
1780861726846,Accelerometer,-1.09905,9.42,-2.4019501
1780861726859,Accelerometer,-1.7200501,9.612,-1.96905
1780861726889,Accelerometer,-2.15805,9.571051,-1.9860001
1780861726905,Accelerometer,-2.6440501,9.814951,-1.8900001
1780861726924,Accelerometer,-2.28195,10.1650505,-2.32095
1780861726938,Accelerometer,-1.57095,10.332001,-2.87895
1780861726963,Accelerometer,-0.89100003,10.404,-3.15405
1780861726987,Accelerometer,-0.36,10.677,-2.8530002
1780861727006,Accelerometer,-0.09105001,10.62705,-2.9239502
1780861727021,Accelerometer,0.034050003,10.905001,-2.77095
1780861727041,Accelerometer,-0.324,11.28495,-3.11595
1780861727060,Accelerometer,-1.4059501,11.14395,-4.86105
1780861727079,Accelerometer,-2.64105,11.472,-5.7109504
1780861727107,Accelerometer,-2.6839502,12.571051,-5.1940503
1780861727125,Accelerometer,-1.7719501,14.236951,-4.275
1780861727137,Accelerometer,0.702,17.103,-3.8850002
1780861727157,Accelerometer,4.0399504,18.138,-7.5690002
1780861727176,Accelerometer,8.38605,20.146051,-9.469951
1780861727196,Accelerometer,8.53695,19.264952,-8.71605
1780861727219,Accelerometer,3.28395,15.085051,-3.7189503
1780861727237,Accelerometer,-4.9950004,7.56195,-7.3750505
1780861727255,Accelerometer,-11.15295,6.0349503,-2.9650502
1780861727273,Accelerometer,-17.278051,6.9250503,9.71895
1780861727293,Accelerometer,-1.36995,2.70195,1.28805
1780861727313,Accelerometer,2.63205,-0.81195,-1.7850001
1780861727339,Accelerometer,-0.16800001,-0.08895,-1.5190501
1780861727359,Accelerometer,-2.7919502,1.572,-0.72900003
1780861727371,Accelerometer,-4.79895,2.52495,1.059
1780861727391,Accelerometer,-3.9750001,3.6120002,1.45095
1780861727410,Accelerometer,-1.13505,4.794,0.81405
1780861727430,Accelerometer,-1.1710501,6.4440002,0.513
1780861727452,Accelerometer,-3.7669501,7.806,-1.00695
1780861727469,Accelerometer,-2.4109502,9.870001,-0.69105005
1780861727488,Accelerometer,-3.8890502,11.532001,-1.18095
1780861727503,Accelerometer,-4.4610004,14.038951,-0.55695003
1780861727526,Accelerometer,-5.5600505,15.010951,1.0350001
1780861727546,Accelerometer,-7.2889504,13.785001,0.32805002
1780861727570,Accelerometer,-7.1380506,14.592001,-1.99995
1780861727590,Accelerometer,-5.4760504,15.643051,-2.742
1780861727604,Accelerometer,-6.1200004,13.20495,-5.3590503
1780861727624,Accelerometer,-12.85095,12.1060505,-0.91995007
1780861727643,Accelerometer,-10.82505,12.37005,-0.19005
1780861727660,Accelerometer,-7.6090503,11.934001,-1.9759501
1780861727685,Accelerometer,-8.754001,13.270051,-4.1530504
1780861727704,Accelerometer,-17.433,17.19,-2.5080001
1780861727721,Accelerometer,-0.73095006,17.781,-0.657
1780861727740,Accelerometer,6.873,12.06105,0.096
1780861727760,Accelerometer,6.9280505,7.8109503,-10.30395
1780861727785,Accelerometer,5.53905,10.210051,-6.3480005
1780861727804,Accelerometer,-2.35395,8.04105,-2.2009501
1780861727821,Accelerometer,-15.7240505,8.06505,7.7430005
1780861727837,Accelerometer,-7.4730005,9.102,-0.19995001
1780861727857,Accelerometer,-4.32,9.35805,-2.2999501
1780861727876,Accelerometer,-0.09900001,10.15995,-2.493
1780861727907,Accelerometer,1.641,9.283951,-2.505
1780861727917,Accelerometer,2.22495,9.87495,-2.66805
1780861727934,Accelerometer,0.41295,9.8560505,-3.3390002
1780861727954,Accelerometer,-1.1520001,9.628051,-3.5760002
1780861727973,Accelerometer,-1.5450001,9.628051,-3.1330502
1780861727993,Accelerometer,-1.047,9.00105,-2.319
1780861728017,Accelerometer,0.11595,9.286051,-2.60805
1780861728036,Accelerometer,0.90405005,9.75,-3.6019502
1780861728054,Accelerometer,0.99495006,9.67605,-4.06395
1780861728070,Accelerometer,0.56100005,9.469951,-2.6869502
1780861728090,Accelerometer,1.09305,9.549001,-1.2409501
1780861728110,Accelerometer,1.8520501,9.624001,-1.4830501
1780861728139,Accelerometer,2.23005,9.754951,-3.4320002
1780861728141,Accelerometer,1.6290001,10.098001,-3.66405
1780861728167,Accelerometer,0.70500004,10.9810505,-1.81605
1780861728187,Accelerometer,-0.34800002,9.846001,-2.319
1780861728206,Accelerometer,-1.7580001,8.950951,-1.96695
1780861728221,Accelerometer,-2.7630002,8.79,-0.693
1780861728246,Accelerometer,-1.9399501,9.585,-0.19305001
1780861728266,Accelerometer,0.97095007,10.785001,-0.90105003
1780861728288,Accelerometer,3.2959502,10.2630005,-2.4100502
1780861728301,Accelerometer,3.4459503,9.448951,-4.96005
1780861728323,Accelerometer,1.54305,10.243951,-4.20795
1780861728343,Accelerometer,-0.61095005,9.1039505,-3.3820503
1780861728370,Accelerometer,-1.3630501,9.21405,-1.43505
1780861728382,Accelerometer,-0.63705003,9.70995,2.12895
1780861728401,Accelerometer,1.50495,9.4800005,4.39395
1780861728421,Accelerometer,1.5169501,9.585,0.68805003
1780861728440,Accelerometer,0.75000006,9.657001,-2.49795
1780861728460,Accelerometer,0.54195005,10.13805,-4.083
1780861728482,Accelerometer,0.90105003,10.677,-3.3460503
1780861728500,Accelerometer,1.0380001,10.179001,-1.67505
1780861728518,Accelerometer,1.15695,9.80595,-0.34095
1780861728537,Accelerometer,0.94200003,9.457951,0.11505
1780861728556,Accelerometer,0.51105005,9.691051,-0.07305
1780861728582,Accelerometer,0.13305001,10.288951,-3.17805
1780861728604,Accelerometer,-0.19905001,10.12905,-4.74405
1780861728614,Accelerometer,1.8730501,10.29405,0.08400001
1780861728634,Accelerometer,1.9549501,9.592051,2.7109501
1780861728653,Accelerometer,-1.056,9.492001,-0.96105003
1780861728673,Accelerometer,-2.1409502,9.81795,-0.42705002
1780861728696,Accelerometer,0.564,9.925051,-1.5790501
1780861728714,Accelerometer,3.8050501,10.299001,-0.906
1780861728732,Accelerometer,2.1390002,9.613951,-0.76500005
1780861728751,Accelerometer,-0.35205,9.150001,-1.15995
1780861728770,Accelerometer,0.039,9.913051,-0.93000007
1780861728782,Accelerometer,0.123,9.69795,-0.40305
1780861728809,Accelerometer,0.97800004,10.38,-0.77400005
1780861728834,Accelerometer,1.473,10.05,-1.062
1780861728848,Accelerometer,1.473,10.026,-0.89895004
1780861728862,Accelerometer,0.030000001,9.882001,-1.0879501
1780861728886,Accelerometer,0.14505,9.633,-0.72195005
1780861728906,Accelerometer,-1.7550001,10.035001,-0.56805
1780861728929,Accelerometer,0.66705,9.870001,-2.0050502
1780861728948,Accelerometer,1.4830501,9.814951,-0.33405003
1780861728964,Accelerometer,1.7200501,10.453951,-1.14795
1780861728984,Accelerometer,0.94200003,9.98805,-0.73800004
1780861729003,Accelerometer,0.99195004,9.81,-0.66705
1780861729023,Accelerometer,0.051000003,9.98805,-0.726
1780861729047,Accelerometer,0.22800002,9.922951,-1.22895
1780861729068,Accelerometer,0.882,9.93,-0.61395
1780861729081,Accelerometer,-0.036000002,9.540001,-1.026
1780861729100,Accelerometer,-0.015000001,9.78195,-0.94005007
1780861729120,Accelerometer,0.43005002,9.966001,-0.588
1780861729139,Accelerometer,1.04505,10.134001,-0.94395006
1780861729162,Accelerometer,0.87195003,9.73095,-0.96105003
1780861729180,Accelerometer,0.882,9.967951,-0.70995003
1780861729198,Accelerometer,0.76005006,10.13595,-1.011
1780861729217,Accelerometer,1.1740501,10.107,-0.93705004
1780861729237,Accelerometer,0.80295,10.02795,-0.82905006
1780861729256,Accelerometer,0.40800002,10.1980505,-0.82005006
1780861729281,Accelerometer,0.64305,10.002001,-0.85800004
1780861729300,Accelerometer,0.018000001,9.727051,-0.786
1780861729314,Accelerometer,0.18795002,9.757951,-1.0380001
1780861729334,Accelerometer,0.762,9.573001,-1.059
1780861729353,Accelerometer,0.31905,9.834001,-0.92505
1780861729383,Accelerometer,0.32205,9.766951,-0.93195003
1780861729392,Accelerometer,0.91605,9.58005,-0.75495005
1780861729412,Accelerometer,0.846,9.79605,-0.48000002
1780861729428,Accelerometer,1.39005,9.754951,-0.74100006
1780861729450,Accelerometer,1.12905,9.66705,-0.64995
1780861729469,Accelerometer,0.54,9.573001,-0.78405005
1780861729495,Accelerometer,0.17295001,9.74295,-0.813
1780861729513,Accelerometer,-0.04095,9.8220005,-0.777
1780861729531,Accelerometer,-0.25395,9.83205,-0.69795
1780861729547,Accelerometer,-0.71205,9.901051,-0.034950003
1780861729567,Accelerometer,-1.3579501,10.063951,1.02795
1780861729583,Accelerometer,1.1839501,10.737,-2.3430002
1780861729609,Accelerometer,2.7210002,10.52595,-1.6990501
1780861729626,Accelerometer,2.1649501,9.870001,-0.39600003
1780861729644,Accelerometer,-0.66105,9.748051,-0.078
1780861729664,Accelerometer,-1.281,9.625951,-0.48000002
1780861729683,Accelerometer,-2.0310001,9.790951,-0.99195004
1780861729703,Accelerometer,0.588,11.127001,-1.35405
1780861729725,Accelerometer,0.95400006,9.71895,-1.0189501
1780861729741,Accelerometer,0.61605,9.80805,-0.63600004
1780861729760,Accelerometer,-0.108,9.660001,1.023
1780861729780,Accelerometer,-0.81000006,9.73095,0.91995007
1780861729799,Accelerometer,0.102000006,10.083,-1.20105
1780861729820,Accelerometer,0.79800004,10.5379505,-2.9910002
1780861729850,Accelerometer,0.86805004,9.880051,-0.98700005
1780861729859,Accelerometer,0.50895,9.66705,-0.264
1780861729877,Accelerometer,0.279,9.94005,-2.3449502
1780861729897,Accelerometer,2.115,10.689,-3.6520503
1780861729916,Accelerometer,-0.04095,9.609,0.18
1780861729936,Accelerometer,-0.95595,10.821,0.59895
1780861729959,Accelerometer,-1.87995,10.64595,0.079050004
1780861729976,Accelerometer,0.45795003,10.110001,-1.11705
1780861729997,Accelerometer,2.19195,10.1310005,0.108
1780861730014,Accelerometer,-0.108,9.37005,-1.3110001
1780861730033,Accelerometer,-0.27600002,10.395,-0.537
1780861730053,Accelerometer,1.2940501,9.990001,-0.93705004
1780861730065,Accelerometer,-0.70395005,9.408,-0.42705002
1780861730092,Accelerometer,0.29505002,8.13195,-0.24000001
1780861730111,Accelerometer,1.69095,9.5130005,-0.44595003
1780861730131,Accelerometer,0.087000005,9.87495,-0.76500005
1780861730147,Accelerometer,-0.64695,9.99495,-0.48900002
1780861730169,Accelerometer,0.22605,9.79605,-0.82500005
1780861730192,Accelerometer,2.0389502,9.43395,-0.77205
1780861730210,Accelerometer,2.26605,9.621,-0.669
1780861730229,Accelerometer,0.94695,9.81795,-1.0860001
1780861730246,Accelerometer,0.717,9.53505,-0.57795
1780861730266,Accelerometer,0.109050006,8.946,-0.48195
1780861730291,Accelerometer,0.906,9.35295,-0.43905002
1780861730313,Accelerometer,1.62705,10.567051,-0.69105005
1780861730324,Accelerometer,2.28795,10.564951,-1.9380001
1780861730344,Accelerometer,-1.368,11.24205,-1.3270501
1780861730363,Accelerometer,-1.7479501,10.62405,-1.6360501
1780861730383,Accelerometer,-1.9519501,9.24495,0.32595003
1780861730407,Accelerometer,-0.10605001,9.636001,0.273
1780861730424,Accelerometer,0.33600003,10.12395,-0.79800004
1780861730442,Accelerometer,0.528,10.10505,-1.5330001
1780861730461,Accelerometer,0.41295,9.66195,-1.3590001
1780861730480,Accelerometer,0.64005005,9.825001,-0.72195005
1780861730500,Accelerometer,0.324,9.98295,-1.11705
1780861730525,Accelerometer,0.312,9.97605,-1.5289501
1780861730544,Accelerometer,0.91305006,10.074,-0.822
1780861730557,Accelerometer,0.68595004,9.882001,-0.59205
1780861730577,Accelerometer,-0.20895001,9.834001,-0.98505
1780861730597,Accelerometer,-0.252,9.892051,-0.61605
1780861730616,Accelerometer,-0.039,9.98295,-0.77895004
1780861730639,Accelerometer,0.14895001,9.910951,-0.80295
1780861730657,Accelerometer,0.24795002,9.7890005,-0.51105005
1780861730674,Accelerometer,-0.56805,9.621,-2.082
1780861730694,Accelerometer,0.363,10.420951,-1.368
1780861730706,Accelerometer,1.42305,9.906,0.66795003
1780861730733,Accelerometer,1.6150501,9.49695,-1.0900501
1780861730758,Accelerometer,-5.23395,8.853001,1.33395
1780861730778,Accelerometer,-6.36705,8.52,0.78795004
1780861730788,Accelerometer,2.7970502,10.177051,-1.059
1780861730810,Accelerometer,2.7520502,10.356001,-2.12505
1780861730830,Accelerometer,-0.74700004,10.845,-0.42495003
1780861730849,Accelerometer,-2.3710501,10.396951,-1.2100501
1780861730872,Accelerometer,0.15900001,10.665001,-1.8139501
1780861730889,Accelerometer,1.3630501,10.93305,-0.13800001
1780861730908,Accelerometer,1.4899501,10.893001,0.08400001
1780861730927,Accelerometer,-0.00795,9.66705,-0.94005007
1780861730946,Accelerometer,-0.97695005,9.31995,-0.753
1780861730972,Accelerometer,-1.8610501,9.316951,-0.97095007
1780861730989,Accelerometer,-0.18495001,9.47805,-0.52305
1780861731010,Accelerometer,-0.76695,9.8220005,-0.93705004
1780861731024,Accelerometer,-1.13505,9.813001,-0.88500005
1780861731044,Accelerometer,-1.8610501,9.849001,-0.96795005
1780861731063,Accelerometer,-0.49800003,9.123,-0.93495005
1780861731093,Accelerometer,0.51795,9.02505,-0.91800004
1780861731104,Accelerometer,0.57600003,9.35805,-0.55905
1780861731121,Accelerometer,-0.30195,9.84405,-1.6890001
1780861731141,Accelerometer,-1.1880001,9.802951,-1.1410501
1780861731160,Accelerometer,-0.95595,9.585,-0.45405003
1780861731181,Accelerometer,-0.096,9.387,-0.16905001
1780861731201,Accelerometer,0.35805002,9.691051,-0.93000007
1780861731221,Accelerometer,-1.3579501,10.699051,-0.98505
1780861731241,Accelerometer,-0.61605,10.390051,-1.2580501
1780861731257,Accelerometer,-0.90300006,9.882001,-0.48495004
1780861731276,Accelerometer,-0.120000005,9.35805,-0.43905002
1780861731297,Accelerometer,0.18300001,9.448951,-0.48495004
1780861731326,Accelerometer,-1.2930001,9.966001,-1.0639501
1780861731337,Accelerometer,-1.09695,10.705951,-1.641
1780861731352,Accelerometer,-0.31905,11.071951,-0.762
1780861731374,Accelerometer,0.94905007,10.597951,0.67800003
1780861731393,Accelerometer,2.0340002,8.553,-0.93705004
1780861731413,Accelerometer,0.01305,10.038,-1.983
1780861731427,Accelerometer,-2.21295,9.457951,-0.18795002
1780861731452,Accelerometer,-2.6130002,9.35805,-0.44400004
1780861731477,Accelerometer,-0.78300005,9.02295,-0.92295
1780861731491,Accelerometer,1.0540501,11.047951,-1.11195
1780861731507,Accelerometer,0.23805001,10.552951,-2.5080001
1780861731530,Accelerometer,-2.055,10.158001,-1.4500501
1780861731560,Accelerometer,-1.84905,9.592051,-0.96405005
1780861731568,Accelerometer,-0.81405,9.291,-0.20895001
1780861731587,Accelerometer,-0.00795,9.954,-1.11405
1780861731607,Accelerometer,0.363,10.80405,-1.15995
1780861731626,Accelerometer,-1.06305,9.967951,-2.23305
1780861731646,Accelerometer,-1.18605,10.57905,-2.328
1780861731669,Accelerometer,0.03195,10.272,-0.37905002
1780861731686,Accelerometer,-2.2080002,9.597,-1.28205
1780861731709,Accelerometer,-2.38995,9.87495,-0.88005006
1780861731723,Accelerometer,0.39405003,10.111951,-0.89895004
1780861731743,Accelerometer,0.30705002,10.09305,-1.0500001
1780861731763,Accelerometer,-1.53795,9.387,-1.1380501
1780861731790,Accelerometer,-1.5280501,9.42,-0.76500005
1780861731801,Accelerometer,1.04505,9.64995,0.56805
1780861731821,Accelerometer,0.58005005,9.870001,-0.29595003
1780861731840,Accelerometer,-0.89100003,10.35105,-1.845
1780861731859,Accelerometer,-2.0710502,10.023001,-1.1719501
1780861731883,Accelerometer,0.837,9.705001,-0.15900001
1780861731901,Accelerometer,-0.735,9.754951,-0.86505
1780861731919,Accelerometer,-1.81305,10.102051,-1.485
1780861731937,Accelerometer,-1.5160501,10.749001,-0.80805004
1780861731957,Accelerometer,-0.252,10.059,-0.43695003
1780861731976,Accelerometer,-1.107,9.999001,-0.91305006
1780861731988,Accelerometer,-0.42705002,10.332001,-0.43395
1780861732019,Accelerometer,-1.54005,9.80805,-0.94905007
1780861732034,Accelerometer,-1.8900001,9.316951,-0.324
1780861732054,Accelerometer,0.78405005,8.826,-0.81495005
1780861732068,Accelerometer,-0.80700004,9.693001,-1.0330501
1780861732093,Accelerometer,-1.2889501,10.179001,-0.82695
1780861732115,Accelerometer,-0.42900002,10.243951,-0.58995
1780861732133,Accelerometer,-0.666,9.778951,-1.536
1780861732151,Accelerometer,0.34305,9.49005,0.19695
1780861732170,Accelerometer,0.68295,9.66405,-0.32205
1780861732190,Accelerometer,-0.98700005,9.45405,-0.70995003
1780861732209,Accelerometer,-1.9420501,10.368,-0.82695
1780861732233,Accelerometer,-1.3750501,11.331,-1.383
1780861732253,Accelerometer,-1.7580001,9.760051,-1.2360001
1780861732267,Accelerometer,-1.34595,9.79605,-0.82005006
1780861732287,Accelerometer,-0.80505,10.026,-0.95595
1780861732307,Accelerometer,-0.50595003,9.95205,-1.1050501
1780861732326,Accelerometer,-0.62100005,9.873,-0.90405005
1780861732349,Accelerometer,-1.3290001,9.616051,-1.2079501
1780861732368,Accelerometer,0.18495001,9.30795,-1.0639501
1780861732384,Accelerometer,-2.15295,10.689,0.17295001
1780861732403,Accelerometer,-2.36805,9.934951,-1.8709501
1780861732423,Accelerometer,-0.31395,10.098001,-0.63795
1780861732443,Accelerometer,0.40800002,9.97095,0.441
1780861732467,Accelerometer,-1.4749501,9.70005,-1.605
1780861732488,Accelerometer,-1.3219501,9.802951,-0.89895004
1780861732501,Accelerometer,-0.060000002,10.071,0.15405001
1780861732520,Accelerometer,-1.33905,9.97095,-0.84105
1780861732540,Accelerometer,-1.03005,9.636001,-0.91305006
1780861732559,Accelerometer,0.26205,9.99495,0.18705001
1780861732582,Accelerometer,-0.38805002,9.86505,-0.53505003
1780861732600,Accelerometer,-1.4899501,9.42,-0.95205003
1780861732618,Accelerometer,-0.76905006,10.023001,-0.17805001
1780861732636,Accelerometer,0.58995,10.320001,0.15795001
1780861732656,Accelerometer,-0.38805002,10.6390505,-0.96795005
1780861732680,Accelerometer,-0.85800004,10.179001,-1.26795
1780861732698,Accelerometer,0.17295001,9.943951,-0.777
1780861732720,Accelerometer,-1.15695,10.77,-0.50100005
1780861732734,Accelerometer,0.13695,10.852051,-0.609
1780861732753,Accelerometer,-0.57000005,9.463051,-0.84105
1780861732773,Accelerometer,-1.13505,7.59105,1.0849501
1780861732803,Accelerometer,-5.103,5.77395,0.78300005
1780861732815,Accelerometer,-2.289,8.484,0.87705004
1780861732831,Accelerometer,-0.81000006,14.652,-3.7669501
1780861732851,Accelerometer,1.9039501,11.368951,-5.6590505
1780861732870,Accelerometer,0.41295,8.43795,-0.00795
1780861732889,Accelerometer,-1.5450001,9.7890005,0.59895
1780861732915,Accelerometer,-1.4899501,10.569,-1.3560001
1780861732933,Accelerometer,-0.40995002,10.102051,-1.098
1780861732951,Accelerometer,-0.384,9.925051,0.060000002
1780861732968,Accelerometer,-0.72105,10.074,-0.56595004
1780861732986,Accelerometer,0.022950001,10.584001,-1.33905
1780861733007,Accelerometer,0.83895004,10.428,-1.1020501
1780861733034,Accelerometer,0.89595,10.429951,-1.059
1780861733046,Accelerometer,0.79605,10.60305,-1.3920001
1780861733064,Accelerometer,0.91995007,10.9810505,-0.633
1780861733084,Accelerometer,0.95595,11.88405,-1.3729501
1780861733103,Accelerometer,0.83400005,16.216951,-6.3750005
1780861733123,Accelerometer,4.35405,18.754951,-4.3230004
1780861733148,Accelerometer,4.7320504,13.158001,-3.75795
1780861733164,Accelerometer,4.6080003,11.649,-5.6920505
1780861733183,Accelerometer,1.5840001,11.11995,-7.3350005
1780861733195,Accelerometer,-1.9590001,10.275001,-4.97205
1780861733220,Accelerometer,-0.40995002,8.22105,-1.24395
1780861733240,Accelerometer,8.43105,6.08505,-2.23005
1780861733267,Accelerometer,12.352951,3.255,-3.255
1780861733278,Accelerometer,7.6080003,3.3700502,-4.41405
1780861733294,Accelerometer,2.67105,6.58995,-3.897
1780861733317,Accelerometer,2.127,8.641951,-0.906
1780861733336,Accelerometer,5.01,9.303,1.7479501
1780861733350,Accelerometer,7.8900003,9.916051,3.04395
1780861733376,Accelerometer,7.7299504,11.058001,2.62695
1780861733397,Accelerometer,5.046,12.336,0.19005
1780861733416,Accelerometer,2.187,12.36495,-0.37005
1780861733431,Accelerometer,1.047,12.22605,-0.45600003
1780861733453,Accelerometer,-0.16995001,11.94795,-1.9450501
1780861733479,Accelerometer,-1.5499501,11.802001,-3.2400002
1780861733500,Accelerometer,-2.8519502,11.05095,-4.38705
1780861733512,Accelerometer,-5.6340003,9.693001,-2.6749501
1780861733530,Accelerometer,-4.9609504,9.705001,-0.78405005
1780861733550,Accelerometer,-0.87405,10.407001,-0.71895003
1780861733570,Accelerometer,0.79605,10.167001,-1.07805
1780861733595,Accelerometer,0.07005,10.078951,-0.822
1780861733612,Accelerometer,-2.2060502,10.46895,-1.6320001
1780861733628,Accelerometer,-4.00395,10.31295,-4.2510004
1780861733648,Accelerometer,-5.8039503,12.207001,-11.700001
1780861733666,Accelerometer,7.9260006,24.472952,-9.814951
1780861733686,Accelerometer,11.434051,15.010951,0.39495003
1780861733712,Accelerometer,-0.28500003,3.2209501,1.092
1780861733733,Accelerometer,-3.4840503,2.496,3.31905
1780861733744,Accelerometer,-0.98205006,6.7819505,0.19905001
1780861733764,Accelerometer,1.5690001,12.49695,-0.24795002
1780861733784,Accelerometer,-1.45395,12.628051,-4.3510504
1780861733803,Accelerometer,-1.8079501,9.312,-4.629
1780861733827,Accelerometer,-2.56005,7.45695,-3.8250003
1780861733832,Accelerometer,-0.92700005,10.030951,-3.4780502
1780861733861,Accelerometer,0.71400005,11.328,-1.9789501
1780861733882,Accelerometer,0.48495004,9.399,-1.6099501
1780861733900,Accelerometer,-0.46305,9.432,-0.693
1780861733912,Accelerometer,-1.0830001,9.786,-1.0330501
1780861733939,Accelerometer,-1.18305,9.351001,-2.15805
1780861733966,Accelerometer,-2.301,9.68805,-3.1570501
1780861733978,Accelerometer,-2.6200502,9.65505,-3.8530502
1780861733992,Accelerometer,-1.1880001,9.636001,-3.21705
1780861734016,Accelerometer,-0.09900001,9.493951,-2.055
1780861734036,Accelerometer,-0.549,9.753,-1.8709501
1780861734059,Accelerometer,-0.61800003,9.66405,-2.4739501
1780861734077,Accelerometer,-1.0680001,9.813001,-2.25195
1780861734094,Accelerometer,-0.44595003,9.765,-2.49105
1780861734113,Accelerometer,0.06795,9.769951,-3.08505
1780861734133,Accelerometer,-0.50100005,9.942,-2.4460502
1780861734153,Accelerometer,-0.45105,9.882001,-2.43105
1780861734176,Accelerometer,-0.43395,9.753,-3.1660502
1780861734198,Accelerometer,-0.97305006,9.583051,-3.1609502
1780861734211,Accelerometer,-0.87195003,10.047001,-2.7280502
1780861734230,Accelerometer,-0.07005,10.215,-3.6520503
1780861734250,Accelerometer,-0.04605,9.784051,-3.2929502
1780861734279,Accelerometer,-0.93705004,9.98805,-1.34895
1780861734291,Accelerometer,-0.50100005,10.396951,-2.56095
1780861734308,Accelerometer,-0.79095006,10.33005,-3.801
1780861734328,Accelerometer,-0.68295,10.344001,-2.628
1780861734347,Accelerometer,-1.8370501,10.387051,-3.3360002
1780861734366,Accelerometer,-2.43495,10.44705,-3.624
1780861734391,Accelerometer,-1.8270001,11.247001,-3.384
1780861734409,Accelerometer,-1.0519501,12.451051,-3.2640002
1780861734426,Accelerometer,-0.86700004,13.549951,-2.4720001
1780861734444,Accelerometer,-0.22095,13.825951,-2.7900002
1780861734463,Accelerometer,0.252,14.407051,-2.592
1780861734483,Accelerometer,1.0999501,15.87705,-3.7339501
1780861734514,Accelerometer,2.01195,16.89495,-6.51105
1780861734525,Accelerometer,1.9020001,18.669,-8.4529505
1780861734541,Accelerometer,3.8560503,20.077051,-7.6870503
1780861734556,Accelerometer,0.52500004,14.673,-7.5840006
1780861734580,Accelerometer,-1.7170501,9.08205,-3.4129503
1780861734599,Accelerometer,-8.85495,6.813,-2.4499502
1780861734622,Accelerometer,-11.200951,6.8959503,1.047
1780861734640,Accelerometer,-2.5120502,3.2950501,-1.9519501
1780861734660,Accelerometer,5.6989503,0.64695,0.055050004
1780861734677,Accelerometer,4.9120502,-0.23295002,0.33795002
1780861734696,Accelerometer,-0.89805007,1.8090001,-2.6179502
1780861734713,Accelerometer,-5.3899503,2.6560502,-1.8210001
1780861734739,Accelerometer,-6.9370503,2.8330503,-0.882
1780861734756,Accelerometer,-4.7790003,3.3360002,-1.2250501
1780861734774,Accelerometer,-1.31505,5.21295,-2.01195
1780861734794,Accelerometer,-0.71895003,7.5409503,-0.85305005
1780861734813,Accelerometer,-4.42995,9.126,-4.57695
1780861734833,Accelerometer,-6.6900005,11.158051,-2.4840002
1780861734856,Accelerometer,-5.34705,11.0119505,0.68505
1780861734875,Accelerometer,-2.562,13.110001,-0.52305
1780861734893,Accelerometer,-0.54195005,14.833951,-0.65205
1780861734910,Accelerometer,-0.46500003,15.324,0.56805
1780861734929,Accelerometer,-0.19395001,16.407001,0.642
1780861734950,Accelerometer,-3.8050501,16.929,0.75900006
1780861734972,Accelerometer,-7.10895,16.477951,-2.4460502
1780861734988,Accelerometer,-10.284,12.139951,1.3789501
1780861735007,Accelerometer,-6.8359504,11.980051,-0.70695
1780861735028,Accelerometer,-7.15005,13.782001,-9.00105
1780861735047,Accelerometer,-15.0390005,21.96405,-8.953051
1780861735071,Accelerometer,-15.235051,20.54895,-7.4419503
1780861735089,Accelerometer,-5.1649504,13.395,-4.308
1780861735105,Accelerometer,6.80805,6.477,-0.76695
1780861735125,Accelerometer,4.734,-2.94495,2.3470502
1780861735143,Accelerometer,0.51105005,5.22795,-0.35295
1780861735163,Accelerometer,-5.74905,15.151951,-2.6850002
1780861735190,Accelerometer,-3.7210503,16.332,0.33795002
1780861735195,Accelerometer,-3.58695,6.6829505,-5.83395
1780861735222,Accelerometer,-1.96905,7.8540006,-3.70005
1780861735241,Accelerometer,-0.01995,10.629001,-0.92505
1780861735261,Accelerometer,-2.42595,9.772051,-2.32605
1780861735274,Accelerometer,-5.4349504,8.60595,-4.8949504
1780861735299,Accelerometer,-4.80105,9.195001,-3.31695
1780861735318,Accelerometer,-1.9090501,9.595051,-0.89595
1780861735338,Accelerometer,0.16605,9.4150505,-1.6360501
1780861735356,Accelerometer,0.76005006,9.66195,-2.9890501
1780861735377,Accelerometer,-0.66405004,9.564,-3.8100002
1780861735396,Accelerometer,-3.22305,9.63105,-3.729
1780861735421,Accelerometer,-4.5349503,9.52095,-2.604
1780861735442,Accelerometer,-1.7340001,9.49005,-2.3140502
1780861735454,Accelerometer,0.76695,9.78195,-3.15405
1780861735474,Accelerometer,0.84405005,9.7240505,-3.6499503
1780861735494,Accelerometer,-0.86205006,9.255,-2.91
1780861735513,Accelerometer,-2.7180002,9.229051,-3.18105
1780861735535,Accelerometer,-3.21105,9.81795,-2.87895
1780861735553,Accelerometer,-1.7170501,10.026,-3.3600001
1780861735571,Accelerometer,-0.91995007,10.102051,-4.011
1780861735590,Accelerometer,-0.108,10.593,-3.3750002
1780861735609,Accelerometer,0.57105005,10.48995,-3.9559503
1780861735629,Accelerometer,1.45905,10.720051,-3.4440002
1780861735654,Accelerometer,0.32895002,11.06295,-3.5520003
1780861735674,Accelerometer,-1.8610501,11.26395,-4.6200004
1780861735687,Accelerometer,-2.328,12.15705,-4.7080503
1780861735707,Accelerometer,-0.86205006,12.573001,-3.4009502
1780861735726,Accelerometer,-0.26595002,14.343,-2.9869502
1780861735746,Accelerometer,-0.14595,15.0060005,-4.059
1780861735767,Accelerometer,1.8709501,15.375001,-3.5520003
1780861735785,Accelerometer,0.87000006,15.23805,-5.589
1780861735805,Accelerometer,1.9620001,15.916051,-6.6240005
1780861735824,Accelerometer,4.37505,18.114,-5.56995
1780861735835,Accelerometer,2.6509502,16.428001,-5.3830504
1780861735862,Accelerometer,-1.2409501,12.50895,-5.40495
1780861735886,Accelerometer,-4.25295,7.53105,-3.8700001
1780861735905,Accelerometer,-13.7029505,8.652,0.012
1780861735916,Accelerometer,-6.879,6.762,-0.72195005
1780861735940,Accelerometer,4.1860504,3.00795,-0.85095006
1780861735960,Accelerometer,5.2489505,1.1050501,0.19005
1780861735992,Accelerometer,3.59505,2.838,0.108
1780861736000,Accelerometer,-1.38705,4.32,-0.43905002
1780861736018,Accelerometer,-4.36005,4.3710003,0.216
1780861736038,Accelerometer,-4.32705,4.14795,1.38195
1780861736057,Accelerometer,-2.9929502,4.5090003,0.42900002
1780861736076,Accelerometer,-1.4110501,6.1729503,-1.3420501
1780861736101,Accelerometer,0.14505,8.625,1.3939501
1780861736119,Accelerometer,-2.0380502,10.146001,-0.36
1780861736137,Accelerometer,-3.9799502,12.307951,-2.019
1780861736154,Accelerometer,-3.7789502,13.93605,1.2859501
1780861736168,Accelerometer,-2.4520502,15.03705,-0.291
1780861736193,Accelerometer,-0.09105001,16.82295,-1.5979501
1780861736221,Accelerometer,-2.9190001,15.916051,-2.4120002
1780861736232,Accelerometer,-5.8780503,17.00505,-3.183
1780861736251,Accelerometer,-7.5210004,14.62005,-2.4480002
1780861736271,Accelerometer,-10.450951,12.0390005,-1.42305
1780861736290,Accelerometer,-10.31505,10.215,-0.75795
1780861736310,Accelerometer,-6.3810005,11.56995,-0.20505
1780861736333,Accelerometer,-3.075,12.063001,-1.3060501
1780861736351,Accelerometer,-1.4059501,15.753001,-7.2130504
1780861736369,Accelerometer,-1.212,19.98105,-6.8149505
1780861736387,Accelerometer,15.286051,18.87,0.22800002
1780861736406,Accelerometer,5.3089504,8.99895,1.19805
1780861736426,Accelerometer,-3.8820002,2.9629502,-0.14205001
1780861736453,Accelerometer,-5.91195,0.837,2.565
1780861736465,Accelerometer,-5.15805,6.2839503,1.365
1780861736481,Accelerometer,-8.424001,16.25595,-7.5979505
1780861736504,Accelerometer,1.143,15.636001,-6.6930003
1780861736523,Accelerometer,-2.94495,7.3830004,-3.9970503
1780861736543,Accelerometer,-3.8530502,6.6160502,-2.66595
1780861736564,Accelerometer,-0.73305005,10.038,-0.312
1780861736581,Accelerometer,0.13005,10.644,-2.2420502
1780861736601,Accelerometer,-1.02495,9.721951,-2.9680502
1780861736620,Accelerometer,-1.6500001,8.934,-2.946
1780861736637,Accelerometer,-2.292,9.616051,-2.1340501
1780861736660,Accelerometer,-1.3080001,9.790951,-1.866
1780861736688,Accelerometer,-1.03695,9.571051,-2.9580002
1780861736698,Accelerometer,-1.5780001,9.83895,-3.93705
1780861736718,Accelerometer,-1.67595,9.69495,-3.0970502
1780861736737,Accelerometer,-1.31295,9.721951,-2.2800002
1780861736757,Accelerometer,-0.21405001,9.6,-2.32095
1780861736781,Accelerometer,0.07005,9.73095,-2.6440501
1780861736798,Accelerometer,0.003,9.790951,-2.86905
1780861736815,Accelerometer,-0.573,9.53295,-4.00395
1780861736834,Accelerometer,-2.32995,9.645,-3.6120002
1780861736853,Accelerometer,-2.874,9.954,-3.1900501
1780861736872,Accelerometer,-2.0400002,10.32495,-2.5560002
1780861736899,Accelerometer,0.01995,10.593,-2.6250002
1780861736919,Accelerometer,1.6099501,11.335951,-3.7030501
1780861736931,Accelerometer,1.04505,11.698951,-3.8700001
1780861736951,Accelerometer,-0.67605,11.836051,-3.2260501
1780861736970,Accelerometer,-0.855,12.504001,-3.8490002
1780861736989,Accelerometer,-0.14205001,12.652051,-3.90105
1780861737014,Accelerometer,-0.25905,12.934951,-3.3000002
1780861737030,Accelerometer,-1.7479501,14.359051,-2.2060502
1780861737048,Accelerometer,-2.2339501,14.200951,-2.45295
1780861737067,Accelerometer,0.27600002,15.027,-3.5779502
1780861737086,Accelerometer,3.5470502,16.03305,-6.564
1780861737106,Accelerometer,8.21805,16.01205,-5.2330503
1780861737118,Accelerometer,7.3969502,16.878,-6.36495
1780861737148,Accelerometer,1.8780001,16.131,-5.55105
1780861737164,Accelerometer,-4.04895,11.500951,-7.071
1780861737184,Accelerometer,-6.52995,7.9210505,-3.9829502
1780861737198,Accelerometer,-10.377001,9.243,-1.7029501
1780861737222,Accelerometer,-4.545,6.63105,-2.7499502
1780861737244,Accelerometer,2.4379501,3.5850003,-2.9479501
1780861737261,Accelerometer,3.147,2.2440002,-1.3780501
1780861737279,Accelerometer,0.06105,3.10905,0.024
1780861737301,Accelerometer,-3.8500502,3.3390002,0.30195
1780861737320,Accelerometer,-5.11695,3.1999502,0.822
1780861737340,Accelerometer,-3.4030502,3.1210501,1.0510501
1780861737363,Accelerometer,-1.60695,3.8050501,0.14595
1780861737385,Accelerometer,0.21900001,6.5130005,-0.78900003
1780861737397,Accelerometer,1.8210001,9.0709505,0.855
1780861737417,Accelerometer,-0.85995007,10.809001,0.35505003
1780861737436,Accelerometer,-3.9870002,13.741951,-4.01895
1780861737456,Accelerometer,-4.20195,15.8220005,0.16095
1780861737478,Accelerometer,-3.4939501,15.8560505,1.056
1780861737495,Accelerometer,-1.4800501,17.106,-0.48705003
1780861737514,Accelerometer,-3.2659502,16.68,-1.2049501
1780861737534,Accelerometer,-4.4950504,17.119951,-3.45405
1780861737553,Accelerometer,-6.9220505,16.749,-8.458051
1780861737577,Accelerometer,-15.156001,12.910951,-0.65205
1780861737596,Accelerometer,-13.609951,11.0460005,3.80205
1780861737616,Accelerometer,-5.14305,13.76805,-7.07595
1780861737631,Accelerometer,-5.9290504,15.83205,-4.62195
1780861737650,Accelerometer,-2.493,20.625002,-6.4849505
1780861737670,Accelerometer,7.76595,16.569,-1.3060501
1780861737701,Accelerometer,11.61795,9.030001,3.2299502
1780861737710,Accelerometer,1.0020001,1.3249501,0.075
1780861737728,Accelerometer,-1.7719501,2.83605,3.0580502
1780861737748,Accelerometer,-5.45205,6.2089505,-0.68595004
1780861737765,Accelerometer,-11.139001,19.59795,-10.2289505
1780861737786,Accelerometer,-3.4030502,13.74705,-4.1119504
1780861737812,Accelerometer,-5.5189505,4.986,-5.1270003
1780861737829,Accelerometer,-1.6189501,8.41395,-1.30095
1780861737848,Accelerometer,0.89595,10.684051,0.01695
1780861737864,Accelerometer,0.61605,10.146001,-2.8500001
1780861737883,Accelerometer,-1.16205,9.31005,-3.59205
1780861737903,Accelerometer,-2.2060502,9.259951,-2.49795
1780861737930,Accelerometer,-1.7550001,9.51105,-1.4950501
1780861737941,Accelerometer,-0.67800003,9.601951,-2.568
1780861737961,Accelerometer,-0.72405005,9.762,-4.46595
1780861737980,Accelerometer,-1.3240501,9.99705,-4.22895
1780861737999,Accelerometer,-2.01195,9.717,-2.5459502
1780861738019,Accelerometer,-0.97305006,9.5779505,-2.30205
1780861738043,Accelerometer,0.726,9.595051,-2.901
1780861738058,Accelerometer,0.98295003,9.63105,-2.42205
1780861738077,Accelerometer,-0.17295001,9.46605,-3.5370002
1780861738096,Accelerometer,-1.75995,9.802951,-2.364
1780861738116,Accelerometer,-2.4550502,9.87495,-2.3470502
1780861738135,Accelerometer,-1.0680001,10.384951,-3.2599502
1780861738157,Accelerometer,0.48495004,10.347,-3.6450002
1780861738176,Accelerometer,1.4779501,10.323001,-3.9949503
1780861738194,Accelerometer,1.7629501,10.852051,-4.95195
1780861738214,Accelerometer,0.18300001,11.403001,-3.11595
1780861738233,Accelerometer,-0.72405005,12.121051,-1.1220001
1780861738253,Accelerometer,-0.53400004,12.15705,-1.9909501
1780861738276,Accelerometer,-0.49095002,12.196951,-3.801
1780861738295,Accelerometer,-1.521,13.11705,-4.584
1780861738312,Accelerometer,-2.32005,13.869,-3.6520503
1780861738330,Accelerometer,-1.31295,13.01595,-3.6859503
1780861738349,Accelerometer,0.60195005,14.331,-4.8450003
1780861738370,Accelerometer,2.7589502,15.312,-7.0230002
1780861738395,Accelerometer,4.53105,15.775051,-6.46605
1780861738408,Accelerometer,5.88105,16.62,-5.0340004
1780861738427,Accelerometer,-0.89595,16.85205,-5.19705
1780861738447,Accelerometer,-3.96495,12.06795,-5.3590503
1780861738466,Accelerometer,-4.5040503,8.781,-4.7389503
1780861738481,Accelerometer,-7.116,9.363001,3.0360003
1780861738505,Accelerometer,-4.97805,6.8220005,-1.593
1780861738527,Accelerometer,3.20895,3.252,-1.5169501
1780861738545,Accelerometer,3.8610003,1.2720001,0.42705002
1780861738560,Accelerometer,1.1020501,2.1030002,-0.99195004
1780861738583,Accelerometer,-2.5069501,3.25005,-1.9380001
1780861738609,Accelerometer,-4.22895,3.5089502,-0.79395
1780861738629,Accelerometer,-4.25295,3.5640001,0.582
1780861738640,Accelerometer,-2.86905,4.2460504,0.34500003
1780861738660,Accelerometer,-1.284,5.95305,-1.4950501
1780861738680,Accelerometer,-0.34995002,7.8250504,-1.61205
1780861738692,Accelerometer,-1.42005,9.585,0.33795002
1780861738719,Accelerometer,-4.26195,11.704051,-4.19595
1780861738739,Accelerometer,-4.032,14.2879505,-1.3729501
1780861738758,Accelerometer,-3.147,14.980051,0.48195
1780861738777,Accelerometer,-1.3960501,16.456951,-1.3039501
1780861738796,Accelerometer,-2.5810502,15.982951,-2.568
1780861738816,Accelerometer,-4.40805,16.287,-3.8820002
1780861738840,Accelerometer,-5.5579505,15.607051,-4.9429502
1780861738860,Accelerometer,-8.48805,13.20495,-3.255
1780861738874,Accelerometer,-10.521001,11.005051,-0.609
1780861738893,Accelerometer,-9.666,10.71105,-0.171
1780861738913,Accelerometer,-5.0070004,12.23595,-2.45805
1780861738932,Accelerometer,-2.5890002,11.877001,-2.3760002
1780861738955,Accelerometer,-2.43105,11.589001,-0.85305005
1780861738971,Accelerometer,-6.0150003,11.982,-4.2649503
1780861738991,Accelerometer,19.893002,21.34605,-9.16395
1780861739009,Accelerometer,22.792051,21.13305,9.537001
1780861739030,Accelerometer,-2.8570502,7.1020503,-4.2840004
1780861739041,Accelerometer,-9.156,0.51600003,-1.7299501
1780861739069,Accelerometer,-8.91195,1.42095,3.86505
1780861739094,Accelerometer,-10.417951,9.40095,-2.3760002
1780861739107,Accelerometer,-4.65495,19.351952,-8.235001
1780861739121,Accelerometer,-0.73305005,10.095,-5.34495
1780861739146,Accelerometer,-0.60405004,5.62305,-4.8570004
1780861739166,Accelerometer,2.1700501,9.576,2.49
1780861739189,Accelerometer,2.55795,10.821,0.31605002
1780861739206,Accelerometer,-2.5069501,9.64995,-3.59505
1780861739224,Accelerometer,-5.2510505,8.826,-5.07705
1780861739243,Accelerometer,-2.4109502,9.99495,-3.8869503
1780861739263,Accelerometer,1.0330501,9.786,-2.4379501
1780861739290,Accelerometer,0.62295,9.501,-3.2760003
1780861739305,Accelerometer,-1.07295,9.92805,-3.8730001
1780861739323,Accelerometer,-1.4899501,10.062,-2.90805
1780861739341,Accelerometer,-0.75900006,9.765,-1.9189501
1780861739360,Accelerometer,-0.07005,9.49695,-2.45805
1780861739380,Accelerometer,0.123,9.660001,-3.4390502
1780861739408,Accelerometer,-0.90300006,9.82695,-3.3820503
1780861739419,Accelerometer,-1.5259501,9.50895,-1.9279501
1780861739438,Accelerometer,-1.4989501,9.636001,-2.90805
1780861739458,Accelerometer,-1.143,9.925051,-2.22105
1780861739477,Accelerometer,-0.28995,9.95895,-2.53905
1780861739496,Accelerometer,0.56805,10.33905,-5.0790005
1780861739521,Accelerometer,0.078,11.23005,-5.11005
1780861739539,Accelerometer,-0.846,11.30895,-2.64
1780861739555,Accelerometer,-0.384,11.87895,-1.9069501
1780861739573,Accelerometer,0.03195,12.729001,-3.32205
1780861739593,Accelerometer,-0.24900001,12.778951,-3.4750502
1780861739613,Accelerometer,-0.606,13.05195,-3.5299501
1780861739640,Accelerometer,-2.08605,13.641001,-4.1670003
1780861739653,Accelerometer,-0.59895,15.135001,-4.1790004
1780861739671,Accelerometer,1.87995,16.071001,-5.247
1780861739687,Accelerometer,6.0940504,17.230051,-8.191951
1780861739710,Accelerometer,10.96395,16.609951,-4.737
1780861739729,Accelerometer,7.4779506,17.83395,-3.8029501
1780861739754,Accelerometer,-0.24705002,15.868051,-5.8500004
1780861739771,Accelerometer,-7.5019503,9.37905,-6.978
1780861739789,Accelerometer,-14.151001,6.36705,-3.8730001
1780861739807,Accelerometer,-11.080951,7.7700005,0.40500003
1780861739826,Accelerometer,-2.12205,3.9829502,-2.70195
1780861739844,Accelerometer,4.071,0.66405004,-3.90405
1780861739873,Accelerometer,3.7339501,0.079950005,-1.0330501
1780861739884,Accelerometer,-0.582,1.3560001,0.015000001
1780861739904,Accelerometer,-3.762,2.2080002,0.23505001
1780861739924,Accelerometer,-4.31505,2.4840002,0.79305005
1780861739943,Accelerometer,-2.265,2.802,0.64905006
1780861739968,Accelerometer,-0.20595,4.1070004,-0.07305
1780861739986,Accelerometer,1.1910001,6.9420004,-2.1700501
1780861740003,Accelerometer,2.019,9.681001,-0.537
1780861740020,Accelerometer,-1.03995,12.23805,-0.34305
1780861740040,Accelerometer,-4.61205,16.987951,-5.6659503
1780861740060,Accelerometer,-5.3250003,19.194,-2.3500502
1780861740086,Accelerometer,-2.4070501,18.85095,-0.11805001
1780861740106,Accelerometer,-0.03195,18.315,-2.8330503
1780861740117,Accelerometer,-1.02795,17.65905,-2.2090502
1780861740137,Accelerometer,-4.2169504,16.89495,-3.4729502
1780861740157,Accelerometer,-12.444,13.407001,-4.54995
1780861740176,Accelerometer,-21.195002,12.328951,3.9529502
1780861740200,Accelerometer,-9.142051,12.085051,-0.504
1780861740218,Accelerometer,-3.9079502,11.656051,-1.5499501
1780861740235,Accelerometer,-4.12305,9.934951,-1.93605
1780861740252,Accelerometer,-10.78005,7.76805,-7.4779506
1780861740273,Accelerometer,14.24505,30.88005,-29.307001
1780861740293,Accelerometer,26.697,24.838951,17.54595
1780861740318,Accelerometer,-5.4160504,1.22895,-0.30495003
1780861740325,Accelerometer,-10.401,-2.28495,0.77595
1780861740351,Accelerometer,-8.90505,3.42195,1.1020501
1780861740371,Accelerometer,-11.1,12.247951,-5.4739504
1780861740390,Accelerometer,-4.06605,18.307951,-2.0269501
1780861740404,Accelerometer,0.86295,8.247001,-8.938951
1780861740429,Accelerometer,0.60705,6.8820004,-5.2710004
1780861740450,Accelerometer,-1.4080501,10.110001,-0.44400004
1780861740468,Accelerometer,-5.5620003,10.557,2.1379502
1780861740485,Accelerometer,-5.40705,8.97,-2.63505
1780861740506,Accelerometer,-2.7490501,9.943951,-3.8920503
1780861740526,Accelerometer,-1.06305,9.885,-2.319
1780861740550,Accelerometer,-0.68295,9.8220005,-1.5190501
1780861740572,Accelerometer,-0.50100005,9.98505,-2.709
1780861740584,Accelerometer,-1.0710001,9.949051,-2.877
1780861740604,Accelerometer,-1.5160501,9.85095,-3.2740502
1780861740623,Accelerometer,-1.5469501,9.564,-2.86695
1780861740642,Accelerometer,-1.059,9.540001,-1.3060501
1780861740665,Accelerometer,0.17595,9.636001,-1.0860001
1780861740683,Accelerometer,0.27195,9.93,-3.11805
1780861740701,Accelerometer,-0.41505003,10.375051,-4.0740004
1780861740720,Accelerometer,0.01305,10.098001,-2.3740501
1780861740740,Accelerometer,0.25995,10.31805,-2.805
1780861740759,Accelerometer,0.95400006,11.248951,-4.90695
1780861740783,Accelerometer,0.29295,11.71395,-2.66805
1780861740804,Accelerometer,0.537,12.80595,-1.07805
1780861740818,Accelerometer,-0.42195,13.498051,-4.2840004
1780861740837,Accelerometer,-1.3270501,13.963951,-6.36495
1780861740856,Accelerometer,-1.2930001,13.902,-4.17705
1780861740886,Accelerometer,-0.61095005,15.220951,-3.279
1780861740898,Accelerometer,1.8520501,16.320002,-5.5609503
1780861740914,Accelerometer,5.472,17.08395,-9.139951
1780861740934,Accelerometer,11.347051,16.548,-9.78195
1780861740953,Accelerometer,10.42605,16.69395,-5.92395
1780861740965,Accelerometer,-0.075,17.472,-5.0070004
1780861740993,Accelerometer,-7.9470005,13.75905,-8.86695
1780861741014,Accelerometer,-6.5220003,10.36305,-7.8109503
1780861741036,Accelerometer,-5.58405,9.79605,2.59605
1780861741047,Accelerometer,1.5499501,5.67495,-4.29195
1780861741070,Accelerometer,6.09705,0.46995002,-1.8180001
1780861741090,Accelerometer,3.31695,-1.2529501,-1.7659501
1780861741120,Accelerometer,-2.46705,1.6510501,-3.13995
1780861741129,Accelerometer,-4.8850503,3.4390502,-0.97605
1780861741148,Accelerometer,-5.8620005,3.111,0.35505003
1780861741167,Accelerometer,-4.617,2.97195,-0.21405001
1780861741186,Accelerometer,-1.2859501,4.6000504,-1.5640501
1780861741206,Accelerometer,2.62695,7.69605,-1.4260501
1780861741229,Accelerometer,1.8060001,10.67895,-0.14205001
1780861741248,Accelerometer,-2.2410002,14.665951,-5.06295
1780861741266,Accelerometer,-5.1220503,18.62895,-4.28895
1780861741284,Accelerometer,-5.6940002,18.372002,-0.45105
1780861741303,Accelerometer,-0.786,18.406052,-1.43505
1780861741323,Accelerometer,-0.23295002,19.21005,-4.1340003
1780861741351,Accelerometer,-2.77095,20.017052,-5.7310505
1780861741362,Accelerometer,-11.244,15.406051,-2.7469501
1780861741380,Accelerometer,-28.095001,13.371,2.22495
1780861741401,Accelerometer,-14.401951,13.521001,-0.74295
1780861741416,Accelerometer,-5.24205,13.809001,-0.78195006
1780861741440,Accelerometer,-4.8130503,12.754951,-1.6990501
1780861741462,Accelerometer,-9.68505,12.922951,-5.8980002
1780861741480,Accelerometer,16.483051,16.69905,-9.75105
1780861741500,Accelerometer,27.966002,18.468,15.12495
1780861741517,Accelerometer,-1.07505,7.09005,-3.7699502
1780861741537,Accelerometer,-10.087951,4.215,-2.45805
1780861741562,Accelerometer,-17.911951,8.641951,-2.73795
1780861741581,Accelerometer,-13.72395,11.59395,3.2970002
1780861741594,Accelerometer,-4.44705,10.095,-3.279
1780861741609,Accelerometer,0.73605,9.0060005,-7.4089503
1780861741634,Accelerometer,4.5019503,10.222051,-4.5409503
1780861741653,Accelerometer,-1.3440001,10.078951,-1.0999501
1780861741678,Accelerometer,-5.41905,8.88405,-0.84900004
1780861741693,Accelerometer,-5.184,9.166051,-1.65795
1780861741712,Accelerometer,-2.64105,9.516001,-2.5410001
1780861741730,Accelerometer,-0.22095,9.70005,-2.77395
1780861741750,Accelerometer,1.0860001,9.885,-3.0199502
1780861741767,Accelerometer,0.22800002,9.79395,-3.6330001
1780861741790,Accelerometer,-0.79095006,9.813001,-2.529
1780861741814,Accelerometer,-1.4059501,9.316951,-3.1969502
1780861741827,Accelerometer,-1.6639501,9.63105,-2.4859502
1780861741847,Accelerometer,-0.97305006,9.66705,-2.2420502
1780861741867,Accelerometer,-0.35700002,9.54705,-1.8330001
1780861741886,Accelerometer,0.14205001,10.222051,-2.6200502
1780861741909,Accelerometer,-0.22500001,10.548,-3.1380002
1780861741927,Accelerometer,0.09900001,10.33695,-4.16505
1780861741945,Accelerometer,1.54005,11.199,-5.3040004
1780861741964,Accelerometer,1.30305,11.350051,-3.9900002
1780861741983,Accelerometer,-0.30900002,11.57295,-1.8829501
1780861742003,Accelerometer,-0.43605003,12.802951,-2.592
1780861742027,Accelerometer,-0.73800004,13.11705,-4.7850003
1780861742047,Accelerometer,-0.73800004,14.161051,-5.2519503
1780861742061,Accelerometer,0.24000001,15.729001,-4.7779503
1780861742081,Accelerometer,1.8520501,17.034,-4.7920504
1780861742100,Accelerometer,3.9060001,18.29595,-7.1959505
1780861742119,Accelerometer,7.5139503,17.581951,-9.22395
1780861742142,Accelerometer,10.272,17.41695,-4.452
1780861742159,Accelerometer,2.6590502,17.845951,-1.95
1780861742178,Accelerometer,-6.5940003,13.98795,-7.3230004
1780861742197,Accelerometer,-5.8230004,8.797951,-4.761
1780861742216,Accelerometer,-8.13405,9.08205,3.62805
1780861742236,Accelerometer,-2.00895,5.5939503,-3.1350002
1780861742248,Accelerometer,5.7660003,-0.33795002,-1.8690001
1780861742278,Accelerometer,5.89095,-1.9450501,-1.46895
1780861742294,Accelerometer,0.15705001,0.975,-2.9290502
1780861742313,Accelerometer,-4.06605,2.93595,-2.79795
1780861742328,Accelerometer,-6.23295,3.1420503,-1.2390001
1780861742353,Accelerometer,-5.4880505,2.7469501,-1.0380001
1780861742374,Accelerometer,-3.0289502,3.2689502,-2.76195
1780861742392,Accelerometer,0.786,6.2839503,-3.38895
1780861742408,Accelerometer,0.97305006,8.99205,-2.01
1780861742430,Accelerometer,-3.86505,10.82295,-6.2119503
1780861742449,Accelerometer,-5.991,15.229051,-5.8570504
1780861742474,Accelerometer,-6.16095,16.00905,-1.47405
1780861742492,Accelerometer,-3.62805,16.942951,-1.67505
1780861742512,Accelerometer,-2.9020503,17.62305,-2.8960502
1780861742527,Accelerometer,-2.8860002,17.95605,-1.8250501
1780861742547,Accelerometer,-3.3720002,16.93095,-1.3950001
1780861742566,Accelerometer,-10.28205,13.701,2.1979501
1780861742596,Accelerometer,-10.698001,13.900051,-0.97305006
1780861742606,Accelerometer,-8.151,14.295001,0.063
1780861742624,Accelerometer,-5.3640003,13.2630005,-1.6840501
1780861742644,Accelerometer,-8.151,11.857051,-1.89495
1780861742663,Accelerometer,-11.280001,10.79205,-8.25405
1780861742683,Accelerometer,-1.2570001,14.893051,-3.8100002
1780861742707,Accelerometer,19.821001,20.02005,1.4989501
1780861742725,Accelerometer,8.802,12.3820505,3.1060503
1780861742744,Accelerometer,-5.2530003,7.2700505,-1.02795
1780861742761,Accelerometer,-9.48705,7.38495,-6.54195
1780861742780,Accelerometer,-9.879001,6.9250503,-2.46705
1780861742800,Accelerometer,-4.7700005,10.76595,-2.2350001
1780861742830,Accelerometer,-0.50295,10.545,-4.4539504
1780861742838,Accelerometer,0.12495001,8.331,-4.28895
1780861742857,Accelerometer,-3.6060002,9.6,-2.7859502
1780861742877,Accelerometer,-3.62805,10.2630005,1.1040001
1780861742892,Accelerometer,-2.36805,9.04905,-1.21695
1780861742916,Accelerometer,-2.31795,9.16395,-3.8869503
1780861742939,Accelerometer,-1.8180001,9.733951,-3.5299501
1780861742956,Accelerometer,-1.18605,9.40095,-3.5089502
1780861742977,Accelerometer,-0.9580501,9.613951,-3.6120002
1780861742993,Accelerometer,-1.00395,9.657001,-2.84505
1780861743013,Accelerometer,-1.4470501,9.375,-2.77605
1780861743033,Accelerometer,-1.7359501,9.33405,-2.42595
1780861743061,Accelerometer,-0.453,9.583051,-3.0370502
1780861743071,Accelerometer,0.32205,9.469951,-3.44895
1780861743091,Accelerometer,-1.7910001,9.504001,-3.0660002
1780861743111,Accelerometer,-2.66505,9.54195,-3.39105
1780861743129,Accelerometer,-0.61800003,10.31295,-4.1620502
1780861743149,Accelerometer,1.0540501,10.46895,-5.2180505
1780861743171,Accelerometer,0.94200003,10.536,-4.71495
1780861743190,Accelerometer,0.13005,10.962001,-3.3100502
1780861743208,Accelerometer,-0.91305006,11.908051,-3.9400501
1780861743227,Accelerometer,-1.16205,12.561001,-5.49795
1780861743246,Accelerometer,-0.62295,13.155001,-4.2319503
1780861743271,Accelerometer,-0.71205,13.45695,-3.0970502
1780861743292,Accelerometer,-0.27105,15.082951,-3.5350502
1780861743305,Accelerometer,0.49395,16.18905,-4.689
1780861743324,Accelerometer,2.1649501,17.761951,-6.0150003
1780861743344,Accelerometer,5.2969503,18.49695,-9.14505
1780861743362,Accelerometer,10.545,18.198,-5.8890004
1780861743386,Accelerometer,6.741,18.739052,-0.20505
1780861743403,Accelerometer,-1.4250001,14.524951,-4.13595
1780861743421,Accelerometer,-5.02395,9.166051,-7.3279505
1780861743441,Accelerometer,-9.35505,8.149051,-3.79395
1780861743460,Accelerometer,-9.22095,6.3,-0.006
1780861743479,Accelerometer,-0.36405003,1.6699501,-0.92505
1780861743504,Accelerometer,3.9750001,-1.07805,-2.5800002
1780861743523,Accelerometer,2.6200502,-0.333,-1.5960001
1780861743534,Accelerometer,-1.6860001,1.38195,-1.284
1780861743557,Accelerometer,-4.0009503,1.7299501,-0.003
1780861743577,Accelerometer,-4.39905,2.3760002,-0.123
1780861743596,Accelerometer,-2.32995,3.2260501,-0.15195
1780861743611,Accelerometer,0.063,4.605,-1.1410501
1780861743636,Accelerometer,1.46595,7.1980505,-1.14495
1780861743655,Accelerometer,0.46995002,10.002001,-0.09195001
1780861743676,Accelerometer,-2.88105,13.312951,-3.7480502
1780861743691,Accelerometer,-4.59,17.671051,-3.6760502
1780861743713,Accelerometer,-4.36005,18.873001,-0.0010500001
1780861743736,Accelerometer,0.04605,20.035952,-0.95595
1780861743758,Accelerometer,0.18300001,19.82805,-3.35295
1780861743771,Accelerometer,-2.7199502,19.962002,-4.9570503
1780861743790,Accelerometer,-13.63605,14.91705,-1.9480501
1780861743810,Accelerometer,-27.427052,11.472,0.34305
1780861743829,Accelerometer,-15.204,13.29405,-1.014
1780861743851,Accelerometer,-5.8350005,13.696051,0.039
1780861743869,Accelerometer,-8.151,13.272,-6.7120504
1780861743888,Accelerometer,6.3460503,17.77395,-10.536
1780861743907,Accelerometer,27.673952,20.854952,6.2179503
1780861743926,Accelerometer,2.70705,7.7200503,3.11805
1780861743946,Accelerometer,-9.457951,1.41795,-0.19995001
1780861743970,Accelerometer,-13.401001,5.46705,-5.2780504
1780861743989,Accelerometer,-15.970051,11.4529505,1.8220501
1780861744004,Accelerometer,-5.7130504,12.71205,0.50100005
1780861744023,Accelerometer,-1.57095,8.400001,-6.0870004
1780861744043,Accelerometer,1.00395,9.172951,-7.2340503
1780861744062,Accelerometer,2.6749501,10.69095,-2.12505
1780861744084,Accelerometer,-2.7510002,9.583051,-0.126
1780861744091,Accelerometer,-4.84905,8.48595,-3.2050502
1780861744121,Accelerometer,-3.4960501,9.424951,-3.8730001
1780861744140,Accelerometer,-1.31295,9.837001,-2.7570002
1780861744160,Accelerometer,-0.372,9.573001,-2.1100502
1780861744172,Accelerometer,-0.64695,9.5779505,-2.94105
1780861744199,Accelerometer,-0.9799501,9.858001,-3.1950002
1780861744223,Accelerometer,-1.08,9.68595,-3.6000001
1780861744237,Accelerometer,-1.04205,9.597,-3.4969501
1780861744251,Accelerometer,-0.68505,9.34305,-1.6150501
1780861744276,Accelerometer,0.03705,9.172951,-2.32095
1780861744307,Accelerometer,-0.66105,9.633,-4.2990003
1780861744318,Accelerometer,-2.0020502,9.23805,-2.98005
1780861744333,Accelerometer,-1.9759501,9.406051,-2.079
1780861744354,Accelerometer,-1.2930001,10.32495,-3.4510503
1780861744373,Accelerometer,-0.72405005,10.45695,-4.7899504
1780861744393,Accelerometer,-0.264,10.88805,-4.13595
1780861744417,Accelerometer,-0.20400001,11.2879505,-2.697
1780861744434,Accelerometer,-0.48600003,11.874001,-3.28605
1780861744453,Accelerometer,-1.30305,12.387001,-4.97895
1780861744471,Accelerometer,-2.1390002,12.754951,-3.9640503
1780861744490,Accelerometer,-2.2729502,13.287001,-2.7859502
1780861744510,Accelerometer,-0.81405,14.845951,-4.1410503
1780861744537,Accelerometer,1.7340001,15.394051,-5.43405
1780861744550,Accelerometer,3.5970001,16.972052,-7.3110003
1780861744567,Accelerometer,6.05595,17.103,-8.629951
1780861744587,Accelerometer,8.39505,17.344952,-3.729
1780861744606,Accelerometer,3.0559502,17.737951,0.14205001
1780861744626,Accelerometer,-2.56005,14.14605,-4.4620504
1780861744648,Accelerometer,-3.0700502,8.92695,-6.4129505
1780861744667,Accelerometer,-7.2690005,6.6670504,-4.8690004
1780861744685,Accelerometer,-11.409,6.36495,0.855
1780861744704,Accelerometer,-1.67595,1.794,-0.08505
1780861744723,Accelerometer,5.2489505,-1.16205,-1.8780001
1780861744743,Accelerometer,4.7250004,0.45795003,-2.8570502
1780861744771,Accelerometer,-0.39495003,3.3430502,-3.3100502
1780861744781,Accelerometer,-4.16895,3.7500002,-1.179
1780861744801,Accelerometer,-5.09805,3.2910001,-0.09195001
1780861744814,Accelerometer,-4.368,3.4800003,-1.521
1780861744840,Accelerometer,-1.269,5.7640505,-2.8290002
1780861744864,Accelerometer,0.96300006,8.533951,-1.3369501
1780861744882,Accelerometer,-0.95295006,10.993051,-2.3040001
1780861744898,Accelerometer,-2.9550002,14.005051,-4.1719503
1780861744917,Accelerometer,-3.55605,16.182001,-0.81705004
1780861744928,Accelerometer,-1.1880001,17.98695,-0.504
1780861744956,Accelerometer,0.6,18.978,-2.367
1780861744982,Accelerometer,-2.49795,18.838951,-3.6760502
1780861745003,Accelerometer,-5.0620503,17.83605,-4.6459503
1780861745014,Accelerometer,-11.104951,13.974001,-3.1570501
1780861745034,Accelerometer,-20.503052,11.64,-0.64500004
1780861745050,Accelerometer,-12.7570505,12.175951,-1.15995
1780861745073,Accelerometer,-5.11905,12.597,-1.0519501
1780861745097,Accelerometer,-5.019,11.259001,-2.18205
1780861745114,Accelerometer,-9.93,10.536,-5.7109504
1780861745132,Accelerometer,-0.77400005,13.845,-3.1020002
1780861745152,Accelerometer,20.958,21.34395,2.3130002
1780861745170,Accelerometer,8.307,12.73095,1.011
1780861745189,Accelerometer,-5.2440004,5.6659503,-1.62195
1780861745216,Accelerometer,-10.16205,7.07805,-5.68305
1780861745234,Accelerometer,-12.1039505,8.41395,0.22095
1780861745248,Accelerometer,-5.80695,11.3209505,-0.91095006
1780861745267,Accelerometer,-1.9540501,10.33695,-2.7859502
1780861745287,Accelerometer,0.40605003,8.644051,-5.4409504
1780861745306,Accelerometer,0.010950001,10.207951,-3.4150503
1780861745330,Accelerometer,-3.0199502,10.243951,0.44295
1780861745348,Accelerometer,-3.3930001,8.90295,-1.46895
1780861745364,Accelerometer,-3.2640002,9.42,-3.3289502
1780861745384,Accelerometer,-1.93305,9.61905,-3.28095
1780861745404,Accelerometer,-0.573,9.693001,-2.9320502
1780861745422,Accelerometer,-0.039,9.837001,-2.9910002
1780861745447,Accelerometer,-0.08895,9.727051,-3.4320002
1780861745468,Accelerometer,-0.38595003,9.592051,-3.86295
1780861745481,Accelerometer,-1.0540501,9.451051,-2.6830502
1780861745500,Accelerometer,-0.93195003,9.17595,-2.08395
1780861745520,Accelerometer,0.07305,9.64995,-2.4550502
1780861745534,Accelerometer,0.25500003,9.82995,-4.45695
1780861745559,Accelerometer,-0.441,9.81795,-4.3710003
1780861745580,Accelerometer,0.13995,9.825001,-2.9869502
1780861745598,Accelerometer,-0.90105003,10.075951,-3.1330502
1780861745617,Accelerometer,-0.59205,10.500001,-4.7299504
1780861745636,Accelerometer,-0.34995002,11.17695,-4.2990003
1780861745656,Accelerometer,-0.54195005,11.13195,-2.79795
1780861745678,Accelerometer,-0.87000006,12.05595,-3.1950002
1780861745700,Accelerometer,-1.57605,12.387001,-4.60995
1780861745713,Accelerometer,-1.21695,12.628051,-3.6330001
1780861745734,Accelerometer,-1.368,12.81,-2.982
1780861745753,Accelerometer,-1.24995,14.161051,-2.8860002
1780861745768,Accelerometer,0.85305005,15.327001,-4.53105
1780861745792,Accelerometer,2.7930002,17.257051,-6.86805
1780861745812,Accelerometer,5.3590503,17.055,-8.532001
1780861745831,Accelerometer,8.802,16.608002,-3.8029501
1780861745850,Accelerometer,3.55605,17.077051,-2.058
1780861745869,Accelerometer,-2.9530501,12.619051,-4.1620502
1780861745895,Accelerometer,-5.6410503,8.127001,-4.67205
1780861745911,Accelerometer,-11.986051,7.3110003,-4.68405
1780861745931,Accelerometer,-10.368,5.75895,-0.91995007
1780861745947,Accelerometer,1.0159501,1.5790501,-1.5289501
1780861745966,Accelerometer,6.1849504,-0.56505,-1.026
1780861745987,Accelerometer,3.693,0.50100005,-0.77400005
1780861746016,Accelerometer,-1.6189501,2.529,-2.90295
1780861746025,Accelerometer,-4.34805,3.0540001,-1.608
1780861746044,Accelerometer,-5.7109504,2.6539502,-0.54195005
1780861746065,Accelerometer,-3.97005,3.0630002,-1.6320001
1780861746083,Accelerometer,-0.11100001,5.2369504,-2.43405
1780861746095,Accelerometer,1.4830501,8.22795,-0.19995001
1780861746123,Accelerometer,-0.36705002,10.962001,-2.0310001
1780861746144,Accelerometer,-3.1320002,14.536951,-5.54895
1780861746165,Accelerometer,-5.05695,16.629002,-2.12205
1780861746175,Accelerometer,-2.8300502,17.628,-0.762
1780861746200,Accelerometer,-0.29505002,18.67605,-2.77605
1780861746210,Accelerometer,-0.53400004,18.424952,-3.2910001
1780861746241,Accelerometer,-1.4800501,18.403051,-3.6709502
1780861746258,Accelerometer,-7.5450006,14.826001,-3.59505
1780861746277,Accelerometer,-18.778952,12.319951,-0.19005
1780861746298,Accelerometer,-13.48995,13.255951,0.19905001
1780861746316,Accelerometer,-4.7580004,12.717001,-1.27695
1780861746336,Accelerometer,-3.2689502,12.196951,-2.32305
1780861746359,Accelerometer,-7.116,14.412001,-7.18095
1780861746378,Accelerometer,8.90295,18.23595,-3.42195
1780861746395,Accelerometer,11.38605,17.581951,4.545
1780861746414,Accelerometer,-4.518,6.7170005,-0.21405001
1780861746433,Accelerometer,-7.8229504,4.227,-1.6819501
1780861746453,Accelerometer,-10.64505,8.971951,-5.5150504
1780861746482,Accelerometer,-6.111,12.082951,-0.46305
1780861746491,Accelerometer,-0.59205,10.8810005,-0.93000007
1780861746511,Accelerometer,-0.48900002,7.7029505,-5.2849503
1780861746531,Accelerometer,-0.522,9.406051,-4.9399505
1780861746550,Accelerometer,-2.6920502,10.629001,-1.536
1780861746573,Accelerometer,-4.1860504,9.36495,-0.11595
1780861746591,Accelerometer,-3.7710001,8.766001,-2.6160002
1780861746609,Accelerometer,-2.39205,9.585,-3.1420503
1780861746628,Accelerometer,-1.1539501,9.589951,-2.83605
1780861746647,Accelerometer,-0.29505002,9.66195,-2.6560502
1780861746666,Accelerometer,0.00795,9.892051,-3.17595
1780861746692,Accelerometer,-0.52005005,9.67395,-3.8100002
1780861746712,Accelerometer,-1.296,9.35805,-3.6160502
1780861746724,Accelerometer,-1.8030001,9.34305,-2.9959502
1780861746741,Accelerometer,-1.6669501,9.439051,-2.12205
1780861746763,Accelerometer,-0.597,9.451051,-2.59395
1780861746783,Accelerometer,0.22800002,9.943951,-4.47405
1780861746806,Accelerometer,-0.29505002,10.081051,-4.0810504
1780861746823,Accelerometer,-0.97695005,10.035001,-2.9580002
1780861746842,Accelerometer,-1.07505,10.378051,-3.52305
1780861746862,Accelerometer,-0.58005005,10.725,-4.9840503
1780861746880,Accelerometer,0.16905001,11.344951,-4.8229504
1780861746897,Accelerometer,0.06105,11.830951,-3.765
1780861746919,Accelerometer,-0.786,12.229051,-2.8189502
1780861746947,Accelerometer,-1.30095,12.517951,-2.6520002
1780861746958,Accelerometer,-0.82605004,13.18395,-2.5890002
1780861746977,Accelerometer,1.22895,15.336,-3.42705
1780861746997,Accelerometer,3.042,17.635052,-6.01095
1780861747016,Accelerometer,3.13995,18.32895,-8.23995
1780861747042,Accelerometer,5.7900004,18.997051,-7.93305
1780861747057,Accelerometer,9.882001,19.62195,-4.5859504
1780861747074,Accelerometer,3.3360002,18.10395,-1.34895
1780861747093,Accelerometer,-1.5109501,10.774951,-4.3780503
1780861747113,Accelerometer,-5.4690003,5.49795,-5.1220503
1780861747133,Accelerometer,-12.075001,6.26205,1.107
1780861747159,Accelerometer,-6.9990005,3.69495,-0.83895004
1780861747177,Accelerometer,3.3070502,-0.88605005,-2.23005
1780861747191,Accelerometer,5.3569503,-1.5619501,-1.8090001
1780861747210,Accelerometer,2.15595,0.99495006,-1.8589501
1780861747230,Accelerometer,-2.21805,2.3140502,-1.19595
1780861747249,Accelerometer,-3.9769502,2.66805,-0.36495003
1780861747272,Accelerometer,-3.2059503,3.18105,-2.223
1780861747290,Accelerometer,-1.24995,5.52495,-2.4430501
1780861747305,Accelerometer,-0.18705001,8.56305,-0.15705001
1780861747326,Accelerometer,-2.25105,11.484,-4.464
1780861747346,Accelerometer,-4.083,15.253051,-4.9429502
1780861747370,Accelerometer,-5.5530005,16.656,-0.57795
1780861747378,Accelerometer,-3.3430502,18.424952,-0.81705004
1780861747404,Accelerometer,-0.96300006,17.75505,-2.568
1780861747424,Accelerometer,-1.7320501,17.93205,-1.81095
1780861747443,Accelerometer,-3.834,17.53395,-3.039
1780861747459,Accelerometer,-11.200951,14.12205,-2.39805
1780861747487,Accelerometer,-20.164951,11.710951,-0.813
1780861747504,Accelerometer,-11.527051,12.427051,-0.52095
1780861747521,Accelerometer,-4.28895,13.785001,-1.8540001
1780861747538,Accelerometer,-5.80905,12.796051,-6.8490005
1780861747560,Accelerometer,-2.3710501,17.814001,-4.617
1780861747579,Accelerometer,19.467001,19.996052,0.74505
1780861747604,Accelerometer,2.4720001,7.9669504,4.89405
1780861747621,Accelerometer,-8.29695,2.28495,0.71400005
1780861747640,Accelerometer,-10.147051,8.448,-5.08605
1780861747657,Accelerometer,-12.525001,12.6,0.20895001
1780861747677,Accelerometer,-3.0960002,11.87205,0.22995001
1780861747697,Accelerometer,-1.6519501,7.9840503,-5.1130505
1780861747726,Accelerometer,-0.61095005,9.1039505,-5.7379503
1780861747735,Accelerometer,-0.38595003,10.63605,-3.9949503
1780861747754,Accelerometer,-2.29395,9.913051,-1.3990501
1780861747774,Accelerometer,-3.9100502,8.508,-1.7299501
1780861747793,Accelerometer,-3.0559502,9.372001,-2.94405
1780861747813,Accelerometer,-1.5640501,9.885,-1.866
1780861747836,Accelerometer,-0.33105,9.609,-2.21805
1780861747854,Accelerometer,0.22605,10.13595,-2.94105
1780861747873,Accelerometer,-1.1040001,9.5779505,-2.84295
1780861747890,Accelerometer,-3.384,9.448951,-3.7840502
1780861747910,Accelerometer,-4.143,9.427051,-2.592
1780861747930,Accelerometer,-1.9950001,9.34605,-1.12395
1780861747939,Accelerometer,-0.33105,9.691051,-1.2199501
1780861747968,Accelerometer,-0.582,10.207951,-3.14505
1780861747987,Accelerometer,-1.9470001,10.36305,-4.47795
1780861748007,Accelerometer,-3.4630501,9.97605,-2.91195
1780861748021,Accelerometer,-2.1460502,10.453951,-1.14795
1780861748046,Accelerometer,1.8180001,11.673,-2.532
1780861748068,Accelerometer,3.2260501,11.7949505,-3.8770502
1780861748085,Accelerometer,2.355,12.151951,-3.0370502
1780861748104,Accelerometer,-1.6020001,12.0390005,-3.4969501
1780861748124,Accelerometer,-3.2299502,12.648001,-4.8019505
1780861748143,Accelerometer,-1.6720501,12.70695,-3.834
1780861748163,Accelerometer,0.65895003,13.816051,-3.83205
1780861748189,Accelerometer,1.9930501,15.01605,-5.3239503
1780861748202,Accelerometer,3.7240503,16.03095,-7.1980505
1780861748221,Accelerometer,5.5200005,16.512001,-8.424001
1780861748240,Accelerometer,8.0119505,16.282051,-6.19995
1780861748260,Accelerometer,3.7600503,17.74695,-2.982
1780861748283,Accelerometer,-4.70295,15.271951,-7.0690503
1780861748302,Accelerometer,-4.86105,9.660001,-6.7510505
1780861748318,Accelerometer,-8.364,9.066,4.15395
1780861748338,Accelerometer,-5.94105,7.4689503,-1.059
1780861748357,Accelerometer,2.48895,1.9759501,-2.1319501
1780861748376,Accelerometer,4.9570503,-2.02395,-1.9720501
1780861748400,Accelerometer,0.813,-0.75000006,-2.6950502
1780861748421,Accelerometer,-2.9980502,2.08605,-2.73495
1780861748434,Accelerometer,-4.8109503,2.8290002,-0.54195005
1780861748454,Accelerometer,-5.05695,2.469,1.7220001
1780861748473,Accelerometer,-2.04495,2.87205,1.0180501
1780861748493,Accelerometer,-0.32805002,4.40205,-0.56805
1780861748515,Accelerometer,1.26495,6.80805,-1.9570501
1780861748533,Accelerometer,1.6990501,10.50195,-0.753
1780861748551,Accelerometer,-0.123,14.611051,-1.7989501
1780861748570,Accelerometer,-0.70395005,21.229052,-4.986
1780861748590,Accelerometer,-3.5490003,22.08105,-2.56305
1780861748609,Accelerometer,-5.60505,21.135,-2.874
1780861748634,Accelerometer,-8.778001,19.861952,-5.73495
1780861748654,Accelerometer,-15.208951,14.380951,0.28305
1780861748666,Accelerometer,-21.06105,10.998,-1.7869501
1780861748687,Accelerometer,-16.38705,15.199951,-2.26395
1780861748707,Accelerometer,-8.11005,13.60305,-2.3689501
1780861748726,Accelerometer,-14.260951,16.486052,-1.6320001
1780861748749,Accelerometer,6.2760005,16.660051,1.164
1780861748771,Accelerometer,20.46495,13.888051,4.1350503
1780861748784,Accelerometer,7.3060503,5.2540503,-3.4609501
1780861748804,Accelerometer,-4.971,5.36205,0.024
1780861748821,Accelerometer,-17.124,11.038951,-7.6150503
1780861748843,Accelerometer,-15.979951,11.71395,4.96395
1780861748866,Accelerometer,-7.8919506,8.532001,-2.1079502
1780861748887,Accelerometer,-0.16605,9.4800005,-4.29405
1780861748901,Accelerometer,5.1319504,10.548,-4.22205
1780861748921,Accelerometer,3.1230001,10.155001,-2.4190502
1780861748940,Accelerometer,-3.5389502,8.982,-2.4379501
1780861748970,Accelerometer,-6.0079503,9.22095,-2.4379501
1780861748979,Accelerometer,-4.56195,9.18105,-2.5440001
1780861748998,Accelerometer,-1.02495,9.53505,-3.051
1780861749018,Accelerometer,0.48195,10.05,-2.90295
1780861749037,Accelerometer,-0.30705002,9.66195,-3.6880503
1780861749056,Accelerometer,-1.18305,10.122001,-3.9880502
1780861749080,Accelerometer,-2.2699502,9.82005,-3.4249501
1780861749099,Accelerometer,-0.60105,9.31005,-3.2329502
1780861749119,Accelerometer,1.00905,9.37005,-2.1460502
1780861749134,Accelerometer,0.75495005,9.47295,-3.0319502
1780861749153,Accelerometer,-0.58500004,9.624001,-3.59505
1780861749173,Accelerometer,-2.49795,9.528001,-2.6899502
1780861749202,Accelerometer,-2.5410001,9.37005,-0.54705
1780861749212,Accelerometer,-1.008,9.328951,-1.6890001
1780861749231,Accelerometer,-0.42405003,10.081051,-3.59205
1780861749251,Accelerometer,-0.60105,9.81795,-2.80695
1780861749270,Accelerometer,-0.597,9.849001,-2.8330503
1780861749289,Accelerometer,-1.368,10.516951,-4.29195
1780861749301,Accelerometer,-2.3400002,10.8810005,-3.0919502
1780861749329,Accelerometer,-1.1209501,11.11305,-2.60805
1780861749353,Accelerometer,-0.22305001,12.37005,-4.155
1780861749367,Accelerometer,-0.87900007,12.49905,-3.35295
1780861749381,Accelerometer,-1.2379501,12.56595,-2.1460502
1780861749406,Accelerometer,-0.48900002,13.275001,-2.6160002
1780861749435,Accelerometer,-0.84300005,14.565001,-2.9680502
1780861749447,Accelerometer,-0.135,13.69095,-3.528
1780861749462,Accelerometer,0.66195005,15.190051,-6.2530503
1780861749484,Accelerometer,2.673,16.462051,-7.6990504
1780861749503,Accelerometer,6.135,16.332,-4.452
1780861749523,Accelerometer,4.1719503,15.99495,-3.3079503
1780861749547,Accelerometer,1.7200501,14.545951,-2.6800501
1780861749563,Accelerometer,-1.00395,12.43395,-4.8829503
1780861749582,Accelerometer,-8.847,12.87495,-2.19405
1780861749600,Accelerometer,-12.084001,11.901001,-1.45905
1780861749620,Accelerometer,-2.5189502,8.814,-3.0660002
1780861749640,Accelerometer,1.761,8.05305,-5.6610003
1780861749667,Accelerometer,0.6,7.8180003,-6.9370503
1780861749678,Accelerometer,-4.401,5.4859505,-3.2070003
1780861749697,Accelerometer,-6.9030004,3.5490003,-1.55505
1780861749718,Accelerometer,-5.052,2.48895,-0.46605003
1780861749736,Accelerometer,-2.184,1.88505,0.52005005
1780861749759,Accelerometer,-0.68805003,2.43405,-0.13005
1780861749778,Accelerometer,0.16095,3.4680002,-0.034950003
1780861749795,Accelerometer,0.15405001,4.4539504,-0.34800002
1780861749814,Accelerometer,0.08505,6.1759505,-0.87705004
1780861749834,Accelerometer,-0.46500003,7.5790505,-1.77495
1780861749852,Accelerometer,-0.264,10.408951,-0.28800002
1780861749878,Accelerometer,-1.8900001,13.099951,-2.9509501
1780861749900,Accelerometer,-4.341,16.86405,-5.8770003
1780861749911,Accelerometer,-8.00205,16.972052,-2.043
1780861749931,Accelerometer,-9.199051,16.483051,-0.86295
1780861749944,Accelerometer,-10.803,15.973051,-3.48495
1780861749970,Accelerometer,-9.37905,14.08905,-1.9399501
1780861749994,Accelerometer,-11.75895,11.59605,-1.27995
1780861750010,Accelerometer,-11.863951,11.218051,-2.223
1780861750028,Accelerometer,-10.77,11.14395,-2.2090502
1780861750047,Accelerometer,-10.972951,9.757951,-2.838
1780861750066,Accelerometer,-11.833051,12.778951,-5.664
1780861750086,Accelerometer,-2.7109501,19.344002,2.5570502
1780861750110,Accelerometer,22.467001,21.38895,1.30005
1780861750130,Accelerometer,12.159,7.9260006,-2.901
1780861750144,Accelerometer,-3.11805,3.9850502,-5.20095
1780861750164,Accelerometer,-5.1000004,7.1050506,-1.26495
1780861750183,Accelerometer,-9.51795,8.30895,-2.8840501
1780861750203,Accelerometer,-7.7220006,13.32495,-4.29405
1780861750226,Accelerometer,-5.0790005,10.288951,-3.0030003
1780861750242,Accelerometer,-2.16,7.7029505,-3.25005
1780861750261,Accelerometer,1.95,9.777,0.51795
1780861750280,Accelerometer,1.2600001,10.43805,0.65400004
1780861750300,Accelerometer,-1.9039501,9.339001,-2.2800002
1780861750319,Accelerometer,-3.7399502,9.418051,-2.86695
1780861750344,Accelerometer,-2.46405,9.772051,-2.9239502
1780861750365,Accelerometer,0.20205002,10.110001,-2.7589502
1780861750377,Accelerometer,0.98295003,10.05195,-3.1690502
1780861750397,Accelerometer,-0.192,9.814951,-2.8620002
1780861750417,Accelerometer,-1.2529501,9.97305,-2.2470002
1780861750436,Accelerometer,0.006,10.083,-2.33295
1780861750458,Accelerometer,1.62705,9.53505,-2.1010501
1780861750476,Accelerometer,1.0830001,9.45405,-3.2959502
1780861750494,Accelerometer,-1.45095,9.71895,-3.387
1780861750513,Accelerometer,-3.15405,9.8869505,-1.50495
1780861750533,Accelerometer,-2.2750502,9.937051,-1.7629501
1780861750553,Accelerometer,-0.86505,10.191001,-2.9680502
1780861750575,Accelerometer,0.40995002,10.43805,-2.8330503
1780861750596,Accelerometer,0.52995,10.225051,-3.42
1780861750611,Accelerometer,0.15405001,10.74705,-4.13805
1780861750630,Accelerometer,0.48900002,11.709001,-3.86505
1780861750650,Accelerometer,0.70500004,12.612,-3.9229503
1780861750664,Accelerometer,0.147,13.146001,-3.8130002
1780861750689,Accelerometer,-0.61800003,13.548,-3.31995
1780861750710,Accelerometer,-1.368,13.576951,-2.1990001
1780861750728,Accelerometer,-0.22995001,14.127001,-3.1210501
1780861750744,Accelerometer,0.29295,14.242051,-3.8610003
1780861750766,Accelerometer,1.9759501,14.518051,-7.08795
1780861750791,Accelerometer,5.2249503,15.990001,-9.00105
1780861750808,Accelerometer,8.589001,15.745951,-6.0319505
1780861750826,Accelerometer,5.5800004,16.26795,-2.046
1780861750844,Accelerometer,-2.28495,16.375051,-4.46595
1780861750863,Accelerometer,-7.21395,10.830001,-7.4880004
1780861750884,Accelerometer,-7.5019503,9.051001,-4.93305
1780861750913,Accelerometer,-7.0519505,8.75895,4.72695
1780861750922,Accelerometer,-1.143,4.7850003,-2.8620002
1780861750941,Accelerometer,5.4409504,0.74805003,-2.5170002
1780861750961,Accelerometer,5.0269504,-0.19395001,-1.1839501
1780861750980,Accelerometer,-1.059,2.22,-3.4630501
1780861750999,Accelerometer,-4.059,3.5370002,-1.9210501
1780861751022,Accelerometer,-5.2440004,3.525,0.42195
1780861751041,Accelerometer,-3.63,3.051,0.89100003
1780861751058,Accelerometer,-1.87995,3.6910503,-0.633
1780861751077,Accelerometer,-0.16995001,5.5960503,-2.2060502
1780861751097,Accelerometer,1.11,8.224951,-1.524
1780861751117,Accelerometer,-0.47205,10.854,-1.6459501
1780861751144,Accelerometer,-2.4019501,13.675051,-4.33005
1780861751156,Accelerometer,-3.999,16.62195,-2.2999501
1780861751172,Accelerometer,-3.69705,17.31195,-0.51795
1780861751194,Accelerometer,-2.15805,17.11305,-1.8709501
1780861751213,Accelerometer,-3.73305,16.93605,-3.765
1780861751225,Accelerometer,-4.5810003,17.38095,-4.071
1780861751252,Accelerometer,-9.12705,14.671051,-0.73605
1780861751274,Accelerometer,-13.966051,11.78295,0.80505
1780861751294,Accelerometer,-9.07995,12.83895,-0.25995
1780861751305,Accelerometer,-4.5280504,13.411051,0.18195
1780861751330,Accelerometer,-3.4410002,12.39105,0.15405001
1780861751350,Accelerometer,-5.538,9.736051,-0.51795
1780861751375,Accelerometer,-6.3810005,11.482051,-9.760051
1780861751389,Accelerometer,17.866951,23.362051,-10.62405
1780861751407,Accelerometer,12.729001,14.950951,6.6780005
1780861751427,Accelerometer,-5.8780503,5.0220003,-1.3920001
1780861751446,Accelerometer,-10.453951,5.4409504,1.8010501
1780861751471,Accelerometer,-10.903951,10.288951,-1.6360501
1780861751489,Accelerometer,-4.9690504,13.038001,-2.79795
1780861751505,Accelerometer,0.6,9.955951,-2.4840002
1780861751525,Accelerometer,0.88695,7.7869506,-6.0540004
1780861751543,Accelerometer,-0.16095,8.910001,-3.0300002
1780861751563,Accelerometer,-4.31295,10.34895,-1.5409501
1780861751588,Accelerometer,-5.3440504,9.769951,-1.1410501
1780861751609,Accelerometer,-2.8860002,9.003,-3.114
1780861751621,Accelerometer,-0.47505003,9.765,-2.9200501
1780861751640,Accelerometer,-0.16095,9.648001,-2.2800002
1780861751660,Accelerometer,-1.03995,9.648001,-2.6899502
1780861751679,Accelerometer,-1.9660501,9.65205,-3.3240001
1780861751702,Accelerometer,-1.7670001,9.65505,-3.17595
1780861751721,Accelerometer,-0.93705004,9.34305,-3.1330502
1780861751738,Accelerometer,0.06105,9.552,-2.802
1780861751757,Accelerometer,0.216,9.573001,-2.8930502
1780861751777,Accelerometer,-1.0129501,9.640051,-3.0270002
1780861751786,Accelerometer,-2.64105,9.360001,-2.16105
1780861751816,Accelerometer,-2.11905,9.691051,-2.8260002
1780861751840,Accelerometer,-0.68805003,10.227,-3.9400501
1780861751854,Accelerometer,0.19695,10.23705,-3.6739502
1780861751868,Accelerometer,0.33405003,10.512,-4.44495
1780861751893,Accelerometer,-0.46500003,10.732051,-4.37505
1780861751912,Accelerometer,-0.50805,11.26605,-2.8189502
1780861751933,Accelerometer,-0.051000003,12.135,-3.5760002
1780861751947,Accelerometer,-0.56295,12.49905,-5.3040004
1780861751970,Accelerometer,-1.5660001,12.568951,-4.3039503
1780861751989,Accelerometer,-0.81195,13.76595,-3.04695
1780861752009,Accelerometer,0.45795003,15.559051,-4.0230002
1780861752026,Accelerometer,1.8520501,15.8890505,-5.34
1780861752049,Accelerometer,3.4440002,17.275951,-7.1839504
1780861752074,Accelerometer,6.2719502,17.146051,-8.332951
1780861752087,Accelerometer,9.166051,17.613,-3.5850003
1780861752106,Accelerometer,3.5419502,16.677,-0.62595004
1780861752126,Accelerometer,-5.85195,12.849001,-6.0750003
1780861752145,Accelerometer,-4.80795,8.23305,-3.6090002
1780861752167,Accelerometer,-13.5379505,8.826,2.5810502
1780861752184,Accelerometer,-7.03695,5.7829504,-1.70595
1780861752203,Accelerometer,4.99305,-0.21105,-1.02795
1780861752223,Accelerometer,8.19705,-2.7250502,0.25905
1780861752242,Accelerometer,2.29905,0.41805002,-2.08605
1780861752264,Accelerometer,-2.088,3.0180001,-2.5440001
1780861752281,Accelerometer,-5.0599504,3.6430502,-0.30495003
1780861752302,Accelerometer,-4.86105,3.5370002,0.49395
1780861752320,Accelerometer,-1.88205,4.07805,-0.597
1780861752340,Accelerometer,-0.027,6.1710005,-1.5480001
1780861752361,Accelerometer,1.8540001,9.757951,-0.71205
1780861752390,Accelerometer,-0.49395,12.06105,-2.28795
1780861752399,Accelerometer,-3.7039502,15.607051,-4.905
1780861752418,Accelerometer,-6.1009502,17.185051,-1.2079501
1780861752434,Accelerometer,-3.1680002,17.62095,0.072000004
1780861752457,Accelerometer,-0.192,18.198,-1.9159501
1780861752476,Accelerometer,-1.2910501,17.721,-1.93605
1780861752500,Accelerometer,-2.43105,18.85095,-2.0340002
1780861752508,Accelerometer,-11.22,16.059,-0.48000002
1780861752534,Accelerometer,-17.959951,12.7890005,0.36900002
1780861752554,Accelerometer,-9.98505,13.579051,0.92205006
1780861752573,Accelerometer,-5.5579505,12.87705,-0.33600003
1780861752588,Accelerometer,-8.313001,11.026951,-0.50595003
1780861752607,Accelerometer,-5.6839504,13.825951,-10.000051
1780861752632,Accelerometer,19.881,23.878952,-7.26105
1780861752651,Accelerometer,8.857051,15.312,0.30900002
1780861752668,Accelerometer,-4.74405,4.09005,0.21795002
1780861752689,Accelerometer,-8.62905,1.8090001,0.25695002
1780861752709,Accelerometer,-12.633,8.488951,-4.74195
1780861752733,Accelerometer,-5.0880003,13.950001,0.975
1780861752750,Accelerometer,-1.5109501,10.48995,-2.2060502
1780861752769,Accelerometer,0.17805001,7.5529504,-7.2319503
1780861752787,Accelerometer,1.0830001,10.063951,-2.57205
1780861752806,Accelerometer,-4.7650504,10.086,0.20400001
1780861752827,Accelerometer,-6.3810005,8.553,-1.7230501
1780861752857,Accelerometer,-3.9919503,9.331051,-3.6019502
1780861752865,Accelerometer,-1.1329501,9.52095,-3.2329502
1780861752884,Accelerometer,-0.23700002,9.49695,-2.6920502
1780861752903,Accelerometer,-0.46005002,9.69495,-2.9959502
1780861752923,Accelerometer,-1.45605,9.576,-3.2050502
1780861752943,Accelerometer,-2.1100502,9.56595,-3.3720002
1780861752964,Accelerometer,-1.6690501,9.40095,-3.1609502
1780861752982,Accelerometer,-0.606,9.351001,-2.8930502
1780861753001,Accelerometer,0.19305001,9.5449505,-3.3720002
1780861753020,Accelerometer,-0.10605001,9.628051,-3.5329502
1780861753040,Accelerometer,-2.529,9.34305,-4.1740503
1780861753059,Accelerometer,-3.6210003,9.126,-2.79795
1780861753088,Accelerometer,-1.5880501,9.748051,-3.00795
1780861753098,Accelerometer,1.1020501,10.356001,-5.29005
1780861753117,Accelerometer,1.6870501,10.354051,-5.4529505
1780861753137,Accelerometer,1.47105,10.552951,-4.36305
1780861753151,Accelerometer,-0.261,11.161051,-3.456
1780861753176,Accelerometer,-1.5090001,12.05895,-4.0810504
1780861753196,Accelerometer,-1.6570501,12.432,-4.533
1780861753214,Accelerometer,-0.93900007,13.03995,-3.9760501
1780861753232,Accelerometer,0.16905001,14.3209505,-3.48705
1780861753253,Accelerometer,1.4779501,15.448951,-3.9490502
1780861753272,Accelerometer,3.2400002,16.407001,-4.854
1780861753298,Accelerometer,3.0610502,18.063002,-7.20795
1780861753320,Accelerometer,4.3660502,18.05895,-8.118
1780861753331,Accelerometer,7.3350005,19.11495,-5.6350503
1780861753351,Accelerometer,3.6190503,17.022001,-1.7560501
1780861753370,Accelerometer,-2.565,11.191951,-6.1330504
1780861753390,Accelerometer,-6.0600004,7.05495,-3.70005
1780861753413,Accelerometer,-11.658001,6.8370004,1.4820001
1780861753431,Accelerometer,-4.84905,3.31905,-1.0020001
1780861753447,Accelerometer,6.669,-1.0200001,-0.97305006
1780861753467,Accelerometer,8.16495,-1.7410501,1.5109501
1780861753487,Accelerometer,1.69605,1.8880501,-1.3800001
1780861753506,Accelerometer,-0.88605005,4.5760503,-1.3969501
1780861753531,Accelerometer,-3.14895,4.62405,0.201
1780861753551,Accelerometer,-3.24195,4.572,-0.22800002
1780861753564,Accelerometer,-1.3800001,6.5470505,-1.62195
1780861753584,Accelerometer,0.17805001,9.873,0.18195
1780861753603,Accelerometer,-0.92700005,11.944051,-0.351
1780861753623,Accelerometer,-3.42195,14.24505,-5.19705
1780861753646,Accelerometer,-4.83405,17.202002,-2.4499502
1780861753663,Accelerometer,-3.4939501,17.625,0.59205
1780861753681,Accelerometer,-2.6749501,18.793951,-2.17995
1780861753700,Accelerometer,-4.044,19.60095,-5.17995
1780861753720,Accelerometer,-11.670001,14.778001,-1.00905
1780861753739,Accelerometer,-18.56595,10.738951,-0.46995002
1780861753762,Accelerometer,-12.456,12.304951,-2.3380501
1780861753769,Accelerometer,-5.6200504,14.446051,-2.35905
1780861753790,Accelerometer,-5.3040004,15.054001,-3.0540001
1780861753817,Accelerometer,-13.95705,20.125051,-4.99305
1780861753836,Accelerometer,10.693951,19.729952,-4.248
1780861753856,Accelerometer,10.8810005,11.163,5.67705
1780861753878,Accelerometer,-3.4669502,1.866,1.2379501
1780861753894,Accelerometer,-6.8220005,3.20895,0.35205
1780861753914,Accelerometer,-8.28705,11.503051,-9.186001
1780861753933,Accelerometer,-7.63605,16.050001,0.43905002
1780861753950,Accelerometer,-4.02495,8.93595,-1.77495
1780861753973,Accelerometer,-1.34595,6.86805,-5.70195
1780861753995,Accelerometer,2.874,11.44995,-3.7360501
1780861754017,Accelerometer,-0.62805,10.27005,-1.3420501
1780861754030,Accelerometer,-5.20305,8.42205,-2.59605
1780861754050,Accelerometer,-5.6010003,9.13305,-3.2020502
1780861754069,Accelerometer,-3.4030502,9.549001,-2.25405
1780861754099,Accelerometer,-0.96300006,9.576,-2.21595
1780861754111,Accelerometer,-0.00795,9.745951,-2.7160501
1780861754127,Accelerometer,-0.74505,9.801001,-3.2380502
1780861754147,Accelerometer,-1.6290001,9.753,-3.45795
1780861754166,Accelerometer,-1.8180001,9.589951,-3.3430502
1780861754186,Accelerometer,-1.044,9.616051,-3.1879501
1780861754211,Accelerometer,-0.015000001,9.45405,-2.14905
1780861754229,Accelerometer,-0.762,9.267,-2.0050502
1780861754247,Accelerometer,-2.0640001,9.757951,-4.04295
1780861754263,Accelerometer,-2.526,9.621,-3.8890502
1780861754283,Accelerometer,-1.9210501,9.576,-1.746
1780861754303,Accelerometer,-0.66795003,10.066951,-3.0349503
1780861754331,Accelerometer,0.102000006,10.713,-4.45695
1780861754342,Accelerometer,0.82500005,11.167951,-4.0470004
1780861754361,Accelerometer,0.135,11.4529505,-3.3240001
1780861754380,Accelerometer,-1.10895,12.007951,-3.0630002
1780861754400,Accelerometer,-1.7580001,12.339001,-4.05195
1780861754419,Accelerometer,-1.2570001,12.760051,-3.8100002
1780861754431,Accelerometer,-0.45105,13.585951,-3.6070502
1780861754459,Accelerometer,0.65205,15.583051,-3.72705
1780861754482,Accelerometer,0.95595,16.89495,-4.86105
1780861754497,Accelerometer,1.90005,17.48895,-6.97305
1780861754511,Accelerometer,5.64405,17.24505,-7.9360504
1780861754536,Accelerometer,8.677951,18.733952,-5.3980503
1780861754563,Accelerometer,4.026,16.993052,-3.5370002
1780861754574,Accelerometer,-0.40995002,11.797951,-5.3190002
1780861754592,Accelerometer,-7.42005,7.2840004,-6.0079503
1780861754613,Accelerometer,-14.29695,7.734,2.6440501
1780861754633,Accelerometer,-6.5869503,5.043,0.61095005
1780861754653,Accelerometer,2.4019501,0.010950001,-1.11705
1780861754675,Accelerometer,4.5930004,-1.9230001,-2.1370502
1780861754692,Accelerometer,2.01,0.35505003,-1.4569501
1780861754712,Accelerometer,-1.91805,2.49795,-1.4449501
1780861754730,Accelerometer,-4.63605,3.17805,-0.63600004
1780861754749,Accelerometer,-4.8510003,3.45405,-0.15900001
1780861754773,Accelerometer,-1.5780001,4.3510504,-0.55395
1780861754793,Accelerometer,0.64005005,7.071,-1.05495
1780861754807,Accelerometer,1.14795,10.063951,1.605
1780861754827,Accelerometer,-1.2240001,13.069051,-2.5819502
1780861754847,Accelerometer,-4.10895,17.587051,-4.72695
1780861754866,Accelerometer,-5.0790005,18.660002,0.201
1780861754889,Accelerometer,-1.485,18.57105,1.19805
1780861754907,Accelerometer,0.027,19.477951,-2.292
1780861754924,Accelerometer,-3.039,18.05895,-2.4070501
1780861754945,Accelerometer,-6.52995,16.749,-2.8549502
1780861754963,Accelerometer,-16.237951,13.033051,-0.15405001
1780861754983,Accelerometer,-17.080952,12.736051,-0.47700003
1780861755009,Accelerometer,-7.38705,12.65505,-0.27195
1780861755028,Accelerometer,-5.0620503,12.8560505,-1.8180001
1780861755040,Accelerometer,-9.93,9.564,-9.99705
1780861755061,Accelerometer,-2.84505,15.451051,-8.698951
1780861755072,Accelerometer,17.359951,21.406052,0.043050002
1780861755100,Accelerometer,8.175,11.635051,2.3850002
1780861755122,Accelerometer,-5.6410503,5.6280003,2.08095
1780861755140,Accelerometer,-9.1390505,7.66695,-4.6909504
1780861755157,Accelerometer,-9.196951,9.25695,0.62805
1780861755177,Accelerometer,-2.67195,11.200951,-0.69795
1780861755196,Accelerometer,-1.7080501,9.82695,-3.79395
1780861755216,Accelerometer,-0.19695,8.766001,-6.1450505
1780861755241,Accelerometer,-2.42805,9.69495,-3.3670502
1780861755261,Accelerometer,-5.76795,9.729,-0.35505003
1780861755274,Accelerometer,-4.09905,9.20205,-1.4140501
1780861755293,Accelerometer,-1.542,9.505951,-2.62995
1780861755314,Accelerometer,-0.58005005,9.717,-2.6539502
1780861755333,Accelerometer,-0.65205,9.576,-2.6869502
1780861755355,Accelerometer,-1.0710001,9.540001,-2.7900002
1780861755373,Accelerometer,-1.22595,9.92805,-3.21405
1780861755391,Accelerometer,-1.011,9.657001,-3.8149502
1780861755410,Accelerometer,-0.62295,9.387,-3.288
1780861755430,Accelerometer,-0.57705003,9.6,-2.388
1780861755455,Accelerometer,-0.25695002,9.35505,-3.07095
1780861755472,Accelerometer,-1.2550501,9.351001,-1.8829501
1780861755489,Accelerometer,-1.7389501,9.67605,-3.1660502
1780861755507,Accelerometer,-1.21905,10.14105,-4.18905
1780861755526,Accelerometer,0.051000003,10.035001,-3.1900501
1780861755546,Accelerometer,1.1890501,10.05195,-4.098
1780861755575,Accelerometer,1.64295,10.845,-4.5
1780861755586,Accelerometer,0.34095,11.24505,-3.7549503
1780861755604,Accelerometer,-1.3579501,11.524951,-2.6920502
1780861755624,Accelerometer,-1.7550001,11.92695,-3.9919503
1780861755642,Accelerometer,-0.61800003,12.801001,-4.1140504
1780861755663,Accelerometer,-0.04605,12.81,-3.6379502
1780861755688,Accelerometer,0.24300002,14.002951,-3.4939501
1780861755707,Accelerometer,0.25995,15.315001,-3.41805
1780861755724,Accelerometer,0.95895004,16.015951,-4.8640504
1780861755741,Accelerometer,2.86695,17.44095,-7.93095
1780861755760,Accelerometer,6.2569504,17.500952,-7.4880004
1780861755780,Accelerometer,9.834001,17.85,-4.19595
1780861755794,Accelerometer,3.3820503,16.97895,-2.70405
1780861755818,Accelerometer,-3.6469502,11.41905,-6.97305
1780861755838,Accelerometer,-7.2499504,7.215,-4.22895
1780861755858,Accelerometer,-14.062051,7.9399505,3.62505
1780861755874,Accelerometer,-7.839,4.61205,-1.69395
1780861755896,Accelerometer,3.7890003,-0.41205,-2.73495
1780861755919,Accelerometer,7.39905,-1.8250501,-0.40605003
1780861755937,Accelerometer,2.4139502,0.33600003,-0.70995003
1780861755957,Accelerometer,-2.09505,2.319,-2.4379501
1780861755974,Accelerometer,-4.66695,2.2060502,-0.34095
1780861755993,Accelerometer,-5.3590503,1.9069501,-0.102000006
1780861756013,Accelerometer,-2.7160501,2.55795,-1.11405
1780861756041,Accelerometer,-0.16800001,4.8250504,-2.1679502
1780861756052,Accelerometer,2.83605,8.470051,-0.12795001
1780861756071,Accelerometer,0.53205,11.236951,-2.043
1780861756091,Accelerometer,-3.0240002,15.861001,-6.22095
1780861756110,Accelerometer,-4.18095,20.251951,-3.6739502
1780861756129,Accelerometer,-4.39905,19.765951,-2.127
1780861756152,Accelerometer,-4.06395,19.002,-3.51795
1780861756169,Accelerometer,-4.08495,17.31405,-1.23405
1780861756189,Accelerometer,-4.4560504,15.99495,-1.40205
1780861756207,Accelerometer,-11.806951,13.714951,-1.3440001
1780861756226,Accelerometer,-16.12605,13.52595,0.66405004
1780861756247,Accelerometer,-8.29395,12.781951,0.43905002
1780861756274,Accelerometer,-3.2040002,13.383,-0.36705002
1780861756285,Accelerometer,-4.7790003,12.444,-4.8970504
1780861756304,Accelerometer,0.07305,16.65105,-2.8170002
1780861756324,Accelerometer,25.131,22.77795,3.867
1780861756343,Accelerometer,2.97495,9.283951,3.8119502
1780861756355,Accelerometer,-8.44995,2.436,-3.4750502
1780861756382,Accelerometer,-9.007951,5.42595,-4.2390003
1780861756403,Accelerometer,-14.742001,10.552951,-5.544
1780861756423,Accelerometer,-6.9970503,13.308001,-0.657
1780861756435,Accelerometer,-0.47895002,8.92695,-2.9989502
1780861756459,Accelerometer,-0.18495001,7.8520503,-5.49795
1780861756484,Accelerometer,0.91605,10.552951,-3.111
1780861756507,Accelerometer,-0.94605005,10.617001,0.01995
1780861756516,Accelerometer,-2.7180002,8.817,-1.1689501
1780861756538,Accelerometer,-3.96795,8.994,-3.657
1780861756557,Accelerometer,-3.0580502,9.444,-4.11
1780861756576,Accelerometer,-0.32805002,9.589951,-3.49005
1780861756599,Accelerometer,0.35805002,9.621,-2.877
1780861756618,Accelerometer,-0.71895003,9.564,-2.9580002
1780861756635,Accelerometer,-2.0040002,9.612,-2.8290002
1780861756654,Accelerometer,-1.7050501,9.35295,-1.84695
1780861756673,Accelerometer,-0.83100003,9.303,-2.3140502
1780861756693,Accelerometer,-0.39495003,9.733951,-3.2400002
1780861756718,Accelerometer,-1.3560001,9.87705,-4.4539504
1780861756738,Accelerometer,-2.73705,9.54195,-3.3049502
1780861756751,Accelerometer,-2.1670501,9.84105,-2.601
1780861756771,Accelerometer,-0.52500004,10.33695,-2.8840501
1780861756790,Accelerometer,0.09705,10.167001,-3.1519501
1780861756810,Accelerometer,1.34895,10.411051,-3.6709502
1780861756832,Accelerometer,1.27995,11.163,-4.6000504
1780861756849,Accelerometer,-1.5829501,11.25405,-4.47795
1780861756868,Accelerometer,-2.5840502,11.46195,-3.55905
1780861756887,Accelerometer,-0.73995006,12.303,-3.3049502
1780861756906,Accelerometer,0.291,13.03995,-3.04395
1780861756926,Accelerometer,-0.28095,13.858951,-2.6899502
1780861756950,Accelerometer,0.492,15.35595,-3.5689502
1780861756970,Accelerometer,2.4480002,16.5,-5.7310505
1780861756984,Accelerometer,2.9670002,16.885052,-7.806
1780861756998,Accelerometer,5.118,16.723051,-7.31295
1780861757023,Accelerometer,5.8170004,18.504002,-4.32
1780861757042,Accelerometer,-2.5770001,17.283,-4.9690504
1780861757065,Accelerometer,-1.4680501,11.314051,-7.6480503
1780861757083,Accelerometer,-1.8220501,7.9810505,-3.8800502
1780861757101,Accelerometer,-9.099,7.5859504,6.0750003
1780861757120,Accelerometer,-4.45095,4.4830503,-2.49795
1780861757140,Accelerometer,4.4500504,-1.0519501,-0.61200005
1780861757164,Accelerometer,5.544,-2.2459502,-0.84900004
1780861757182,Accelerometer,-0.34305,1.2580501,-2.6899502
1780861757202,Accelerometer,-4.0279503,3.7170002,-2.17995
1780861757217,Accelerometer,-5.6200504,3.8770502,1.8750001
1780861757237,Accelerometer,-3.6040502,3.5419502,2.3730001
1780861757256,Accelerometer,-0.372,4.43295,0.79305005
1780861757285,Accelerometer,2.2080002,7.215,-0.11400001
1780861757298,Accelerometer,3.3979502,10.88805,1.64295
1780861757314,Accelerometer,-0.71400005,13.888051,-0.54705
1780861757334,Accelerometer,-2.256,17.84295,-2.043
1780861757353,Accelerometer,-2.775,19.929,0.558
1780861757373,Accelerometer,-0.24900001,20.139002,1.3990501
1780861757397,Accelerometer,-0.75705004,18.487051,-1.09305
1780861757415,Accelerometer,-3.9220502,17.328001,-2.4
1780861757435,Accelerometer,-9.262051,15.322051,-3.1879501
1780861757450,Accelerometer,-16.060951,13.62705,-1.5000001
1780861757470,Accelerometer,-15.184951,12.813001,0.846
1780861757490,Accelerometer,-8.862,11.925,-0.68100005
1780861757520,Accelerometer,-5.031,13.641001,-0.23595001
1780861757528,Accelerometer,-6.57495,13.399051,-5.0410504
1780861757548,Accelerometer,11.2900505,19.87605,-9.70995
1780861757567,Accelerometer,17.319,17.187,2.0640001
1780861757586,Accelerometer,0.79800004,4.69605,-2.0410502
1780861757606,Accelerometer,-10.159051,0.04605,9.1699505
1780861757630,Accelerometer,-10.87005,7.9570503,-11.053051
1780861757648,Accelerometer,-13.69095,16.198051,1.43505
1780861757666,Accelerometer,-6.867,11.659051,-2.0719502
1780861757684,Accelerometer,-1.19295,6.7890005,-7.0069504
1780861757703,Accelerometer,3.32205,10.12905,-5.32095
1780861757721,Accelerometer,1.7730001,10.52595,-1.8520501
1780861757751,Accelerometer,-2.6800501,9.07995,-1.098
1780861757762,Accelerometer,-4.3840504,8.986951,-2.6830502
1780861757781,Accelerometer,-4.1280003,9.637951,-3.0229502
1780861757798,Accelerometer,-1.9849501,9.34605,-2.48895
1780861757820,Accelerometer,0.01305,9.75,-2.46705
1780861757839,Accelerometer,0.3,9.67905,-3.13995
1780861757861,Accelerometer,-0.56100005,10.090051,-3.0300002
1780861757879,Accelerometer,-1.3600501,9.37905,-3.4009502
1780861757899,Accelerometer,-0.86505,9.64995,-3.35295
1780861757917,Accelerometer,-0.17805001,9.54705,-2.8600502
1780861757936,Accelerometer,-0.36705002,9.38895,-2.877
1780861757962,Accelerometer,-0.79800004,9.754951,-2.7829502
1780861757983,Accelerometer,-0.58695,10.3279505,-2.6520002
1780861757994,Accelerometer,-0.59400004,10.749001,-3.0270002
1780861758014,Accelerometer,-0.64905006,10.078951,-3.4030502
1780861758034,Accelerometer,1.54305,10.146001,-3.7480502
1780861758053,Accelerometer,2.6200502,11.23005,-4.97895
1780861758077,Accelerometer,0.52095,11.757001,-3.0589502
1780861758095,Accelerometer,-1.9230001,11.58195,-1.131
1780861758113,Accelerometer,-1.6519501,12.3820505,-3.0970502
1780861758131,Accelerometer,-0.17505,13.845,-4.22505
1780861758150,Accelerometer,-0.22800002,14.2900505,-4.086
1780861758170,Accelerometer,0.39405003,15.505951,-3.4969501
1780861758195,Accelerometer,1.0309501,14.745001,-3.966
1780861758215,Accelerometer,3.04395,17.032051,-8.91495
1780861758227,Accelerometer,5.4889503,16.737001,-11.26095
1780861758247,Accelerometer,8.814,16.88805,-6.36
1780861758267,Accelerometer,2.6440501,16.488,-2.4460502
1780861758278,Accelerometer,-6.23295,12.360001,-5.4700503
1780861758306,Accelerometer,-7.3339505,8.757,-4.11
1780861758328,Accelerometer,-9.970051,9.255,5.1550503
1780861758345,Accelerometer,-3.5100002,6.1759505,-2.52705
1780861758362,Accelerometer,6.4339504,0.61605,-1.9380001
1780861758383,Accelerometer,7.143,-1.7550001,-0.18300001
1780861758403,Accelerometer,0.33405003,0.94905007,-2.4739501
1780861758427,Accelerometer,-3.3690002,3.3000002,-2.09805
1780861758448,Accelerometer,-5.4139504,3.0679502,0.22800002
1780861758461,Accelerometer,-5.0020504,2.9890501,-0.27195
1780861758481,Accelerometer,-2.05005,3.7770002,-1.26495
1780861758500,Accelerometer,0.90405005,6.63105,-2.3119502
1780861758520,Accelerometer,2.1990001,10.00395,-0.62595004
1780861758543,Accelerometer,-1.2379501,12.672001,-3.3340502
1780861758560,Accelerometer,-5.0020504,16.146,-5.0410504
1780861758578,Accelerometer,-6.62295,16.632,-0.21900001
1780861758597,Accelerometer,-2.22195,17.022001,-0.59505004
1780861758616,Accelerometer,-0.64695,17.278051,-3.5689502
1780861758636,Accelerometer,-0.57495004,16.963951,-1.8829501
1780861758661,Accelerometer,-3.0700502,17.26095,-1.1359501
1780861758679,Accelerometer,-11.09805,14.908051,-0.31500003
1780861758694,Accelerometer,-16.428001,12.73095,0.86700004
1780861758714,Accelerometer,-9.21105,13.023001,-0.034950003
1780861758733,Accelerometer,-6.3570004,13.380001,-0.54495
1780861758753,Accelerometer,-8.866051,12.784051,-7.6480503
1780861758775,Accelerometer,-1.4470501,20.319,-6.0010505
1780861758794,Accelerometer,23.125051,23.482052,9.88605
1780861758811,Accelerometer,0.17595,6.3820505,-0.26205
1780861758830,Accelerometer,-9.628051,1.5960001,1.353
1780861758849,Accelerometer,-6.9919505,7.5450006,-11.178
1780861758873,Accelerometer,-12.475051,12.33195,-3.5419502
1780861758891,Accelerometer,-5.5600505,12.271951,0.22305001
1780861758912,Accelerometer,-5.4139504,7.5019503,-5.39505
1780861758922,Accelerometer,-1.6639501,9.34605,-3.7530003
1780861758947,Accelerometer,0.12795001,10.540951,-1.0519501
1780861758966,Accelerometer,-1.0350001,9.757951,-0.18495001
1780861758994,Accelerometer,-2.2800002,8.56095,-3.5350502
1780861759006,Accelerometer,-2.87805,9.45405,-4.5529504
1780861759024,Accelerometer,-2.091,9.4129505,-2.8170002
1780861759045,Accelerometer,-0.92505,9.51795,-3.04395
1780861759063,Accelerometer,0.19995001,9.967951,-3.6499503
1780861759080,Accelerometer,0.42495003,9.660001,-3.35805
1780861759102,Accelerometer,-0.453,9.613951,-3.35805
1780861759124,Accelerometer,-1.0830001,9.348001,-3.1330502
1780861759144,Accelerometer,-1.2430501,9.568951,-2.4379501
1780861759160,Accelerometer,-0.513,9.78195,-2.05095
1780861759179,Accelerometer,-0.53205,10.035001,-4.4880004
1780861759199,Accelerometer,-1.1329501,10.014001,-4.32795
1780861759230,Accelerometer,-0.67305005,9.754951,-2.709
1780861759237,Accelerometer,0.822,10.258051,-5.0479503
1780861759257,Accelerometer,1.3920001,11.08905,-5.96505
1780861759277,Accelerometer,-0.47205,11.10105,-3.58995
1780861759296,Accelerometer,-1.1689501,11.3209505,-1.7700001
1780861759316,Accelerometer,-0.47700003,12.283951,-3.3630002
1780861759338,Accelerometer,-0.48195,12.372001,-4.5690002
1780861759355,Accelerometer,-0.43095002,12.451051,-4.0399504
1780861759377,Accelerometer,0.0,13.681951,-4.2720003
1780861759394,Accelerometer,1.026,16.73505,-5.8219504
1780861759413,Accelerometer,2.7229502,18.138,-7.3399506
1780861759433,Accelerometer,5.5630503,17.61795,-7.1650505
1780861759458,Accelerometer,9.03495,16.80405,-5.26095
1780861759471,Accelerometer,5.6590505,17.53395,-1.0900501
1780861759491,Accelerometer,-6.024,13.66005,-6.6240005
1780861759511,Accelerometer,-5.11695,8.826,-6.8770504
1780861759530,Accelerometer,-8.598001,7.8780003,3.0649502
1780861759549,Accelerometer,-6.85305,6.288,-1.371
1780861759561,Accelerometer,1.87995,1.5000001,-0.171
1780861759589,Accelerometer,5.6970005,-1.7479501,0.84300005
1780861759611,Accelerometer,1.6030501,-0.26895002,-1.11
1780861759627,Accelerometer,-0.42900002,2.6509502,-2.2420502
1780861759641,Accelerometer,-2.433,3.6760502,-1.7370001
1780861759666,Accelerometer,-4.0800004,3.9949503,-0.52305
1780861759692,Accelerometer,-2.66505,4.89195,-0.82500005
1780861759704,Accelerometer,-0.47505003,7.51695,-1.641
1780861759721,Accelerometer,0.13695,10.299001,-0.70500004
1780861759743,Accelerometer,-2.0710502,12.34605,-4.11
1780861759763,Accelerometer,-4.06395,15.537001,-4.66305
1780861759787,Accelerometer,-5.6389503,15.934951,0.82905006
1780861759805,Accelerometer,-0.20400001,17.13195,0.30405003
1780861759821,Accelerometer,2.63205,17.90805,-2.118
1780861759841,Accelerometer,1.4500501,18.253052,-2.53395
1780861759860,Accelerometer,-2.29905,18.934952,-4.29195
1780861759879,Accelerometer,-12.30195,16.216951,-4.43295
1780861759904,Accelerometer,-25.389002,11.94795,1.5660001
1780861759925,Accelerometer,-11.34195,12.74295,-0.25500003
1780861759928,Accelerometer,-4.86105,12.765,-0.95205003
1780861759958,Accelerometer,-4.3050003,12.70005,-0.079950005
1780861759977,Accelerometer,-8.58405,12.906,-5.29995
1780861759996,Accelerometer,18.997051,19.02795,-9.648001
1780861760021,Accelerometer,19.420952,18.585001,11.529
1780861760037,Accelerometer,-3.96795,8.376,-2.3140502
1780861760054,Accelerometer,-11.425951,4.0230002,-3.348
1780861760074,Accelerometer,-13.939951,5.80695,-3.3750002
1780861760093,Accelerometer,-7.7389503,11.08695,-1.69095
1780861760113,Accelerometer,-0.95295006,12.442051,-0.90795004
1780861760137,Accelerometer,-1.1539501,8.529,-5.6970005
1780861760158,Accelerometer,0.99495006,9.019951,-4.75395
1780861760171,Accelerometer,-2.4160502,10.227,-1.33905
1780861760190,Accelerometer,-4.10895,9.53295,-0.48705003
1780861760202,Accelerometer,-3.39105,8.857051,-2.9940002
1780861760229,Accelerometer,-2.08095,9.73095,-3.7789502
1780861760251,Accelerometer,-1.6210501,9.44205,-2.778
1780861760272,Accelerometer,-0.95100003,9.399,-2.6490002
1780861760285,Accelerometer,-1.3630501,9.636001,-2.6520002
1780861760307,Accelerometer,-1.7989501,9.640051,-2.4169502
1780861760326,Accelerometer,-1.61205,9.406051,-3.15
1780861760346,Accelerometer,-0.88905007,9.68805,-3.2430003
1780861760369,Accelerometer,-0.10305001,9.786,-1.50495
1780861760391,Accelerometer,0.03195,9.66195,-2.6830502
1780861760404,Accelerometer,-1.4899501,10.1310005,-4.407
1780861760424,Accelerometer,-3.0649502,9.705001,-3.7030501
1780861760443,Accelerometer,-1.7359501,9.922951,-2.2039502
1780861760472,Accelerometer,1.41795,10.663051,-3.528
1780861760485,Accelerometer,2.6950502,10.926001,-5.07705
1780861760501,Accelerometer,1.9909501,11.62005,-4.61205
1780861760521,Accelerometer,-1.5880501,11.3880005,-2.76195
1780861760540,Accelerometer,-2.7850502,12.118051,-4.14795
1780861760560,Accelerometer,-1.45905,12.837001,-4.7250004
1780861760584,Accelerometer,0.42705002,13.419001,-3.1260002
1780861760602,Accelerometer,0.69495004,14.800051,-3.31995
1780861760621,Accelerometer,1.047,15.906001,-4.8900003
1780861760637,Accelerometer,2.1319501,17.355001,-7.48605
1780861760657,Accelerometer,4.359,16.701,-8.53905
1780861760677,Accelerometer,7.359,17.428951,-6.4129505
1780861760706,Accelerometer,5.61105,19.285051,-3.3430502
1780861760718,Accelerometer,0.846,14.830951,-6.42495
1780861760734,Accelerometer,-1.4970001,8.082001,-4.4760003
1780861760754,Accelerometer,-12.211051,7.1020503,0.63705003
1780861760773,Accelerometer,-10.557,6.67395,-1.0380001
1780861760793,Accelerometer,2.2710001,1.2049501,-0.40095
1780861760817,Accelerometer,6.4440002,-2.6490002,-0.76005006
1780861760835,Accelerometer,2.565,-0.702,-1.2750001
1780861760854,Accelerometer,-1.0009501,3.08205,-2.256
1780861760870,Accelerometer,-3.1200001,4.16895,-0.13995
1780861760890,Accelerometer,-4.3510504,3.6330001,1.19295
1780861760910,Accelerometer,-1.9300501,4.19805,-0.24795002
1780861760924,Accelerometer,0.231,6.5850005,-1.0380001
1780861760948,Accelerometer,1.1410501,9.922951,0.3
1780861760969,Accelerometer,-1.008,12.49905,-1.8349501
1780861760988,Accelerometer,-2.91195,16.000051,-4.5090003
1780861761004,Accelerometer,-4.64505,18.066,-1.299
1780861761026,Accelerometer,-2.3040001,18.729,-0.24495001
1780861761049,Accelerometer,-0.62295,18.10905,-2.6950502
1780861761066,Accelerometer,-0.47895002,17.52495,-2.49795
1780861761084,Accelerometer,-2.8570502,18.231,-3.2620502
1780861761104,Accelerometer,-13.267051,14.70705,-2.21595
1780861761123,Accelerometer,-20.66295,13.17405,1.63995
1780861761143,Accelerometer,-9.156,12.961051,0.37395
1780861761169,Accelerometer,-3.4819503,12.7890005,0.78105
1780861761181,Accelerometer,-6.7450504,11.995951,-6.80595
1780861761200,Accelerometer,2.8260002,18.789001,-13.585951
1780861761221,Accelerometer,24.676052,23.64195,2.742
1780861761240,Accelerometer,-0.69195,9.592051,2.6869502
1780861761263,Accelerometer,-9.628051,0.043950003,-0.57105005
1780861761281,Accelerometer,-9.790951,3.8460002,-4.8690004
1780861761299,Accelerometer,-13.138051,10.927951,-1.04505
1780861761317,Accelerometer,-3.7570503,14.200951,2.89995
1780861761337,Accelerometer,-2.3440502,8.38605,-6.3240004
1780861761356,Accelerometer,-1.4629501,8.271001,-7.38
1780861761379,Accelerometer,0.62100005,11.007001,-1.845
1780861761400,Accelerometer,-2.9550002,9.691051,0.10305001
1780861761415,Accelerometer,-4.0800004,8.247001,-3.2359502
1780861761434,Accelerometer,-3.62505,9.46605,-4.3060503
1780861761453,Accelerometer,-2.56695,9.636001,-3.3390002
1780861761472,Accelerometer,-1.43505,9.63105,-1.7179501
1780861761485,Accelerometer,-0.975,9.63105,-1.5690001
1780861761512,Accelerometer,-1.1740501,9.645,-3.35295
1780861761532,Accelerometer,-1.626,10.00695,-3.0030003
1780861761552,Accelerometer,-2.22705,9.26895,-3.5059502
1780861761565,Accelerometer,-1.437,9.583051,-2.6250002
1780861761589,Accelerometer,-0.20895001,9.99705,-2.66805
1780861761614,Accelerometer,-0.46305,9.870001,-3.8749502
1780861761635,Accelerometer,-1.233,9.979951,-2.87205
1780861761646,Accelerometer,-0.97005004,10.44705,-2.36205
1780861761667,Accelerometer,0.64005005,11.053051,-4.04505
1780861761687,Accelerometer,1.4260501,11.268001,-5.28795
1780861761706,Accelerometer,1.5259501,11.814,-4.05195
1780861761729,Accelerometer,-0.12705001,11.953051,-2.7190502
1780861761746,Accelerometer,-0.37395,12.595051,-3.798
1780861761765,Accelerometer,-0.786,13.01595,-4.48995
1780861761784,Accelerometer,-0.56805,12.814951,-4.45905
1780861761803,Accelerometer,0.39105,14.292001,-3.9490502
1780861761823,Accelerometer,1.31505,16.21305,-6.2959504
1780861761847,Accelerometer,3.492,16.615051,-8.797951
1780861761867,Accelerometer,6.8490005,15.784051,-9.154051
1780861761881,Accelerometer,8.367001,17.050951,-4.46595
1780861761900,Accelerometer,1.0639501,18.339,-3.0990002
1780861761920,Accelerometer,-4.248,13.12905,-8.40705
1780861761939,Accelerometer,-6.6109505,8.52705,-3.5779502
1780861761962,Accelerometer,-9.325951,8.781,8.34
1780861761980,Accelerometer,-1.47105,5.9149504,-2.2350001
1780861761998,Accelerometer,5.5630503,0.025050001,-0.777
1780861762016,Accelerometer,4.12605,-2.196,-1.4260501
1780861762036,Accelerometer,-2.1100502,0.81000006,-2.90295
1780861762056,Accelerometer,-4.59495,3.21195,-1.2390001
1780861762080,Accelerometer,-5.84205,3.2719502,1.8559501
1780861762098,Accelerometer,-3.0910501,2.8260002,1.93305
1780861762114,Accelerometer,-0.93705004,3.8770502,-0.11595
1780861762126,Accelerometer,1.1329501,7.21005,-0.77205
1780861762153,Accelerometer,2.6110501,10.074,0.88395005
1780861762182,Accelerometer,-1.40295,12.825001,-1.8139501
1780861762192,Accelerometer,-2.112,17.500952,-3.25005
1780861762209,Accelerometer,-2.598,19.612951,0.31395
1780861762231,Accelerometer,-1.5520501,19.909052,-1.27995
1780861762250,Accelerometer,-1.6620001,19.749,-3.9180002
1780861762269,Accelerometer,-3.7789502,18.268951,-5.484
1780861762293,Accelerometer,-10.939951,15.432001,-5.22795
1780861762312,Accelerometer,-21.69705,12.741,0.41895002
1780861762329,Accelerometer,-15.573001,13.14105,-2.295
1780861762347,Accelerometer,-6.28305,12.777,-1.47405
1780861762366,Accelerometer,-3.3960001,11.623051,-1.40205
1780861762386,Accelerometer,-4.67595,11.28495,-3.0030003
1780861762414,Accelerometer,-3.69495,13.339951,-3.28605
1780861762427,Accelerometer,14.61795,20.067001,-1.095
1780861762444,Accelerometer,14.424001,16.73895,3.62805
1780861762464,Accelerometer,-5.88105,6.3840003,-2.364
1780861762483,Accelerometer,-10.51395,4.24095,-3.1900501
1780861762503,Accelerometer,-14.749051,8.359051,-3.82905
1780861762526,Accelerometer,-6.6610503,12.097051,-0.78900003
1780861762543,Accelerometer,0.30495003,10.16895,-3.7120502
1780861762563,Accelerometer,0.6,8.613001,-5.328
1780861762581,Accelerometer,0.87195003,10.038,-3.1570501
1780861762600,Accelerometer,-2.69895,10.057051,-1.0330501
1780861762620,Accelerometer,-4.08705,9.04905,-1.99995
1780861762649,Accelerometer,-3.2380502,9.3820505,-2.97
1780861762660,Accelerometer,-1.9810501,9.597,-3.6360002
1780861762677,Accelerometer,-1.131,9.5130005,-2.841
1780861762698,Accelerometer,-0.73995006,9.3820505,-2.59605
1780861762716,Accelerometer,-0.34305,9.601951,-3.4459503
1780861762736,Accelerometer,-0.57495004,9.612,-3.0900002
1780861762760,Accelerometer,-0.60405004,9.26895,-2.47005
1780861762775,Accelerometer,-0.324,9.33405,-3.3720002
1780861762796,Accelerometer,-0.84300005,9.595051,-3.8440502
1780861762813,Accelerometer,-1.9450501,9.540001,-1.99995
1780861762833,Accelerometer,-1.7509501,9.612,-2.4720001
1780861762847,Accelerometer,-0.453,10.378051,-3.8130002
1780861762873,Accelerometer,0.47295,10.014001,-4.0069504
1780861762891,Accelerometer,1.7029501,9.901051,-4.24095
1780861762910,Accelerometer,2.09805,10.962001,-5.4030004
1780861762927,Accelerometer,-0.58695,11.367001,-4.0950003
1780861762949,Accelerometer,-1.7869501,11.920051,-4.083
1780861762973,Accelerometer,-0.83100003,12.624001,-4.5880504
1780861762990,Accelerometer,0.66195005,13.167001,-3.93495
1780861763008,Accelerometer,0.13305001,13.6050005,-3.3340502
1780861763026,Accelerometer,-0.52695,14.857951,-3.4009502
1780861763046,Accelerometer,-0.00795,15.56595,-5.046
1780861763066,Accelerometer,2.5150502,16.507051,-5.96505
1780861763091,Accelerometer,4.84005,17.115002,-7.9480505
1780861763110,Accelerometer,7.998,17.011951,-5.8380003
1780861763124,Accelerometer,7.76595,16.962,-2.5129502
1780861763143,Accelerometer,-3.24195,14.379001,-5.4220505
1780861763163,Accelerometer,-5.76105,8.106,-6.7840505
1780861763182,Accelerometer,-14.026051,6.6859503,-2.76195
1780861763206,Accelerometer,-11.823001,6.8869505,0.47400004
1780861763222,Accelerometer,0.79800004,1.3440001,-1.488
1780861763241,Accelerometer,9.47805,-2.4190502,0.63495004
1780861763260,Accelerometer,4.4040003,-1.353,-0.73605
1780861763280,Accelerometer,-0.80505,2.1390002,-3.1690502
1780861763299,Accelerometer,-4.83405,3.051,-0.98505
1780861763324,Accelerometer,-6.54195,3.3340502,1.07805
1780861763344,Accelerometer,-2.5240502,4.1740503,0.39105
1780861763357,Accelerometer,-0.11805001,5.7900004,-0.16095
1780861763377,Accelerometer,1.41795,8.641951,0.85800004
1780861763397,Accelerometer,-0.003,11.149051,0.003
1780861763408,Accelerometer,-2.5099502,14.529,-3.21705
1780861763436,Accelerometer,-2.39205,17.46705,-0.88695
1780861763456,Accelerometer,-2.46405,18.45405,-0.56100005
1780861763474,Accelerometer,-0.549,18.94905,-1.845
1780861763492,Accelerometer,-1.506,17.44605,-1.18095
1780861763513,Accelerometer,-2.9209502,18.12795,-2.7109501
1780861763532,Accelerometer,-10.30095,16.158,-0.91995007
1780861763555,Accelerometer,-18.685051,12.588,-1.1410501
1780861763573,Accelerometer,-14.878951,11.7640505,-0.98505
1780861763590,Accelerometer,-7.41795,12.384001,-0.61200005
1780861763610,Accelerometer,-6.9529505,12.504001,-1.7340001
1780861763630,Accelerometer,-9.858001,11.24505,-6.73605
1780861763649,Accelerometer,4.4500504,14.58495,-9.05595
1780861763670,Accelerometer,24.28605,20.070002,3.4939501
1780861763689,Accelerometer,5.7300005,8.7619505,0.46500003
1780861763707,Accelerometer,-5.4090004,4.9690504,0.16605
1780861763726,Accelerometer,-10.747951,8.0460005,-5.3880005
1780861763746,Accelerometer,-14.479051,10.857,1.33605
1780861763770,Accelerometer,-4.90395,10.573951,-2.66805
1780861763786,Accelerometer,-1.7869501,8.556001,-5.37405
1780861763806,Accelerometer,1.50195,9.736051,-5.34
1780861763823,Accelerometer,-0.96105003,10.14105,-1.5169501
1780861763843,Accelerometer,-3.59205,9.298051,-1.014
1780861763862,Accelerometer,-3.41895,9.05895,-2.6560502
1780861763889,Accelerometer,-2.55795,9.460951,-2.9560502
1780861763904,Accelerometer,-1.0009501,9.360001,-2.802
1780861763920,Accelerometer,-0.15405001,9.51105,-3.0900002
1780861763940,Accelerometer,-0.135,9.84405,-3.8920503
1780861763959,Accelerometer,-0.762,9.516001,-4.5019503
1780861763979,Accelerometer,-1.2550501,9.35805,-4.0020003
1780861764001,Accelerometer,-1.212,9.22095,-2.8930502
1780861764020,Accelerometer,-0.252,9.219001,-2.55795
1780861764040,Accelerometer,-0.38805002,9.463051,-2.901
1780861764051,Accelerometer,-1.2790501,9.583051,-3.0370502
1780861764076,Accelerometer,-1.3920001,9.760051,-4.29405
1780861764096,Accelerometer,-0.855,9.612,-4.1410503
1780861764123,Accelerometer,-0.55395,9.745951,-2.36205
1780861764134,Accelerometer,1.11195,9.801001,-4.5529504
1780861764154,Accelerometer,2.3089502,10.828051,-5.5849504
1780861764174,Accelerometer,0.597,10.927951,-4.50495
1780861764193,Accelerometer,-1.3990501,10.6390505,-2.83095
1780861764210,Accelerometer,-1.8250501,11.347051,-4.62195
1780861764232,Accelerometer,-1.14495,12.5130005,-5.1460505
1780861764252,Accelerometer,-0.85305005,12.906,-3.9970503
1780861764273,Accelerometer,-1.33905,12.753,-3.1690502
1780861764290,Accelerometer,-0.34005,14.57505,-3.48495
1780861764309,Accelerometer,0.53505003,15.190051,-4.1719503
1780861764329,Accelerometer,2.6800501,16.998001,-5.505
1780861764356,Accelerometer,4.13805,17.565,-7.07595
1780861764367,Accelerometer,7.2960005,17.091002,-5.29995
1780861764387,Accelerometer,7.0279503,17.57295,-1.12395
1780861764407,Accelerometer,0.051000003,15.444001,-3.3100502
1780861764426,Accelerometer,-4.1470504,10.081051,-6.0589504
1780861764452,Accelerometer,-8.050051,6.8269506,-3.9799502
1780861764468,Accelerometer,-12.204,6.0870004,1.9920001
1780861764484,Accelerometer,-4.9729505,2.4379501,-0.753
1780861764504,Accelerometer,4.03095,-0.82905006,-1.5190501
1780861764526,Accelerometer,5.8120503,-0.74700004,-0.43005002
1780861764549,Accelerometer,1.6720501,1.7370001,-1.383
1780861764567,Accelerometer,-2.25105,3.114,-1.7230501
1780861764586,Accelerometer,-4.2979503,3.5370002,-1.3780501
1780861764600,Accelerometer,-4.0609503,4.06395,-1.3080001
1780861764615,Accelerometer,-1.59,6.102,-1.9120501
1780861764640,Accelerometer,0.25695002,8.92905,-2.8650002
1780861764659,Accelerometer,-0.86700004,11.295,-1.9159501
1780861764683,Accelerometer,-4.8850503,12.774,-4.3440003
1780861764689,Accelerometer,-6.8620505,15.769951,-5.00505
1780861764718,Accelerometer,-9.264001,15.39105,2.778
1780861764739,Accelerometer,-3.2260501,16.395,-1.6099501
1780861764756,Accelerometer,-1.7119501,17.64195,-4.36305
1780861764771,Accelerometer,-4.257,16.21005,-2.3790002
1780861764795,Accelerometer,-8.95005,12.846001,-1.03995
1780861764820,Accelerometer,-10.701,12.49695,-2.604
1780861764834,Accelerometer,-9.946051,12.901051,-1.83
1780861764851,Accelerometer,-7.4230504,12.255,-1.9380001
1780861764873,Accelerometer,-6.9919505,11.125051,-1.914
1780861764887,Accelerometer,-6.3,10.098001,-1.39005
1780861764912,Accelerometer,-6.1969504,11.556001,-3.1060503
1780861764932,Accelerometer,-0.10305001,12.09,-0.53295004
1780861764951,Accelerometer,29.038952,19.105051,-0.025050001
1780861764970,Accelerometer,8.568001,14.029051,0.28305
1780861764989,Accelerometer,-7.2840004,7.9240503,-5.9269505
1780861765009,Accelerometer,-14.72805,4.9120502,-1.1839501
1780861765032,Accelerometer,-14.199,7.7110505,-3.7699502
1780861765052,Accelerometer,-5.9670005,11.91705,-3.0540001
1780861765067,Accelerometer,1.2220501,10.420951,-3.588
1780861765086,Accelerometer,2.046,8.611051,-3.2959502
1780861765106,Accelerometer,0.16905001,9.802951,-1.3920001
1780861765126,Accelerometer,-2.88105,10.26795,-1.67505
1780861765148,Accelerometer,-4.3510504,9.45405,-2.62995
1780861765165,Accelerometer,-3.8220003,9.142051,-3.1590002
1780861765184,Accelerometer,-1.87995,9.3820505,-3.2980502
1780861765203,Accelerometer,-0.91005003,9.595051,-3.83205
1780861765223,Accelerometer,-0.036000002,9.70005,-3.3700502
1780861765242,Accelerometer,-0.384,9.628051,-2.9910002
1780861765264,Accelerometer,-1.365,9.58005,-2.7640502
1780861765280,Accelerometer,-1.368,9.339001,-3.348
1780861765300,Accelerometer,-0.90795004,9.549001,-2.6470501
1780861765320,Accelerometer,-0.86700004,9.336,-2.5200002
1780861765331,Accelerometer,-1.36995,9.637951,-3.55395
1780861765362,Accelerometer,-1.6140001,9.80805,-2.4100502
1780861765381,Accelerometer,-1.14705,9.937051,-3.0990002
1780861765397,Accelerometer,-0.27105,10.026,-3.73095
1780861765413,Accelerometer,0.11100001,10.099951,-3.384
1780861765436,Accelerometer,-0.36705002,10.29405,-4.0669503
1780861765456,Accelerometer,-1.0129501,11.031,-4.29195
1780861765478,Accelerometer,-1.3410001,11.43795,-3.5350502
1780861765496,Accelerometer,-0.94905007,11.5990505,-3.5089502
1780861765516,Accelerometer,-0.78300005,11.805,-4.1290503
1780861765534,Accelerometer,-1.5690001,11.901001,-3.8610003
1780861765553,Accelerometer,-1.674,12.26895,-3.2569501
1780861765568,Accelerometer,-0.73995006,13.14795,-3.7860003
1780861765596,Accelerometer,0.573,14.479051,-5.3040004
1780861765613,Accelerometer,1.96395,15.8869505,-7.4020505
1780861765631,Accelerometer,4.9399505,15.885001,-7.69605
1780861765651,Accelerometer,7.143,15.705001,-2.7139502
1780861765670,Accelerometer,4.0140004,16.902,-2.496
1780861765689,Accelerometer,-2.907,14.188951,-2.094
1780861765713,Accelerometer,-5.34705,9.20895,-5.616
1780861765732,Accelerometer,-6.846,6.3790503,-3.0900002
1780861765749,Accelerometer,-11.196,7.5670505,4.3219504
1780861765767,Accelerometer,-1.9249501,3.4680002,-0.76995003
1780861765787,Accelerometer,5.71395,0.027,-0.537
1780861765806,Accelerometer,3.6880503,0.15705001,-0.56805
1780861765835,Accelerometer,-2.0310001,2.36205,-2.4100502
1780861765845,Accelerometer,-4.7650504,3.039,-0.42495003
1780861765864,Accelerometer,-5.3899503,2.7900002,0.78300005
1780861765884,Accelerometer,-3.46005,3.1210501,-0.19005
1780861765903,Accelerometer,-1.3099501,4.7299504,-0.52995
1780861765923,Accelerometer,-0.04605,6.8890505,-0.20505
1780861765946,Accelerometer,-1.19295,9.286051,-2.7139502
1780861765963,Accelerometer,-3.3049502,12.70695,-3.0319502
1780861765983,Accelerometer,-3.0360003,15.849001,-1.24395
1780861766000,Accelerometer,-2.43105,17.57505,-1.04295
1780861766012,Accelerometer,-3.25395,18.406052,-3.2209501
1780861766040,Accelerometer,-6.2710505,17.757,-3.693
1780861766067,Accelerometer,-7.3339505,15.837001,-2.3119502
1780861766078,Accelerometer,-9.99195,13.122001,-1.6650001
1780861766097,Accelerometer,-11.878051,11.950951,-1.58595
1780861766117,Accelerometer,-9.42,11.757001,-2.604
1780861766132,Accelerometer,-6.9700503,11.356951,-2.3380501
1780861766156,Accelerometer,-5.60295,10.45905,-2.022
1780861766179,Accelerometer,-2.9239502,10.31595,-3.3049502
1780861766197,Accelerometer,-9.405001,13.998001,-1.2529501
1780861766215,Accelerometer,2.8980002,15.637951,-0.48195
1780861766233,Accelerometer,14.869051,15.492001,0.15105
1780861766253,Accelerometer,3.89895,8.09595,-2.05305
1780861766278,Accelerometer,-5.445,5.8669505,-1.059
1780861766300,Accelerometer,-13.144951,8.68305,-3.6360002
1780861766311,Accelerometer,-10.440001,11.89095,-0.73395
1780861766331,Accelerometer,-2.8519502,10.114051,-1.7539501
1780861766351,Accelerometer,-0.52695,8.544001,-4.1140504
1780861766370,Accelerometer,1.81305,10.09305,-5.0340004
1780861766393,Accelerometer,1.0860001,10.486051,-1.70595
1780861766412,Accelerometer,-3.1630502,9.130051,-1.1740501
1780861766428,Accelerometer,-4.4110503,8.84805,-2.60595
1780861766447,Accelerometer,-3.38595,9.432,-3.1519501
1780861766466,Accelerometer,-1.3270501,9.621,-2.802
1780861766486,Accelerometer,-0.079050004,9.583051,-2.18505
1780861766511,Accelerometer,-0.70395005,9.52095,-2.6749501
1780861766532,Accelerometer,-1.7320501,9.4800005,-3.1609502
1780861766544,Accelerometer,-2.26305,9.33405,-2.9509501
1780861766564,Accelerometer,-1.2720001,9.86295,-2.4049501
1780861766583,Accelerometer,0.43005002,9.670951,-2.73495
1780861766603,Accelerometer,0.40605003,9.73095,-3.006
1780861766615,Accelerometer,-1.8180001,9.568951,-2.91
1780861766643,Accelerometer,-3.1680002,9.505951,-2.26605
1780861766662,Accelerometer,-1.9230001,9.70005,-2.496
1780861766681,Accelerometer,-0.25905,10.23705,-3.6450002
1780861766695,Accelerometer,0.054,10.387051,-3.7890003
1780861766720,Accelerometer,-0.43905002,10.02795,-3.20895
1780861766742,Accelerometer,-0.23295002,10.201051,-2.33505
1780861766761,Accelerometer,0.573,10.540951,-3.2430003
1780861766775,Accelerometer,-0.22800002,10.89,-4.227
1780861766797,Accelerometer,-1.7670001,10.708051,-2.6850002
1780861766816,Accelerometer,-2.1460502,10.869,-2.97195
1780861766836,Accelerometer,-0.99600005,12.111001,-3.4729502
1780861766857,Accelerometer,0.86805004,13.849951,-3.6910503
1780861766874,Accelerometer,-0.01995,13.930951,-5.0269504
1780861766891,Accelerometer,-0.58905005,14.797951,-4.011
1780861766913,Accelerometer,-0.50805,14.85,-3.8580003
1780861766933,Accelerometer,0.68295,15.3820505,-3.8869503
1780861766956,Accelerometer,3.3670502,15.645,-4.275
1780861766974,Accelerometer,4.0279503,14.818951,-1.8970501
1780861766994,Accelerometer,-0.98205006,12.897,-2.7280502
1780861767011,Accelerometer,-3.92895,9.418051,-4.0690503
1780861767030,Accelerometer,-5.91405,6.5950503,-3.14505
1780861767049,Accelerometer,-7.9110003,6.3169503,2.62905
1780861767071,Accelerometer,-2.6820002,3.9750001,-1.7560501
1780861767088,Accelerometer,3.3340502,1.4929501,-0.78195006
1780861767107,Accelerometer,5.31405,0.98700005,-1.299
1780861767127,Accelerometer,0.24000001,2.565,-3.2260501
1780861767146,Accelerometer,-4.269,3.0270002,-2.91
1780861767166,Accelerometer,-5.8999505,3.3049502,-1.6819501
1780861767176,Accelerometer,-4.8250504,4.0810504,-1.7869501
1780861767205,Accelerometer,-2.5810502,5.17005,-2.8620002
1780861767228,Accelerometer,0.09900001,6.9250503,-2.35905
1780861767244,Accelerometer,-2.0359502,8.23695,-3.183
1780861767256,Accelerometer,-4.6210504,10.384951,-5.92005
1780861767283,Accelerometer,-5.4019504,12.127951,-2.9629502
1780861767311,Accelerometer,-5.1150002,12.468,-2.118
1780861767323,Accelerometer,-4.059,13.540951,-4.01595
1780861767340,Accelerometer,-3.5389502,13.94505,-2.74005
1780861767361,Accelerometer,-4.39605,14.08695,-2.97495
1780861767379,Accelerometer,-4.69995,14.479051,-2.83605
1780861767400,Accelerometer,-4.2460504,14.299951,-1.4779501
1780861767424,Accelerometer,-4.518,13.48995,1.2550501
1780861767442,Accelerometer,-5.0620503,12.208951,0.75195
1780861767460,Accelerometer,-4.6789503,11.92905,0.18705001
1780861767477,Accelerometer,-5.3110504,12.457951,0.42405003
1780861767496,Accelerometer,-6.6010504,11.043,0.112950005
1780861767516,Accelerometer,-7.5420003,9.693001,-0.37500003
1780861767547,Accelerometer,-5.74695,8.766001,-0.31905
1780861767556,Accelerometer,-4.22895,8.014951,0.40005
1780861767572,Accelerometer,-4.00395,7.9020004,-12.463051
1780861767594,Accelerometer,39.487953,26.716051,2.8210502
1780861767613,Accelerometer,6.3190503,17.448,1.33605
1780861767633,Accelerometer,-7.2169504,8.644051,-7.143
1780861767656,Accelerometer,-10.993051,3.255,-4.5019503
1780861767673,Accelerometer,-10.344001,5.6989503,0.35505003
1780861767692,Accelerometer,-7.5210004,9.778951,-5.9599504
1780861767710,Accelerometer,0.04605,12.705001,-4.12605
1780861767729,Accelerometer,2.4379501,9.291,-1.15695
1780861767750,Accelerometer,-0.78105,8.46195,-2.4100502
1780861767775,Accelerometer,-1.317,10.225051,-1.9740001
1780861767789,Accelerometer,-2.6250002,9.918,-1.8180001
1780861767807,Accelerometer,-3.2280002,9.360001,-3.2599502
1780861767820,Accelerometer,-2.4070501,8.901,-4.29195
1780861767846,Accelerometer,-1.4820001,9.30795,-4.19805
1780861767866,Accelerometer,-2.01405,9.34095,-2.4550502
1780861767887,Accelerometer,-2.1390002,9.195001,-2.66595
1780861767905,Accelerometer,-1.9230001,9.339001,-3.21705
1780861767925,Accelerometer,-1.69305,9.448951,-3.5400002
1780861767943,Accelerometer,-1.7890501,9.68805,-2.7589502
1780861767963,Accelerometer,-1.674,9.834001,-3.0180001
1780861767978,Accelerometer,-1.83405,9.628051,-3.28395
1780861768005,Accelerometer,-0.83595,9.753,-3.1710002
1780861768020,Accelerometer,0.39105,9.552,-3.70005
1780861768040,Accelerometer,-0.064950004,10.095,-3.55395
1780861768057,Accelerometer,-0.87000006,9.846001,-3.8200502
1780861768079,Accelerometer,-1.2,10.399051,-3.7840502
1780861768101,Accelerometer,-1.143,10.644,-3.6120002
1780861768121,Accelerometer,-1.3219501,10.840051,-2.3430002
1780861768128,Accelerometer,-1.1400001,11.118001,-3.1930501
1780861768157,Accelerometer,-1.38405,11.2879505,-4.7389503
1780861768176,Accelerometer,-1.557,11.580001,-4.04505
1780861768196,Accelerometer,-1.38705,12.645,-3.82695
1780861768220,Accelerometer,-0.40695003,14.72805,-4.90695
1780861768241,Accelerometer,0.80295,15.468,-6.01095
1780861768252,Accelerometer,2.4460502,16.91205,-6.2910004
1780861768274,Accelerometer,3.55905,17.28795,-6.372
1780861768293,Accelerometer,5.328,17.589,-4.09305
1780861768313,Accelerometer,6.0540004,18.159,-0.71895003
1780861768335,Accelerometer,0.034050003,13.36095,-1.2720001
1780861768352,Accelerometer,-4.2649503,8.788051,-6.4750504
1780861768372,Accelerometer,-7.7959504,5.99595,-3.9949503
1780861768390,Accelerometer,-15.808051,5.589,5.3490005
1780861768409,Accelerometer,-5.589,1.6530001,-1.31505
1780861768429,Accelerometer,7.26,-1.6210501,-0.11100001
1780861768453,Accelerometer,9.786,-1.107,2.5770001
1780861768474,Accelerometer,1.7299501,1.7680501,-1.45395
1780861768488,Accelerometer,-2.1979501,3.58995,-1.15695
1780861768508,Accelerometer,-3.1230001,4.296,-0.78900003
1780861768526,Accelerometer,-3.5850003,4.90005,-1.12395
1780861768538,Accelerometer,-0.92700005,6.94395,0.34500003
1780861768565,Accelerometer,-0.14400001,9.595051,0.702
1780861768586,Accelerometer,-2.3059502,12.633,-4.62405
1780861768604,Accelerometer,-3.8700001,14.641951,-1.21305
1780861768623,Accelerometer,-4.1140504,15.01605,0.9990001
1780861768643,Accelerometer,-0.393,17.119951,-1.9159501
1780861768668,Accelerometer,0.015000001,17.400002,-1.7080501
1780861768686,Accelerometer,-0.90795004,17.16105,-0.94905007
1780861768704,Accelerometer,-2.8860002,17.632051,-2.46
1780861768721,Accelerometer,-5.7829504,16.171951,-2.93595
1780861768740,Accelerometer,-13.087951,12.328951,0.42195
1780861768760,Accelerometer,-9.964951,12.451051,0.92505
1780861768790,Accelerometer,-7.5930004,11.458051,-0.29595003
1780861768801,Accelerometer,-5.4640503,10.885051,-1.1380501
1780861768818,Accelerometer,-5.7970505,11.359051,-1.9189501
1780861768838,Accelerometer,-6.8890505,11.0460005,-2.66805
1780861768857,Accelerometer,18.30105,20.44605,-15.142051
1780861768876,Accelerometer,18.13095,18.16905,10.156951
1780861768901,Accelerometer,-2.43105,7.5450006,-1.7340001
1780861768917,Accelerometer,-10.063951,4.90395,-3.7150502
1780861768936,Accelerometer,-14.373001,7.083,-2.33295
1780861768954,Accelerometer,-10.104,11.167951,-0.41505003
1780861768973,Accelerometer,-0.48195,10.63605,-2.223
1780861768993,Accelerometer,0.50595003,8.974951,-6.36705
1780861769020,Accelerometer,0.55905,9.624001,-3.9919503
1780861769033,Accelerometer,-3.2569501,9.84405,-0.88005006
1780861769051,Accelerometer,-4.722,9.135,-1.8229501
1780861769070,Accelerometer,-3.9559503,9.20505,-2.8330503
1780861769089,Accelerometer,-2.2410002,9.351001,-3.8800502
1780861769099,Accelerometer,-0.67305005,9.601951,-3.4459503
1780861769128,Accelerometer,-0.34800002,9.670951,-2.8500001
1780861769149,Accelerometer,-1.164,9.4459505,-2.83605
1780861769172,Accelerometer,-1.8220501,9.267,-3.2310002
1780861769180,Accelerometer,-0.88395005,9.583051,-3.59505
1780861769206,Accelerometer,-0.10605001,9.7890005,-3.79605
1780861769226,Accelerometer,-0.56805,9.46605,-2.1390002
1780861769251,Accelerometer,-1.317,9.252001,-2.1060002
1780861769266,Accelerometer,-1.64295,10.01595,-3.07095
1780861769284,Accelerometer,-1.49205,10.320001,-3.4800003
1780861769304,Accelerometer,-0.57000005,9.99195,-3.528
1780861769323,Accelerometer,0.813,10.15305,-3.9540002
1780861769346,Accelerometer,1.215,10.569,-4.02105
1780861769365,Accelerometer,0.022950001,10.993051,-3.6690001
1780861769382,Accelerometer,-1.5850501,10.869,-3.45795
1780861769401,Accelerometer,-1.092,12.208951,-4.04505
1780861769420,Accelerometer,-0.47700003,13.081051,-4.7130003
1780861769440,Accelerometer,-0.76395005,13.888051,-3.6499503
1780861769465,Accelerometer,-0.63495004,14.88405,-3.31695
1780861769486,Accelerometer,1.3080001,14.910001,-4.5139503
1780861769498,Accelerometer,2.4100502,16.486052,-6.0060005
1780861769517,Accelerometer,3.7380002,16.09095,-7.1190004
1780861769537,Accelerometer,6.3840003,16.974,-5.4100504
1780861769556,Accelerometer,6.6930003,16.75905,-3.1950002
1780861769576,Accelerometer,-1.04205,13.96695,-0.96405005
1780861769597,Accelerometer,-5.886,9.633,-5.5579505
1780861769614,Accelerometer,-9.59895,7.66695,-5.874
1780861769634,Accelerometer,-9.196951,7.0189505,1.71
1780861769653,Accelerometer,-0.537,2.709,-1.3590001
1780861769672,Accelerometer,5.7259502,-0.26595002,-0.966
1780861769697,Accelerometer,3.9589503,-0.216,0.3
1780861769719,Accelerometer,-1.33605,1.9710001,-1.9429501
1780861769731,Accelerometer,-3.46005,2.53695,-0.98700005
1780861769751,Accelerometer,-4.15695,2.8240502,-0.48705003
1780861769770,Accelerometer,-2.83995,3.28605,-0.65205
1780861769789,Accelerometer,-0.85800004,4.72695,-1.5450001
1780861769812,Accelerometer,0.96300006,7.5139503,-1.299
1780861769821,Accelerometer,-0.55095005,9.693001,-0.22800002
1780861769848,Accelerometer,-2.18895,12.316951,-3.9760501
1780861769870,Accelerometer,-4.1929502,15.643051,-4.87305
1780861769886,Accelerometer,-4.9159503,16.632,-1.9380001
1780861769901,Accelerometer,-2.4739501,17.39295,-2.3070002
1780861769926,Accelerometer,-1.40295,17.424002,-2.673
1780861769953,Accelerometer,-1.7170501,18.07995,-2.2800002
1780861769964,Accelerometer,-4.99695,16.792051,-1.7899501
1780861769981,Accelerometer,-12.70695,12.67905,1.13505
1780861770003,Accelerometer,-13.815001,12.745951,0.112950005
1780861770022,Accelerometer,-8.4210005,13.225051,0.075
1780861770046,Accelerometer,-5.11005,14.259001,-0.25500003
1780861770063,Accelerometer,-5.7780004,13.837951,-3.3630002
1780861770081,Accelerometer,4.1670003,16.44495,-2.7160501
1780861770100,Accelerometer,22.38495,19.64595,6.63
1780861770120,Accelerometer,1.2199501,7.4539504,-3.5160003
1780861770138,Accelerometer,-6.02895,2.469,-3.55395
1780861770161,Accelerometer,-8.677051,5.5030503,-4.6579504
1780861770184,Accelerometer,-14.191051,11.307,-6.4180503
1780861770197,Accelerometer,-8.542951,14.412001,1.7119501
1780861770217,Accelerometer,-3.525,8.23305,-3.4800003
1780861770236,Accelerometer,-0.16305001,8.21805,-4.11
1780861770266,Accelerometer,3.9180002,10.684051,-1.16205
1780861770278,Accelerometer,0.16905001,10.143001,-0.86805004
1780861770294,Accelerometer,-3.82695,8.43105,-3.86805
1780861770314,Accelerometer,-4.8250504,9.23595,-4.248
1780861770333,Accelerometer,-2.42805,9.595051,-2.76195
1780861770353,Accelerometer,-0.13005,9.645,-2.6110501
1780861770378,Accelerometer,0.633,9.825001,-3.0940502
1780861770396,Accelerometer,-0.3,9.729,-3.35295
1780861770414,Accelerometer,-1.3410001,9.53295,-3.4969501
1780861770430,Accelerometer,-1.1710501,9.589951,-2.60805
1780861770450,Accelerometer,0.19695,9.44205,-2.805
1780861770462,Accelerometer,0.78900003,9.576,-2.52705
1780861770494,Accelerometer,-0.35505003,9.757951,-3.2959502
1780861770511,Accelerometer,-2.6170502,9.825001,-3.0199502
1780861770528,Accelerometer,-2.256,9.645,-2.4379501
1780861770544,Accelerometer,0.29505002,9.949051,-3.4969501
1780861770566,Accelerometer,1.416,10.1310005,-5.2369504
1780861770586,Accelerometer,1.71,10.69095,-4.92105
1780861770609,Accelerometer,-0.58695,10.726951,-3.1950002
1780861770627,Accelerometer,-1.5139501,11.38605,-1.96905
1780861770648,Accelerometer,-0.513,12.0390005,-3.2620502
1780861770663,Accelerometer,-0.11100001,12.4150505,-4.4500504
1780861770683,Accelerometer,-1.34595,12.966001,-4.13805
1780861770702,Accelerometer,-1.401,13.876051,-3.4150503
1780861770728,Accelerometer,-0.27795002,14.352,-4.215
1780861770741,Accelerometer,1.2360001,14.890951,-5.223
1780861770761,Accelerometer,2.3689501,15.589951,-7.5409503
1780861770781,Accelerometer,3.9109502,15.38895,-6.3360004
1780861770800,Accelerometer,6.0060005,16.810951,-4.6870503
1780861770819,Accelerometer,3.7429502,15.982951,-2.6830502
1780861770841,Accelerometer,-4.8250504,13.564951,-4.9879503
1780861770859,Accelerometer,-4.56405,8.91195,-5.7979503
1780861770877,Accelerometer,-6.4219503,8.24205,4.971
1780861770897,Accelerometer,-3.7690501,6.5179505,-0.79800004
1780861770916,Accelerometer,3.288,1.62195,-1.8540001
1780861770936,Accelerometer,6.2119503,-1.1740501,-0.21900001
1780861770966,Accelerometer,1.212,0.35505003,-1.8019501
1780861770975,Accelerometer,-2.00895,2.7949502,-3.351
1780861770994,Accelerometer,-3.97305,3.4129503,-1.074
1780861771014,Accelerometer,-4.33395,3.3120003,0.75495005
1780861771033,Accelerometer,-2.5170002,4.16895,-0.588
1780861771056,Accelerometer,-0.76395005,6.1330504,-2.118
1780861771075,Accelerometer,1.00905,8.359051,-1.7230501
1780861771093,Accelerometer,-0.71400005,10.893001,-0.32205
1780861771109,Accelerometer,-2.1670501,13.878,-2.9220002
1780861771130,Accelerometer,-3.89595,17.479052,-3.4699502
1780861771150,Accelerometer,-3.3450003,18.243,-0.59505004
1780861771175,Accelerometer,-0.63705003,18.46305,-0.62100005
1780861771194,Accelerometer,0.063,17.862001,-1.09305
1780861771207,Accelerometer,-1.19805,17.802,-1.9039501
1780861771227,Accelerometer,-7.4080505,15.71895,-1.53795
1780861771247,Accelerometer,-14.425951,13.081051,-0.624
1780861771263,Accelerometer,-11.48595,13.110001,0.58005005
1780861771286,Accelerometer,-4.36005,12.21405,-0.16395001
1780861771306,Accelerometer,-3.00495,12.1060505,0.027
1780861771325,Accelerometer,-10.212001,8.48595,-9.897
1780861771344,Accelerometer,-0.75000006,18.6,-7.2030005
1780861771363,Accelerometer,18.01095,20.980051,2.67
1780861771383,Accelerometer,4.11705,8.773951,1.7869501
1780861771408,Accelerometer,-6.1590004,4.91895,0.46500003
1780861771428,Accelerometer,-8.27295,5.8450503,0.87195003
1780861771440,Accelerometer,-9.77595,11.248951,-4.821
1780861771460,Accelerometer,-2.96895,13.423051,-0.47700003
1780861771480,Accelerometer,-0.95295006,7.7749505,-5.86005
1780861771499,Accelerometer,-1.2360001,8.031,-5.09595
1780861771523,Accelerometer,-3.3690002,10.01595,-2.0410502
1780861771542,Accelerometer,-5.4570003,9.7890005,-1.2079501
1780861771558,Accelerometer,-4.36305,8.788051,-2.56095
1780861771577,Accelerometer,-2.40405,9.36705,-3.07995
1780861771596,Accelerometer,-1.2100501,9.67605,-3.0010502
1780861771616,Accelerometer,-1.131,9.50895,-2.769
1780861771639,Accelerometer,-1.14705,9.628051,-3.00795
1780861771660,Accelerometer,-1.6690501,9.70995,-3.4459503
1780861771674,Accelerometer,-2.052,9.568951,-3.657
1780861771693,Accelerometer,-2.079,9.316951,-3.5800502
1780861771713,Accelerometer,-1.09905,8.977051,-3.3270001
1780861771733,Accelerometer,-0.10605001,9.34305,-3.3409503
1780861771744,Accelerometer,-0.86505,9.640051,-2.6950502
1780861771772,Accelerometer,-1.33395,9.47805,-3.3049502
1780861771791,Accelerometer,-2.265,9.37005,-2.8189502
1780861771810,Accelerometer,-2.2729502,9.418051,-2.73795
1780861771824,Accelerometer,-1.38195,9.70995,-3.35505
1780861771849,Accelerometer,-0.079050004,10.045051,-4.407
1780861771871,Accelerometer,0.80100006,10.98795,-5.0170503
1780861771893,Accelerometer,0.693,11.26395,-4.15005
1780861771905,Accelerometer,-0.28095,11.766001,-3.8220003
1780861771927,Accelerometer,-1.2019501,12.559051,-4.4230504
1780861771946,Accelerometer,-1.21395,12.86505,-3.6910503
1780861771976,Accelerometer,-0.50805,13.099951,-3.2760003
1780861771989,Accelerometer,-0.07005,15.115951,-3.966
1780861772005,Accelerometer,1.4110501,15.86295,-5.1769505
1780861772024,Accelerometer,3.3940501,17.500952,-6.98505
1780861772043,Accelerometer,6.8700004,17.697,-7.701
1780861772063,Accelerometer,10.15005,16.64595,-3.35295
1780861772086,Accelerometer,7.038,17.946001,-1.4809501
1780861772105,Accelerometer,-3.73305,14.331,-3.9880502
1780861772124,Accelerometer,-5.7709503,9.030001,-8.26605
1780861772140,Accelerometer,-11.826,7.9879503,-4.81605
1780861772160,Accelerometer,-16.660051,7.9789505,0.393
1780861772180,Accelerometer,-1.4059501,2.0670002,-2.77395
1780861772210,Accelerometer,8.154,-0.34500003,-1.07805
1780861772221,Accelerometer,5.4480004,0.51795,1.6570501
1780861772237,Accelerometer,-0.076950006,4.0020003,-2.70195
1780861772257,Accelerometer,-2.565,4.66995,-1.4620501
1780861772276,Accelerometer,-4.557,4.7920504,-1.9210501
1780861772296,Accelerometer,-4.5930004,6.8149505,-2.70705
1780861772306,Accelerometer,-2.01195,8.60805,-0.47295
1780861772336,Accelerometer,-2.6800501,10.77795,-2.60805
1780861772360,Accelerometer,-3.8119502,13.416,-6.3289504
1780861772374,Accelerometer,-5.01195,14.64,-1.8420001
1780861772386,Accelerometer,-4.55205,14.818951,-0.19995001
1780861772413,Accelerometer,-2.8639503,15.621,-2.30205
1780861772441,Accelerometer,-3.93195,14.57295,-1.605
1780861772453,Accelerometer,-4.32,15.460951,-3.5689502
1780861772469,Accelerometer,-7.45905,14.637001,-4.61205
1780861772491,Accelerometer,-13.344001,12.648001,-1.7700001
1780861772510,Accelerometer,-14.81595,11.038951,-1.0690501
1780861772529,Accelerometer,-10.284,10.387051,-1.71105
1780861772553,Accelerometer,-7.4230504,10.111951,-0.16395001
1780861772570,Accelerometer,-8.656051,9.894,-0.76005006
1780861772588,Accelerometer,-9.048,11.06505,-1.914
1780861772607,Accelerometer,-7.071,17.88405,-1.524
1780861772626,Accelerometer,12.67395,20.022001,-3.1519501
1780861772646,Accelerometer,20.560951,9.727051,1.5450001
1780861772674,Accelerometer,3.55605,2.87895,-5.721
1780861772685,Accelerometer,-2.5069501,7.0639505,-1.4260501
1780861772704,Accelerometer,-7.392,10.57905,-2.9220002
1780861772724,Accelerometer,-11.910001,13.97595,-4.572
1780861772742,Accelerometer,-8.30595,9.111,-1.0710001
1780861772766,Accelerometer,-2.7229502,7.38705,-2.9290502
1780861772784,Accelerometer,3.5800502,10.002001,-1.24395
1780861772801,Accelerometer,5.13,10.528951,-0.73395
1780861772821,Accelerometer,-1.06305,9.259951,-2.22795
1780861772840,Accelerometer,-4.8559504,8.85,-2.9890501
1780861772859,Accelerometer,-3.4030502,9.81,-2.46705
1780861772883,Accelerometer,0.492,9.897,-3.01305
1780861772906,Accelerometer,0.73395,9.7240505,-3.9850502
1780861772918,Accelerometer,-1.1880001,9.628051,-3.5760002
1780861772937,Accelerometer,-1.9210501,9.70005,-2.6520002
1780861772957,Accelerometer,-0.94395006,9.71895,-2.6470501
1780861772977,Accelerometer,0.62100005,9.777,-2.4480002
1780861773000,Accelerometer,1.299,9.70005,-2.3380501
1780861773018,Accelerometer,-0.28095,9.70995,-2.7139502
1780861773033,Accelerometer,-1.7580001,9.777,-3.1060503
1780861773054,Accelerometer,-2.21805,10.19295,-2.29005
1780861773073,Accelerometer,-1.2600001,10.465951,-3.1350002
1780861773093,Accelerometer,1.095,10.071,-1.9020001
1780861773107,Accelerometer,1.19805,9.30795,-1.5190501
1780861773136,Accelerometer,1.84695,10.03995,-5.26095
1780861773150,Accelerometer,1.11195,10.5720005,-6.70305
1780861773170,Accelerometer,-1.8390001,10.75395,-3.4510503
1780861773187,Accelerometer,-3.20895,10.870951,-1.7560501
1780861773209,Accelerometer,-1.5280501,12.22605,-5.02395
1780861773231,Accelerometer,-0.15105,13.170001,-5.853
1780861773248,Accelerometer,-0.81900007,12.85095,-3.3409503
1780861773268,Accelerometer,-1.83405,12.925051,-1.8180001
1780861773287,Accelerometer,-0.69705003,14.035951,-2.56095
1780861773306,Accelerometer,0.882,15.316951,-3.90105
1780861773326,Accelerometer,2.7810001,16.765951,-6.4680004
1780861773350,Accelerometer,6.1090503,17.02005,-7.45905
1780861773371,Accelerometer,10.46895,15.973051,-4.04505
1780861773384,Accelerometer,4.8640504,17.740051,-1.8829501
1780861773404,Accelerometer,-1.9300501,14.722951,-6.4180503
1780861773423,Accelerometer,-2.8500001,9.316951,-7.143
1780861773443,Accelerometer,-8.031,7.155,-5.1870003
1780861773464,Accelerometer,-11.698951,6.58995,0.75000006
1780861773481,Accelerometer,-3.834,2.6440501,-1.7899501
1780861773501,Accelerometer,4.4760003,-0.642,-1.14795
1780861773520,Accelerometer,5.03595,-0.57495004,0.38295
1780861773539,Accelerometer,0.29505002,1.99995,-1.04505
1780861773564,Accelerometer,-2.09505,3.1279502,-0.92505
1780861773582,Accelerometer,-3.5389502,3.6739502,-0.80100006
1780861773588,Accelerometer,-3.5059502,4.2439504,-0.48195
1780861773618,Accelerometer,-0.39795002,5.72805,-1.2750001
1780861773637,Accelerometer,1.66305,9.0390005,-1.43805
1780861773656,Accelerometer,0.82005006,11.91495,1.17795
1780861773668,Accelerometer,-1.0849501,14.652,-2.70405
1780861773691,Accelerometer,-3.6420002,19.36605,-4.7299504
1780861773715,Accelerometer,-4.2379503,19.51695,-0.48495004
1780861773735,Accelerometer,-2.742,19.663052,-1.383
1780861773752,Accelerometer,-3.216,18.396002,-3.4440002
1780861773772,Accelerometer,-5.208,18.181051,-4.5739503
1780861773798,Accelerometer,-15.89595,13.95705,-1.2720001
1780861773816,Accelerometer,-23.625002,12.649951,-1.8420001
1780861773833,Accelerometer,-10.47105,12.39105,-2.2350001
1780861773846,Accelerometer,-4.6090503,14.38605,-0.03705
1780861773870,Accelerometer,-7.38,11.53695,-6.0040503
1780861773890,Accelerometer,-5.05695,16.33695,-4.629
1780861773917,Accelerometer,22.14105,23.545952,-3.9780002
1780861773930,Accelerometer,10.557,8.70195,6.8149505
1780861773947,Accelerometer,-3.8100002,2.7109501,-1.50705
1780861773968,Accelerometer,-6.4870505,4.1929502,1.52295
1780861773986,Accelerometer,-11.359051,11.497951,-7.3510504
1780861774006,Accelerometer,-12.076951,15.83205,3.2370002
1780861774029,Accelerometer,-6.1870503,7.452,-3.4320002
1780861774045,Accelerometer,-0.50595003,7.8640504,-6.7650003
1780861774064,Accelerometer,3.999,10.569,-3.0250502
1780861774084,Accelerometer,-0.12495001,10.384951,-0.24300002
1780861774103,Accelerometer,-4.08495,8.94795,-1.8040501
1780861774123,Accelerometer,-3.9529502,9.247951,-3.0199502
1780861774148,Accelerometer,-1.7200501,9.901051,-2.62995
1780861774161,Accelerometer,0.109050006,9.568951,-2.02395
1780861774181,Accelerometer,-0.052950002,9.7240505,-2.7570002
1780861774200,Accelerometer,-1.4749501,9.70005,-3.6760502
1780861774219,Accelerometer,-2.35605,9.75,-3.5640001
1780861774243,Accelerometer,-1.6170001,9.559051,-2.9599502
1780861774261,Accelerometer,0.29505002,9.56595,-3.5800502
1780861774280,Accelerometer,1.6650001,9.648001,-2.6520002
1780861774297,Accelerometer,-0.01695,9.262051,-1.62405
1780861774310,Accelerometer,-2.0070002,9.360001,-3.5059502
1780861774336,Accelerometer,-2.91405,10.231951,-3.3079503
1780861774362,Accelerometer,-1.45095,9.897,-3.4420502
1780861774381,Accelerometer,1.3800001,10.681951,-4.69605
1780861774392,Accelerometer,2.14395,10.92105,-5.1919503
1780861774414,Accelerometer,1.485,11.335951,-3.7669501
1780861774433,Accelerometer,-0.73095006,12.054001,-2.9509501
1780861774453,Accelerometer,-1.2070501,12.448951,-3.492
1780861774476,Accelerometer,-0.642,13.16205,-3.6400502
1780861774494,Accelerometer,-0.975,13.075951,-3.0610502
1780861774511,Accelerometer,-1.07505,14.127001,-2.8960502
1780861774530,Accelerometer,0.64695,14.910001,-4.05
1780861774550,Accelerometer,2.6509502,15.942,-5.7709503
1780861774569,Accelerometer,4.617,16.900051,-9.265051
1780861774595,Accelerometer,8.48595,16.308,-7.7749505
1780861774616,Accelerometer,7.38,18.38895,-2.5770001
1780861774627,Accelerometer,0.34605002,15.487051,-2.9200501
1780861774647,Accelerometer,-4.08705,9.98295,-8.40705
1780861774667,Accelerometer,-8.718,6.7549505,-5.01195
1780861774686,Accelerometer,-12.799951,7.4470506,2.6580002
1780861774711,Accelerometer,-3.1920002,3.051,-0.86805004
1780861774728,Accelerometer,5.11005,-1.17795,-2.043
1780861774744,Accelerometer,5.46495,-1.116,-0.51105005
1780861774763,Accelerometer,-0.192,1.7539501,-2.0740502
1780861774783,Accelerometer,-3.285,3.52305,-1.0380001
1780861774802,Accelerometer,-4.28595,3.9919503,0.25695002
1780861774826,Accelerometer,-2.4109502,4.0020003,-0.29805002
1780861774847,Accelerometer,0.27195,5.7330003,-1.4620501
1780861774861,Accelerometer,1.81305,8.932051,-0.64500004
1780861774880,Accelerometer,0.11100001,11.371051,-1.593
1780861774900,Accelerometer,-3.1579502,14.175001,-5.67495
1780861774919,Accelerometer,-6.1750503,16.25295,-3.9850502
1780861774942,Accelerometer,-6.1320004,16.177052,-1.1890501
1780861774960,Accelerometer,-2.70795,17.54895,-2.53905
1780861774975,Accelerometer,-2.50005,17.914951,-4.122
1780861774997,Accelerometer,-3.4770002,17.838001,-2.259
1780861775016,Accelerometer,-8.233951,16.462051,-1.4470501
1780861775031,Accelerometer,-15.838951,13.34895,-0.61605
1780861775056,Accelerometer,-12.846001,12.280951,0.41505003
1780861775080,Accelerometer,-7.4659505,12.85305,-0.09900001
1780861775094,Accelerometer,-5.1550503,14.503051,-1.6669501
1780861775111,Accelerometer,-6.9870005,15.39105,-4.9159503
1780861775133,Accelerometer,7.2700505,18.54195,-5.4289503
1780861775163,Accelerometer,18.198,17.355001,4.67205
1780861775175,Accelerometer,-1.0320001,5.8840504,0.36705002
1780861775191,Accelerometer,-6.7710004,2.4019501,-2.4430501
1780861775211,Accelerometer,-8.707951,7.66695,-6.1729503
1780861775230,Accelerometer,-12.70005,13.095,-1.6000501
1780861775249,Accelerometer,-4.5019503,12.394051,0.21105
1780861775273,Accelerometer,-2.76795,6.9490504,-5.13705
1780861775291,Accelerometer,0.40305,9.05595,-5.12505
1780861775313,Accelerometer,3.9490502,10.998,-1.1190001
1780861775327,Accelerometer,-0.54195005,9.624001,-0.92505
1780861775346,Accelerometer,-4.05195,8.27295,-4.464
1780861775366,Accelerometer,-4.30305,9.625951,-4.038
1780861775397,Accelerometer,-1.8700501,9.597,-2.35905
1780861775408,Accelerometer,-0.028950002,9.37695,-2.43105
1780861775425,Accelerometer,0.35805002,9.7890005,-3.5850003
1780861775444,Accelerometer,-0.55095005,9.721951,-3.0540001
1780861775463,Accelerometer,-1.863,9.457951,-2.93595
1780861775483,Accelerometer,-1.16205,9.54705,-2.9560502
1780861775508,Accelerometer,0.049050003,9.573001,-2.838
1780861775526,Accelerometer,0.18495001,9.636001,-3.1230001
1780861775544,Accelerometer,-1.18605,9.79605,-3.9400501
1780861775560,Accelerometer,-1.8700501,9.6,-3.2670002
1780861775580,Accelerometer,-0.33600003,9.64305,-3.561
1780861775592,Accelerometer,0.64005005,10.498051,-4.0470004
1780861775622,Accelerometer,0.20400001,10.35105,-3.69495
1780861775639,Accelerometer,0.022950001,10.5070505,-3.5329502
1780861775657,Accelerometer,-0.31395,11.13405,-3.8370001
1780861775672,Accelerometer,-1.056,11.383051,-4.1719503
1780861775696,Accelerometer,-1.9230001,12.20205,-5.0790005
1780861775716,Accelerometer,-1.9249501,12.693001,-3.49005
1780861775739,Accelerometer,-1.2070501,13.023001,-1.55505
1780861775757,Accelerometer,-0.08895,14.194051,-2.709
1780861775777,Accelerometer,0.54705,14.166,-4.54995
1780861775793,Accelerometer,1.50195,15.336,-6.86805
1780861775813,Accelerometer,2.9220002,15.703051,-8.698951
1780861775833,Accelerometer,6.26205,16.24905,-7.4740505
1780861775861,Accelerometer,9.15705,17.070002,-3.5970001
1780861775872,Accelerometer,2.2800002,15.4150505,-0.3
1780861775891,Accelerometer,-6.0649505,12.019951,-5.1460505
1780861775911,Accelerometer,-7.2889504,7.9789505,-2.8620002
1780861775929,Accelerometer,-11.361001,7.5210004,1.35105
1780861775953,Accelerometer,-7.18305,5.616,-1.32
1780861775972,Accelerometer,3.3030002,0.79800004,-0.84405005
1780861775988,Accelerometer,7.8160505,-1.37205,0.62505
1780861776007,Accelerometer,3.2719502,0.85800004,-0.29595003
1780861776026,Accelerometer,-1.023,3.3030002,-1.677
1780861776046,Accelerometer,-3.6060002,3.59205,0.55305004
1780861776071,Accelerometer,-4.24095,3.3720002,0.34995002
1780861776092,Accelerometer,-2.1030002,4.086,-0.98505
1780861776104,Accelerometer,0.89895004,6.3960004,-1.5190501
1780861776124,Accelerometer,2.187,10.011001,1.03695
1780861776143,Accelerometer,-0.40005,12.694951,-0.26895002
1780861776157,Accelerometer,-2.5890002,16.459051,-5.019
1780861776182,Accelerometer,-4.36005,18.67605,-2.5819502
1780861776205,Accelerometer,-1.91295,19.456951,-0.99495006
1780861776221,Accelerometer,-2.59605,19.039951,-5.0070004
1780861776242,Accelerometer,-3.8460002,17.223001,-3.21705
1780861776260,Accelerometer,-8.27505,15.351001,-0.26895002
1780861776280,Accelerometer,-14.62695,12.607051,-2.5080001
1780861776306,Accelerometer,-14.15295,12.801001,0.22995001
1780861776326,Accelerometer,-5.2770004,12.241051,-0.74295
1780861776337,Accelerometer,-2.50005,11.686951,-0.93705004
1780861776357,Accelerometer,-4.9300504,9.897,-5.92395
1780861776377,Accelerometer,-7.36005,14.604001,-4.71495
1780861776394,Accelerometer,14.971951,23.214,-3.9199502
1780861776416,Accelerometer,10.83495,12.991951,5.53095
1780861776436,Accelerometer,-4.09695,3.9850502,-2.6560502
1780861776455,Accelerometer,-6.9870005,4.54995,0.35205
1780861776474,Accelerometer,-13.17405,9.336,-5.0290504
1780861776493,Accelerometer,-6.7189503,12.430051,0.87900007
1780861776513,Accelerometer,-1.8270001,9.868051,-3.93495
1780861776537,Accelerometer,0.09900001,8.67105,-6.4800005
1780861776557,Accelerometer,0.79095006,10.48995,-2.73795
1780861776570,Accelerometer,-2.9929502,9.978001,0.10305001
1780861776590,Accelerometer,-5.33505,8.94795,-1.5810001
1780861776610,Accelerometer,-4.3770003,9.280951,-2.9200501
1780861776629,Accelerometer,-2.24895,9.63105,-3.2640002
1780861776651,Accelerometer,-0.58005005,9.624001,-2.802
1780861776668,Accelerometer,-0.08205,9.613951,-3.252
1780861776688,Accelerometer,-0.54405004,9.80805,-3.8100002
1780861776707,Accelerometer,-1.00605,9.69495,-3.8410501
1780861776726,Accelerometer,-1.8270001,9.292951,-3.0250502
1780861776746,Accelerometer,-1.69605,9.19995,-1.983
1780861776770,Accelerometer,-0.94605005,9.348001,-2.2780502
1780861776790,Accelerometer,-0.9580501,9.501,-3.4320002
1780861776804,Accelerometer,-1.94895,9.475051,-2.9530501
1780861776823,Accelerometer,-2.388,9.078,-1.77795
1780861776843,Accelerometer,-0.18495001,10.404,-3.3600001
1780861776875,Accelerometer,0.68100005,10.411051,-4.2840004
1780861776875,Accelerometer,0.65205,10.774951,-4.87305
1780861776901,Accelerometer,-0.44595003,11.38605,-4.452
1780861776921,Accelerometer,-0.55605,12.05895,-3.0540001
1780861776940,Accelerometer,0.252,12.71895,-2.901
1780861776954,Accelerometer,-0.16800001,12.943951,-4.2439504
1780861776979,Accelerometer,-1.41495,13.201051,-3.8149502
1780861777000,Accelerometer,-0.41505003,14.392951,-3.24795
1780861777021,Accelerometer,0.62805,15.637951,-4.7920504
1780861777034,Accelerometer,2.12505,16.36605,-6.6190505
1780861777056,Accelerometer,4.6000504,16.438051,-8.14605
1780861777077,Accelerometer,8.043,16.002,-5.9220004
1780861777107,Accelerometer,7.05,17.33595,-3.015
1780861777117,Accelerometer,-0.90495,14.781001,-4.29405
1780861777134,Accelerometer,-4.18095,9.394051,-7.4089503
1780861777154,Accelerometer,-7.557,6.3630004,-3.078
1780861777173,Accelerometer,-14.586,6.7549505,5.73705
1780861777192,Accelerometer,-4.49895,3.73095,-1.93305
1780861777216,Accelerometer,4.84905,-0.75195,-1.2559501
1780861777233,Accelerometer,7.7080503,-0.95595,-0.28605002
1780861777252,Accelerometer,1.81305,1.87995,-3.279
1780861777270,Accelerometer,-2.9239502,3.6430502,-4.3710003
1780861777289,Accelerometer,-6.3310504,3.8440502,-2.0740502
1780861777309,Accelerometer,-6.7549505,4.06395,-1.383
1780861777335,Accelerometer,-2.2800002,5.604,-2.9680502
1780861777348,Accelerometer,2.6200502,8.191951,-2.115
1780861777367,Accelerometer,0.231,10.6050005,-2.9959502
1780861777387,Accelerometer,-3.4120502,13.512001,-7.4929504
1780861777406,Accelerometer,-6.4339504,16.00695,-5.9290504
1780861777426,Accelerometer,-7.5589504,16.000051,-3.8059502
1780861777447,Accelerometer,-8.58405,15.991951,-2.7450001
1780861777466,Accelerometer,-8.625,17.740051,-4.05705
1780861777486,Accelerometer,-10.450951,15.613951,-0.432
1780861777504,Accelerometer,-8.93595,11.079,-0.83400005
1780861777515,Accelerometer,-4.071,13.191001,-1.05495
1780861777543,Accelerometer,-4.9729505,13.67205,-0.123
1780861777572,Accelerometer,-5.5410004,15.331951,0.18705001
1780861777581,Accelerometer,-5.9290504,15.583051,-0.13305001
1780861777596,Accelerometer,-8.026051,19.435051,0.53205
1780861777624,Accelerometer,7.48605,19.123951,6.7930503
1780861777654,Accelerometer,12.247951,10.102051,3.6730502
1780861777664,Accelerometer,-4.083,2.2039502,-3.25005
1780861777680,Accelerometer,-4.06395,4.06395,-4.57905
1780861777698,Accelerometer,-10.734,10.569,-10.905001
1780861777719,Accelerometer,-10.99995,13.990951,-6.49905
1780861777737,Accelerometer,-6.25395,9.64305,2.8590002
1780861777756,Accelerometer,-4.1070004,7.52895,-3.08505
1780861777782,Accelerometer,-0.28095,9.64995,-1.27995
1780861777802,Accelerometer,4.60305,10.893001,0.90795004
1780861777814,Accelerometer,1.7580001,9.556951,-2.36205
1780861777834,Accelerometer,-4.224,8.21805,-4.37295
1780861777853,Accelerometer,-6.465,9.40305,-3.8869503
1780861777873,Accelerometer,-4.06605,9.84105,-3.7339501
1780861777896,Accelerometer,-0.21105,9.904051,-4.09005
1780861777914,Accelerometer,1.3920001,9.715051,-2.7499502
1780861777931,Accelerometer,0.58305,9.729,-2.46705
1780861777950,Accelerometer,-1.5180001,9.58005,-2.21805
1780861777970,Accelerometer,-1.45905,9.846001,-1.5289501
1780861777989,Accelerometer,-0.192,9.396001,-3.08205
1780861778015,Accelerometer,-0.81000006,9.934951,-4.524
1780861778035,Accelerometer,-2.7229502,9.729,-3.4680002
1780861778047,Accelerometer,-3.4750502,9.68295,-2.3449502
1780861778067,Accelerometer,-2.36805,10.11705,-3.8179502
1780861778086,Accelerometer,-0.25395,10.713,-3.5970001
1780861778106,Accelerometer,0.93705004,10.72305,-3.7360501
1780861778128,Accelerometer,1.5880501,11.44095,-4.0690503
1780861778146,Accelerometer,0.49395,11.7619505,-3.9709501
1780861778164,Accelerometer,-1.1209501,12.06795,-4.4689503
1780861778184,Accelerometer,-1.07505,12.8560505,-4.098
1780861778203,Accelerometer,0.049050003,13.16205,-3.0900002
1780861778223,Accelerometer,1.2220501,14.611051,-3.0610502
1780861778246,Accelerometer,2.2470002,16.18395,-5.41695
1780861778267,Accelerometer,3.3310502,16.974,-7.9170003
1780861778281,Accelerometer,5.1319504,16.71495,-8.85495
1780861778300,Accelerometer,6.3960004,16.914001,-4.7509503
1780861778317,Accelerometer,3.6349502,17.568,-4.93095
1780861778339,Accelerometer,-4.55205,14.103001,-6.5209503
1780861778360,Accelerometer,-8.706,8.75895,-2.8860002
1780861778378,Accelerometer,-8.58405,7.4089503,7.0950003
1780861778398,Accelerometer,-1.60905,3.55395,-1.9860001
1780861778417,Accelerometer,5.0070004,-1.9710001,-0.56100005
1780861778436,Accelerometer,6.85305,-2.9310002,0.094050005
1780861778461,Accelerometer,0.0,0.37005,-3.21405
1780861778480,Accelerometer,-3.0030003,3.24495,-2.637
1780861778499,Accelerometer,-5.91405,3.59505,2.1100502
1780861778514,Accelerometer,-4.602,3.4339502,2.08095
1780861778533,Accelerometer,-3.0559502,4.9399505,-0.68595004
1780861778553,Accelerometer,0.027,7.2840004,-0.58995
1780861778584,Accelerometer,3.14895,10.042951,2.3710501
1780861778594,Accelerometer,0.54195005,13.42605,-0.312
1780861778611,Accelerometer,-0.67800003,17.427,0.01695
1780861778631,Accelerometer,0.04605,19.306051,1.71
1780861778649,Accelerometer,1.77495,20.545952,0.45495003
1780861778669,Accelerometer,1.5480001,20.994001,-1.04505
1780861778693,Accelerometer,-4.99695,17.629951,2.2030501
1780861778710,Accelerometer,-12.24495,14.209051,-3.7860003
1780861778730,Accelerometer,-15.937051,13.45905,-2.0959501
1780861778747,Accelerometer,-12.27795,14.11005,-2.30205
1780861778767,Accelerometer,-7.6530004,13.597951,-3.4939501
1780861778786,Accelerometer,-9.92205,14.814001,-4.086
1780861778798,Accelerometer,-10.782001,17.877,-5.39295
1780861778825,Accelerometer,11.09595,17.848051,-3.5830503
1780861778844,Accelerometer,14.44305,8.61795,5.802
1780861778864,Accelerometer,0.85095006,3.2209501,1.5160501
1780861778881,Accelerometer,-4.9609504,6.9250503,-4.66305
1780861778903,Accelerometer,-8.94795,12.280951,-7.96395
1780861778927,Accelerometer,-10.375051,11.613001,1.2739501
1780861778945,Accelerometer,-5.55,7.2289505,-1.8210001
1780861778964,Accelerometer,-2.62695,8.962951,-4.3110003
1780861778980,Accelerometer,2.9220002,10.761001,-4.32
1780861779000,Accelerometer,0.73395,9.99195,-2.21295
1780861779020,Accelerometer,-3.9889503,8.24205,-2.47005
1780861779049,Accelerometer,-4.37505,9.255,-3.5160003
1780861779058,Accelerometer,-2.7160501,9.69495,-2.84295
1780861779077,Accelerometer,-0.73995006,9.25695,-3.08205
1780861779097,Accelerometer,-0.65400004,9.52305,-3.348
1780861779116,Accelerometer,-1.3960501,9.934951,-3.3670502
1780861779136,Accelerometer,-1.9540501,9.625951,-3.62595
1780861779159,Accelerometer,-1.88205,9.39105,-3.45795
1780861779176,Accelerometer,-0.90300006,9.5449505,-3.2670002
1780861779194,Accelerometer,-0.25395,9.51795,-3.4990501
1780861779213,Accelerometer,-0.29700002,9.528001,-2.7469501
1780861779233,Accelerometer,-0.74505,9.624001,-3.45405
1780861779259,Accelerometer,-2.2099502,9.784051,-3.4609501
1780861779280,Accelerometer,-2.3470502,9.93,-3.6810002
1780861779291,Accelerometer,-1.7910001,10.408951,-3.0540001
1780861779310,Accelerometer,-0.13005,10.708051,-4.215
1780861779330,Accelerometer,0.74100006,11.434051,-5.1990004
1780861779349,Accelerometer,-0.372,11.677951,-4.0669503
1780861779359,Accelerometer,-0.46005002,11.91495,-2.8960502
1780861779389,Accelerometer,0.26895002,12.640051,-4.5
1780861779409,Accelerometer,0.24300002,13.629001,-4.95195
1780861779429,Accelerometer,0.79800004,15.22605,-3.2260501
1780861779440,Accelerometer,2.23005,17.095951,-4.4110503
1780861779466,Accelerometer,3.28395,18.98805,-8.793
1780861779492,Accelerometer,7.0279503,18.448952,-9.154051
1780861779512,Accelerometer,8.817,18.091951,-3.08505
1780861779521,Accelerometer,2.5480502,17.26095,-2.83605
1780861779544,Accelerometer,-1.8580501,12.159,-4.02105
1780861779563,Accelerometer,-7.1350503,7.1650505,-6.28095
1780861779582,Accelerometer,-12.8890505,6.46995,0.41505003
1780861779607,Accelerometer,-8.42595,3.8560503,0.201
1780861779624,Accelerometer,1.2049501,-1.06605,-1.12905
1780861779641,Accelerometer,6.8560505,-1.91295,-0.231
1780861779660,Accelerometer,3.3630002,0.85305005,0.51795
1780861779680,Accelerometer,-1.5259501,3.55605,-1.9759501
1780861779699,Accelerometer,-3.82905,4.22205,0.44595003
1780861779725,Accelerometer,-2.39205,3.9829502,0.80505
1780861779744,Accelerometer,-1.4130001,5.3380504,-1.011
1780861779757,Accelerometer,0.81000006,9.142051,1.473
1780861779777,Accelerometer,0.15195,11.38605,0.513
1780861779797,Accelerometer,-2.32995,14.026951,-3.6910503
1780861779816,Accelerometer,-3.1699502,16.842001,-0.47295
1780861779838,Accelerometer,-3.1660502,17.589,-0.01305
1780861779855,Accelerometer,-1.69305,18.74595,-2.2729502
1780861779875,Accelerometer,-3.0889502,17.65905,-2.24895
1780861779892,Accelerometer,-4.89405,17.85495,-4.12395
1780861779913,Accelerometer,-10.222051,16.07895,-5.01195
1780861779933,Accelerometer,-20.424002,11.512951,-1.131
1780861779956,Accelerometer,-15.594001,10.585951,-1.74405
1780861779978,Accelerometer,-9.148951,11.43105,-2.4120002
1780861779991,Accelerometer,-7.8150005,9.460951,-3.456
1780861780010,Accelerometer,-10.18605,10.699051,-5.0340004
1780861780030,Accelerometer,0.37695003,13.825951,-3.7410002
1780861780059,Accelerometer,30.556952,24.796051,2.091
1780861780071,Accelerometer,6.91305,12.571051,2.1000001
1780861780087,Accelerometer,-6.3690004,4.54995,-3.8250003
1780861780108,Accelerometer,-13.176001,4.47795,-4.21005
1780861780127,Accelerometer,-14.160001,7.62195,0.81000006
1780861780146,Accelerometer,-7.6860003,12.585001,-1.9759501
1780861780160,Accelerometer,-2.742,10.02105,-5.7709503
1780861780186,Accelerometer,2.22795,9.255,-6.9160504
1780861780212,Accelerometer,2.2680001,10.390051,0.85005003
1780861780224,Accelerometer,-1.7389501,9.58005,0.99600005
1780861780241,Accelerometer,-4.0009503,9.17595,-2.49105
1780861780263,Accelerometer,-3.6709502,9.798,-2.901
1780861780293,Accelerometer,-1.131,9.612,-2.57205
1780861780303,Accelerometer,0.48195,9.621,-2.97
1780861780320,Accelerometer,0.13005,9.943951,-3.279
1780861780341,Accelerometer,-1.23105,9.705001,-2.697
1780861780359,Accelerometer,-0.89100003,9.451051,-2.8600502
1780861780379,Accelerometer,-1.60905,9.315001,-2.35695
1780861780402,Accelerometer,-0.54405004,9.501,-3.0349503
1780861780419,Accelerometer,-0.43605003,9.798,-2.3430002
1780861780440,Accelerometer,-1.5259501,9.648001,-2.9650502
1780861780457,Accelerometer,-1.99995,10.19295,-3.5419502
1780861780477,Accelerometer,-1.61205,10.33005,-3.4510503
1780861780496,Accelerometer,0.75795,9.967951,-2.3830502
1780861780524,Accelerometer,3.2070003,10.45905,-4.8829503
1780861780534,Accelerometer,2.8210502,11.512951,-4.9450502
1780861780554,Accelerometer,-2.1460502,11.470051,-2.84805
1780861780573,Accelerometer,-3.11295,12.054001,-3.3310502
1780861780593,Accelerometer,-1.15695,13.344001,-4.737
1780861780612,Accelerometer,0.43005002,13.488001,-3.55905
1780861780636,Accelerometer,0.47505003,13.675051,-1.8520501
1780861780652,Accelerometer,0.38895002,15.880051,-3.1279502
1780861780671,Accelerometer,1.43805,16.86405,-6.20205
1780861780690,Accelerometer,3.7669501,17.82405,-9.085051
1780861780709,Accelerometer,7.8420005,16.821001,-8.127001
1780861780721,Accelerometer,10.189051,17.54595,-2.0389502
1780861780750,Accelerometer,3.3700502,17.46705,-4.82805
1780861780768,Accelerometer,-2.08305,9.331051,-5.4859505
1780861780787,Accelerometer,-8.268001,5.7900004,-3.3310502
1780861780802,Accelerometer,-16.60695,7.5450006,3.1969502
1780861780826,Accelerometer,-7.071,3.9079502,-1.19595
1780861780851,Accelerometer,4.48995,-0.99405,-2.77095
1780861780869,Accelerometer,8.070001,-1.4130001,-1.047
1780861780884,Accelerometer,2.9290502,1.69605,-0.99195004
1780861780904,Accelerometer,-1.8919501,3.55605,-1.12395
1780861780923,Accelerometer,-5.3590503,3.2329502,1.245
1780861780942,Accelerometer,-3.2329502,3.5520003,0.11805001
1780861780968,Accelerometer,-0.23295002,5.1220503,-1.1340001
1780861780990,Accelerometer,1.7890501,8.674951,-0.55695003
1780861781001,Accelerometer,1.6819501,12.195001,1.3410001
1780861781020,Accelerometer,0.31905,15.597001,-2.7160501
1780861781040,Accelerometer,-2.3059502,19.51905,-3.7770002
1780861781059,Accelerometer,-3.7020001,20.18205,0.81900007
1780861781083,Accelerometer,-3.726,18.994951,-1.2750001
1780861781089,Accelerometer,-4.25505,18.247952,-2.9839501
1780861781118,Accelerometer,-5.9890504,16.821001,-3.0300002
1780861781138,Accelerometer,-12.979951,13.201051,-1.062
1780861781156,Accelerometer,-16.300951,13.414051,-2.6160002
1780861781176,Accelerometer,-11.713051,13.227,-1.11
1780861781201,Accelerometer,-6.0480003,12.007951,-2.25195
1780861781221,Accelerometer,-4.54005,10.864051,-5.9989505
1780861781234,Accelerometer,-8.75595,16.194,-5.20095
1780861781254,Accelerometer,12.573001,20.806952,-3.4249501
1780861781273,Accelerometer,10.818001,11.3550005,8.23005
1780861781293,Accelerometer,-6.0649505,4.2720003,1.10895
1780861781316,Accelerometer,-8.863951,9.207001,-7.04295
1780861781333,Accelerometer,-14.067,10.372951,2.811
1780861781351,Accelerometer,-5.27295,10.222051,-0.76695
1780861781368,Accelerometer,-2.8950002,8.805,-3.0730503
1780861781390,Accelerometer,0.27195,10.110001,-4.99095
1780861781409,Accelerometer,2.256,10.1980505,-4.8570004
1780861781433,Accelerometer,-1.3600501,9.82995,-1.96695
1780861781454,Accelerometer,-4.3699503,9.126,-1.43805
1780861781467,Accelerometer,-3.93195,9.39105,-2.3500502
1780861781486,Accelerometer,-1.3939501,9.628051,-2.35695
1780861781506,Accelerometer,0.46095002,9.70005,-1.89495
1780861781522,Accelerometer,1.248,9.814951,-2.505
1780861781546,Accelerometer,0.18300001,9.7890005,-3.7860003
1780861781565,Accelerometer,-1.8900001,9.66195,-2.7229502
1780861781585,Accelerometer,-2.8540502,9.114,-3.4150503
1780861781603,Accelerometer,-2.1409502,9.757951,-2.7160501
1780861781623,Accelerometer,-0.48405004,9.9199505,-2.01195
1780861781643,Accelerometer,-0.56100005,10.05,-3.3030002
1780861781665,Accelerometer,-2.2390501,10.47105,-3.5329502
1780861781683,Accelerometer,-2.45895,10.03995,-3.114
1780861781701,Accelerometer,-0.546,10.371,-3.7699502
1780861781720,Accelerometer,1.5499501,11.26095,-4.0020003
1780861781740,Accelerometer,1.8010501,11.446051,-3.55395
1780861781770,Accelerometer,0.97305006,11.509951,-2.39295
1780861781782,Accelerometer,-1.19295,11.889001,-3.4060502
1780861781798,Accelerometer,-1.8970501,12.328951,-3.9919503
1780861781818,Accelerometer,-0.80505,13.098001,-3.4969501
1780861781836,Accelerometer,-0.21405001,14.62005,-3.11805
1780861781856,Accelerometer,1.8919501,16.591051,-4.7200503
1780861781881,Accelerometer,4.25805,17.53005,-7.4329505
1780861781900,Accelerometer,6.0730505,17.31195,-8.191951
1780861781917,Accelerometer,7.9669504,16.91205,-4.39905
1780861781934,Accelerometer,3.8890502,17.34795,-2.4120002
1780861781953,Accelerometer,-4.6600504,13.9789505,-7.011
1780861781973,Accelerometer,-5.50005,9.09405,-5.8120503
1780861782001,Accelerometer,-10.297951,8.565001,4.2070503
1780861782004,Accelerometer,-5.5620003,6.09,-0.84405005
1780861782031,Accelerometer,1.7029501,0.573,-1.4760001
1780861782051,Accelerometer,5.352,-1.6840501,-0.96795005
1780861782069,Accelerometer,1.7200501,0.56805,-0.97095007
1780861782084,Accelerometer,-2.0740502,2.70195,-1.62705
1780861782109,Accelerometer,-4.42695,2.80695,-0.12105001
1780861782132,Accelerometer,-4.1020503,2.97705,0.23700002
1780861782152,Accelerometer,-2.2369502,3.8389502,-1.19805
1780861782164,Accelerometer,0.17295001,6.4080005,-1.66305
1780861782186,Accelerometer,1.3110001,9.16905,0.49605003
1780861782206,Accelerometer,-2.301,12.174001,-4.6750503
1780861782235,Accelerometer,-5.052,15.504001,-4.3390503
1780861782246,Accelerometer,-6.57,15.67905,1.11405
1780861782264,Accelerometer,-2.95005,16.198051,-0.528
1780861782284,Accelerometer,-1.1190001,16.29195,-1.67505
1780861782303,Accelerometer,-1.1329501,16.36395,-0.28605002
1780861782323,Accelerometer,-2.49495,16.917002,-0.22800002
1780861782345,Accelerometer,-5.92605,16.03305,-2.70705
1780861782363,Accelerometer,-12.031951,14.034,-2.568
1780861782382,Accelerometer,-14.77305,11.857051,0.52995
1780861782400,Accelerometer,-9.738001,12.23805,-1.00695
1780861782410,Accelerometer,-7.12305,11.203951,-1.5619501
1780861782440,Accelerometer,-7.188,9.98295,-4.26795
1780861782468,Accelerometer,-7.0990505,12.98295,-3.2740502
1780861782478,Accelerometer,16.158,20.54895,-6.1039505
1780861782497,Accelerometer,16.504951,16.657951,1.1230501
1780861782517,Accelerometer,-0.11805001,6.7120504,0.93405
1780861782536,Accelerometer,-7.3770003,5.00295,-4.275
1780861782559,Accelerometer,-12.352951,8.11005,-4.22895
1780861782578,Accelerometer,-9.549001,11.557951,0.93705004
1780861782595,Accelerometer,-2.7900002,10.366051,-2.53395
1780861782616,Accelerometer,-0.9580501,8.4529505,-4.7800503
1780861782633,Accelerometer,0.41505003,9.762,-3.04905
1780861782644,Accelerometer,-2.57205,9.916051,-0.37695003
1780861782673,Accelerometer,-5.2099504,8.94795,-1.69605
1780861782698,Accelerometer,-4.5739503,9.0730505,-3.04695
1780861782711,Accelerometer,-2.66805,9.40305,-3.0010502
1780861782727,Accelerometer,-1.18305,9.448951,-2.7900002
1780861782750,Accelerometer,-1.41495,9.5779505,-3.08205
1780861782769,Accelerometer,-0.48600003,9.61905,-2.7810001
1780861782793,Accelerometer,-1.3410001,9.324,-2.8930502
1780861782810,Accelerometer,-2.00895,9.657001,-2.9890501
1780861782828,Accelerometer,-1.7320501,9.49905,-3.2689502
1780861782847,Accelerometer,-1.7359501,9.43395,-2.14395
1780861782866,Accelerometer,-1.7220001,9.84405,-1.9159501
1780861782885,Accelerometer,-1.4470501,9.96405,-3.6330001
1780861782911,Accelerometer,-1.7820001,10.1980505,-4.6600504
1780861782930,Accelerometer,-1.47105,9.918,-1.9279501
1780861782944,Accelerometer,1.3660501,10.246051,-3.4099503
1780861782964,Accelerometer,2.42895,11.26605,-6.2359505
1780861782983,Accelerometer,1.22895,11.508,-4.782
1780861783003,Accelerometer,-1.0830001,11.7949505,-2.319
1780861783026,Accelerometer,-1.18605,12.571051,-3.5160003
1780861783044,Accelerometer,-0.52005005,13.023001,-3.9760501
1780861783061,Accelerometer,0.025050001,13.300951,-3.2310002
1780861783080,Accelerometer,1.0999501,14.374051,-4.3159504
1780861783099,Accelerometer,1.8400501,16.41105,-5.39295
1780861783119,Accelerometer,3.4339502,18.139952,-8.36205
1780861783143,Accelerometer,6.7240505,17.352001,-7.4929504
1780861783164,Accelerometer,10.023001,16.945051,-2.81205
1780861783177,Accelerometer,3.0660002,17.39505,-1.7509501
1780861783197,Accelerometer,-3.9439502,12.802951,-5.5030503
1780861783217,Accelerometer,-7.2340503,8.24205,-7.5019503
1780861783236,Accelerometer,-11.218051,8.6970005,1.72905
1780861783256,Accelerometer,-6.1270504,5.367,0.02205
1780861783275,Accelerometer,0.60705,0.027,-1.11405
1780861783293,Accelerometer,4.3660502,-1.9540501,-0.86100006
1780861783313,Accelerometer,2.3710501,-0.094050005,-0.73800004
1780861783333,Accelerometer,-1.542,1.46595,-0.54705
1780861783352,Accelerometer,-3.1420503,1.8520501,0.31905
1780861783376,Accelerometer,-2.6530502,2.57505,-0.18105
1780861783396,Accelerometer,-1.38405,3.8800502,-1.15995
1780861783411,Accelerometer,0.88395005,6.84105,-1.5480001
1780861783430,Accelerometer,2.0410502,9.765,1.38705
1780861783446,Accelerometer,-0.59895,12.319951,-2.604
1780861783473,Accelerometer,-2.36595,16.596,-5.0940003
1780861783489,Accelerometer,-3.7429502,19.201052,-1.8210001
1780861783507,Accelerometer,-3.3400502,20.542051,-2.46495
1780861783526,Accelerometer,-2.9650502,18.669,-2.55795
1780861783546,Accelerometer,-4.071,16.510052,-0.80295
1780861783566,Accelerometer,-8.29695,14.938951,-4.938
1780861783591,Accelerometer,-16.75605,13.111951,-1.572
1780861783610,Accelerometer,-14.923951,13.182,-2.8290002
1780861783627,Accelerometer,-8.54595,12.436951,-1.4779501
1780861783644,Accelerometer,-4.011,15.552001,-3.08205
1780861783663,Accelerometer,-4.7580004,17.403,0.22995001
1780861783683,Accelerometer,2.3380501,15.427051,6.1699505
1780861783711,Accelerometer,20.52495,15.801001,5.241
1780861783724,Accelerometer,1.095,6.3889503,-1.8229501
1780861783741,Accelerometer,-5.5740004,4.7730002,-3.8200502
1780861783760,Accelerometer,-8.99295,9.628051,-9.493951
1780861783780,Accelerometer,-14.602951,11.44995,-6.04395
1780861783800,Accelerometer,-9.92205,10.038,-0.57600003
1780861783823,Accelerometer,-5.6839504,7.7130003,-3.3049502
1780861783841,Accelerometer,-0.027,9.375,-2.59395
1780861783858,Accelerometer,3.051,10.938001,-1.8280501
1780861783877,Accelerometer,3.21195,10.35105,-0.59205
1780861783896,Accelerometer,-1.6020001,8.680051,-2.424
1780861783916,Accelerometer,-4.5349503,8.830951,-2.7229502
1780861783927,Accelerometer,-4.54005,9.505951,-3.4129503
1780861783955,Accelerometer,-1.84395,9.943951,-4.605
1780861783974,Accelerometer,0.27195,10.00695,-3.8749502
1780861783994,Accelerometer,0.36,9.568951,-2.73495
1780861784010,Accelerometer,-0.79995006,9.637951,-3.20895
1780861784033,Accelerometer,-1.4389501,9.573001,-2.1079502
1780861784056,Accelerometer,-0.74295,9.35505,-2.02395
1780861784072,Accelerometer,-0.73800004,9.585,-3.5059502
1780861784089,Accelerometer,-1.8700501,9.63105,-3.45405
1780861784110,Accelerometer,-2.5770001,9.568951,-2.47005
1780861784130,Accelerometer,-1.863,10.054951,-3.4369502
1780861784156,Accelerometer,-0.45795003,10.13595,-3.86805
1780861784174,Accelerometer,1.368,10.23705,-4.4539504
1780861784187,Accelerometer,2.232,11.161051,-5.10795
1780861784207,Accelerometer,0.324,11.59605,-3.6810002
1780861784227,Accelerometer,-1.5970501,11.53905,-2.42595
1780861784246,Accelerometer,-1.8610501,12.307951,-4.0690503
1780861784269,Accelerometer,-1.3920001,12.73095,-4.5739503
1780861784287,Accelerometer,-0.16305001,13.858951,-3.4440002
1780861784304,Accelerometer,1.2390001,14.805,-4.5409503
1780861784325,Accelerometer,2.22795,15.478051,-5.6280003
1780861784343,Accelerometer,2.9200501,16.810951,-7.2010503
1780861784362,Accelerometer,5.08605,15.50205,-6.432
1780861784387,Accelerometer,7.5979505,15.456,-4.1020503
1780861784408,Accelerometer,2.4100502,17.082,-2.0770502
1780861784421,Accelerometer,-4.5690002,12.504001,-5.39295
1780861784441,Accelerometer,-5.9770503,8.16495,-7.83795
1780861784460,Accelerometer,-11.026051,7.1860504,3.4290001
1780861784479,Accelerometer,-7.7389503,5.3040004,-0.74100006
1780861784503,Accelerometer,1.7920501,0.38895002,-1.7989501
1780861784520,Accelerometer,7.5409503,-1.38405,0.034050003
1780861784538,Accelerometer,3.8800502,0.70995003,-0.39795002
1780861784557,Accelerometer,-1.59,3.219,-2.0389502
1780861784568,Accelerometer,-4.617,4.35405,0.11100001
1780861784596,Accelerometer,-3.1680002,4.4689503,1.7389501
1780861784621,Accelerometer,0.027,5.1390004,0.21795002
1780861784642,Accelerometer,1.6170001,8.017051,-1.39005
1780861784653,Accelerometer,1.2409501,11.283001,0.15795001
1780861784674,Accelerometer,-2.2060502,14.283001,-3.0900002
1780861784693,Accelerometer,-4.32495,17.257051,-2.9959502
1780861784712,Accelerometer,-5.54295,16.605001,1.5490501
1780861784735,Accelerometer,-2.00895,17.26605,0.79305005
1780861784751,Accelerometer,0.89895004,17.845951,-0.52095
1780861784770,Accelerometer,-1.30305,18.049051,-0.609
1780861784790,Accelerometer,-4.1860504,18.897001,-4.0999503
1780861784808,Accelerometer,-14.701051,14.556001,-2.3790002
1780861784829,Accelerometer,-19.792051,11.995951,0.31395
1780861784853,Accelerometer,-8.77995,12.163951,-0.65895003
1780861784874,Accelerometer,-4.28595,11.271001,-1.1380501
1780861784887,Accelerometer,-4.75995,9.87705,-1.8520501
1780861784907,Accelerometer,-8.656051,8.08395,-7.4539504
1780861784926,Accelerometer,1.8400501,12.661951,-4.81395
1780861784946,Accelerometer,22.750952,20.962952,-0.64305
1780861784968,Accelerometer,8.517,15.649951,4.578
1780861784985,Accelerometer,-6.3790503,6.33405,-3.9970503
1780861785004,Accelerometer,-13.717051,5.3430004,-1.4059501
1780861785024,Accelerometer,-14.60595,8.577001,-0.48705003
1780861785042,Accelerometer,-5.8980002,11.6970005,-1.9600501
1780861785068,Accelerometer,0.372,10.054951,-4.1719503
1780861785086,Accelerometer,2.28495,9.054001,-6.9490504
1780861785104,Accelerometer,3.21195,9.897,-3.4729502
1780861785120,Accelerometer,-1.50405,9.753,-1.4569501
1780861785140,Accelerometer,-3.5700002,9.50895,-1.65495
1780861785160,Accelerometer,-2.9290502,9.286051,-2.8980002
1780861785187,Accelerometer,-0.73305005,9.39105,-3.86505
1780861785201,Accelerometer,1.1329501,9.80595,-3.6910503
1780861785217,Accelerometer,0.19305001,9.760051,-3.08505
1780861785237,Accelerometer,-1.7050501,9.348001,-2.83605
1780861785256,Accelerometer,-1.5300001,9.26895,-3.39105
1780861785276,Accelerometer,-0.85005003,9.561001,-3.0559502
1780861785289,Accelerometer,-0.65895003,9.399,-2.8650002
1780861785316,Accelerometer,-1.33395,9.68805,-2.3710501
1780861785338,Accelerometer,-1.7550001,9.78195,-2.7930002
1780861785354,Accelerometer,-1.605,9.925051,-2.9239502
1780861785369,Accelerometer,-0.20595,10.05195,-3.82905
1780861785393,Accelerometer,0.93000007,9.96105,-4.2990003
1780861785422,Accelerometer,1.8180001,10.77,-4.9450502
1780861785431,Accelerometer,0.252,11.142,-4.3440003
1780861785449,Accelerometer,-1.284,11.041051,-3.348
1780861785471,Accelerometer,-0.53205,12.042001,-3.9280503
1780861785489,Accelerometer,-0.29700002,12.20205,-4.557
1780861785509,Accelerometer,-0.9289501,12.457951,-3.2599502
1780861785536,Accelerometer,-0.92505,13.78995,-2.66595
1780861785549,Accelerometer,-0.33105,14.866951,-3.9829502
1780861785567,Accelerometer,1.2220501,15.202051,-5.3310003
1780861785587,Accelerometer,3.8130002,16.702951,-6.83895
1780861785607,Accelerometer,6.1930504,16.26795,-7.6699505
1780861785626,Accelerometer,8.20905,16.456951,-2.6179502
1780861785654,Accelerometer,3.7189503,16.49295,-1.04295
1780861785666,Accelerometer,-3.5389502,13.014001,-5.2489505
1780861785684,Accelerometer,-5.7970505,7.38495,-6.7219505
1780861785704,Accelerometer,-12.10095,6.3889503,-2.7900002
1780861785723,Accelerometer,-11.859,5.5630503,1.02495
1780861785746,Accelerometer,-0.53895,0.53505003,-1.8570001
1780861785764,Accelerometer,7.4830503,-1.94895,-0.40095
1780861785781,Accelerometer,5.769,-0.49395,0.60105
1780861785801,Accelerometer,0.018000001,2.28495,-2.877
1780861785820,Accelerometer,-3.5820003,2.8570502,-1.8280501
1780861785839,Accelerometer,-5.6269503,3.5419502,-1.03995
1780861785850,Accelerometer,-3.73095,4.27005,-1.7820001
1780861785883,Accelerometer,-0.96495,6.0660005,-2.079
1780861785897,Accelerometer,1.0860001,8.78295,-0.32205
1780861785917,Accelerometer,-0.83100003,11.380951,-3.6690001
1780861785931,Accelerometer,-3.5080502,14.71905,-6.60405
1780861785956,Accelerometer,-6.7930503,16.404001,-2.9650502
1780861785980,Accelerometer,-4.3440003,17.05995,-0.87495005
1780861785997,Accelerometer,-1.9249501,17.59395,-2.0389502
1780861786014,Accelerometer,-2.84505,17.938951,-1.404
1780861786034,Accelerometer,-4.155,17.518051,-2.01195
1780861786053,Accelerometer,-11.43795,13.608001,-0.38700002
1780861786072,Accelerometer,-15.457951,12.082951,-0.022950001
1780861786087,Accelerometer,-9.1390505,12.142051,-0.18300001
1780861786113,Accelerometer,-5.6989503,12.312,-1.42095
1780861786130,Accelerometer,-3.52005,12.691051,-1.8570001
1780861786151,Accelerometer,-6.3190503,15.418051,-2.0050502
1780861786170,Accelerometer,10.03995,18.633001,1.2910501
1780861786189,Accelerometer,13.45905,12.943951,3.594
1780861786212,Accelerometer,-1.9110001,5.3569503,-2.9290502
1780861786230,Accelerometer,-7.5139503,6.4150505,-2.66805
1780861786248,Accelerometer,-13.03995,8.268001,-4.73505
1780861786267,Accelerometer,-10.95705,11.698951,-0.83205
1780861786286,Accelerometer,-3.6400502,10.581,-1.7490001
1780861786306,Accelerometer,-1.15695,8.577001,-5.42595
1780861786330,Accelerometer,2.12205,9.81795,-4.071
1780861786350,Accelerometer,4.8520503,10.251,-2.6779501
1780861786364,Accelerometer,0.112950005,9.50895,-2.6419501
1780861786383,Accelerometer,-3.58695,8.95995,-3.7069502
1780861786403,Accelerometer,-4.25505,9.549001,-3.2670002
1780861786423,Accelerometer,-1.7910001,9.43395,-2.709
1780861786445,Accelerometer,1.2030001,9.74295,-2.77395
1780861786463,Accelerometer,1.452,9.892051,-3.4630501
1780861786481,Accelerometer,-0.66795003,9.670951,-3.6090002
1780861786500,Accelerometer,-1.5259501,9.448951,-2.12205
1780861786519,Accelerometer,-1.36995,9.38895,-2.877
1780861786539,Accelerometer,-1.521,9.715051,-3.3720002
1780861786562,Accelerometer,-2.127,9.68295,-2.57505
1780861786582,Accelerometer,-2.2770002,9.595051,-3.2719502
1780861786597,Accelerometer,-0.96495,9.92805,-4.155
1780861786619,Accelerometer,0.264,10.075951,-3.9829502
1780861786644,Accelerometer,0.71205,10.581,-3.8149502
1780861786652,Accelerometer,0.24000001,11.383051,-4.143
1780861786675,Accelerometer,-1.245,11.53695,-3.21405
1780861786694,Accelerometer,-0.97005004,11.842951,-2.6419501
1780861786714,Accelerometer,-0.012,12.291,-3.5059502
1780861786732,Accelerometer,-0.25395,12.4129505,-3.7909503
1780861786753,Accelerometer,-0.81405,12.196951,-3.4420502
1780861786778,Accelerometer,-1.2,13.888051,-3.5659502
1780861786795,Accelerometer,-0.34995002,14.733001,-6.08505
1780861786814,Accelerometer,2.14395,16.372952,-8.577001
1780861786830,Accelerometer,5.49795,17.022001,-9.19005
1780861786850,Accelerometer,9.53505,17.247002,-5.05095
1780861786869,Accelerometer,8.05305,17.557951,-0.40305
1780861786898,Accelerometer,-2.5840502,13.80195,-2.8210502
1780861786911,Accelerometer,-8.397,7.938,-6.3150005
1780861786927,Accelerometer,-12.645,5.7520504,0.58005005
1780861786947,Accelerometer,-7.9540505,5.6250005,-0.35295
1780861786966,Accelerometer,1.5330001,-0.16305001,-1.7869501
1780861786986,Accelerometer,7.93305,-2.838,-0.777
1780861787009,Accelerometer,3.3820503,0.079950005,-0.372
1780861787028,Accelerometer,-1.6360501,3.6739502,-1.7509501
1780861787046,Accelerometer,-4.6740003,4.5019503,1.3990501
1780861787063,Accelerometer,-3.0960002,3.7530003,1.72395
1780861787083,Accelerometer,-0.90105003,4.8229504,-0.123
1780861787103,Accelerometer,0.98700005,6.8920503,-1.5670501
1780861787132,Accelerometer,1.9279501,10.569,-1.44
1780861787132,Accelerometer,-1.0350001,13.045051,-1.5409501
1780861787161,Accelerometer,-2.5069501,17.16105,-3.3120003
1780861787176,Accelerometer,-2.5890002,19.150051,-0.94695
1780861787199,Accelerometer,-1.52295,18.42,-0.528
1780861787213,Accelerometer,-1.7580001,18.16605,-2.4739501
1780861787239,Accelerometer,-3.4099503,17.119951,-2.4499502
1780861787260,Accelerometer,-6.2710505,16.095001,-3.1279502
1780861787280,Accelerometer,-12.646951,13.9480505,-1.4280001
1780861787292,Accelerometer,-14.45505,12.549001,0.16800001
1780861787316,Accelerometer,-7.5660005,12.528001,-0.74805003
1780861787336,Accelerometer,-3.2730002,12.25695,-1.00395
1780861787364,Accelerometer,-2.19105,11.85,-1.0159501
1780861787374,Accelerometer,-6.6730504,11.965051,-6.813
1780861787394,Accelerometer,3.3460503,16.153051,-3.9709501
1780861787414,Accelerometer,19.941002,18.62895,5.775
1780861787433,Accelerometer,0.27405003,8.368951,1.0900501
1780861787457,Accelerometer,-7.4130006,5.1730504,-1.6789501
1780861787475,Accelerometer,-6.6180005,8.12205,-4.16505
1780861787492,Accelerometer,-10.071,11.54895,-6.7219505
1780861787510,Accelerometer,-5.08605,11.425951,-1.143
1780861787530,Accelerometer,-0.99195004,8.13195,-2.77395
1780861787549,Accelerometer,-0.83100003,8.653951,-4.3489504
1780861787576,Accelerometer,-0.78105,10.45005,-2.1390002
1780861787596,Accelerometer,-1.7820001,10.1310005,-1.0860001
1780861787607,Accelerometer,-3.0559502,9.02505,-2.1319501
1780861787627,Accelerometer,-2.8660502,9.184951,-3.4699502
1780861787646,Accelerometer,-1.18305,9.48705,-3.2640002
1780861787666,Accelerometer,0.18795002,9.604051,-3.4129503
1780861787689,Accelerometer,-0.63000005,9.625951,-3.18105
1780861787707,Accelerometer,-1.473,9.66405,-3.4510503
1780861787725,Accelerometer,-1.35105,9.729,-3.1260002
1780861787744,Accelerometer,-0.26595002,9.37905,-2.59395
1780861787763,Accelerometer,0.14505,9.399,-3.4150503
1780861787773,Accelerometer,-0.98205006,9.561001,-3.6450002
1780861787802,Accelerometer,-1.4629501,9.372001,-2.4859502
1780861787827,Accelerometer,-1.40295,9.49905,-3.0349503
1780861787841,Accelerometer,-0.88905007,9.880051,-4.584
1780861787855,Accelerometer,-0.35205,9.56595,-3.0180001
1780861787880,Accelerometer,0.62100005,10.038,-3.9520502
1780861787899,Accelerometer,0.29805002,10.383,-4.6579504
1780861787921,Accelerometer,-0.76395005,11.271001,-4.122
1780861787938,Accelerometer,-0.68805003,11.014951,-2.7229502
1780861787957,Accelerometer,-0.42405003,11.788051,-4.21995
1780861787977,Accelerometer,-1.38195,12.147,-4.8690004
1780861787996,Accelerometer,-1.8970501,12.078001,-3.18495
1780861788014,Accelerometer,-1.2409501,12.786,-2.6490002
1780861788039,Accelerometer,-0.09900001,14.331,-3.5490003
1780861788060,Accelerometer,0.786,14.87205,-4.66995
1780861788073,Accelerometer,1.9240501,16.150051,-5.7570004
1780861788093,Accelerometer,3.7530003,16.612951,-7.2769504
1780861788113,Accelerometer,7.5379505,16.974,-4.8570004
1780861788132,Accelerometer,8.52705,17.13195,-1.6650001
1780861788154,Accelerometer,1.3780501,14.472001,-2.2039502
1780861788171,Accelerometer,-6.144,10.023001,-8.55105
1780861788191,Accelerometer,-9.70005,6.7170005,-5.18205
1780861788210,Accelerometer,-13.08495,6.4030504,4.032
1780861788229,Accelerometer,-5.4090004,2.56005,-0.85605
1780861788255,Accelerometer,4.00395,-1.0900501,-2.8140001
1780861788273,Accelerometer,7.0399504,-1.1689501,0.28500003
1780861788291,Accelerometer,1.9159501,1.22895,-0.64695
1780861788307,Accelerometer,-2.127,2.4480002,-1.5810001
1780861788327,Accelerometer,-4.59,2.5819502,-0.85095006
1780861788346,Accelerometer,-3.9130502,3.7240503,-1.0189501
1780861788375,Accelerometer,-1.368,5.058,-1.644
1780861788387,Accelerometer,1.4929501,8.283,-0.51600003
1780861788404,Accelerometer,1.9020001,11.517,0.15405001
1780861788420,Accelerometer,-1.3920001,14.857951,-5.23005
1780861788443,Accelerometer,-4.42695,18.844051,-3.4150503
1780861788462,Accelerometer,-6.04395,18.400951,0.70395005
1780861788488,Accelerometer,-2.775,17.97495,0.076950006
1780861788504,Accelerometer,-1.6170001,17.36895,-0.31695002
1780861788522,Accelerometer,-1.19805,17.48205,-1.83
1780861788540,Accelerometer,-6.8770504,15.672001,-6.1969504
1780861788560,Accelerometer,-15.03705,12.472951,-0.85800004
1780861788575,Accelerometer,-12.799951,12.085051,-1.38705
1780861788603,Accelerometer,-5.6580005,12.16905,-1.284
1780861788619,Accelerometer,-1.5810001,11.75205,-0.61905
1780861788637,Accelerometer,-2.53095,10.464001,-0.55905
1780861788655,Accelerometer,-7.7719502,8.4529505,-3.9300003
1780861788676,Accelerometer,-2.93805,11.91705,-1.6990501
1780861788696,Accelerometer,13.524,19.49805,-2.1340501
1780861788721,Accelerometer,11.88105,16.264952,-2.6779501
1780861788737,Accelerometer,-1.19295,8.137051,-0.90405005
1780861788755,Accelerometer,-9.349951,5.4480004,-0.669
1780861788773,Accelerometer,-12.4480505,7.4500504,-2.628
1780861788793,Accelerometer,-6.1969504,11.335951,-2.08605
1780861788813,Accelerometer,-2.0070002,11.06295,-3.4510503
1780861788840,Accelerometer,1.6480501,8.802,-5.1990004
1780861788853,Accelerometer,1.32,9.35505,-3.5659502
1780861788870,Accelerometer,-2.124,10.16205,-1.0690501
1780861788890,Accelerometer,-3.8620503,9.4150505,-1.27995
1780861788909,Accelerometer,-3.8770502,9.195001,-2.84295
1780861788929,Accelerometer,-1.6999501,9.4459505,-3.657
1780861788952,Accelerometer,0.36705002,9.70695,-3.456
1780861788970,Accelerometer,0.52995,9.681001,-3.6450002
1780861788988,Accelerometer,-0.762,9.601951,-3.5970001
1780861789006,Accelerometer,-1.473,9.375,-3.0660002
1780861789026,Accelerometer,-1.3099501,9.19305,-2.8290002
1780861789052,Accelerometer,-0.78795004,9.525001,-2.73495
1780861789056,Accelerometer,-0.20895001,9.68805,-3.04695
1780861789085,Accelerometer,-0.9990001,9.736051,-2.8650002
1780861789104,Accelerometer,-2.02605,9.717,-2.9959502
1780861789124,Accelerometer,-1.35105,9.858001,-2.9290502
1780861789136,Accelerometer,-0.07005,9.96405,-3.0870001
1780861789162,Accelerometer,0.47505003,10.11705,-4.4419503
1780861789185,Accelerometer,0.11595,10.417951,-4.938
1780861789202,Accelerometer,-0.36900002,10.77795,-3.7740002
1780861789218,Accelerometer,-0.43395,11.56305,-3.6160502
1780861789240,Accelerometer,-0.67800003,11.677951,-4.0020003
1780861789259,Accelerometer,-0.83100003,12.09,-3.5040002
1780861789283,Accelerometer,-1.0350001,12.703051,-2.59395
1780861789304,Accelerometer,-1.2930001,13.533001,-2.46495
1780861789317,Accelerometer,-0.54405004,14.548951,-4.03305
1780861789337,Accelerometer,2.05995,15.703051,-5.4889503
1780861789356,Accelerometer,3.5779502,16.948051,-7.6819506
1780861789376,Accelerometer,5.7450004,16.26795,-5.9820004
1780861789399,Accelerometer,7.8780003,17.604,-6.3409505
1780861789417,Accelerometer,4.84905,16.49295,-0.0010500001
1780861789434,Accelerometer,-6.7930503,12.05595,-5.19705
1780861789454,Accelerometer,-7.53,7.7389503,-7.15005
1780861789473,Accelerometer,-9.766951,7.05705,1.28805
1780861789492,Accelerometer,-5.931,4.92105,-0.573
1780861789517,Accelerometer,4.16895,0.087000005,-1.5259501
1780861789538,Accelerometer,7.0980005,-1.37205,-0.873
1780861789550,Accelerometer,3.4990501,1.27695,-0.83895004
1780861789570,Accelerometer,-1.18095,3.1039503,-1.16205
1780861789589,Accelerometer,-4.0609503,3.1519501,-0.015000001
1780861789609,Accelerometer,-3.831,3.9540002,-0.31695002
1780861789631,Accelerometer,-2.0020502,4.79895,-1.07805
1780861789650,Accelerometer,-0.20595,7.8349504,-1.3420501
1780861789668,Accelerometer,-0.048,10.545,0.25695002
1780861789686,Accelerometer,-2.1979501,13.557001,-3.7150502
1780861789697,Accelerometer,-3.4980001,16.79895,-3.456
1780861789725,Accelerometer,-2.32005,17.587051,0.39795002
1780861789750,Accelerometer,-1.53795,18.85395,-2.424
1780861789772,Accelerometer,-2.775,17.893051,-3.15405
1780861789780,Accelerometer,-4.40805,16.702951,-1.30095
1780861789804,Accelerometer,-7.4160004,16.177052,-2.094
1780861789823,Accelerometer,-13.473001,13.76595,-1.263
1780861789842,Accelerometer,-13.771951,12.280951,-0.40095
1780861789864,Accelerometer,-8.139,12.087001,-1.416
1780861789882,Accelerometer,-6.94395,10.95705,-2.11305
1780861789901,Accelerometer,-9.22095,8.04105,-4.9999504
1780861789920,Accelerometer,-10.85595,12.174001,-5.8840504
1780861789937,Accelerometer,10.45695,21.585001,-14.88195
1780861789959,Accelerometer,21.118952,19.071001,9.86205
1780861789981,Accelerometer,0.82500005,7.8370504,2.3059502
1780861790003,Accelerometer,-6.7759504,4.25805,-1.2100501
1780861790017,Accelerometer,-7.1710505,7.0350003,-1.42305
1780861790036,Accelerometer,-3.7020001,11.400001,-3.2050502
1780861790056,Accelerometer,-1.38405,11.42205,-5.1319504
1780861790085,Accelerometer,-2.45895,8.412001,-5.1990004
1780861790097,Accelerometer,-4.5739503,8.830951,-2.661
1780861790114,Accelerometer,-3.5629501,9.802951,-0.45600003
1780861790134,Accelerometer,-2.0310001,9.549001,-1.14795
1780861790152,Accelerometer,-1.46595,9.49005,-3.01095
1780861790172,Accelerometer,-1.2790501,9.576,-3.3409503
1780861790196,Accelerometer,-1.45905,9.262051,-2.9650502
1780861790214,Accelerometer,-2.02605,9.231001,-3.006
1780861790233,Accelerometer,-2.22195,9.372001,-3.3630002
1780861790250,Accelerometer,-2.28195,9.624001,-3.39105
1780861790269,Accelerometer,-1.3219501,9.460951,-2.52495
1780861790290,Accelerometer,-0.49605003,9.56595,-2.39295
1780861790318,Accelerometer,-0.61800003,9.814951,-3.3409503
1780861790330,Accelerometer,-1.2360001,9.633,-3.7219503
1780861790345,Accelerometer,-1.7700001,9.75,-2.97495
1780861790367,Accelerometer,-1.7029501,9.75,-3.0270002
1780861790386,Accelerometer,-0.735,9.942,-3.86295
1780861790406,Accelerometer,-0.043950003,10.02795,-4.392
1780861790419,Accelerometer,-0.079050004,10.344001,-3.48495
1780861790446,Accelerometer,-0.77595,10.533001,-3.17805
1780861790469,Accelerometer,-1.0200001,11.035951,-3.9949503
1780861790484,Accelerometer,-1.023,11.53905,-4.1410503
1780861790498,Accelerometer,-0.77895004,11.781,-3.73095
1780861790523,Accelerometer,-1.4320501,11.793,-3.4440002
1780861790550,Accelerometer,-1.47105,12.83205,-2.8930502
1780861790562,Accelerometer,-0.17505,15.408001,-2.7540002
1780861790578,Accelerometer,1.248,16.924051,-4.4760003
1780861790600,Accelerometer,2.7229502,18.292952,-6.0870004
1780861790619,Accelerometer,5.4889503,17.809952,-5.5030503
1780861790639,Accelerometer,9.64995,17.139,-1.746
1780861790661,Accelerometer,5.5080004,17.77095,-1.8330001
1780861790679,Accelerometer,0.89595,13.240951,-8.142
1780861790699,Accelerometer,-1.8940501,8.292001,-5.841
1780861790716,Accelerometer,-9.37395,5.3640003,-5.874
1780861790736,Accelerometer,-15.481951,4.5930004,1.00395
1780861790762,Accelerometer,-8.212951,1.026,-1.5480001
1780861790782,Accelerometer,3.00795,-0.54195005,-3.7549503
1780861790794,Accelerometer,5.8690505,0.135,0.02205
1780861790814,Accelerometer,1.9950001,1.5810001,-0.094050005
1780861790833,Accelerometer,-2.02095,2.457,-1.9980001
1780861790853,Accelerometer,-4.32495,2.66805,-2.4769502
1780861790876,Accelerometer,-3.42705,4.0090504,-3.73095
1780861790894,Accelerometer,-0.90105003,5.7949505,-2.8840501
1780861790911,Accelerometer,0.69795,8.70195,-1.371
1780861790930,Accelerometer,-1.2739501,10.88805,-5.2330503
1780861790949,Accelerometer,-3.9510002,13.98795,-5.268
1780861790969,Accelerometer,-6.1080003,15.34395,-2.4169502
1780861790979,Accelerometer,-4.557,15.978001,-3.1570501
1780861791012,Accelerometer,-3.0319502,15.84195,-3.6550503
1780861791027,Accelerometer,-2.799,17.44605,-3.07995
1780861791047,Accelerometer,-4.2910504,15.53505,-4.524
1780861791059,Accelerometer,-7.3009505,16.327951,-5.2920003
1780861791086,Accelerometer,-13.341001,13.620001,0.49095002
1780861791109,Accelerometer,-13.533001,11.524951,-0.32205
1780861791128,Accelerometer,-8.833051,12.778951,-0.71205
1780861791144,Accelerometer,-5.5410004,14.641951,-0.71505004
1780861791163,Accelerometer,-7.4800506,11.733001,-4.13595
1780861791183,Accelerometer,-4.6789503,14.0119505,-0.109050006
1780861791203,Accelerometer,15.56595,19.57695,0.36405003
1780861791228,Accelerometer,15.37695,13.354051,-0.26700002
1780861791247,Accelerometer,0.573,5.6920505,-1.8900001
1780861791260,Accelerometer,-6.3430505,5.8669505,-5.2540503
1780861791280,Accelerometer,-11.89305,8.769,-4.794
1780861791300,Accelerometer,-11.986051,12.8560505,-0.31500003
1780861791319,Accelerometer,-5.41905,9.934951,-2.6950502
1780861791342,Accelerometer,-1.485,8.30895,-3.8179502
1780861791360,Accelerometer,4.1620502,9.99195,-1.0500001
1780861791377,Accelerometer,3.6450002,10.504951,-1.059
1780861791396,Accelerometer,-1.7530501,9.19005,-2.5489502
1780861791416,Accelerometer,-3.8550003,8.986951,-3.8490002
1780861791436,Accelerometer,-2.3710501,9.592051,-3.525
1780861791459,Accelerometer,-0.90795004,9.613951,-3.5299501
1780861791480,Accelerometer,-0.12495001,9.71205,-3.3670502
1780861791494,Accelerometer,-1.059,9.516001,-2.32305
1780861791513,Accelerometer,-2.1000001,9.25695,-2.11995
1780861791534,Accelerometer,-1.5469501,9.612,-2.2780502
1780861791563,Accelerometer,-0.22095,9.657001,-2.2800002
1780861791574,Accelerometer,0.17595,9.757951,-3.3630002
1780861791591,Accelerometer,-1.3939501,9.99495,-4.01895
1780861791611,Accelerometer,-2.90505,9.66405,-3.07995
1780861791628,Accelerometer,-1.2529501,9.64995,-3.6120002
1780861791649,Accelerometer,-0.11505,10.066951,-4.806
1780861791674,Accelerometer,0.094050005,10.255951,-3.8250003
1780861791693,Accelerometer,0.43905002,10.35105,-2.7259502
1780861791711,Accelerometer,0.56100005,11.0460005,-3.17595
1780861791727,Accelerometer,-0.30900002,11.637,-3.9490502
1780861791746,Accelerometer,-0.87705004,11.94795,-4.0399504
1780861791766,Accelerometer,-0.83805007,12.35805,-3.2980502
1780861791780,Accelerometer,-0.77595,13.095,-3.3079503
1780861791805,Accelerometer,0.04605,14.91495,-3.6400502
1780861791825,Accelerometer,1.3270501,16.581001,-5.2039504
1780861791844,Accelerometer,2.83095,18.070951,-6.94005
1780861791860,Accelerometer,5.05305,18.316952,-8.344951
1780861791883,Accelerometer,8.818951,18.47295,-5.058
1780861791908,Accelerometer,8.818951,18.59505,-0.97800004
1780861791924,Accelerometer,0.87195003,14.448001,-4.6530004
1780861791944,Accelerometer,-5.3590503,6.8370004,-5.9770503
1780861791960,Accelerometer,-12.147,3.9199502,-7.2700505
1780861791980,Accelerometer,-13.650001,3.8749502,2.4859502
1780861792000,Accelerometer,-1.7550001,-0.9289501,-0.87705004
1780861792028,Accelerometer,7.3420506,-3.2970002,-2.87205
1780861792039,Accelerometer,9.86295,-0.67605,0.91695005
1780861792057,Accelerometer,3.114,2.8930502,-2.091
1780861792077,Accelerometer,-1.3990501,4.5,-2.45805
1780861792096,Accelerometer,-3.5010002,5.41905,-1.7389501
1780861792116,Accelerometer,-3.075,7.1340003,-3.3670502
1780861792139,Accelerometer,-0.61095005,9.5779505,-2.769
1780861792157,Accelerometer,-0.40995002,11.833951,-1.7200501
1780861792174,Accelerometer,-2.26095,14.71905,-6.5209503
1780861792193,Accelerometer,-4.11105,16.629002,-4.545
1780861792213,Accelerometer,-6.36705,16.13805,-0.102000006
1780861792233,Accelerometer,-4.6069503,16.68,-2.11305
1780861792260,Accelerometer,-3.45495,17.13405,-4.2439504
1780861792261,Accelerometer,-2.60805,16.78005,-3.279
1780861792291,Accelerometer,-7.0300503,15.271951,-1.5499501
1780861792313,Accelerometer,-13.842001,13.31805,-1.38705
1780861792344,Accelerometer,-13.971001,13.465951,0.273
1780861792344,Accelerometer,-7.6650004,12.954,-0.16605
1780861792369,Accelerometer,-7.8030005,10.668,-0.10605001
1780861792388,Accelerometer,-13.08495,8.448,-6.1330504
1780861792408,Accelerometer,-4.155,14.652,-5.83395
1780861792421,Accelerometer,24.873001,23.604002,-5.8650002
1780861792446,Accelerometer,12.423,15.102001,6.28305
1780861792471,Accelerometer,-3.4099503,9.68595,-4.65105
1780861792494,Accelerometer,-14.6650505,2.9940002,-3.6790502
1780861792501,Accelerometer,-11.491051,5.793,0.537
1780861792524,Accelerometer,-5.0740504,11.74005,-1.6150501
1780861792543,Accelerometer,-2.2699502,11.54895,-5.3760004
1780861792562,Accelerometer,-1.8370501,8.54595,-6.51105
1780861792586,Accelerometer,-1.0540501,9.9199505,0.18705001
1780861792604,Accelerometer,-1.14495,9.98295,-0.82005006
1780861792621,Accelerometer,-2.4400501,9.292951,-4.68195
1780861792640,Accelerometer,-2.4400501,9.47805,-4.0669503
1780861792659,Accelerometer,-0.51495004,9.23805,-2.97195
1780861792679,Accelerometer,-0.18705001,9.68295,-4.1599503
1780861792703,Accelerometer,-1.2,9.894,-3.5400002
1780861792725,Accelerometer,-2.265,9.83205,-2.8210502
1780861792737,Accelerometer,-2.28195,9.609,-1.96695
1780861792757,Accelerometer,-1.50195,9.372001,-1.95
1780861792776,Accelerometer,-0.99600005,9.592051,-2.43105
1780861792796,Accelerometer,-1.7320501,9.83895,-3.3390002
1780861792818,Accelerometer,-2.4139502,10.452001,-4.72695
1780861792835,Accelerometer,-2.874,10.69095,-3.7549503
1780861792854,Accelerometer,-1.03995,10.644,-2.7160501
1780861792873,Accelerometer,1.15995,11.259001,-4.584
1780861792893,Accelerometer,0.80295,11.541,-5.142
1780861792912,Accelerometer,-0.20400001,11.6320505,-3.55905
1780861792937,Accelerometer,-0.76905006,11.913,-3.7360501
1780861792955,Accelerometer,-0.060000002,12.241051,-4.4620504
1780861792966,Accelerometer,0.94200003,13.210051,-4.75605
1780861792984,Accelerometer,1.416,15.781951,-5.6850004
1780861793009,Accelerometer,2.4379501,19.039951,-7.3900504
1780861793029,Accelerometer,7.6410003,18.619051,-8.223001
1780861793053,Accelerometer,12.339001,17.70705,-3.7840502
1780861793070,Accelerometer,5.02395,18.352951,0.33105
1780861793087,Accelerometer,-3.69495,14.043,-8.314051
1780861793106,Accelerometer,-5.22195,7.6789503,-9.23295
1780861793126,Accelerometer,-9.943951,6.16905,-2.5840502
1780861793143,Accelerometer,-12.736051,6.1810503,2.079
1780861793169,Accelerometer,-3.21405,1.5450001,-1.605
1780861793189,Accelerometer,6.123,-1.1539501,0.83100003
1780861793204,Accelerometer,5.7070503,-0.573,1.9090501
1780861793223,Accelerometer,1.3080001,2.43105,-1.3729501
1780861793243,Accelerometer,-1.8510001,3.657,-1.0350001
1780861793272,Accelerometer,-2.4160502,4.24095,-1.0860001
1780861793283,Accelerometer,-1.557,6.25995,-1.881
1780861793301,Accelerometer,-0.43605003,8.91195,-0.37005
1780861793321,Accelerometer,-1.2889501,10.842001,-2.019
1780861793340,Accelerometer,-3.49095,13.16205,-5.589
1780861793359,Accelerometer,-5.031,15.526051,-2.1990001
1780861793383,Accelerometer,-5.7229505,15.97605,0.039
1780861793401,Accelerometer,-1.2889501,17.605951,-0.22605
1780861793420,Accelerometer,-1.3050001,17.142,0.31605002
1780861793437,Accelerometer,-1.4250001,17.817001,-1.18605
1780861793456,Accelerometer,-3.3640501,17.344952,-1.7340001
1780861793476,Accelerometer,-12.5460005,14.41905,-3.0919502
1780861793490,Accelerometer,-19.834951,12.637951,-0.78900003
1780861793515,Accelerometer,-12.42195,12.505951,-0.69495004
1780861793535,Accelerometer,-7.5739503,13.033051,-1.8570001
1780861793551,Accelerometer,-7.9300504,12.196951,-2.73105
1780861793573,Accelerometer,-12.955951,10.23705,-8.29695
1780861793592,Accelerometer,-0.73305005,14.992051,-4.52895
1780861793617,Accelerometer,23.62095,20.175001,5.2060504
1780861793634,Accelerometer,8.09595,10.378051,-1.797
1780861793653,Accelerometer,-4.4950504,7.734,-2.055
1780861793670,Accelerometer,-10.61205,5.295,-3.4129503
1780861793690,Accelerometer,-12.673051,8.98005,-2.0029502
1780861793704,Accelerometer,-7.2840004,12.660001,-2.53395
1780861793732,Accelerometer,-4.5589504,9.111,-5.4
1780861793748,Accelerometer,0.066,9.075001,-6.02295
1780861793767,Accelerometer,2.19405,10.13595,-0.29295
1780861793784,Accelerometer,-2.301,10.00395,-0.40305
1780861793806,Accelerometer,-3.8940003,8.889001,-2.5200002
1780861793826,Accelerometer,-3.0580502,9.35505,-2.35905
1780861793846,Accelerometer,-1.9879501,9.49005,-1.5670501
1780861793864,Accelerometer,-0.216,9.949051,-2.87205
1780861793884,Accelerometer,0.46305,10.102051,-3.7219503
1780861793903,Accelerometer,-0.01695,9.837001,-2.5560002
1780861793922,Accelerometer,-1.8700501,9.4150505,-4.32
1780861793943,Accelerometer,-2.352,9.657001,-3.21405
1780861793969,Accelerometer,-0.73305005,9.801001,-0.80100006
1780861793982,Accelerometer,-0.642,9.943951,-1.88505
1780861794000,Accelerometer,-0.98700005,10.219951,-4.27005
1780861794020,Accelerometer,-0.30195,10.92105,-5.6610003
1780861794039,Accelerometer,0.18105,11.3209505,-4.782
1780861794064,Accelerometer,0.112950005,11.802001,-4.1839504
1780861794081,Accelerometer,0.06795,12.001051,-2.505
1780861794098,Accelerometer,1.1209501,12.418051,-1.7899501
1780861794116,Accelerometer,0.68100005,12.85305,-4.854
1780861794128,Accelerometer,-0.37905002,13.545001,-6.4180503
1780861794156,Accelerometer,-1.2910501,14.685,-6.018
1780861794170,Accelerometer,0.45795003,16.51395,-5.9149504
1780861794198,Accelerometer,4.5139503,19.837952,-10.452001
1780861794214,Accelerometer,12.83205,19.174051,-11.524951
1780861794234,Accelerometer,13.624051,19.806002,-0.384
1780861794253,Accelerometer,1.3939501,16.942951,-0.27195
1780861794265,Accelerometer,-6.2730002,11.10795,-8.87895
1780861794292,Accelerometer,-7.8229504,5.604,-4.04505
1780861794313,Accelerometer,-11.64105,7.0740004,4.15905
1780861794333,Accelerometer,-0.52995,2.4409502,-1.8420001
1780861794349,Accelerometer,7.9759502,-1.7220001,-1.5000001
1780861794369,Accelerometer,4.51905,-0.69195,-1.19805
1780861794389,Accelerometer,-1.5180001,2.7810001,-1.7370001
1780861794414,Accelerometer,-4.602,4.38,0.031050002
1780861794433,Accelerometer,-3.45495,4.90395,0.61800003
1780861794447,Accelerometer,-0.67800003,5.7619505,-0.777
1780861794467,Accelerometer,1.5000001,9.26895,0.30405003
1780861794487,Accelerometer,0.24000001,11.968051,-0.50100005
1780861794506,Accelerometer,-2.5930502,13.696051,-3.0900002
1780861794528,Accelerometer,-3.0889502,15.07995,0.61800003
1780861794546,Accelerometer,-2.12895,16.308,0.91695005
1780861794564,Accelerometer,-1.9159501,17.154001,-0.83205
1780861794583,Accelerometer,-2.2369502,18.29805,-1.8690001
1780861794603,Accelerometer,-3.1270502,18.739052,-3.078
1780861794622,Accelerometer,-6.78105,17.48895,-4.5139503
1780861794646,Accelerometer,-17.51205,13.272,0.29205
1780861794667,Accelerometer,-22.473001,11.60595,-2.0050502
1780861794680,Accelerometer,-12.634951,12.95205,-0.52995
1780861794693,Accelerometer,-9.561001,11.527051,-1.1550001
1780861794720,Accelerometer,-11.766001,11.055,-7.4350505
1780861794739,Accelerometer,-8.41905,20.28795,-4.56705
1780861794760,Accelerometer,25.098001,28.47405,-2.77395
1780861794779,Accelerometer,10.411051,7.0860004,1.14195
1780861794797,Accelerometer,-2.60805,0.23295002,-0.94200003
1780861794817,Accelerometer,-8.45205,3.6760502,-4.9759502
1780861794826,Accelerometer,-15.654,12.352951,0.22095
1780861794855,Accelerometer,-13.441951,14.188951,-1.21305
1780861794878,Accelerometer,-6.3310504,7.63605,-5.1660004
1780861794899,Accelerometer,2.5099502,9.525001,-3.5830503
1780861794909,Accelerometer,3.7380002,10.48995,0.19005
1780861794933,Accelerometer,-4.46805,9.160951,-3.18495
1780861794953,Accelerometer,-7.8150005,8.829,-4.0020003
1780861794980,Accelerometer,-5.2510505,9.111,-2.7520502
1780861794993,Accelerometer,-1.7530501,9.601951,-2.2729502
1780861795011,Accelerometer,-0.192,10.030951,-2.2420502
1780861795031,Accelerometer,-0.33105,9.99705,-2.52705
1780861795049,Accelerometer,-2.115,9.645,-3.17805
1780861795066,Accelerometer,-2.538,9.537001,-2.0770502
1780861795089,Accelerometer,-1.07805,9.79605,-3.1230001
1780861795111,Accelerometer,-0.12495001,10.656,-3.9060001
1780861795133,Accelerometer,-1.60695,10.078951,-2.9910002
1780861795147,Accelerometer,-2.56005,9.051001,-0.813
1780861795166,Accelerometer,0.19305001,10.828051,-4.37505
1780861795186,Accelerometer,1.5600001,11.692051,-4.72695
1780861795215,Accelerometer,1.88505,11.734951,-3.63105
1780861795225,Accelerometer,0.05595,11.319,-3.82695
1780861795245,Accelerometer,-1.605,11.50605,-3.2929502
1780861795264,Accelerometer,0.09705,13.45695,-4.0069504
1780861795283,Accelerometer,0.84405005,14.331,-6.0990005
1780861795302,Accelerometer,0.39795002,15.435,-6.16905
1780861795326,Accelerometer,2.0029502,18.82695,-5.913
1780861795345,Accelerometer,6.1450505,20.72805,-8.400001
1780861795361,Accelerometer,12.84195,18.81495,-6.98295
1780861795380,Accelerometer,8.826,20.503052,-0.20205002
1780861795399,Accelerometer,-0.36,17.08905,-4.6650004
1780861795419,Accelerometer,-4.2070503,9.027,-11.347951
1780861795448,Accelerometer,-6.51,5.6130004,-3.1570501
1780861795460,Accelerometer,-10.972951,6.5329504,3.5389502
1780861795477,Accelerometer,-2.7130501,2.8930502,-2.1460502
1780861795497,Accelerometer,3.6859503,-0.67605,-1.5600001
1780861795516,Accelerometer,2.97195,-0.08895,-0.92295
1780861795536,Accelerometer,-1.0849501,2.0770502,-2.7640502
1780861795548,Accelerometer,-3.144,3.0559502,-1.95
1780861795575,Accelerometer,-4.116,3.20895,-1.416
1780861795598,Accelerometer,-2.811,4.842,-1.8090001
1780861795613,Accelerometer,-0.50295,7.7920504,-1.43505
1780861795628,Accelerometer,-0.072000004,10.081051,-2.59395
1780861795652,Accelerometer,-1.2070501,12.43395,-5.4289503
1780861795681,Accelerometer,-2.73705,15.49005,-3.2640002
1780861795690,Accelerometer,-4.5420003,17.257051,-2.94105
1780861795707,Accelerometer,-5.58195,17.33595,-2.1390002
1780861795730,Accelerometer,-4.18995,17.473951,0.08205
1780861795749,Accelerometer,-5.32095,17.99205,-0.96405005
1780861795772,Accelerometer,-6.29295,16.75905,-2.62995
1780861795790,Accelerometer,-15.184951,12.8220005,1.15005
1780861795808,Accelerometer,-18.115952,12.135,-1.54305
1780861795826,Accelerometer,-11.509951,12.846001,-0.84900004
1780861795846,Accelerometer,-10.70505,11.307,-2.01
1780861795866,Accelerometer,-11.88105,11.22105,-3.0250502
1780861795891,Accelerometer,-6.70905,17.73105,-1.6789501
1780861795912,Accelerometer,25.045052,28.957052,-0.56100005
1780861795923,Accelerometer,13.33005,11.446051,6.4669504
1780861795944,Accelerometer,-5.361,3.1660502,-6.6139503
1780861795963,Accelerometer,-10.729051,4.3780503,-3.8389502
1780861795982,Accelerometer,-18.19905,7.07805,-2.53695
1780861796005,Accelerometer,-8.634001,12.195001,-1.9810501
1780861796023,Accelerometer,-3.8460002,9.741,-6.1540504
1780861796041,Accelerometer,0.384,8.92395,-6.7890005
1780861796060,Accelerometer,0.38895002,9.86505,-1.1050501
1780861796080,Accelerometer,-2.055,9.607051,0.67800003
1780861796099,Accelerometer,-4.0729504,9.23805,-2.8909502
1780861796124,Accelerometer,-4.86105,9.30795,-3.3630002
1780861796144,Accelerometer,-2.4829502,9.48495,-3.07095
1780861796157,Accelerometer,-0.06705,9.942,-2.568
1780861796176,Accelerometer,0.09,9.913051,-3.2670002
1780861796189,Accelerometer,-1.4419501,9.84105,-3.5370002
1780861796216,Accelerometer,-2.4790502,9.0709505,-3.2430003
1780861796237,Accelerometer,-1.9900501,9.0060005,-2.151
1780861796256,Accelerometer,-0.99600005,9.516001,-2.2759502
1780861796273,Accelerometer,-0.47895002,10.09305,-3.4099503
1780861796293,Accelerometer,-1.4940001,9.978001,-4.4950504
1780861796313,Accelerometer,-2.8930502,9.739051,-2.56095
1780861796332,Accelerometer,-0.46005002,10.344001,-2.83095
1780861796357,Accelerometer,1.2049501,11.01,-5.802
1780861796377,Accelerometer,1.593,11.328,-5.7709503
1780861796390,Accelerometer,0.049050003,11.368951,-3.4819503
1780861796410,Accelerometer,-0.76905006,12.33405,-3.5659502
1780861796429,Accelerometer,-0.85005003,13.375051,-4.82595
1780861796460,Accelerometer,-0.75000006,13.94295,-3.8410501
1780861796470,Accelerometer,-0.060000002,14.704051,-3.6550503
1780861796489,Accelerometer,1.15005,16.60095,-5.058
1780861796507,Accelerometer,3.15405,19.510052,-8.182051
1780861796526,Accelerometer,8.941051,18.921001,-9.82005
1780861796546,Accelerometer,14.482051,19.179,-4.31295
1780861796571,Accelerometer,8.83605,17.869951,0.558
1780861796589,Accelerometer,-4.71705,12.946951,-5.9290504
1780861796606,Accelerometer,-9.00105,6.6670504,-12.4800005
1780861796623,Accelerometer,-13.38195,6.93195,0.34800002
1780861796643,Accelerometer,-7.4749503,5.7640505,0.52995
1780861796663,Accelerometer,2.39295,0.91305006,-1.761
1780861796692,Accelerometer,5.0620503,-1.38195,-0.609
1780861796704,Accelerometer,3.13995,0.504,0.24495001
1780861796721,Accelerometer,-1.08,2.01495,-1.22895
1780861796741,Accelerometer,-3.3019502,2.9149501,-0.78195006
1780861796759,Accelerometer,-1.88505,3.8890502,0.3
1780861796779,Accelerometer,-1.2529501,6.14895,-1.4760001
1780861796804,Accelerometer,2.42895,9.898951,-0.91305006
1780861796821,Accelerometer,0.36,11.838,0.34005
1780861796838,Accelerometer,-2.115,14.793001,-5.1150002
1780861796857,Accelerometer,-4.28595,18.183,-3.315
1780861796876,Accelerometer,-6.4170003,17.68305,-0.46995002
1780861796896,Accelerometer,-4.58295,18.331951,-2.187
1780861796910,Accelerometer,-4.83405,17.90805,-1.8210001
1780861796934,Accelerometer,-5.2390504,18.729,-2.45295
1780861796954,Accelerometer,-13.33695,15.765,-0.39405003
1780861796974,Accelerometer,-20.677052,12.196951,-1.0500001
1780861796990,Accelerometer,-15.823951,12.961051,-0.624
1780861797012,Accelerometer,-9.5779505,12.636001,-0.34800002
1780861797036,Accelerometer,-10.653001,12.525001,-1.1550001
1780861797054,Accelerometer,-12.51105,11.127001,-7.5739503
1780861797073,Accelerometer,7.6819506,20.77905,-16.771051
1780861797090,Accelerometer,32.484,23.79495,17.194052
1780861797109,Accelerometer,-1.8220501,7.4110503,-2.256
1780861797129,Accelerometer,-10.320001,3.7050002,-5.07
1780861797156,Accelerometer,-18.204,4.6750503,1.3080001
1780861797168,Accelerometer,-7.9279504,10.44705,-0.76500005
1780861797187,Accelerometer,-1.2600001,12.099001,-4.0470004
1780861797207,Accelerometer,-1.7719501,9.114,-8.90505
1780861797226,Accelerometer,0.96795005,9.81795,-3.52095
1780861797245,Accelerometer,-4.32495,9.463051,0.80205005
1780861797269,Accelerometer,-5.50995,9.196951,-1.9279501
1780861797286,Accelerometer,-4.104,9.408,-3.1039503
1780861797303,Accelerometer,-2.364,9.537001,-3.0010502
1780861797323,Accelerometer,-0.822,9.588,-2.8980002
1780861797342,Accelerometer,-0.87705004,9.834001,-2.9989502
1780861797368,Accelerometer,-1.317,9.573001,-3.24795
1780861797389,Accelerometer,-1.5970501,9.849001,-2.766
1780861797390,Accelerometer,-2.02605,9.406051,-2.6419501
1780861797421,Accelerometer,-1.5640501,9.52305,-2.62995
1780861797440,Accelerometer,-0.92700005,10.264951,-2.328
1780861797459,Accelerometer,-0.96495,9.925051,-3.1420503
1780861797472,Accelerometer,-1.6720501,9.597,-4.17705
1780861797498,Accelerometer,-1.0540501,10.239,-2.6749501
1780861797519,Accelerometer,1.00695,10.99995,-3.8149502
1780861797540,Accelerometer,1.08105,11.235001,-4.9120502
1780861797551,Accelerometer,0.08205,11.367001,-3.2359502
1780861797575,Accelerometer,-0.81405,11.93595,-3.2910001
1780861797600,Accelerometer,-0.24900001,13.093051,-5.32095
1780861797621,Accelerometer,-0.17805001,14.158051,-4.8570004
1780861797631,Accelerometer,0.81495005,14.415001,-3.588
1780861797653,Accelerometer,2.7229502,17.101051,-4.68405
1780861797673,Accelerometer,3.798,20.791052,-8.95995
1780861797692,Accelerometer,10.098001,19.59795,-9.98295
1780861797715,Accelerometer,12.262051,19.18905,-2.2729502
1780861797733,Accelerometer,2.39505,17.06295,-0.94395006
1780861797750,Accelerometer,-5.4349504,12.115951,-11.379001
1780861797769,Accelerometer,-8.754001,6.2050505,-6.6570005
1780861797789,Accelerometer,-13.486951,7.5000005,4.401
1780861797809,Accelerometer,-6.1990504,4.2340503,-0.64695
1780861797835,Accelerometer,2.32605,-0.63705003,-2.4139502
1780861797853,Accelerometer,5.5630503,-1.6999501,-0.528
1780861797867,Accelerometer,1.0189501,0.26205,-0.81000006
1780861797887,Accelerometer,-2.3800502,1.6699501,-2.01
1780861797906,Accelerometer,-4.48005,2.02395,-1.1689501
1780861797925,Accelerometer,-3.357,3.10905,-1.023
1780861797948,Accelerometer,-1.18605,4.71495,-1.1719501
1780861797967,Accelerometer,1.14795,8.3550005,0.52500004
1780861797984,Accelerometer,0.573,10.749001,-1.3920001
1780861798003,Accelerometer,-1.57305,13.816051,-4.98105
1780861798022,Accelerometer,-4.3720503,17.85795,-3.4249501
1780861798032,Accelerometer,-5.6250005,19.237051,-0.69795
1780861798062,Accelerometer,-3.8530502,18.65505,0.051000003
1780861798087,Accelerometer,-1.4059501,25.786951,-12.123
1780861798100,Accelerometer,-9.12705,15.111001,1.4130001
1780861798113,Accelerometer,-16.77,10.288951,-5.6610003
1780861798140,Accelerometer,-19.02495,12.0390005,0.34995002
1780861798170,Accelerometer,-12.8220005,13.105051,-4.7629504
1780861798170,Accelerometer,-9.39795,14.992051,-7.5139503
1780861798193,Accelerometer,-24.144001,19.09995,-9.123
1780861798217,Accelerometer,1.39005,24.837002,-2.4100502
1780861798236,Accelerometer,15.114,11.88105,8.194051
1780861798255,Accelerometer,4.6750503,-4.6650004,-1.81095
1780861798281,Accelerometer,-1.10895,7.7250004,-4.026
1780861798298,Accelerometer,-10.86795,12.576,-4.5090003
1780861798317,Accelerometer,-11.578951,12.67905,2.43495
1780861798333,Accelerometer,-8.194051,7.359,-4.90695
1780861798353,Accelerometer,-0.075,10.03995,-6.7770004
1780861798373,Accelerometer,4.4830503,11.218051,-3.6400502
1780861798402,Accelerometer,-1.17795,8.74995,-0.0010500001
1780861798414,Accelerometer,-5.6839504,8.505,-2.3070002
1780861798430,Accelerometer,-5.7559505,9.64995,-2.6779501
1780861798450,Accelerometer,-3.6420002,9.37695,-2.259
1780861798469,Accelerometer,-0.882,9.493951,-2.1649501
1780861798489,Accelerometer,-0.261,9.901051,-2.66595
1780861798511,Accelerometer,-1.7320501,9.765,-3.348
1780861798530,Accelerometer,-2.9209502,9.286051,-4.1140504
1780861798547,Accelerometer,-4.15695,9.315001,-3.006
1780861798566,Accelerometer,-2.5069501,9.6,-1.47405
1780861798586,Accelerometer,-0.15795001,9.5779505,-2.079
1780861798606,Accelerometer,-0.384,9.943951,-2.5819502
1780861798634,Accelerometer,-2.5789502,10.1980505,-4.2390003
1780861798646,Accelerometer,-3.8410501,10.30605,-4.5019503
1780861798664,Accelerometer,-2.5810502,10.5070505,-2.046
1780861798678,Accelerometer,0.60405004,11.031,-2.7540002
1780861798702,Accelerometer,2.32305,11.635051,-4.2130504
1780861798722,Accelerometer,2.2039502,11.656051,-2.49105
1780861798746,Accelerometer,0.822,11.721001,-2.05995
1780861798763,Accelerometer,-0.16605,12.47805,-3.9900002
1780861798782,Accelerometer,0.252,13.3279505,-4.99305
1780861798800,Accelerometer,0.37905002,15.466051,-5.1130505
1780861798819,Accelerometer,0.12105001,18.202051,-6.16905
1780861798834,Accelerometer,2.83095,20.709002,-7.9170003
1780861798860,Accelerometer,7.8900003,22.215,-7.2750006
1780861798878,Accelerometer,10.486051,18.435001,-2.53695
1780861798897,Accelerometer,-0.71595,12.118051,-5.4580503
1780861798914,Accelerometer,-9.645,5.05305,-7.8300004
1780861798936,Accelerometer,-16.816051,5.247,4.0680003
1780861798959,Accelerometer,-6.6900005,3.0300002,1.2070501
1780861798977,Accelerometer,3.9970503,-2.6100001,-2.21595
1780861798994,Accelerometer,10.288951,-2.70405,-1.0639501
1780861799014,Accelerometer,3.79395,0.87000006,-2.8210502
1780861799033,Accelerometer,-2.02095,2.4550502,-3.3820503
1780861799052,Accelerometer,-6.23295,2.5410001,-0.873
1780861799078,Accelerometer,-6.4150505,3.3270001,-0.54
1780861799098,Accelerometer,-2.26305,4.2990003,-0.68100005
1780861799110,Accelerometer,-0.16800001,6.2980504,-1.26795
1780861799130,Accelerometer,-0.99600005,8.91705,-4.0350003
1780861799150,Accelerometer,-2.457,12.324,-3.9090002
1780861799169,Accelerometer,-5.1720004,16.05705,-2.6419501
1780861799193,Accelerometer,-6.69495,16.821001,-2.25195
1780861799210,Accelerometer,-7.1329503,17.57295,-2.15295
1780861799227,Accelerometer,-5.1220503,18.54705,-1.7920501
1780861799248,Accelerometer,-3.6490502,16.15995,-0.31695002
1780861799266,Accelerometer,-6.63705,13.51395,0.67995006
1780861799286,Accelerometer,-10.783951,12.813001,-1.96905
1780861799311,Accelerometer,-13.317,13.62705,-1.0860001
1780861799331,Accelerometer,-6.5490003,13.33695,-2.532
1780861799343,Accelerometer,-13.01805,20.877,-3.4249501
1780861799363,Accelerometer,2.5440001,28.873951,0.65595
1780861799383,Accelerometer,17.941051,16.296001,10.210051
1780861799396,Accelerometer,-4.30095,4.3660502,0.12705001
1780861799422,Accelerometer,-8.80395,-0.46995002,-3.2310002
1780861799443,Accelerometer,-13.549951,5.742,-13.368001
1780861799460,Accelerometer,-10.818001,12.813001,5.8780503
1780861799478,Accelerometer,-5.7130504,11.446051,-2.1679502
1780861799499,Accelerometer,-7.35795,6.9900002,-6.2910004
1780861799519,Accelerometer,-1.8060001,10.225051,-7.51695
1780861799544,Accelerometer,0.25005,10.696051,-2.2729502
1780861799564,Accelerometer,-2.04795,8.766001,2.364
1780861799576,Accelerometer,-5.9329505,7.3560004,-0.24300002
1780861799596,Accelerometer,-6.67605,9.35505,-3.1039503
1780861799616,Accelerometer,-2.3160002,10.46895,-3.0900002
1780861799635,Accelerometer,0.19305001,9.729,-3.1609502
1780861799658,Accelerometer,-1.2,9.50895,-3.693
1780861799675,Accelerometer,-3.89595,9.387,-4.6909504
1780861799693,Accelerometer,-4.9609504,8.986951,-2.66805
1780861799713,Accelerometer,-3.58905,9.127951,-2.1990001
1780861799733,Accelerometer,-1.7629501,9.86295,-2.28495
1780861799758,Accelerometer,-0.91305006,9.501,-2.11305
1780861799777,Accelerometer,-0.97305006,9.469951,-3.7339501
1780861799795,Accelerometer,-1.91805,9.999001,-4.85895
1780861799810,Accelerometer,-1.8610501,10.408951,-4.07805
1780861799829,Accelerometer,-0.94605005,10.9810505,-4.7389503
1780861799850,Accelerometer,-0.132,11.568001,-4.93305
1780861799878,Accelerometer,1.2600001,11.88105,-4.22205
1780861799890,Accelerometer,2.53905,12.573001,-3.3409503
1780861799907,Accelerometer,2.1319501,13.42605,-4.1070004
1780861799927,Accelerometer,0.30495003,14.91495,-4.926
1780861799946,Accelerometer,1.7490001,18.451052,-6.4849505
1780861799956,Accelerometer,4.8370504,19.083,-7.7869506
1780861799985,Accelerometer,9.97095,18.648,-8.0460005
1780861800010,Accelerometer,10.05,19.986,-0.43005002
1780861800029,Accelerometer,-0.68805003,16.299002,-1.2409501
1780861800039,Accelerometer,-7.7149506,9.34095,-8.44305
1780861800062,Accelerometer,-10.5070505,5.2540503,-4.91895
1780861800082,Accelerometer,-15.313951,7.6480503,6.0079503
1780861800110,Accelerometer,-3.4459503,2.62995,-0.57105005
1780861800122,Accelerometer,5.1990004,-1.29795,-2.3449502
1780861800140,Accelerometer,6.918,-0.77595,-0.025050001
1780861800160,Accelerometer,3.0370502,1.7539501,-0.44895002
1780861800179,Accelerometer,-2.3470502,2.4190502,-1.2870001
1780861800196,Accelerometer,-5.03805,2.73,-0.59205
1780861800218,Accelerometer,-4.43895,3.7819502,-1.41795
1780861800240,Accelerometer,-0.76905006,6.74805,-0.98700005
1780861800260,Accelerometer,1.605,9.55395,1.128
1780861800276,Accelerometer,-0.94095004,11.625001,-3.4369502
1780861800296,Accelerometer,-2.6440501,15.729001,-2.39295
1780861800316,Accelerometer,-5.493,16.656,1.317
1780861800343,Accelerometer,-2.1360002,17.271,-0.20700002
1780861800355,Accelerometer,-0.63000005,18.793951,-1.3369501
1780861800376,Accelerometer,-0.015000001,19.89705,-0.54705
1780861800393,Accelerometer,-5.95695,15.954,-1.23195
1780861800412,Accelerometer,-13.576051,13.272,-0.252
1780861800432,Accelerometer,-21.10395,12.87705,-1.6720501
1780861800454,Accelerometer,-9.87195,15.549001,-0.13995
1780861800472,Accelerometer,-4.3219504,15.09195,-0.55905
1780861800493,Accelerometer,-11.25405,24.078001,-0.84405005
1780861800510,Accelerometer,16.660051,24.36,-1.2559501
1780861800529,Accelerometer,9.691051,8.3230505,-1.7389501
1780861800549,Accelerometer,-1.8390001,-2.9860501,0.74700004
1780861800576,Accelerometer,-5.5740004,2.355,-5.8690505
1780861800588,Accelerometer,-16.08,12.66705,-6.3100505
1780861800604,Accelerometer,-16.701,15.394051,5.5810504
1780861800630,Accelerometer,-10.341001,6.9160504,-5.46705
1780861800658,Accelerometer,-0.795,8.977051,-7.2289505
1780861800672,Accelerometer,6.6450005,12.03495,-3.9199502
1780861800677,Accelerometer,4.64295,9.774,4.0080004
1780861800704,Accelerometer,-1.72695,8.035951,-3.8490002
1780861800724,Accelerometer,-6.642,9.504001,-6.0420003
1780861800743,Accelerometer,-6.50295,9.49695,-2.16105
1780861800757,Accelerometer,-2.5410001,8.86005,-0.94005007
1780861800782,Accelerometer,0.90405005,9.99495,-2.9200501
1780861800809,Accelerometer,1.7869501,10.1980505,-3.8770502
1780861800820,Accelerometer,-0.79095006,9.84105,-4.4500504
1780861800837,Accelerometer,-3.4429502,9.43395,-2.60805
1780861800860,Accelerometer,-2.9239502,9.25695,-1.00695
1780861800879,Accelerometer,-1.2739501,9.813001,-0.26205
1780861800902,Accelerometer,0.26700002,9.670951,-2.87895
1780861800920,Accelerometer,0.27195,9.73095,-5.7520504
1780861800938,Accelerometer,0.36495003,10.167001,-3.8580003
1780861800957,Accelerometer,1.2220501,10.416,-2.84805
1780861800976,Accelerometer,1.3990501,11.344951,-4.5810003
1780861800996,Accelerometer,-0.60405004,11.259001,-4.05195
1780861801020,Accelerometer,-1.5690001,11.7310505,-2.4430501
1780861801040,Accelerometer,-0.75495005,12.288,-3.561
1780861801054,Accelerometer,-0.61605,13.071001,-4.35405
1780861801073,Accelerometer,-0.50805,14.439001,-4.4689503
1780861801093,Accelerometer,1.2529501,15.298051,-4.63395
1780861801112,Accelerometer,3.2209501,15.9210005,-5.46
1780861801135,Accelerometer,4.84905,18.63105,-8.0460005
1780861801153,Accelerometer,7.9429502,17.28495,-8.743051
1780861801170,Accelerometer,10.119,17.743052,-3.7840502
1780861801189,Accelerometer,3.3340502,17.017052,-1.0519501
1780861801209,Accelerometer,-7.1860504,11.026951,-6.73395
1780861801229,Accelerometer,-8.392051,6.98295,-5.26095
1780861801253,Accelerometer,-11.60805,7.5840006,4.566
1780861801273,Accelerometer,-3.3360002,4.5760503,-1.5790501
1780861801286,Accelerometer,4.59795,-0.33600003,-2.6490002
1780861801306,Accelerometer,5.0170503,-1.57605,-1.5120001
1780861801318,Accelerometer,1.6030501,1.33905,-1.6870501
1780861801345,Accelerometer,-2.28495,3.0630002,-1.05495
1780861801366,Accelerometer,-4.4610004,3.08205,0.96795005
1780861801386,Accelerometer,-2.6440501,3.693,-0.17295001
1780861801402,Accelerometer,-0.66795003,5.2060504,-1.4110501
1780861801423,Accelerometer,1.83,8.12205,-0.54495
1780861801442,Accelerometer,0.83400005,10.668,0.606
1780861801467,Accelerometer,-0.95595,13.998001,-3.3120003
1780861801486,Accelerometer,-4.67595,17.652,-3.5689502
1780861801504,Accelerometer,-5.151,18.16605,-0.97605
1780861801520,Accelerometer,-2.56995,18.87795,-1.6170001
1780861801540,Accelerometer,-1.7359501,19.18605,-4.02105
1780861801559,Accelerometer,-2.83995,19.16505,-2.81205
1780861801587,Accelerometer,-14.898001,12.363001,2.19105
1780861801599,Accelerometer,-22.51905,12.111001,-0.83400005
1780861801617,Accelerometer,-11.710951,13.909051,0.762
1780861801632,Accelerometer,-5.2969503,13.428,1.4080501
1780861801656,Accelerometer,-7.4659505,15.624001,-5.4030004
1780861801675,Accelerometer,6.9250503,23.368952,-7.4380503
1780861801699,Accelerometer,23.19,20.758951,9.451051
1780861801718,Accelerometer,-0.78795004,5.8980002,-0.030000001
1780861801733,Accelerometer,-10.887,-0.24495001,-4.059
1780861801753,Accelerometer,-14.325001,5.81895,-5.67105
1780861801773,Accelerometer,-16.54005,12.23295,4.293
1780861801783,Accelerometer,-5.6989503,11.60595,-3.2670002
1780861801816,Accelerometer,-2.56005,8.43795,-8.034
1780861801831,Accelerometer,3.0370502,10.31295,-6.3460503
1780861801850,Accelerometer,2.29905,10.465951,1.7770501
1780861801870,Accelerometer,-3.2209501,8.57505,-1.3590001
1780861801889,Accelerometer,-4.6789503,8.886001,-4.10505
1780861801909,Accelerometer,-2.73195,9.7890005,-3.2430003
1780861801932,Accelerometer,-0.51000005,9.583051,-2.3470502
1780861801951,Accelerometer,0.52305,9.669001,-2.18505
1780861801970,Accelerometer,0.23595001,9.537001,-3.8130002
1780861801986,Accelerometer,-0.53895,9.4800005,-4.63605
1780861802006,Accelerometer,-1.4440501,9.427051,-3.7339501
1780861802026,Accelerometer,-1.557,9.49695,-2.2090502
1780861802054,Accelerometer,-0.65595,10.066951,-1.4280001
1780861802066,Accelerometer,-0.91305006,9.942,-3.147
1780861802083,Accelerometer,-1.389,10.49505,-4.0470004
1780861802104,Accelerometer,-1.19505,9.834001,-3.8940003
1780861802120,Accelerometer,2.0770502,10.213051,-3.1230001
1780861802142,Accelerometer,3.6790502,11.307,-5.6730003
1780861802164,Accelerometer,1.284,11.494051,-4.8349504
1780861802182,Accelerometer,-2.2770002,11.532001,-2.532
1780861802201,Accelerometer,-2.253,12.71895,-3.83205
1780861802220,Accelerometer,0.35505003,14.211,-4.84005
1780861802238,Accelerometer,1.4929501,14.557951,-4.47795
1780861802264,Accelerometer,2.06205,14.692051,-4.0810504
1780861802286,Accelerometer,3.1900501,16.25805,-5.2759504
1780861802297,Accelerometer,4.5,17.77095,-8.49405
1780861802317,Accelerometer,7.96395,16.821001,-8.544001
1780861802336,Accelerometer,9.87495,16.82295,-2.8549502
1780861802355,Accelerometer,4.8970504,16.488,-1.8690001
1780861802379,Accelerometer,-6.2710505,10.96905,-3.1279502
1780861802398,Accelerometer,-11.28495,7.32495,-10.74705
1780861802414,Accelerometer,-11.15505,7.1929502,4.293
1780861802433,Accelerometer,-2.45895,3.3600001,0.19695
1780861802453,Accelerometer,4.50705,-1.164,-2.9959502
1780861802472,Accelerometer,6.0700502,-1.6999501,-1.5310501
1780861802498,Accelerometer,2.4810002,1.2049501,-1.8760501
1780861802520,Accelerometer,-1.506,2.67105,-1.69095
1780861802520,Accelerometer,-3.7450502,3.18495,-1.3470001
1780861802551,Accelerometer,-2.9190001,4.0090504,-0.24000001
1780861802570,Accelerometer,-1.4749501,5.49795,-1.19295
1780861802589,Accelerometer,1.0999501,8.93595,-1.488
1780861802601,Accelerometer,0.91995007,11.2879505,-0.102000006
1780861802628,Accelerometer,-1.4680501,14.161051,-3.6550503
1780861802649,Accelerometer,-3.6330001,18.018002,-3.9780002
1780861802667,Accelerometer,-4.67595,18.118952,-0.52500004
1780861802681,Accelerometer,-1.6210501,18.74805,-1.1839501
1780861802705,Accelerometer,0.13995,18.556952,-2.6560502
1780861802731,Accelerometer,-1.88505,17.841002,-2.6800501
1780861802751,Accelerometer,-12.73095,14.095951,-2.50095
1780861802761,Accelerometer,-27.838951,13.066951,1.5640501
1780861802783,Accelerometer,-10.83495,13.026001,-0.94905007
1780861802803,Accelerometer,-5.29395,10.50195,0.50100005
1780861802822,Accelerometer,-5.589,10.762951,-3.1930501
1780861802845,Accelerometer,-8.467051,18.28095,-5.73495
1780861802862,Accelerometer,35.523003,33.684002,-9.42
1780861802880,Accelerometer,3.9850502,11.982,9.823951
1780861802899,Accelerometer,-9.666,0.76995003,-4.203
1780861802919,Accelerometer,-12.634951,0.88005006,-0.43905002
1780861802939,Accelerometer,-19.28895,9.126,-4.11705
1780861802962,Accelerometer,-9.00105,14.865001,-0.48495004
1780861802983,Accelerometer,-3.7789502,9.396001,-8.002951
1780861802997,Accelerometer,0.01995,8.644051,-5.913
1780861803016,Accelerometer,1.0830001,10.342051,-0.70995003
1780861803036,Accelerometer,-3.903,9.37905,-0.726
1780861803065,Accelerometer,-5.565,8.75205,-2.4049501
1780861803077,Accelerometer,-3.35205,9.22095,-2.86905
1780861803094,Accelerometer,-1.9210501,9.4150505,-3.72705
1780861803114,Accelerometer,-1.16205,9.943951,-3.31695
1780861803133,Accelerometer,-0.88395005,9.481951,-3.20895
1780861803152,Accelerometer,-1.1659501,9.5779505,-1.8229501
1780861803177,Accelerometer,-1.5090001,8.89605,-3.4009502
1780861803194,Accelerometer,-1.3750501,9.48705,-2.6230502
1780861803215,Accelerometer,-0.79095006,9.537001,-2.7280502
1780861803230,Accelerometer,-1.40295,10.240951,-4.46595
1780861803244,Accelerometer,-3.73305,9.825001,-3.6480002
1780861803269,Accelerometer,-3.8860502,9.312,-2.022
1780861803300,Accelerometer,0.65505004,10.986,-3.6190503
1780861803309,Accelerometer,2.8930502,12.121051,-4.38495
1780861803326,Accelerometer,3.04395,11.733001,-4.6000504
1780861803347,Accelerometer,0.99000007,11.971951,-3.8920503
1780861803366,Accelerometer,-1.317,12.451051,-4.17705
1780861803385,Accelerometer,-1.4779501,13.354051,-5.1390004
1780861803410,Accelerometer,-0.05595,13.545001,-4.77495
1780861803425,Accelerometer,1.8370501,14.316001,-4.63605
1780861803443,Accelerometer,3.7720501,18.16395,-5.6590505
1780861803463,Accelerometer,5.30205,18.94905,-8.211
1780861803483,Accelerometer,11.041051,17.119951,-5.64195
1780861803502,Accelerometer,10.809001,19.11,-1.5499501
1780861803531,Accelerometer,0.102000006,15.25695,-2.9239502
1780861803542,Accelerometer,-6.56295,8.962951,-10.081051
1780861803560,Accelerometer,-10.846951,5.5200005,-5.2369504
1780861803580,Accelerometer,-14.766001,7.4380503,3.3280501
1780861803599,Accelerometer,-3.1729503,2.56995,-1.8730501
1780861803619,Accelerometer,5.32305,-0.3,-3.1690502
1780861803641,Accelerometer,5.7499504,-0.48600003,0.37605003
1780861803658,Accelerometer,1.7700001,2.50305,-1.42095
1780861803678,Accelerometer,-2.39205,3.4320002,-1.6099501
1780861803696,Accelerometer,-3.9060001,3.6450002,-1.12905
1780861803715,Accelerometer,-3.42705,6.0390005,-2.1030002
1780861803736,Accelerometer,-1.36995,7.938,-2.058
1780861803761,Accelerometer,-0.62805,9.48495,-0.58005005
1780861803774,Accelerometer,-1.50405,11.70705,-4.38495
1780861803793,Accelerometer,-2.397,15.010951,-3.3820503
1780861803808,Accelerometer,-4.09905,16.22895,-1.24395
1780861803832,Accelerometer,-2.9209502,17.178001,-1.31295
1780861803852,Accelerometer,-2.9620502,17.077051,-1.6990501
1780861803873,Accelerometer,-2.9929502,18.667051,-3.0630002
1780861803890,Accelerometer,-4.42695,17.97195,-5.5849504
1780861803910,Accelerometer,-16.25805,13.516951,1.3909501
1780861803929,Accelerometer,-19.80105,12.075001,-0.28395
1780861803949,Accelerometer,-11.088,13.122001,-0.079950005
1780861803963,Accelerometer,-7.6120505,12.196951,-0.73605
1780861803991,Accelerometer,-8.851951,9.1039505,0.33600003
1780861804007,Accelerometer,-14.572051,9.754951,-3.52095
1780861804027,Accelerometer,-2.3160002,12.885,-0.24795002
1780861804044,Accelerometer,44.230953,32.022003,3.25395
1780861804065,Accelerometer,9.351001,15.102001,-2.4139502
1780861804088,Accelerometer,-9.75195,2.39505,-13.066951
1780861804106,Accelerometer,-18.513,-0.77895004,1.40295
1780861804124,Accelerometer,-17.734951,6.91305,-0.633
1780861804143,Accelerometer,-8.16495,13.708051,-0.68100005
1780861804162,Accelerometer,-3.1060503,10.383,-6.5659504
1780861804182,Accelerometer,2.661,9.549001,-6.3289504
1780861804208,Accelerometer,3.3960001,10.36305,3.4360502
1780861804226,Accelerometer,-1.9810501,9.43395,-1.6890001
1780861804240,Accelerometer,-5.2320004,8.93595,-3.2910001
1780861804260,Accelerometer,-4.368,9.159,-3.13995
1780861804280,Accelerometer,-1.02495,9.73095,-3.9469502
1780861804299,Accelerometer,0.82695,10.071,-3.8490002
1780861804322,Accelerometer,0.19995001,9.540001,-3.31695
1780861804341,Accelerometer,-0.87000006,9.448951,-3.1230001
1780861804357,Accelerometer,-1.0870501,9.303,-3.0970502
1780861804376,Accelerometer,-1.5259501,9.576,-2.391
1780861804396,Accelerometer,-0.75000006,9.931951,-1.4419501
1780861804415,Accelerometer,0.003,10.356001,-2.91195
1780861804440,Accelerometer,-1.16205,10.63395,-4.61205
1780861804460,Accelerometer,-2.0020502,10.629001,-2.8330503
1780861804473,Accelerometer,0.15705001,10.17405,-1.5840001
1780861804493,Accelerometer,3.0610502,11.2560005,-5.058
1780861804512,Accelerometer,2.46195,12.013051,-5.21295
1780861804524,Accelerometer,-1.84395,11.57295,-2.90805
1780861804552,Accelerometer,-2.637,12.328951,-3.5449502
1780861804571,Accelerometer,-1.2930001,12.894001,-4.098
1780861804591,Accelerometer,0.89400005,12.649951,-2.97705
1780861804609,Accelerometer,1.33905,12.814951,-3.2910001
1780861804629,Accelerometer,0.64500004,15.588,-5.2450504
1780861804649,Accelerometer,1.179,16.55505,-7.1959505
1780861804674,Accelerometer,5.2710004,16.13595,-7.26105
1780861804693,Accelerometer,10.842001,17.58,-5.556
1780861804707,Accelerometer,6.89895,18.195002,-2.223
1780861804726,Accelerometer,0.324,13.93605,-4.8570004
1780861804746,Accelerometer,-4.3320003,9.09405,-7.5409503
1780861804775,Accelerometer,-12.61095,6.7960505,-4.8300004
1780861804785,Accelerometer,-16.31505,7.3420506,1.60905
1780861804803,Accelerometer,-2.84205,2.52705,-2.53905
1780861804824,Accelerometer,7.0950003,-0.558,-3.20895
1780861804842,Accelerometer,9.02295,-0.61800003,0.79800004
1780861804862,Accelerometer,3.0970502,2.3689501,-1.12905
1780861804887,Accelerometer,-1.2910501,3.7819502,-1.15695
1780861804905,Accelerometer,-4.07595,3.8530502,-0.19500001
1780861804921,Accelerometer,-3.798,4.30305,-1.53795
1780861804940,Accelerometer,-0.75705004,6.1470003,-1.746
1780861804959,Accelerometer,1.11,9.460951,0.29505002
1780861804979,Accelerometer,0.0010500001,12.340951,-2.1769502
1780861805007,Accelerometer,-1.9570501,16.69605,-6.432
1780861805017,Accelerometer,-5.565,18.54,-3.07995
1780861805037,Accelerometer,-5.5410004,18.616951,-0.45600003
1780861805057,Accelerometer,-3.7909503,18.47505,-2.9149501
1780861805076,Accelerometer,-2.802,17.82195,-3.3360002
1780861805090,Accelerometer,-5.3490005,15.303,-1.24395
1780861805115,Accelerometer,-12.658951,12.8890505,-1.12605
1780861805138,Accelerometer,-17.851952,14.25195,0.34305
1780861805159,Accelerometer,-8.31795,12.796051,-0.44595003
1780861805166,Accelerometer,-4.87305,11.14605,-0.59505004
1780861805192,Accelerometer,-7.7629504,11.7619505,-3.7069502
1780861805212,Accelerometer,-6.1969504,13.902,-0.633
1780861805241,Accelerometer,22.407001,20.671051,-5.47905
1780861805250,Accelerometer,14.805,16.765951,5.9740505
1780861805270,Accelerometer,-4.401,7.7149506,-4.9549503
1780861805290,Accelerometer,-12.08895,3.70005,-3.5089502
1780861805309,Accelerometer,-17.43795,6.3820505,0.822
1780861805326,Accelerometer,-9.280951,11.889001,-1.58595
1780861805351,Accelerometer,-3.2760003,10.5720005,-3.9490502
1780861805370,Accelerometer,-0.45495003,8.773951,-6.11805
1780861805387,Accelerometer,3.1690502,10.213051,-2.2110002
1780861805406,Accelerometer,-0.81405,10.057051,0.34005
1780861805425,Accelerometer,-3.7090502,8.886001,-2.673
1780861805445,Accelerometer,-4.15905,9.19305,-2.877
1780861805472,Accelerometer,-3.0870001,9.71205,-2.11995
1780861805484,Accelerometer,-0.57000005,9.67905,-1.9090501
1780861805503,Accelerometer,0.38595003,9.754951,-2.7589502
1780861805523,Accelerometer,-0.54195005,9.979951,-3.111
1780861805542,Accelerometer,-2.0359502,9.612,-3.4369502
1780861805566,Accelerometer,-2.40405,9.37695,-2.1460502
1780861805585,Accelerometer,-1.2019501,9.316951,-0.40095
1780861805601,Accelerometer,0.09195001,9.589951,-2.8290002
1780861805621,Accelerometer,-0.63495004,10.46895,-4.5810003
1780861805639,Accelerometer,-2.6440501,10.31295,-4.6320004
1780861805658,Accelerometer,-2.09295,10.17405,-2.6520002
1780861805684,Accelerometer,1.6200001,10.960051,-3.2740502
1780861805706,Accelerometer,2.9170501,11.862,-4.82805
1780861805717,Accelerometer,1.3270501,11.932051,-3.1660502
1780861805737,Accelerometer,-1.6500001,11.776051,-1.9210501
1780861805757,Accelerometer,-1.4389501,13.05,-4.407
1780861805775,Accelerometer,-0.9289501,13.431001,-5.3040004
1780861805799,Accelerometer,-0.003,12.955951,-3.8610003
1780861805806,Accelerometer,0.97095007,14.734951,-3.6520503
1780861805833,Accelerometer,2.39805,16.85205,-6.33195
1780861805852,Accelerometer,5.0170503,16.845001,-8.721001
1780861805872,Accelerometer,10.155001,15.583051,-6.94005
1780861805887,Accelerometer,8.283,16.974,-2.53905
1780861805911,Accelerometer,-1.2049501,15.820051,-4.1860504
1780861805937,Accelerometer,-6.9199505,10.276951,-9.126
1780861805950,Accelerometer,-10.080001,7.6410003,-4.51695
1780861805966,Accelerometer,-11.067,7.8640504,4.7629504
1780861805989,Accelerometer,-2.1049502,3.6469502,-1.8250501
1780861806009,Accelerometer,4.7700005,-1.176,-1.58595
1780861806030,Accelerometer,5.38605,-1.6140001,-1.0639501
1780861806048,Accelerometer,-0.192,1.557,-2.19705
1780861806067,Accelerometer,-3.0319502,3.32205,-1.452
1780861806086,Accelerometer,-4.5420003,3.6070502,0.45495003
1780861806105,Accelerometer,-3.417,4.07805,0.058050003
1780861806125,Accelerometer,-0.573,5.6950502,-1.5670501
1780861806150,Accelerometer,1.5619501,8.335051,-0.76500005
1780861806169,Accelerometer,0.25005,11.0119505,-0.67395
1780861806183,Accelerometer,-1.9759501,14.6970005,-4.57695
1780861806203,Accelerometer,-4.3170004,17.982,-3.6760502
1780861806223,Accelerometer,-5.2920003,17.865002,-0.30705002
1780861806242,Accelerometer,-1.7200501,17.769001,-1.1770501
1780861806263,Accelerometer,-0.58905005,17.455051,-2.2680001
1780861806282,Accelerometer,-1.96395,18.38895,-3.7030501
1780861806297,Accelerometer,-8.8279505,16.593,-2.4550502
1780861806320,Accelerometer,-21.160952,12.85305,0.45495003
1780861806339,Accelerometer,-16.320002,12.741,0.04095
1780861806363,Accelerometer,-7.9489503,13.77795,-0.34605002
1780861806368,Accelerometer,-7.07805,12.411,0.67305005
1780861806397,Accelerometer,-8.26305,13.368001,-1.11705
1780861806417,Accelerometer,8.2900505,12.315001,3.18195
1780861806436,Accelerometer,31.515001,20.56995,-1.11405
1780861806448,Accelerometer,2.73495,10.396951,-2.3710501
1780861806480,Accelerometer,-7.6810503,5.6659503,-8.22795
1780861806496,Accelerometer,-16.887001,4.42995,-2.32095
1780861806513,Accelerometer,-16.473001,9.42195,-1.38495
1780861806528,Accelerometer,-5.99805,11.934001,-1.2750001
1780861806552,Accelerometer,0.351,9.4129505,-2.90295
1780861806572,Accelerometer,4.2720003,9.612,-4.833
1780861806596,Accelerometer,2.8840501,9.715051,-0.07305
1780861806615,Accelerometer,-2.9650502,9.324,-2.66595
1780861806634,Accelerometer,-6.3840003,9.130051,-3.66405
1780861806650,Accelerometer,-5.5410004,9.196951,-2.9890501
1780861806669,Accelerometer,-1.7479501,9.351001,-2.7810001
1780861806689,Accelerometer,0.53205,10.035001,-2.6419501
1780861806720,Accelerometer,0.62295,9.98295,-2.3500502
1780861806728,Accelerometer,-0.44595003,9.51105,-3.0970502
1780861806746,Accelerometer,-1.1539501,9.481951,-3.90405
1780861806766,Accelerometer,-0.01695,9.559051,-3.59505
1780861806785,Accelerometer,0.264,9.556951,-2.5530002
1780861806805,Accelerometer,-0.94095004,9.348001,-2.601
1780861806829,Accelerometer,-1.7050501,10.16895,-3.79395
1780861806847,Accelerometer,-2.019,10.17405,-2.7949502
1780861806864,Accelerometer,-1.1400001,10.20495,-2.6200502
1780861806883,Accelerometer,0.39105,10.552951,-3.82695
1780861806902,Accelerometer,1.50195,11.002951,-4.7470503
1780861806923,Accelerometer,1.0690501,11.830951,-5.0599504
1780861806952,Accelerometer,-0.71400005,12.36705,-4.36305
1780861806961,Accelerometer,-1.29795,12.826951,-4.395
1780861806980,Accelerometer,-0.47205,12.95205,-4.03305
1780861807000,Accelerometer,0.61395,13.46895,-3.897
1780861807015,Accelerometer,0.89400005,14.379001,-4.3390503
1780861807039,Accelerometer,1.42095,15.442051,-5.616
1780861807061,Accelerometer,3.20895,16.569,-7.51905
1780861807079,Accelerometer,7.07805,16.885052,-7.9429502
1780861807098,Accelerometer,10.17195,16.263,-1.69605
1780861807116,Accelerometer,1.6030501,17.688002,-4.0810504
1780861807135,Accelerometer,-4.69995,13.227,-7.656
1780861807156,Accelerometer,-5.2060504,8.44995,-8.20395
1780861807182,Accelerometer,-8.064,8.72595,6.8359504
1780861807194,Accelerometer,-3.7159503,6.267,0.16305001
1780861807213,Accelerometer,3.04905,0.753,-2.47005
1780861807236,Accelerometer,5.1769505,-1.6669501,-1.4059501
1780861807249,Accelerometer,1.2079501,0.41805002,-1.65495
1780861807272,Accelerometer,-2.3830502,2.5510502,-2.81205
1780861807294,Accelerometer,-4.7650504,2.8960502,-1.1380501
1780861807310,Accelerometer,-4.8250504,2.9149501,0.19005
1780861807330,Accelerometer,-2.538,4.20795,-0.99495006
1780861807349,Accelerometer,-0.46305,6.6589503,-2.0670002
1780861807369,Accelerometer,2.505,9.595051,-0.022950001
1780861807395,Accelerometer,0.70500004,12.340951,-1.593
1780861807416,Accelerometer,-1.5690001,16.615051,-4.9620004
1780861807426,Accelerometer,-3.7429502,19.572,-3.48705
1780861807446,Accelerometer,-3.0960002,19.218,-1.026
1780861807466,Accelerometer,-2.2440002,18.007952,-1.8589501
1780861807485,Accelerometer,-2.1430502,17.88105,-3.0940502
1780861807510,Accelerometer,-6.1369505,17.39295,-3.9949503
1780861807528,Accelerometer,-19.46595,12.940051,0.14400001
1780861807544,Accelerometer,-18.550951,13.63395,0.846
1780861807563,Accelerometer,-8.019,13.56,0.010050001
1780861807582,Accelerometer,-6.1800003,13.69095,1.1329501
1780861807602,Accelerometer,-7.8490505,12.20505,-3.48495
1780861807627,Accelerometer,9.121051,17.31195,-6.2190003
1780861807648,Accelerometer,25.62,21.41295,5.68905
1780861807661,Accelerometer,0.18795002,9.525001,-1.31295
1780861807680,Accelerometer,-9.0720005,4.8180003,-6.2719502
1780861807699,Accelerometer,-15.939001,4.9279504,-1.0189501
1780861807719,Accelerometer,-12.99705,11.75895,-1.81095
1780861807731,Accelerometer,-4.9950004,10.861051,-3.7390501
1780861807758,Accelerometer,-0.537,8.637,-5.8980002
1780861807777,Accelerometer,3.42705,10.090051,-3.10905
1780861807797,Accelerometer,-0.36,9.97605,-0.14895001
1780861807811,Accelerometer,-4.32705,8.853001,-2.292
1780861807835,Accelerometer,-5.0670004,9.0709505,-2.87205
1780861807858,Accelerometer,-3.0630002,9.252001,-3.21195
1780861807879,Accelerometer,-0.48405004,9.537001,-3.15405
1780861807893,Accelerometer,-0.16305001,9.63105,-3.387
1780861807913,Accelerometer,-0.46305,9.576,-2.83095
1780861807941,Accelerometer,-0.72105,9.5779505,-3.2599502
1780861807956,Accelerometer,-0.59400004,9.640051,-3.4080002
1780861807973,Accelerometer,-0.58005005,9.262051,-2.118
1780861807990,Accelerometer,-0.252,9.475051,-2.7810001
1780861808010,Accelerometer,-0.64395005,10.035001,-4.3440003
1780861808029,Accelerometer,-0.92205006,9.87705,-4.50705
1780861808049,Accelerometer,0.25005,9.339001,-3.4440002
1780861808075,Accelerometer,1.605,10.074,-3.9420002
1780861808092,Accelerometer,2.0770502,10.984051,-4.82805
1780861808111,Accelerometer,0.08205,10.13805,-4.0399504
1780861808127,Accelerometer,-1.2360001,10.861051,-4.05
1780861808146,Accelerometer,-1.53795,12.03495,-5.0149503
1780861808165,Accelerometer,-0.83100003,12.664051,-5.01195
1780861808194,Accelerometer,0.20400001,12.880051,-3.8749502
1780861808206,Accelerometer,0.432,13.6390505,-3.17805
1780861808223,Accelerometer,0.36,15.564001,-3.4780502
1780861808243,Accelerometer,1.794,16.507051,-4.6750503
1780861808262,Accelerometer,3.2400002,17.54895,-6.5950503
1780861808282,Accelerometer,6.3460503,17.42205,-7.8640504
1780861808292,Accelerometer,11.139001,16.702951,-5.355
1780861808321,Accelerometer,5.95305,17.57295,-1.8060001
1780861808346,Accelerometer,-2.4760501,13.17405,-5.4820504
1780861808360,Accelerometer,-5.71605,8.89605,-6.3460503
1780861808373,Accelerometer,-12.601951,7.215,-3.15
1780861808399,Accelerometer,-11.79195,5.5870504,0.58695
1780861808430,Accelerometer,-1.14705,0.73800004,-1.2720001
1780861808438,Accelerometer,5.77395,-2.1030002,-0.73095006
1780861808452,Accelerometer,6.24795,-0.90795004,0.69705003
1780861808477,Accelerometer,0.37395,1.5600001,-1.5120001
1780861808496,Accelerometer,-2.18595,2.1700501,-1.38705
1780861808515,Accelerometer,-3.0889502,2.77395,-1.5960001
1780861808539,Accelerometer,-2.66295,3.8490002,-2.01705
1780861808556,Accelerometer,-0.41505003,6.4129505,-2.838
1780861808575,Accelerometer,1.35105,10.47795,-1.3560001
1780861808593,Accelerometer,-0.16605,12.504001,-0.86100006
1780861808612,Accelerometer,-1.5810001,16.419,-5.4910502
1780861808632,Accelerometer,-4.46805,19.668001,-4.74195
1780861808660,Accelerometer,-3.7759502,19.84695,-3.2400002
1780861808672,Accelerometer,-2.70795,19.155,-4.3780503
1780861808690,Accelerometer,-3.2730002,16.878,-3.4440002
1780861808710,Accelerometer,-7.8919506,15.23805,-1.5480001
1780861808729,Accelerometer,-17.04795,13.720051,0.59205
1780861808748,Accelerometer,-14.385,12.70695,0.34005
1780861808771,Accelerometer,-6.57495,13.591051,0.36405003
1780861808790,Accelerometer,-4.2670503,13.258051,0.35205
1780861808807,Accelerometer,-7.12095,13.087951,-3.3700502
1780861808826,Accelerometer,-0.01995,17.323952,-5.307
1780861808845,Accelerometer,20.961,21.739052,3.9529502
1780861808872,Accelerometer,1.9879501,7.8420005,-0.279
1780861808897,Accelerometer,-5.58195,2.67105,-5.7070503
1780861808903,Accelerometer,-11.433001,5.52495,-2.0029502
1780861808923,Accelerometer,-13.762951,11.425951,-0.44205
1780861808935,Accelerometer,-5.1670504,13.02105,1.30305
1780861808962,Accelerometer,-3.8530502,7.87305,-6.1969504
1780861808986,Accelerometer,0.13995,9.825001,-5.22795
1780861809004,Accelerometer,1.4809501,10.876051,0.22800002
1780861809020,Accelerometer,-3.96795,9.078,-0.92505
1780861809041,Accelerometer,-6.5179505,8.347051,-4.41795
1780861809059,Accelerometer,-4.7080503,9.47295,-3.9130502
1780861809078,Accelerometer,-1.41495,9.468,-3.0250502
1780861809093,Accelerometer,0.13995,9.901051,-3.04395
1780861809121,Accelerometer,0.07305,10.14795,-3.1570501
1780861809136,Accelerometer,-1.11405,9.82695,-3.2209501
1780861809156,Accelerometer,-1.6519501,9.50895,-3.315
1780861809173,Accelerometer,-1.26495,9.50895,-2.73495
1780861809195,Accelerometer,0.3,9.111,-2.1390002
1780861809219,Accelerometer,-0.048,9.375,-2.733
1780861809238,Accelerometer,-1.9609501,9.406051,-4.04295
1780861809253,Accelerometer,-3.5370002,9.456,-2.4139502
1780861809273,Accelerometer,-2.6149502,9.67605,-2.8860002
1780861809292,Accelerometer,-0.393,10.504951,-3.8730001
1780861809312,Accelerometer,0.492,10.41405,-3.8530502
1780861809336,Accelerometer,1.4449501,11.10105,-5.2759504
1780861809356,Accelerometer,1.062,12.066001,-4.893
1780861809370,Accelerometer,-1.023,12.307951,-2.8260002
1780861809390,Accelerometer,-1.365,12.909,-2.9959502
1780861809409,Accelerometer,-0.522,12.849001,-4.3830004
1780861809428,Accelerometer,0.22095,12.868051,-4.6410003
1780861809451,Accelerometer,0.07305,14.199,-5.5339503
1780861809468,Accelerometer,0.55605,16.344,-7.3489504
1780861809487,Accelerometer,4.4500504,17.08695,-8.27805
1780861809506,Accelerometer,11.017051,16.701,-7.22205
1780861809525,Accelerometer,12.066001,17.913,-2.23005
1780861809545,Accelerometer,1.38705,16.23405,-0.84900004
1780861809569,Accelerometer,-4.43505,12.70005,-9.660001
1780861809590,Accelerometer,-7.7460003,8.01,-6.74805
1780861809603,Accelerometer,-10.39395,8.629951,3.4740002
1780861809622,Accelerometer,-6.4360504,5.4360003,-0.62100005
1780861809649,Accelerometer,1.248,1.2199501,-1.914
1780861809654,Accelerometer,3.8580003,-0.40695003,-2.1649501
1780861809681,Accelerometer,1.296,1.27995,-1.55295
1780861809700,Accelerometer,-2.3850002,2.6560502,-1.1359501
1780861809720,Accelerometer,-4.617,2.8600502,-0.55200005
1780861809736,Accelerometer,-3.0199502,3.8610003,-0.92805004
1780861809759,Accelerometer,-1.45605,5.17995,-1.5840001
1780861809783,Accelerometer,0.96300006,8.11305,-2.1010501
1780861809801,Accelerometer,1.794,10.038,-1.0189501
1780861809819,Accelerometer,-0.9799501,12.669001,-3.6070502
1780861809836,Accelerometer,-4.0350003,17.319,-5.1220503
1780861809847,Accelerometer,-6.8910003,17.563051,-0.91305006
1780861809875,Accelerometer,-5.0809503,17.034,-0.066
1780861809906,Accelerometer,-4.2340503,17.826,-2.601
1780861809915,Accelerometer,-3.0630002,18.44205,-2.9239502
1780861809933,Accelerometer,-6.6570005,15.601951,-2.01195
1780861809953,Accelerometer,-15.120001,13.213051,-1.3750501
1780861809972,Accelerometer,-18.243,12.394051,0.77400005
1780861809992,Accelerometer,-9.52305,12.814951,-0.36
1780861810006,Accelerometer,-6.6610503,13.119,-0.40800002
1780861810031,Accelerometer,-9.534,11.29695,-5.5290003
1780861810056,Accelerometer,-4.5880504,14.070001,-1.31805
1780861810070,Accelerometer,27.346052,23.070002,-1.7490001
1780861810089,Accelerometer,10.504951,12.504001,7.8940506
1780861810109,Accelerometer,-3.6330001,7.9480505,-10.620001
1780861810138,Accelerometer,-11.814,6.1540504,-8.61795
1780861810147,Accelerometer,-18.535051,5.802,2.8540502
1780861810166,Accelerometer,-7.9159503,11.314051,-1.38495
1780861810187,Accelerometer,-3.4510503,10.440001,-4.0350003
1780861810205,Accelerometer,0.72195005,8.93595,-6.6139503
1780861810214,Accelerometer,5.2590003,10.219951,-1.93305
1780861810245,Accelerometer,0.24795002,10.030951,0.45495003
1780861810266,Accelerometer,-3.3790503,9.018001,-2.7499502
1780861810286,Accelerometer,-3.97305,9.139951,-3.55695
1780861810296,Accelerometer,-2.42595,9.540001,-4.00395
1780861810322,Accelerometer,-0.54195005,9.58005,-3.8080502
1780861810342,Accelerometer,-0.29295,9.8869505,-3.0030003
1780861810370,Accelerometer,-1.31505,9.660001,-2.45295
1780861810381,Accelerometer,-1.2220501,9.31005,-2.7930002
1780861810400,Accelerometer,-0.71205,9.736051,-2.60595
1780861810419,Accelerometer,-0.16305001,9.609,-2.90805
1780861810439,Accelerometer,-0.80295,9.715051,-2.49105
1780861810463,Accelerometer,-2.39205,9.858001,-2.9509501
1780861810481,Accelerometer,-2.8279502,10.33695,-3.075
1780861810497,Accelerometer,-1.8559501,10.41405,-2.8330503
1780861810516,Accelerometer,-0.60405004,10.620001,-2.90805
1780861810536,Accelerometer,0.22800002,10.905001,-3.7789502
1780861810555,Accelerometer,0.14505,11.6320505,-4.0230002
1780861810581,Accelerometer,0.40995002,11.865001,-2.5459502
1780861810601,Accelerometer,0.48900002,12.21195,-1.914
1780861810613,Accelerometer,1.34895,12.52095,-3.2070003
1780861810633,Accelerometer,0.67605,12.631051,-4.56705
1780861810653,Accelerometer,-1.19805,12.36705,-5.0290504
1780861810672,Accelerometer,-1.794,13.500001,-5.2519503
1780861810695,Accelerometer,1.0159501,16.087952,-6.6259503
1780861810713,Accelerometer,5.0170503,17.52,-9.007951
1780861810731,Accelerometer,11.188951,17.292002,-7.083
1780861810749,Accelerometer,12.949051,16.549952,-0.72195005
1780861810769,Accelerometer,-1.128,18.142052,-3.3270001
1780861810788,Accelerometer,-8.566951,12.745951,-10.63605
1780861810814,Accelerometer,-8.610001,7.7539506,-6.8920503
1780861810833,Accelerometer,-10.044001,10.323001,5.04495
1780861810846,Accelerometer,-5.02395,5.58405,-0.12795001
1780861810866,Accelerometer,1.1550001,0.54405004,-2.565
1780861810886,Accelerometer,4.1410503,-0.26595002,-1.215
1780861810905,Accelerometer,1.8349501,1.9159501,0.003
1780861810926,Accelerometer,-2.7229502,3.252,-0.58995
1780861810936,Accelerometer,-5.3179502,4.215,-0.015000001
1780861810964,Accelerometer,-3.3760502,5.50995,0.13695
1780861810985,Accelerometer,-2.7469501,6.9540005,-0.231
1780861811001,Accelerometer,-1.0489501,9.501,0.71595
1780861811017,Accelerometer,-0.93195003,11.91705,-1.54305
1780861811041,Accelerometer,-3.0199502,14.08695,-1.44
1780861811068,Accelerometer,-2.9620502,14.922001,2.598
1780861811080,Accelerometer,-0.57000005,16.773,1.3410001
1780861811097,Accelerometer,-0.05595,17.532001,-1.2940501
1780861811119,Accelerometer,-4.5930004,16.885052,-2.80695
1780861811129,Accelerometer,-11.64105,16.765951,-3.2380502
1780861811158,Accelerometer,-19.858952,13.366051,3.0600002
1780861811167,Accelerometer,-12.754951,10.9140005,-1.00905
1780861811197,Accelerometer,-8.19795,10.864051,-0.40995002
1780861811218,Accelerometer,-8.62695,10.584001,-1.572
1780861811235,Accelerometer,-10.533001,9.34095,-2.1750002
1780861811255,Accelerometer,-13.531051,7.866,-5.9599504
1780861811280,Accelerometer,-8.38305,15.229051,-7.8019505
1780861811299,Accelerometer,21.099,26.15595,-9.966001
1780861811313,Accelerometer,9.868051,7.9210505,10.899
1780861811332,Accelerometer,-3.5059502,5.0290504,-2.391
1780861811353,Accelerometer,-7.54995,7.6390505,0.22995001
1780861811381,Accelerometer,-4.8130503,10.31595,-3.1879501
1780861811393,Accelerometer,-2.8279502,11.484,-5.34495
1780861811410,Accelerometer,-1.245,9.934951,-3.8149502
1780861811430,Accelerometer,1.11,8.44095,-2.1370502
1780861811449,Accelerometer,-1.1020501,9.640051,-2.091
1780861811469,Accelerometer,-2.2060502,10.110001,-0.873
1780861811492,Accelerometer,-2.433,9.49695,-2.74005
1780861811498,Accelerometer,-2.4550502,9.4129505,-3.2329502
1780861811526,Accelerometer,-1.1880001,9.241051,-2.8980002
1780861811547,Accelerometer,-0.45795003,9.64305,-3.6910503
1780861811565,Accelerometer,-0.33105,9.79395,-3.6910503
1780861811577,Accelerometer,-1.092,9.5130005,-3.147
1780861811608,Accelerometer,-0.88395005,9.96405,-2.63505
1780861811625,Accelerometer,0.31695002,9.786,-2.59395
1780861811643,Accelerometer,0.80100006,9.589951,-2.628
1780861811658,Accelerometer,-0.56805,9.901051,-2.94405
1780861811682,Accelerometer,-2.19405,9.717,-2.6950502
1780861811702,Accelerometer,-1.2570001,9.916051,-3.2599502
1780861811725,Accelerometer,-0.20895001,10.371,-3.0660002
1780861811743,Accelerometer,-0.34800002,10.356001,-2.9910002
1780861811760,Accelerometer,0.18300001,9.861,-1.3369501
1780861811779,Accelerometer,-0.78795004,9.777,-2.328
1780861811799,Accelerometer,0.22395001,10.813951,-4.8949504
1780861811819,Accelerometer,0.54195005,10.902,-4.14795
1780861811847,Accelerometer,-0.072000004,11.545951,-3.18495
1780861811847,Accelerometer,-1.64295,11.89305,-4.0690503
1780861811876,Accelerometer,-2.1460502,12.70005,-4.9999504
1780861811896,Accelerometer,-1.12605,13.897051,-4.21995
1780861811915,Accelerometer,1.2270001,14.271001,-3.4390502
1780861811930,Accelerometer,1.6819501,13.207951,-3.7390501
1780861811954,Accelerometer,1.6840501,15.24495,-5.4859505
1780861811974,Accelerometer,1.1329501,16.668001,-10.012051
1780861811995,Accelerometer,6.492,16.99605,-9.01305
1780861812013,Accelerometer,11.200951,17.901001,-2.2470002
1780861812032,Accelerometer,4.25595,17.283,0.16995001
1780861812052,Accelerometer,-1.9039501,14.188951,-5.1220503
1780861812080,Accelerometer,-4.41795,9.118051,-7.1410503
1780861812092,Accelerometer,-10.83195,8.946,-2.3830502
1780861812110,Accelerometer,-10.474951,7.51905,0.67305005
1780861812129,Accelerometer,-1.1899501,2.9200501,-0.48705003
1780861812148,Accelerometer,4.17705,0.6,-0.91800004
1780861812173,Accelerometer,4.07595,1.19295,0.64005005
1780861812191,Accelerometer,-1.3960501,2.43105,-0.76005006
1780861812207,Accelerometer,-3.9919503,2.7949502,-0.94395006
1780861812226,Accelerometer,-3.66405,2.733,-0.35805002
1780861812246,Accelerometer,-2.0740502,3.2910001,-1.14795
1780861812265,Accelerometer,-0.609,5.28,-2.058
1780861812291,Accelerometer,-0.30705002,7.4059505,-1.011
1780861812312,Accelerometer,-2.04795,8.73495,-0.73095006
1780861812323,Accelerometer,-3.11505,11.515051,-4.8370504
1780861812343,Accelerometer,-3.1369503,15.031951,-3.2760003
1780861812362,Accelerometer,-2.69895,16.46595,-1.55505
1780861812379,Accelerometer,-1.116,18.171001,-1.65495
1780861812401,Accelerometer,-1.7910001,16.918951,-0.81705004
1780861812425,Accelerometer,-2.706,15.571051,0.42705002
1780861812440,Accelerometer,-4.34595,15.0730505,-0.042000003
1780861812459,Accelerometer,-8.866051,12.892051,-2.769
1780861812479,Accelerometer,-13.5070505,12.636001,-3.7720501
1780861812498,Accelerometer,-14.22,11.568001,-2.802
1780861812525,Accelerometer,-10.99695,11.199,-4.155
1780861812528,Accelerometer,-9.585,10.858951,-2.367
1780861812557,Accelerometer,-13.911,11.191951,-5.7619505
1780861812576,Accelerometer,5.7619505,10.846951,-5.0410504
1780861812596,Accelerometer,46.58895,18.976051,16.660051
1780861812615,Accelerometer,7.8300004,15.241051,-1.86405
1780861812638,Accelerometer,-7.7790003,8.85495,-3.62595
1780861812656,Accelerometer,-11.866951,2.706,-7.1140504
1780861812673,Accelerometer,-11.23005,5.043,-0.17805001
1780861812692,Accelerometer,-9.05595,12.612,-6.537
1780861812712,Accelerometer,-3.31905,12.645,-3.6019502
1780861812732,Accelerometer,-0.24000001,7.7370005,-3.7909503
1780861812756,Accelerometer,1.3780501,8.78295,1.7149501
1780861812775,Accelerometer,0.094050005,10.384951,0.096
1780861812789,Accelerometer,-2.253,9.766951,-1.797
1780861812809,Accelerometer,-4.90395,8.841001,-3.31995
1780861812829,Accelerometer,-4.01595,9.18795,-3.0250502
1780861812848,Accelerometer,-1.9110001,9.5130005,-3.7770002
1780861812860,Accelerometer,-0.75000006,9.69495,-3.90405
1780861812887,Accelerometer,-1.1710501,9.703051,-3.2620502
1780861812906,Accelerometer,-1.2529501,9.66195,-2.292
1780861812926,Accelerometer,-0.67800003,9.607051,-1.9950001
1780861812940,Accelerometer,0.23295002,9.68595,-3.0970502
1780861812965,Accelerometer,0.40305,9.613951,-3.561
1780861812988,Accelerometer,-1.5109501,9.669001,-3.0180001
1780861813008,Accelerometer,-2.8930502,9.65505,-3.45405
1780861813020,Accelerometer,-2.39505,10.086,-3.3960001
1780861813042,Accelerometer,-0.28500003,10.13805,-4.11705
1780861813063,Accelerometer,1.57605,10.27995,-3.183
1780861813092,Accelerometer,1.81605,10.681951,-3.5350502
1780861813102,Accelerometer,-0.27795002,10.95495,-4.8349504
1780861813119,Accelerometer,-1.9230001,11.757001,-5.02395
1780861813136,Accelerometer,-1.3920001,12.328951,-4.347
1780861813159,Accelerometer,-0.20400001,12.729001,-4.12605
1780861813178,Accelerometer,0.29505002,13.078951,-3.3310502
1780861813202,Accelerometer,0.24495001,14.604001,-2.8890002
1780861813208,Accelerometer,1.473,15.99705,-4.1670003
1780861813237,Accelerometer,3.0990002,17.84295,-7.5379505
1780861813256,Accelerometer,5.637,17.565,-9.739051
1780861813275,Accelerometer,9.703051,17.067001,-4.5259504
1780861813296,Accelerometer,5.058,17.877,-2.08605
1780861813325,Accelerometer,-2.31795,13.2630005,-3.97305
1780861813335,Accelerometer,-7.3510504,9.03495,-6.77895
1780861813353,Accelerometer,-14.60595,8.11005,-6.8220005
1780861813373,Accelerometer,-11.967001,6.8650503,4.39095
1780861813392,Accelerometer,-0.90300006,1.6870501,-0.537
1780861813412,Accelerometer,4.7850003,-0.072000004,-1.3369501
1780861813435,Accelerometer,3.9280503,0.702,0.42195
1780861813454,Accelerometer,-1.131,1.8880501,-0.47505003
1780861813474,Accelerometer,-4.56405,1.5480001,0.10605001
1780861813489,Accelerometer,-5.67495,1.5810001,0.68805003
1780861813501,Accelerometer,-4.071,1.7580001,0.058050003
1780861813528,Accelerometer,-2.1049502,2.66595,-0.384
1780861813557,Accelerometer,-0.83400005,3.9439502,-2.058
1780861813567,Accelerometer,-0.034050003,6.67605,-1.011
1780861813583,Accelerometer,-0.42405003,8.92395,0.85305005
1780861813606,Accelerometer,-1.284,12.487051,-4.359
1780861813625,Accelerometer,-1.17795,17.962952,-5.88105
1780861813645,Accelerometer,-3.1350002,20.248951,-4.43295
1780861813668,Accelerometer,-5.019,22.31295,-6.102
1780861813685,Accelerometer,-10.392,20.664001,-6.885
1780861813705,Accelerometer,-21.712051,14.230051,2.7109501
1780861813722,Accelerometer,-13.006051,10.950001,-1.2250501
1780861813741,Accelerometer,-7.485,12.6,-0.25500003
1780861813762,Accelerometer,-7.42005,12.454051,-0.95205003
1780861813789,Accelerometer,-3.9060001,16.59795,2.22195
1780861813801,Accelerometer,-9.493951,19.039951,0.39795002
1780861813819,Accelerometer,12.484951,16.327951,1.968
1780861813839,Accelerometer,11.533951,6.3750005,1.7910001
1780861813858,Accelerometer,0.07005,3.55905,-4.43505
1780861813883,Accelerometer,-4.0609503,10.062,-8.023951
1780861813902,Accelerometer,-13.827001,12.4129505,-7.4040003
1780861813916,Accelerometer,-11.02095,10.14105,2.73
1780861813936,Accelerometer,-3.2760003,7.6440005,-0.94200003
1780861813955,Accelerometer,-1.8510001,9.0730505,-4.2990003
1780861813975,Accelerometer,2.8330503,11.259001,-4.26
1780861814001,Accelerometer,3.7189503,10.16205,0.34500003
1780861814020,Accelerometer,-3.4630501,8.496,-3.4060502
1780861814033,Accelerometer,-5.8900504,8.986951,-3.6090002
1780861814053,Accelerometer,-4.2460504,9.399,-2.39805
1780861814072,Accelerometer,-1.4899501,9.375,-2.80005
1780861814092,Accelerometer,0.087000005,9.892051,-2.8530002
1780861814115,Accelerometer,-0.94095004,9.616051,-3.08505
1780861814132,Accelerometer,-2.0740502,9.493951,-3.111
1780861814148,Accelerometer,-1.8919501,9.870001,-2.8909502
1780861814169,Accelerometer,-0.49095002,9.736051,-2.8620002
1780861814188,Accelerometer,0.813,9.324,-2.5870502
1780861814208,Accelerometer,-0.57495004,9.74295,-2.9839501
1780861814222,Accelerometer,-2.0740502,9.71895,-3.5710502
1780861814248,Accelerometer,-2.364,9.814951,-3.1330502
1780861814266,Accelerometer,-1.5160501,9.78195,-2.46705
1780861814286,Accelerometer,-0.98205006,9.999001,-3.351
1780861814302,Accelerometer,-0.86505,9.98805,-4.1599503
1780861814325,Accelerometer,-0.642,10.569,-4.42605
1780861814345,Accelerometer,-0.79305005,10.92405,-3.5520003
1780861814364,Accelerometer,-0.13905,11.248951,-3.1420503
1780861814383,Accelerometer,0.34305,11.48595,-4.203
1780861814403,Accelerometer,-0.75000006,11.90295,-4.8949504
1780861814422,Accelerometer,-1.9660501,11.95995,-3.9109502
1780861814442,Accelerometer,-1.0200001,13.243951,-3.2569501
1780861814467,Accelerometer,0.54405004,15.00405,-4.926
1780861814488,Accelerometer,2.3860502,16.882952,-6.4129505
1780861814496,Accelerometer,3.5970001,16.55295,-6.16905
1780861814519,Accelerometer,5.412,15.84405,-3.351
1780861814539,Accelerometer,6.2980504,16.73505,-2.83095
1780861814558,Accelerometer,0.813,14.304001,-2.1319501
1780861814581,Accelerometer,-5.35395,10.962001,-7.4740505
1780861814598,Accelerometer,-9.472051,7.2700505,-5.1460505
1780861814619,Accelerometer,-13.092001,6.7120504,5.598
1780861814635,Accelerometer,-4.93305,3.52305,-0.59205
1780861814655,Accelerometer,2.8210502,-0.15105,-0.45795003
1780861814681,Accelerometer,5.82105,-0.50595003,0.058050003
1780861814698,Accelerometer,1.53795,1.41795,-1.0159501
1780861814715,Accelerometer,-2.7850502,2.12895,-1.677
1780861814732,Accelerometer,-5.27505,2.12505,-0.34605002
1780861814752,Accelerometer,-4.28895,3.384,-0.11805001
1780861814772,Accelerometer,-2.19405,4.4209504,-1.09305
1780861814783,Accelerometer,0.528,7.2649503,-0.50595003
1780861814811,Accelerometer,1.452,9.33405,0.015000001
1780861814832,Accelerometer,-2.292,11.88105,-5.07705
1780861814850,Accelerometer,-5.3089504,16.015951,-5.1340504
1780861814864,Accelerometer,-7.176,16.608002,-0.588
1780861814888,Accelerometer,-5.94495,16.11195,0.048
1780861814912,Accelerometer,-4.755,14.842951,-1.1530501
1780861814929,Accelerometer,-4.1950502,16.129051,-2.127
1780861814947,Accelerometer,-4.4040003,16.383001,-4.1460004
1780861814966,Accelerometer,-9.304951,14.01,-1.0159501
1780861814985,Accelerometer,-10.128,12.22395,-1.3729501
1780861815005,Accelerometer,-7.3650002,11.302051,-2.26605
1780861815033,Accelerometer,-4.3770003,11.533951,-1.62405
1780861815044,Accelerometer,-2.3760002,10.9810505,-0.279
1780861815063,Accelerometer,-2.7559502,9.30795,-2.87895
1780861815083,Accelerometer,-4.71,12.316951,-1.3990501
1780861815102,Accelerometer,7.9189506,17.628,-5.05095
1780861815122,Accelerometer,12.5779505,16.49805,1.66005
1780861815144,Accelerometer,0.68805003,7.8949504,-1.296
1780861815161,Accelerometer,-4.9879503,5.3899503,-3.9160502
1780861815181,Accelerometer,-8.823,8.3880005,-4.4830503
1780861815199,Accelerometer,-7.2000003,11.235001,-3.6499503
1780861815218,Accelerometer,-1.4899501,10.61505,-1.6030501
1780861815239,Accelerometer,1.7580001,9.13305,-2.1420002
1780861815267,Accelerometer,0.24000001,9.19305,-3.90405
1780861815278,Accelerometer,-1.1329501,9.966001,-2.1769502
1780861815296,Accelerometer,-2.2410002,9.552,-1.251
1780861815317,Accelerometer,-2.9650502,9.150001,-3.1300502
1780861815335,Accelerometer,-2.505,9.22095,-3.6690001
1780861815359,Accelerometer,-0.89805007,9.46605,-3.2569501
1780861815376,Accelerometer,0.12105001,9.505951,-2.6110501
1780861815394,Accelerometer,-0.30495003,9.40305,-2.9290502
1780861815413,Accelerometer,-1.6519501,9.49005,-3.2359502
1780861815424,Accelerometer,-1.6879501,9.6,-3.1519501
1780861815452,Accelerometer,-1.0680001,9.351001,-3.2050502
1780861815477,Accelerometer,-0.20595,9.7240505,-3.35505
1780861815500,Accelerometer,-0.46500003,9.561001,-2.84295
1780861815508,Accelerometer,-1.2220501,9.47295,-3.1420503
1780861815529,Accelerometer,-1.3410001,9.505951,-3.4990501
1780861815549,Accelerometer,-0.81900007,9.645,-3.3700502
1780861815568,Accelerometer,-0.546,9.528001,-3.3079503
1780861815593,Accelerometer,-0.79095006,9.601951,-3.49005
1780861815611,Accelerometer,-1.0489501,9.55395,-2.982
1780861815626,Accelerometer,-2.148,9.56595,-3.1570501
1780861815646,Accelerometer,-2.6940002,9.51795,-2.59605
1780861815665,Accelerometer,-1.9710001,9.573001,-2.67105
1780861815685,Accelerometer,-2.09505,9.589951,-3.0030003
1780861815711,Accelerometer,-1.4110501,9.868051,-3.9180002
1780861815731,Accelerometer,-1.8940501,9.766951,-3.38895
1780861815743,Accelerometer,-2.112,9.784051,-3.5710502
1780861815763,Accelerometer,-2.15505,9.946951,-3.6790502
1780861815782,Accelerometer,-1.9039501,10.215,-3.7530003
1780861815801,Accelerometer,-1.9969501,10.332001,-3.1210501
1780861815825,Accelerometer,-1.88205,10.77795,-3.1900501
1780861815843,Accelerometer,-1.02495,11.941051,-4.3369503
1780861815860,Accelerometer,-0.58905005,12.73095,-4.1460004
1780861815879,Accelerometer,-0.35205,13.01595,-2.8650002
1780861815898,Accelerometer,-0.34005,13.177051,-2.661
1780861815918,Accelerometer,-0.73995006,13.42605,-2.33295
1780861815943,Accelerometer,-0.3,13.738951,-2.1460502
1780861815964,Accelerometer,1.09305,13.842001,-2.2039502
1780861815976,Accelerometer,2.673,13.885051,-2.21805
1780861815996,Accelerometer,2.11995,12.858001,-2.0650501
1780861816015,Accelerometer,-1.5970501,9.40305,-3.4680002
1780861816035,Accelerometer,-5.5600505,7.3630505,-5.1660004
1780861816058,Accelerometer,-10.65495,4.74405,-1.4970001
1780861816066,Accelerometer,-16.660051,3.2950501,-0.62100005
1780861816089,Accelerometer,-11.79195,4.1410503,1.21695
1780861816112,Accelerometer,-3.6520503,2.19405,-1.42305
1780861816132,Accelerometer,5.3040004,1.96395,-2.5489502
1780861816146,Accelerometer,8.649,2.1730502,2.38695
1780861816171,Accelerometer,1.5139501,3.0180001,0.63195
1780861816193,Accelerometer,-2.469,3.7819502,-1.90005
1780861816209,Accelerometer,-3.558,4.6270504,-1.6030501
1780861816226,Accelerometer,-3.8550003,5.1220503,-0.87495005
1780861816248,Accelerometer,-3.1750503,6.7270503,-0.21405001
1780861816268,Accelerometer,-2.6920502,8.476951,-2.0670002
1780861816288,Accelerometer,-4.40805,9.80595,-4.6150503
1780861816306,Accelerometer,-5.313,11.71605,-3.2290502
1780861816327,Accelerometer,-4.3219504,12.324,-1.65495
1780861816346,Accelerometer,-4.56195,12.979951,-1.74405
1780861816365,Accelerometer,-4.39905,12.86295,-1.42095
1780861816390,Accelerometer,-2.69595,12.528001,-1.143
1780861816408,Accelerometer,-0.78795004,13.465951,-2.62995
1780861816427,Accelerometer,-1.43505,13.45905,-2.766
1780861816442,Accelerometer,-2.3470502,12.561001,-1.04505
1780861816462,Accelerometer,-3.2569501,11.842951,-0.17295001
1780861816482,Accelerometer,-1.2360001,12.043951,-0.86295
1780861816510,Accelerometer,-0.609,11.7310505,-1.3080001
1780861816523,Accelerometer,-1.2600001,11.56095,-1.1020501
1780861816540,Accelerometer,-3.0700502,10.713,-0.95205003
1780861816560,Accelerometer,-3.7759502,10.258051,-1.1380501
1780861816578,Accelerometer,-4.08495,9.979951,-0.56100005
1780861816598,Accelerometer,-4.35795,9.628051,-5.577
1780861816623,Accelerometer,-1.4989501,11.058001,-5.15805
1780861816641,Accelerometer,8.565001,12.66705,-5.8500004
1780861816660,Accelerometer,9.834001,13.31595,1.19295
1780861816676,Accelerometer,2.6509502,10.49505,-1.12605
1780861816695,Accelerometer,-1.8780001,7.3230004,-1.4110501
1780861816706,Accelerometer,-3.85995,8.27295,-3.0900002
1780861816738,Accelerometer,-5.9500504,10.063951,-3.2620502
1780861816754,Accelerometer,-4.5139503,10.998,-2.6850002
1780861816772,Accelerometer,-1.41495,9.790951,-2.7949502
1780861816788,Accelerometer,0.16095,9.255,-2.628
1780861816812,Accelerometer,0.83895004,9.637951,-1.5670501
1780861816832,Accelerometer,1.07595,9.739051,-1.6290001
1780861816854,Accelerometer,1.131,9.53295,-2.4100502
1780861816873,Accelerometer,-0.33600003,9.4800005,-3.86505
1780861816893,Accelerometer,-1.6020001,9.624001,-3.63105
1780861816909,Accelerometer,-1.4440501,9.48705,-2.80695
1780861816929,Accelerometer,-0.546,9.457951,-2.6470501
1780861816947,Accelerometer,0.109050006,9.564,-2.90295
1780861816974,Accelerometer,0.966,9.69495,-3.0270002
1780861816986,Accelerometer,0.78195006,9.669001,-2.86695
1780861817006,Accelerometer,0.027,9.583051,-3.28605
1780861817026,Accelerometer,-0.42405003,9.528001,-3.2740502
1780861817045,Accelerometer,-0.666,9.460951,-3.4699502
1780861817065,Accelerometer,0.41505003,9.67605,-3.7410002
1780861817087,Accelerometer,0.906,9.576,-3.8800502
1780861817104,Accelerometer,0.171,9.394051,-3.0679502
1780861817123,Accelerometer,0.058050003,9.64305,-3.3820503
1780861817142,Accelerometer,-0.31395,9.53295,-3.42705
1780861817161,Accelerometer,-0.67995006,9.53505,-2.97195
1780861817188,Accelerometer,-1.1520001,9.703051,-3.31995
1780861817207,Accelerometer,-0.91005003,9.549001,-3.08205
1780861817220,Accelerometer,-0.74700004,9.52305,-3.07995
1780861817240,Accelerometer,-0.71400005,9.601951,-3.1300502
1780861817259,Accelerometer,-0.64695,9.64305,-3.351
1780861817278,Accelerometer,-1.353,9.660001,-3.2740502
1780861817302,Accelerometer,-2.1100502,9.53295,-3.1879501
1780861817319,Accelerometer,-1.5300001,9.592051,-3.1210501
1780861817338,Accelerometer,-1.24995,9.849001,-3.2980502
1780861817356,Accelerometer,-1.2600001,9.741,-3.114
1780861817375,Accelerometer,-1.6840501,10.219951,-3.1519501
1780861817395,Accelerometer,-1.7989501,9.898951,-2.5530002
1780861817420,Accelerometer,-1.7719501,9.897,-2.49795
1780861817440,Accelerometer,-1.7119501,10.15995,-2.733
1780861817453,Accelerometer,-2.0640001,10.252951,-3.28095
1780861817473,Accelerometer,-1.7989501,10.2289505,-3.4780502
1780861817492,Accelerometer,-1.4110501,10.585951,-2.9580002
1780861817508,Accelerometer,-0.55395,12.145051,-3.528
1780861817531,Accelerometer,-0.91005003,12.898951,-4.1929502
1780861817552,Accelerometer,-0.89100003,12.906,-2.9560502
1780861817570,Accelerometer,-0.034050003,12.81795,-2.3740501
1780861817588,Accelerometer,0.51600003,13.252951,-2.8240502
1780861817608,Accelerometer,1.1890501,13.830001,-3.10905
1780861817628,Accelerometer,1.0159501,13.143001,-1.593
1780861817652,Accelerometer,0.63495004,12.873,-1.46595
1780861817673,Accelerometer,-1.4320501,11.25405,-1.332
1780861817686,Accelerometer,-5.3419504,8.26095,-1.43805
1780861817706,Accelerometer,-9.46695,5.7619505,-1.3630501
1780861817725,Accelerometer,-11.598001,3.9199502,-0.906
1780861817744,Accelerometer,-7.5109506,4.3180504,0.63705003
1780861817767,Accelerometer,-2.80905,3.528,-0.66195005
1780861817785,Accelerometer,3.31905,3.13995,-0.37905002
1780861817803,Accelerometer,3.7500002,3.1900501,0.92205006
1780861817822,Accelerometer,-0.97695005,4.01895,-0.81495005
1780861817842,Accelerometer,-3.9559503,4.605,-0.90105003
1780861817867,Accelerometer,-4.341,5.4310503,-0.72900003
1780861817884,Accelerometer,-2.3059502,6.477,-1.3270501
1780861817903,Accelerometer,-2.8980002,7.4419503,-1.5090001
1780861817919,Accelerometer,-4.7629504,8.54895,-4.36305
1780861817939,Accelerometer,-6.7039504,9.79605,-4.0950003
1780861817958,Accelerometer,-7.1590505,10.075951,-2.26095
1780861817968,Accelerometer,-4.6860003,10.57695,-2.50095
1780861817989,Accelerometer,-3.39105,11.43105,-2.7859502
1780861818017,Accelerometer,-3.3049502,11.85,-2.628
1780861818037,Accelerometer,-2.9550002,11.869051,-2.2350001
1780861818055,Accelerometer,-2.979,11.85,-2.80995
1780861818069,Accelerometer,-3.6880503,11.59605,-4.0350003
1780861818095,Accelerometer,-4.34805,11.10795,-4.66695
1780861818117,Accelerometer,-4.63605,10.833,-4.36095
1780861818138,Accelerometer,-4.2340503,10.1650505,-3.8059502
1780861818149,Accelerometer,-4.6000504,9.754951,-4.5859504
1780861818172,Accelerometer,-5.2510505,10.17195,-4.5880504
1780861818192,Accelerometer,-5.7970505,9.814951,-2.97
1780861818223,Accelerometer,-5.6080503,9.37005,-2.0770502
1780861818232,Accelerometer,-4.8300004,8.644051,-1.794
1780861818250,Accelerometer,-3.8770502,8.17695,-2.4409502
1780861818269,Accelerometer,-3.489,7.5690002,-2.70705
1780861818288,Accelerometer,-3.4480503,7.6459503,2.60505
1780861818309,Accelerometer,-9.022051,12.53295,-6.2380505
1780861818330,Accelerometer,-2.55795,14.017051,-2.26605
1780861818350,Accelerometer,4.9690504,13.111951,4.827
1780861818368,Accelerometer,5.091,9.55395,4.0609503
1780861818386,Accelerometer,-2.4739501,8.479051,0.19395001
1780861818406,Accelerometer,-5.6509504,9.748051,0.75495005
1780861818425,Accelerometer,-3.85995,10.13595,-0.69795
1780861818455,Accelerometer,-1.33395,10.15305,-2.3430002
1780861818465,Accelerometer,0.33600003,10.12905,-3.0270002
1780861818482,Accelerometer,0.08505,9.916051,-2.6440501
1780861818503,Accelerometer,-1.07505,9.79605,-1.9549501
1780861818522,Accelerometer,-2.09295,9.99705,-1.4110501
1780861818541,Accelerometer,-1.38195,10.069051,-0.73605
1780861818564,Accelerometer,0.16605,9.640051,-1.57605
1780861818582,Accelerometer,1.02795,9.592051,-3.2640002
1780861818601,Accelerometer,0.94200003,10.308001,-3.39105
1780861818619,Accelerometer,-0.75495005,9.946951,-2.0310001
1780861818630,Accelerometer,-1.8390001,9.705001,-1.8040501
1780861818658,Accelerometer,-2.0020502,9.715051,-1.0500001
1780861818683,Accelerometer,0.3,9.7240505,-1.7730001
1780861818696,Accelerometer,0.80295,10.014001,-2.4840002
1780861818715,Accelerometer,0.46305,10.126051,-2.9680502
1780861818736,Accelerometer,-0.28500003,9.613951,-2.2440002
1780861818755,Accelerometer,-0.63495004,9.7890005,-2.091
1780861818778,Accelerometer,-0.40995002,9.86505,-2.2470002
1780861818797,Accelerometer,0.74595004,9.733951,-2.3430002
1780861818813,Accelerometer,0.93195003,9.583051,-3.28095
1780861818832,Accelerometer,0.504,9.778951,-3.90405
1780861818847,Accelerometer,0.027,9.801001,-2.7109501
1780861818870,Accelerometer,-0.060000002,9.898951,-2.1730502
1780861818891,Accelerometer,0.063,9.715051,-3.18495
1780861818920,Accelerometer,0.12105001,9.825001,-3.7890003
1780861818930,Accelerometer,-0.69195,9.81795,-3.2670002
1780861818949,Accelerometer,-1.4080501,9.721951,-0.37905002
1780861818969,Accelerometer,-0.70395005,9.432,-1.69605
1780861818988,Accelerometer,-0.33600003,10.023001,-3.2310002
1780861819011,Accelerometer,-1.008,9.745951,-3.0630002
1780861819029,Accelerometer,-0.94605005,9.624001,-1.2360001
1780861819047,Accelerometer,-0.78300005,9.801001,-1.27995
1780861819066,Accelerometer,-0.91005003,9.95205,-2.4499502
1780861819085,Accelerometer,-0.70005006,9.861,-2.4790502
1780861819105,Accelerometer,-0.27795002,9.68295,-2.0719502
1780861819131,Accelerometer,-0.036000002,9.601951,-2.29005
1780861819150,Accelerometer,0.15405001,9.913051,-2.1319501
1780861819162,Accelerometer,-0.33795002,9.65205,-1.488
1780861819182,Accelerometer,-0.08895,10.311001,-2.4379501
1780861819202,Accelerometer,0.32205,11.11305,-2.6419501
1780861819221,Accelerometer,0.171,11.28495,-1.881
1780861819244,Accelerometer,0.27195,11.082001,-2.13
1780861819261,Accelerometer,0.71400005,11.517,-1.65495
1780861819278,Accelerometer,1.2049501,12.763051,1.056
1780861819299,Accelerometer,0.75795,12.99705,-0.80805004
1780861819318,Accelerometer,1.04205,13.29405,-1.9399501
1780861819338,Accelerometer,1.9710001,12.949051,-1.2559501
1780861819351,Accelerometer,1.84695,11.644051,-1.44
1780861819379,Accelerometer,1.16205,10.737,-1.6390501
1780861819396,Accelerometer,-0.31605002,10.062,-3.9589503
1780861819416,Accelerometer,-1.437,9.31005,-2.877
1780861819432,Accelerometer,-4.25295,8.38095,0.85995007
1780861819454,Accelerometer,-6.807,9.583051,2.4430501
1780861819476,Accelerometer,-2.3400002,8.035951,-0.597
1780861819494,Accelerometer,1.5619501,5.47905,-8.767051
1780861819511,Accelerometer,3.93705,5.96295,-10.92405
1780861819532,Accelerometer,-0.0049500004,6.70695,-10.143001
1780861819552,Accelerometer,-6.52995,7.524,-7.9999504
1780861819575,Accelerometer,-9.906,7.8850503,-4.20795
1780861819594,Accelerometer,-10.674001,6.74595,-2.9680502
1780861819614,Accelerometer,-5.9329505,6.5160003,-3.0589502
1780861819630,Accelerometer,-1.1329501,6.2400002,-3.315
1780861819648,Accelerometer,0.85305005,6.39405,-3.4699502
1780861819668,Accelerometer,-0.68505,6.9589505,-2.5489502
1780861819700,Accelerometer,-2.397,7.4329505,-1.4470501
1780861819709,Accelerometer,-1.33395,8.55795,-1.5190501
1780861819727,Accelerometer,-0.29505002,9.87495,-2.6520002
1780861819746,Accelerometer,-0.78105,10.893001,-4.0140004
1780861819765,Accelerometer,-1.8559501,12.027,-4.97205
1780861819785,Accelerometer,-2.7540002,12.307951,-4.7179503
1780861819809,Accelerometer,-2.8159502,12.423,-3.8029501
1780861819826,Accelerometer,-3.1729503,13.095,-4.30095
1780861819846,Accelerometer,-4.18305,13.548,-5.44605
1780861819863,Accelerometer,-4.2649503,12.849001,-6.0370502
1780861819882,Accelerometer,-5.04495,11.42895,-1.62195
1780861819902,Accelerometer,-5.6940002,11.37405,-1.0639501
1780861819912,Accelerometer,-3.4390502,11.886001,-1.7580001
1780861819940,Accelerometer,-1.0009501,11.680051,-0.30705002
1780861819960,Accelerometer,-1.0159501,10.45005,0.14595
1780861819979,Accelerometer,-1.52295,10.842001,-0.45795003
1780861819995,Accelerometer,0.24300002,10.81095,-0.147
1780861820018,Accelerometer,-10.69305,10.143001,-4.87605
1780861820041,Accelerometer,-3.1660502,12.966001,-7.0590005
1780861820060,Accelerometer,8.212951,15.73095,-3.9709501
1780861820079,Accelerometer,3.7050002,9.739051,2.811
1780861820096,Accelerometer,-3.075,7.00395,-0.88500005
1780861820115,Accelerometer,-5.96505,8.21805,-0.47505003
1780861820135,Accelerometer,-9.183001,10.681951,-2.019
1780861820164,Accelerometer,-3.7360501,11.91705,0.42195
1780861820173,Accelerometer,1.6290001,9.53505,-0.24300002
1780861820192,Accelerometer,1.608,8.889001,-3.8890502
1780861820213,Accelerometer,-1.1380501,9.97095,-3.82695
1780861820231,Accelerometer,-3.6090002,10.12905,-2.1460502
1780861820251,Accelerometer,-3.3619502,9.640051,-2.163
1780861820273,Accelerometer,-1.7410501,9.68805,-2.391
1780861820290,Accelerometer,-0.90300006,9.621,-2.802
1780861820310,Accelerometer,-1.0849501,9.71895,-2.4169502
1780861820329,Accelerometer,-1.044,9.802951,-2.0650501
1780861820348,Accelerometer,-1.368,9.49905,-2.7520502
1780861820368,Accelerometer,-1.8420001,9.69795,-3.5370002
1780861820395,Accelerometer,-1.45395,10.026,-3.492
1780861820406,Accelerometer,-0.96495,9.729,-2.36205
1780861820426,Accelerometer,-1.32,9.8890505,-2.15595
1780861820446,Accelerometer,-1.1020501,9.70995,-2.47005
1780861820464,Accelerometer,-0.92505,9.625951,-3.0319502
1780861820487,Accelerometer,-1.4269501,9.540001,-2.7640502
1780861820503,Accelerometer,-2.1409502,9.56595,-2.29005
1780861820523,Accelerometer,-2.16195,9.576,-2.3089502
1780861820543,Accelerometer,-1.6720501,9.637951,-2.56305
1780861820556,Accelerometer,-1.7770501,9.861,-2.23305
1780861820581,Accelerometer,-1.8559501,10.15995,-2.7640502
1780861820607,Accelerometer,-1.9810501,10.05195,-2.5129502
1780861820627,Accelerometer,-2.1769502,10.045051,-1.521
1780861820636,Accelerometer,-1.8679501,10.090051,-2.15295
1780861820659,Accelerometer,-1.6860001,10.12905,-2.709
1780861820678,Accelerometer,-1.2720001,10.16205,-2.87895
1780861820698,Accelerometer,-1.52295,10.239,-3.255
1780861820713,Accelerometer,-2.6940002,10.086,-2.5440001
1780861820737,Accelerometer,-2.6940002,10.323001,-3.07995
1780861820758,Accelerometer,-2.0380502,10.726951,-3.6040502
1780861820776,Accelerometer,-1.30305,11.48595,-3.31995
1780861820794,Accelerometer,-0.112950005,13.086,-3.45405
1780861820815,Accelerometer,1.1359501,13.833,-4.00395
1780861820839,Accelerometer,1.6000501,14.85,-3.7360501
1780861820857,Accelerometer,1.2529501,14.877001,-0.23805001
1780861820873,Accelerometer,2.778,14.920051,0.78300005
1780861820892,Accelerometer,5.8620005,14.230051,0.49395
1780861820912,Accelerometer,1.5259501,13.726951,-3.32205
1780861820931,Accelerometer,-5.45895,10.083,-7.2169504
1780861820955,Accelerometer,-9.7879505,5.59905,-4.7080503
1780861820973,Accelerometer,-13.128,3.0990002,3.9960003
1780861820990,Accelerometer,-4.9090505,2.0340002,-0.94395006
1780861821009,Accelerometer,0.18795002,2.3860502,-3.4800003
1780861821028,Accelerometer,2.8840501,3.2910001,-2.5489502
1780861821048,Accelerometer,0.62805,3.8440502,-1.8280501
1780861821073,Accelerometer,-2.742,4.557,-3.1879501
1780861821093,Accelerometer,-4.7119503,4.87095,-2.6160002
1780861821106,Accelerometer,-4.329,5.55105,-2.2470002
1780861821125,Accelerometer,-2.8330503,6.6589503,-2.7949502
1780861821145,Accelerometer,-2.361,7.2319503,-2.83095
1780861821164,Accelerometer,-3.3790503,8.17305,-4.90005
1780861821186,Accelerometer,-5.091,9.147,-6.0679502
1780861821195,Accelerometer,-5.9770503,10.033051,-5.8960505
1780861821223,Accelerometer,-4.971,10.905001,-5.8170004
1780861821242,Accelerometer,-4.36005,11.701951,-5.53905
1780861821261,Accelerometer,-4.329,12.06795,-5.6280003
1780861821275,Accelerometer,-3.7690501,12.219001,-5.00505
1780861821301,Accelerometer,-3.6850502,11.974951,-4.72305
1780861821326,Accelerometer,-3.72795,11.814,-4.545
1780861821339,Accelerometer,-3.8479502,11.757001,-3.8100002
1780861821355,Accelerometer,-4.1400003,12.19305,-3.7429502
1780861821378,Accelerometer,-4.39905,12.166051,-2.6520002
1780861821406,Accelerometer,-3.9559503,12.387001,-1.488
1780861821419,Accelerometer,-3.3070502,11.87895,-0.32895002
1780861821436,Accelerometer,-2.5770001,11.766001,1.047
1780861821456,Accelerometer,-3.3310502,11.698951,0.84300005
1780861821475,Accelerometer,-4.485,11.40705,0.46695003
1780861821495,Accelerometer,-4.2720003,10.555051,1.0830001
1780861821518,Accelerometer,-5.42595,10.219951,-0.20505
1780861821535,Accelerometer,-2.93595,10.500001,-4.794
1780861821554,Accelerometer,23.72595,17.841002,-7.3279505
1780861821572,Accelerometer,13.02795,14.70705,7.9590006
1780861821592,Accelerometer,-0.61800003,12.015,-3.3769503
1780861821611,Accelerometer,-7.5829506,8.10795,-4.91895
1780861821639,Accelerometer,-9.783,7.4500504,-4.01595
1780861821651,Accelerometer,-7.5780005,8.11005,-4.215
1780861821670,Accelerometer,-2.6130002,10.1959505,-5.649
1780861821689,Accelerometer,2.4499502,11.125051,-1.86405
1780861821708,Accelerometer,0.753,9.0390005,-0.252
1780861821728,Accelerometer,-0.50100005,8.70405,-2.1079502
1780861821751,Accelerometer,-1.00395,9.801001,-2.29695
1780861821769,Accelerometer,-2.6820002,9.469951,-2.26095
1780861821788,Accelerometer,-3.2970002,8.677951,-3.8730001
1780861821806,Accelerometer,-2.127,9.276,-4.497
1780861821825,Accelerometer,-0.76905006,9.375,-3.3240001
1780861821835,Accelerometer,-1.22595,9.328951,-2.568
1780861821867,Accelerometer,-1.9609501,9.53505,-3.0970502
1780861821884,Accelerometer,-1.2790501,9.8220005,-2.7949502
1780861821903,Accelerometer,-0.55395,9.394051,-3.147
1780861821917,Accelerometer,-0.49395,9.53295,-3.1950002
1780861821941,Accelerometer,-1.37205,9.58005,-3.3310502
1780861821961,Accelerometer,-2.3059502,9.5449505,-3.4699502
1780861821983,Accelerometer,-1.6860001,9.552,-3.1710002
1780861822000,Accelerometer,-0.20400001,9.640051,-3.0919502
1780861822020,Accelerometer,0.50595003,9.64995,-3.7500002
1780861822039,Accelerometer,0.09195001,9.657001,-4.3039503
1780861822058,Accelerometer,-0.53205,9.49695,-4.4209504
1780861822083,Accelerometer,-0.77400005,10.705951,-3.9610503
1780861822104,Accelerometer,-1.437,9.97095,-2.496
1780861822116,Accelerometer,-0.83805007,9.849001,-2.6440501
1780861822136,Accelerometer,-0.81000006,10.110001,-3.6400502
1780861822155,Accelerometer,-1.5330001,10.80405,-4.9500003
1780861822174,Accelerometer,-2.15295,10.45905,-4.56705
1780861822198,Accelerometer,-2.019,10.858951,-3.4369502
1780861822216,Accelerometer,-1.743,11.319,-3.114
1780861822233,Accelerometer,-1.5780001,11.515051,-3.0730503
1780861822253,Accelerometer,-0.91695005,12.352951,-3.51795
1780861822272,Accelerometer,0.588,14.200951,-4.16505
1780861822291,Accelerometer,1.57395,15.786001,-4.6320004
1780861822315,Accelerometer,2.19195,16.833,-5.307
1780861822336,Accelerometer,4.3560004,16.641,-5.1990004
1780861822349,Accelerometer,8.082001,16.584002,-2.8890002
1780861822369,Accelerometer,5.3190002,16.323,-1.521
1780861822389,Accelerometer,-1.09905,12.966001,-3.1210501
1780861822408,Accelerometer,-5.412,8.971951,-6.6520505
1780861822431,Accelerometer,-9.693001,6.0870004,-6.051
1780861822447,Accelerometer,-12.22305,5.2060504,1.99995
1780861822466,Accelerometer,-8.31105,1.5880501,-1.14495
1780861822484,Accelerometer,1.45395,-1.131,-1.4089501
1780861822505,Accelerometer,5.814,-0.73995006,0.83805007
1780861822525,Accelerometer,2.39505,1.00695,0.44595003
1780861822549,Accelerometer,-2.06205,1.983,-1.296
1780861822568,Accelerometer,-3.2040002,2.17995,-0.19695
1780861822582,Accelerometer,-2.6800501,3.1020002,-0.588
1780861822602,Accelerometer,-1.3099501,5.0740504,-1.46595
1780861822622,Accelerometer,0.135,7.6099505,-1.4830501
1780861822637,Accelerometer,1.81605,10.581,0.68505
1780861822661,Accelerometer,0.58500004,13.201051,0.85305005
1780861822680,Accelerometer,-1.21905,17.403,-4.6870503
1780861822700,Accelerometer,-4.3320003,20.259,-3.2910001
1780861822717,Accelerometer,-3.489,18.705002,0.85800004
1780861822738,Accelerometer,-1.02795,18.229052,-1.04505
1780861822758,Accelerometer,-1.62405,18.448952,-3.18105
1780861822781,Accelerometer,-6.2419505,17.542051,-2.493
1780861822803,Accelerometer,-17.740051,12.624001,0.22500001
1780861822816,Accelerometer,-17.898,12.943951,1.06605
1780861822835,Accelerometer,-8.005051,11.556001,-0.62805
1780861822850,Accelerometer,-5.26305,10.720051,-2.9869502
1780861822874,Accelerometer,-10.273951,11.362051,-6.2980504
1780861822897,Accelerometer,22.182001,22.71795,-17.79105
1780861822915,Accelerometer,26.221052,18.976051,12.622951
1780861822933,Accelerometer,2.592,6.5230503,0.22800002
1780861822952,Accelerometer,-6.6520505,2.4720001,-4.6270504
1780861822971,Accelerometer,-11.965051,5.0670004,-3.7030501
1780861822998,Accelerometer,-18.319052,10.81095,3.2689502
1780861823015,Accelerometer,-7.4440503,12.133051,-2.4550502
1780861823034,Accelerometer,-4.155,8.25195,-6.28095
1780861823049,Accelerometer,1.90005,9.45405,-6.6400504
1780861823068,Accelerometer,3.3100502,10.533001,-0.84900004
1780861823088,Accelerometer,-2.8279502,9.042001,-0.94905007
1780861823117,Accelerometer,-4.8460503,8.73495,-3.2310002
1780861823118,Accelerometer,-4.04895,9.19995,-3.9130502
1780861823146,Accelerometer,-2.00895,9.34305,-3.6019502
1780861823166,Accelerometer,-0.51000005,9.70695,-2.6800501
1780861823185,Accelerometer,-0.93195003,9.52095,-2.94105
1780861823198,Accelerometer,-1.8319501,9.40095,-3.3990002
1780861823224,Accelerometer,-2.1979501,9.660001,-3.62595
1780861823245,Accelerometer,-1.2070501,9.609,-2.8140001
1780861823267,Accelerometer,-0.10095,9.444,-2.24895
1780861823277,Accelerometer,-0.16095,9.456,-3.051
1780861823302,Accelerometer,-1.164,9.777,-3.73095
1780861823322,Accelerometer,-2.18895,9.670951,-3.039
1780861823350,Accelerometer,-2.01195,9.637951,-2.742
1780861823362,Accelerometer,-0.95295006,9.880051,-4.0020003
1780861823379,Accelerometer,-0.010050001,9.916051,-3.7240503
1780861823399,Accelerometer,-1.0180501,9.95205,-1.8090001
1780861823418,Accelerometer,-0.71895003,10.59105,-4.512
1780861823438,Accelerometer,-0.46005002,11.61795,-6.135
1780861823462,Accelerometer,-0.71205,11.292001,-3.0319502
1780861823479,Accelerometer,-0.18705001,11.476951,-2.4409502
1780861823498,Accelerometer,-0.19005,12.472951,-4.6459503
1780861823516,Accelerometer,-1.30305,12.351001,-4.66305
1780861823530,Accelerometer,-0.56100005,13.540951,-3.86805
1780861823555,Accelerometer,1.61205,15.99495,-5.6520004
1780861823585,Accelerometer,2.94405,17.98905,-9.882001
1780861823594,Accelerometer,6.6379504,17.716051,-10.9480505
1780861823612,Accelerometer,10.2960005,17.70195,-5.86005
1780861823632,Accelerometer,5.0550003,18.580952,-1.521
1780861823652,Accelerometer,-2.93595,12.604051,-1.8040501
1780861823675,Accelerometer,-8.907001,7.761,-6.6520505
1780861823693,Accelerometer,-13.581,7.26,-1.5979501
1780861823710,Accelerometer,-8.7300005,6.2980504,2.052
1780861823729,Accelerometer,1.9930501,0.71400005,-0.39600003
1780861823748,Accelerometer,9.229051,-1.815,1.1689501
1780861823759,Accelerometer,6.11805,0.49905002,0.86505
1780861823788,Accelerometer,-0.49605003,3.0010502,-1.6650001
1780861823815,Accelerometer,-3.384,3.252,-1.04295
1780861823827,Accelerometer,-5.2819505,3.10905,-0.252
1780861823843,Accelerometer,-4.4749503,3.90405,-1.7730001
1780861823866,Accelerometer,-1.008,5.90805,-1.383
1780861823884,Accelerometer,1.4640001,8.46195,1.9920001
1780861823908,Accelerometer,-0.096,11.155951,-1.9519501
1780861823926,Accelerometer,-1.0900501,16.062,-5.58195
1780861823943,Accelerometer,-2.8189502,20.01,-4.06395
1780861823963,Accelerometer,-4.42995,20.484001,-4.05195
1780861823982,Accelerometer,-6.64905,18.844051,-5.7660003
1780861823999,Accelerometer,-7.1929502,18.363,-4.821
1780861824021,Accelerometer,-10.066051,15.561001,-4.60995
1780861824048,Accelerometer,-17.00505,10.750951,-1.55505
1780861824059,Accelerometer,-14.304001,12.580951,-2.6899502
1780861824079,Accelerometer,-7.8610506,12.363001,-0.88005006
1780861824090,Accelerometer,-5.02395,10.876051,-0.14205001
1780861824117,Accelerometer,-6.29505,12.307951,-1.8330001
1780861824140,Accelerometer,-2.53605,13.720051,1.6980001
1780861824158,Accelerometer,27.472952,21.952051,0.25905
1780861824176,Accelerometer,8.89605,13.741951,5.7660003
1780861824195,Accelerometer,-3.051,7.2049503,-5.10795
1780861824215,Accelerometer,-11.371051,6.1210504,-11.13195
1780861824235,Accelerometer,-19.132952,6.16095,0.67305005
1780861824259,Accelerometer,-13.14,10.938001,0.252
1780861824278,Accelerometer,-5.043,9.601951,-3.4320002
1780861824292,Accelerometer,-1.5090001,9.0060005,-5.7450004
1780861824312,Accelerometer,3.351,10.960051,-4.2649503
1780861824332,Accelerometer,2.42595,10.581,0.69195
1780861824351,Accelerometer,-3.2299502,8.295,-2.3070002
1780861824373,Accelerometer,-5.5140004,8.371051,-3.3240001
1780861824391,Accelerometer,-5.0740504,9.597,-2.67105
1780861824406,Accelerometer,-1.7629501,9.49005,-2.841
1780861824429,Accelerometer,0.058050003,9.922951,-3.28095
1780861824448,Accelerometer,-0.35505003,9.86295,-3.2380502
1780861824468,Accelerometer,-1.8370501,9.444,-2.62995
1780861824480,Accelerometer,-2.7469501,9.303,-2.88105
1780861824508,Accelerometer,-2.3160002,9.44205,-1.8060001
1780861824525,Accelerometer,-0.84795004,9.475051,0.039
1780861824545,Accelerometer,0.07305,10.167001,-2.86695
1780861824560,Accelerometer,-1.3960501,10.41405,-5.517
1780861824589,Accelerometer,-2.86905,9.762,-2.055
1780861824607,Accelerometer,-0.35505003,9.897,-1.6000501
1780861824623,Accelerometer,1.9399501,11.302051,-4.63395
1780861824640,Accelerometer,2.2780502,11.3880005,-4.6870503
1780861824661,Accelerometer,-0.17805001,10.885051,-3.4729502
1780861824681,Accelerometer,-2.0640001,11.158051,-3.6790502
1780861824706,Accelerometer,-1.557,12.075001,-4.1340003
1780861824724,Accelerometer,0.135,13.038001,-4.2390003
1780861824744,Accelerometer,-0.132,13.371,-3.6739502
1780861824759,Accelerometer,-0.20205002,15.387001,-4.56705
1780861824778,Accelerometer,1.521,18.03705,-6.5130005
1780861824798,Accelerometer,4.4620504,19.929,-7.8040504
1780861824826,Accelerometer,8.826,19.191,-9.123
1780861824839,Accelerometer,10.95195,15.288001,-0.75495005
1780861824856,Accelerometer,-6.1060505,12.50205,-5.3089504
1780861824876,Accelerometer,-9.90795,8.23695,-8.90505
1780861824894,Accelerometer,-11.505,5.0719504,3.7519503
1780861824915,Accelerometer,-6.29505,2.49105,-0.16905001
1780861824939,Accelerometer,1.36995,-1.401,-1.38495
1780861824956,Accelerometer,7.6459503,-3.5800502,1.0390501
1780861824973,Accelerometer,3.18105,-1.605,-0.31695002
1780861824992,Accelerometer,-2.0740502,0.94005007,-2.4720001
1780861825011,Accelerometer,-2.60505,1.6189501,-1.2079501
1780861825032,Accelerometer,-1.41795,3.114,-1.2250501
1780861825041,Accelerometer,-0.82605004,6.0420003,-1.33905
1780861825070,Accelerometer,-0.075,9.283951,0.381
1780861825089,Accelerometer,0.34305,12.37905,-2.98005
1780861825109,Accelerometer,-2.7229502,16.68,-7.2679505
1780861825126,Accelerometer,-8.661,18.372002,-5.11005
1780861825148,Accelerometer,-12.343051,14.62005,5.9599504
1780861825171,Accelerometer,-12.682951,13.96695,0.14595
1780861825188,Accelerometer,-5.14305,20.154001,-3.93705
1780861825206,Accelerometer,-12.53205,15.958951,-0.19500001
1780861825225,Accelerometer,-14.866951,10.31295,0.36900002
1780861825245,Accelerometer,-10.597951,11.515051,0.30405003
1780861825265,Accelerometer,-9.76395,16.443,-1.2250501
1780861825292,Accelerometer,-13.20495,21.74805,-4.629
1780861825304,Accelerometer,-12.115951,19.917002,-3.765
1780861825323,Accelerometer,4.3830004,10.38,1.4269501
1780861825342,Accelerometer,3.5059502,-0.49395,-5.3830504
1780861825361,Accelerometer,-5.052,9.121051,-1.65495
1780861825385,Accelerometer,-12.24495,13.885051,2.8230002
1780861825403,Accelerometer,-7.65495,10.01895,-0.76005006
1780861825422,Accelerometer,-5.2249503,7.4059505,-4.7920504
1780861825440,Accelerometer,-2.1769502,9.607051,-1.9860001
1780861825458,Accelerometer,-0.97695005,9.741,-3.5110502
1780861825477,Accelerometer,-4.9489503,8.43795,-2.8240502
1780861825504,Accelerometer,-6.73995,7.5379505,-3.2740502
1780861825526,Accelerometer,-6.7830005,8.956051,-2.59605
1780861825536,Accelerometer,-3.8119502,9.790951,-3.1519501
1780861825555,Accelerometer,-1.26195,9.80805,-3.3820503
1780861825574,Accelerometer,-1.57095,9.075001,-2.901
1780861825594,Accelerometer,-3.62505,8.71395,-2.97705
1780861825620,Accelerometer,-5.45205,8.058001,-4.0090504
1780861825637,Accelerometer,-5.5530005,8.047951,-4.09305
1780861825653,Accelerometer,-4.41795,8.517,-3.90405
1780861825673,Accelerometer,-3.1609502,8.647051,-2.80995
1780861825683,Accelerometer,-2.328,8.826,-1.3300501
1780861825711,Accelerometer,-1.6860001,10.276951,-3.1999502
1780861825736,Accelerometer,-1.5589501,10.926001,-4.749
1780861825756,Accelerometer,-1.45395,11.55105,-4.41405
1780861825768,Accelerometer,-0.11505,12.49695,-4.452
1780861825789,Accelerometer,1.9279501,13.440001,-3.9709501
1780861825808,Accelerometer,3.7339501,14.118001,-4.0140004
1780861825828,Accelerometer,2.76195,14.790001,-3.5520003
1780861825842,Accelerometer,0.966,17.85795,-4.689
1780861825867,Accelerometer,2.8980002,27.576002,-9.13305
1780861825887,Accelerometer,11.59395,25.131,-12.06105
1780861825907,Accelerometer,8.874001,15.207001,2.38695
1780861825923,Accelerometer,-4.8679504,9.613951,-6.4540505
1780861825944,Accelerometer,-11.218051,3.6210003,-12.84405
1780861825967,Accelerometer,-16.24995,5.0410504,1.21395
1780861825989,Accelerometer,-5.9380503,3.1519501,4.2450004
1780861826002,Accelerometer,6.26205,-1.33395,3.35205
1780861826022,Accelerometer,10.80405,-3.8119502,4.9950004
1780861826041,Accelerometer,10.585951,-0.35505003,0.18
1780861826061,Accelerometer,0.22395001,4.0069504,-2.50305
1780861826083,Accelerometer,-3.3000002,7.4740505,-4.2390003
1780861826099,Accelerometer,-10.05405,8.698951,-4.3900504
1780861826120,Accelerometer,-14.589001,9.17805,-2.50305
1780861826138,Accelerometer,-7.1040006,8.7619505,-1.7029501
1780861826158,Accelerometer,-1.6330501,11.60805,-0.65205
1780861826183,Accelerometer,-0.99600005,15.454051,-1.794
1780861826200,Accelerometer,-4.56405,16.878,-4.2769504
1780861826219,Accelerometer,-9.870001,17.230051,-5.1390004
1780861826236,Accelerometer,-14.245951,20.367,-4.5810003
1780861826255,Accelerometer,-17.90295,16.953001,-2.74005
1780861826275,Accelerometer,-17.66805,10.82295,-2.0340002
1780861826303,Accelerometer,-14.389951,10.00905,-0.53505003
1780861826316,Accelerometer,-13.861051,9.813001,-1.24605
1780861826323,Accelerometer,-24.32595,11.47395,-2.11305
1780861826353,Accelerometer,-9.502951,12.0390005,-1.05495
1780861826373,Accelerometer,24.649952,21.825,-9.772051
1780861826391,Accelerometer,28.138952,16.75395,0.86205006
1780861826404,Accelerometer,-0.21405001,9.283951,-7.45695
1780861826431,Accelerometer,-13.741051,3.0940502,-7.20795
1780861826455,Accelerometer,-26.236952,3.0630002,4.45095
1780861826469,Accelerometer,-13.714951,10.059,0.17805001
1780861826483,Accelerometer,-6.1660504,10.387051,-2.532
1780861826508,Accelerometer,-2.33505,9.573001,-5.058
1780861826540,Accelerometer,1.9020001,9.925051,-3.3240001
1780861826549,Accelerometer,-1.8010501,9.456,-2.15595
1780861826564,Accelerometer,-4.1520004,9.183001,-3.5089502
1780861826586,Accelerometer,-4.18305,9.363001,-3.624
1780861826604,Accelerometer,-2.1340501,9.858001,-2.91195
1780861826624,Accelerometer,-0.88905007,9.481951,-2.5150502
1780861826647,Accelerometer,-1.23105,9.18105,-2.8290002
1780861826664,Accelerometer,-2.32995,10.155001,-2.6130002
1780861826683,Accelerometer,-2.4090002,9.71205,-3.0660002
1780861826702,Accelerometer,-1.67595,9.589951,-3.2620502
1780861826721,Accelerometer,-0.60405004,10.081051,-2.8170002
1780861826741,Accelerometer,0.28800002,10.29195,-3.2689502
1780861826770,Accelerometer,-0.57705003,10.62705,-2.83095
1780861826780,Accelerometer,-0.20895001,10.974001,-3.1230001
1780861826799,Accelerometer,0.45795003,11.215951,-3.9400501
1780861826819,Accelerometer,1.04205,11.25405,-4.6200004
1780861826838,Accelerometer,-0.59895,11.314051,-4.2439504
1780861826857,Accelerometer,-1.64295,12.292951,-3.1590002
1780861826881,Accelerometer,-0.20400001,14.87205,-4.05
1780861826898,Accelerometer,1.9930501,18.753,-6.5160003
1780861826917,Accelerometer,4.16895,18.95895,-8.391001
1780861826935,Accelerometer,4.236,16.300951,-5.23005
1780861826955,Accelerometer,4.99305,18.067951,-5.8690505
1780861826964,Accelerometer,-0.40005,12.336,-2.6110501
1780861826997,Accelerometer,-4.59495,7.6770005,-2.97495
1780861827013,Accelerometer,-11.1,4.9879503,-6.5209503
1780861827032,Accelerometer,-17.364,5.14095,6.6210003
1780861827046,Accelerometer,-4.27395,1.2409501,0.43095002
1780861827072,Accelerometer,7.7820005,-2.6869502,-0.049050003
1780861827094,Accelerometer,12.576,-1.2739501,1.8010501
1780861827112,Accelerometer,4.7850003,3.11595,-2.436
1780861827129,Accelerometer,-0.83100003,5.05305,-2.1730502
1780861827148,Accelerometer,-4.12305,5.7900004,0.34005
1780861827168,Accelerometer,-4.143,7.38,-0.37005
1780861827188,Accelerometer,-1.2550501,9.085051,-0.324
1780861827213,Accelerometer,0.50895,11.637,0.78300005
1780861827235,Accelerometer,-1.08,14.27805,-2.93895
1780861827245,Accelerometer,-2.838,17.167952,-1.9450501
1780861827265,Accelerometer,-4.71,18.83205,1.03005
1780861827285,Accelerometer,-4.6530004,17.75205,1.4320501
1780861827304,Accelerometer,-5.4910502,16.035,1.4899501
1780861827327,Accelerometer,-4.78695,15.93,0.38805002
1780861827344,Accelerometer,-5.24205,14.544001,-2.16105
1780861827363,Accelerometer,-9.89595,13.402051,-2.05305
1780861827382,Accelerometer,-13.52295,12.516001,-1.4089501
1780861827401,Accelerometer,-10.1980505,10.92105,-1.2250501
1780861827421,Accelerometer,-7.9159503,10.26,-2.18895
1780861827445,Accelerometer,-6.3240004,10.48095,-2.7570002
1780861827465,Accelerometer,-12.4150505,8.674951,-11.11995
1780861827479,Accelerometer,4.3780503,16.644001,-15.24495
1780861827499,Accelerometer,20.00805,22.36395,0.91995007
1780861827518,Accelerometer,7.5070505,10.543051,7.9450502
1780861827537,Accelerometer,-4.18095,7.9260006,-2.601
1780861827560,Accelerometer,-10.519051,6.2140503,-0.42000002
1780861827578,Accelerometer,-6.4669504,8.661,-1.67505
1780861827596,Accelerometer,-2.7280502,10.729951,-3.3000002
1780861827613,Accelerometer,-2.49495,9.348001,-5.78595
1780861827635,Accelerometer,-3.2380502,8.304001,-4.68405
1780861827655,Accelerometer,-3.8460002,9.657001,-3.04695
1780861827677,Accelerometer,-3.6109502,9.463051,-0.60405004
1780861827698,Accelerometer,-3.2209501,8.938951,-1.8139501
1780861827712,Accelerometer,-2.292,9.504001,-2.73495
1780861827732,Accelerometer,-1.2430501,9.559051,-3.279
1780861827752,Accelerometer,-0.83805007,9.4800005,-3.0970502
1780861827765,Accelerometer,-1.21695,9.613951,-2.982
1780861827791,Accelerometer,-2.0040002,9.66405,-4.0669503
1780861827810,Accelerometer,-1.83405,9.657001,-3.8890502
1780861827829,Accelerometer,-1.0489501,9.166051,-3.0559502
1780861827848,Accelerometer,-1.1659501,9.589951,-2.28795
1780861827868,Accelerometer,-1.72695,9.82995,-2.8260002
1780861827893,Accelerometer,-2.12205,9.71205,-2.493
1780861827911,Accelerometer,-1.5259501,9.8869505,-2.3470502
1780861827931,Accelerometer,-0.60105,10.13805,-2.66595
1780861827946,Accelerometer,0.50595003,9.897,-3.75795
1780861827965,Accelerometer,1.40205,10.366051,-5.2830005
1780861827985,Accelerometer,0.16395001,10.98795,-5.256
1780861828015,Accelerometer,-1.7200501,10.83705,-3.7770002
1780861828026,Accelerometer,-1.37205,11.44995,-2.91
1780861828042,Accelerometer,0.12495001,11.898001,-3.28395
1780861828062,Accelerometer,0.75495005,11.72805,-3.2310002
1780861828081,Accelerometer,0.882,12.22095,-3.79605
1780861828101,Accelerometer,-0.54195005,11.874001,-3.6360002
1780861828124,Accelerometer,-1.64505,13.366051,-3.7860003
1780861828142,Accelerometer,-0.38595003,16.507051,-5.781
1780861828163,Accelerometer,3.7050002,18.47805,-8.295
1780861828174,Accelerometer,7.0950003,17.872051,-5.71605
1780861828198,Accelerometer,9.411,17.85,-2.532
1780861828218,Accelerometer,1.0999501,13.441951,1.059
1780861828247,Accelerometer,-6.5610003,9.0390005,-6.8220005
1780861828259,Accelerometer,-11.104951,6.09,-8.90295
1780861828276,Accelerometer,-17.565,5.61105,6.7000504
1780861828296,Accelerometer,-7.3630505,2.4409502,-0.35505003
1780861828315,Accelerometer,3.15405,-1.2049501,-0.85095006
1780861828327,Accelerometer,8.211,-1.4470501,1.4899501
1780861828354,Accelerometer,5.1060004,1.00905,-0.372
1780861828377,Accelerometer,-1.0519501,2.2440002,-2.5200002
1780861828395,Accelerometer,-3.9150002,2.86695,-2.36205
1780861828407,Accelerometer,-4.3720503,4.122,-1.5640501
1780861828431,Accelerometer,-3.5029502,4.85895,-2.32095
1780861828451,Accelerometer,-0.72105,8.773951,-1.797
1780861828479,Accelerometer,1.368,10.63395,-0.54195005
1780861828490,Accelerometer,-0.855,13.003951,-5.6970005
1780861828509,Accelerometer,-4.1950502,16.58595,-6.327
1780861828529,Accelerometer,-6.9679503,16.560001,-2.9290502
1780861828548,Accelerometer,-6.46005,17.23995,-3.6709502
1780861828568,Accelerometer,-4.5469503,18.669,-4.44705
1780861828589,Accelerometer,-7.2000003,16.57905,-2.36205
1780861828606,Accelerometer,-10.8490505,13.533001,-0.64305
1780861828628,Accelerometer,-6.7549505,13.090951,0.25695002
1780861828645,Accelerometer,-7.12305,13.665001,-0.70500004
1780861828664,Accelerometer,-5.4640503,14.002951,0.34005
1780861828689,Accelerometer,-6.8290505,12.942,0.23295002
1780861828711,Accelerometer,-8.806951,9.444,-5.74305
1780861828722,Accelerometer,-7.01805,13.95495,-3.9780002
1780861828742,Accelerometer,11.166,18.928051,-4.73505
1780861828761,Accelerometer,14.338051,15.37695,2.9860501
1780861828781,Accelerometer,1.2889501,8.653951,0.003
1780861828805,Accelerometer,-4.71495,4.7299504,-1.8760501
1780861828822,Accelerometer,-7.8940506,6.3030005,-5.7259502
1780861828839,Accelerometer,-9.622951,10.861051,-2.4409502
1780861828858,Accelerometer,-5.8900504,12.139951,-3.5130002
1780861828878,Accelerometer,-2.256,8.962951,-4.407
1780861828888,Accelerometer,1.8880501,8.754001,-3.82695
1780861828917,Accelerometer,1.6000501,10.083,-0.726
1780861828942,Accelerometer,-2.02095,9.556951,-0.45795003
1780861828956,Accelerometer,-3.6210003,9.111,-2.8930502
1780861828970,Accelerometer,-3.3400502,9.5130005,-3.0300002
1780861828995,Accelerometer,-1.4419501,9.42,-2.7210002
1780861829014,Accelerometer,-0.40695003,9.45405,-3.0870001
1780861829037,Accelerometer,-1.3579501,9.537001,-3.8059502
1780861829055,Accelerometer,-1.9110001,9.564,-3.4030502
1780861829073,Accelerometer,-1.3270501,9.571051,-2.9890501
1780861829092,Accelerometer,-0.043950003,9.47295,-3.21405
1780861829111,Accelerometer,-0.034050003,9.601951,-3.3360002
1780861829128,Accelerometer,-1.11405,9.184951,-3.66195
1780861829151,Accelerometer,-1.866,9.645,-3.3289502
1780861829177,Accelerometer,-2.3470502,9.448951,-3.15
1780861829189,Accelerometer,-1.8220501,9.537001,-2.9269502
1780861829208,Accelerometer,-1.19295,9.436951,-2.601
1780861829228,Accelerometer,-0.65595,9.754951,-3.1609502
1780861829248,Accelerometer,-1.30305,9.946951,-5.0790005
1780861829272,Accelerometer,-2.31795,10.062,-4.5859504
1780861829288,Accelerometer,-1.9900501,10.078951,-3.3960001
1780861829305,Accelerometer,-0.882,10.732051,-3.6210003
1780861829325,Accelerometer,-0.24900001,10.984051,-4.32495
1780861829344,Accelerometer,-0.59895,11.106001,-4.1599503
1780861829364,Accelerometer,-1.4940001,11.08905,-3.561
1780861829386,Accelerometer,-1.641,11.842951,-3.3100502
1780861829406,Accelerometer,-0.46305,13.644001,-3.7770002
1780861829422,Accelerometer,0.88395005,14.995951,-4.428
1780861829441,Accelerometer,2.0070002,15.84195,-5.379
1780861829461,Accelerometer,3.0990002,16.792051,-6.1810503
1780861829488,Accelerometer,5.3110504,16.87605,-5.8840504
1780861829503,Accelerometer,8.271001,17.601002,-3.1639502
1780861829519,Accelerometer,2.1370502,16.08105,-0.20505
1780861829536,Accelerometer,-1.011,11.60595,-5.8240504
1780861829558,Accelerometer,-7.41795,6.6829505,-4.1790004
1780861829578,Accelerometer,-13.962001,4.2169504,-4.86105
1780861829602,Accelerometer,-12.337951,3.7669501,1.8769501
1780861829609,Accelerometer,-2.352,-0.65895003,-0.48705003
1780861829636,Accelerometer,6.0940504,-1.6170001,-1.4140501
1780861829656,Accelerometer,8.497951,0.70995003,0.89295006
1780861829675,Accelerometer,3.0580502,3.5299501,-1.4449501
1780861829690,Accelerometer,-0.92700005,4.53105,-2.3070002
1780861829717,Accelerometer,-3.2610002,4.4620504,-1.11
1780861829734,Accelerometer,-3.762,5.5410004,-2.1750002
1780861829753,Accelerometer,-1.8870001,8.07705,-2.3400002
1780861829769,Accelerometer,0.00795,10.52595,0.63495004
1780861829791,Accelerometer,-1.056,12.70005,-3.801
1780861829806,Accelerometer,-2.04495,16.806002,-5.4030004
1780861829831,Accelerometer,-4.41795,17.364,-1.62405
1780861829852,Accelerometer,-3.1230001,17.500952,-1.84905
1780861829873,Accelerometer,-2.3850002,16.941,-3.3460503
1780861829889,Accelerometer,-2.3040001,16.31595,-3.9300003
1780861829908,Accelerometer,-3.6160502,15.3820505,-3.9610503
1780861829928,Accelerometer,-10.06095,12.71895,-1.7539501
1780861829956,Accelerometer,-15.288001,11.757001,-0.67905
1780861829968,Accelerometer,-8.93595,12.613951,-1.335
1780861829985,Accelerometer,-2.94105,11.94795,-1.3590001
1780861830006,Accelerometer,-1.49205,10.63605,-1.43505
1780861830024,Accelerometer,-6.393,9.75,-5.7379503
1780861830044,Accelerometer,-4.578,14.161051,-6.91305
1780861830067,Accelerometer,17.853,23.194052,-4.6000504
1780861830084,Accelerometer,11.503051,13.845,6.79995
1780861830104,Accelerometer,-3.1969502,5.7330003,-1.485
1780861830122,Accelerometer,-5.7990003,3.5680501,-3.042
1780861830141,Accelerometer,-10.441951,7.4059505,-4.53795
1780861830161,Accelerometer,-9.931951,13.210051,-0.14505
1780861830188,Accelerometer,-4.341,11.067,-1.0210501
1780861830199,Accelerometer,-2.49495,7.3420506,-6.1759505
1780861830219,Accelerometer,1.1209501,10.16895,-4.04295
1780861830238,Accelerometer,-0.66795003,10.665001,0.18705001
1780861830253,Accelerometer,-4.59495,8.94795,-1.00395
1780861830277,Accelerometer,-5.02395,9.0730505,-3.5089502
1780861830300,Accelerometer,-3.0960002,9.40095,-3.8730001
1780861830318,Accelerometer,-0.66105,9.769951,-3.3700502
1780861830337,Accelerometer,-0.34305,9.68595,-2.8260002
1780861830355,Accelerometer,-1.30305,9.82005,-3.52305
1780861830374,Accelerometer,-2.052,9.86295,-3.6760502
1780861830400,Accelerometer,-1.9060501,9.669001,-2.6250002
1780861830420,Accelerometer,-0.58695,9.460951,-2.7259502
1780861830433,Accelerometer,-0.61095005,9.217051,-1.5259501
1780861830452,Accelerometer,-0.9580501,9.151951,-2.283
1780861830472,Accelerometer,-1.5640501,9.909,-5.22795
1780861830491,Accelerometer,-1.9660501,9.83205,-4.57695
1780861830514,Accelerometer,-0.76395005,10.21695,-3.4939501
1780861830532,Accelerometer,0.39600003,10.500001,-4.122
1780861830549,Accelerometer,1.0690501,11.70705,-4.66305
1780861830569,Accelerometer,-0.0049500004,12.027,-3.624
1780861830588,Accelerometer,-1.164,12.019951,-2.64
1780861830607,Accelerometer,-0.58005005,13.093051,-4.37295
1780861830634,Accelerometer,-0.16800001,13.581,-5.3089504
1780861830654,Accelerometer,-0.33105,13.80405,-4.90695
1780861830665,Accelerometer,1.35105,16.11705,-5.27295
1780861830685,Accelerometer,2.0340002,19.660051,-8.6640005
1780861830705,Accelerometer,6.7549505,18.580952,-10.264951
1780861830724,Accelerometer,13.842001,18.672,-5.2249503
1780861830747,Accelerometer,8.055,18.078001,-0.279
1780861830766,Accelerometer,-1.57305,12.84405,-7.3399506
1780861830782,Accelerometer,-6.4459505,7.20795,-6.9250503
1780861830802,Accelerometer,-13.509001,7.8090005,3.9049501
1780861830821,Accelerometer,-6.9889503,5.93205,-0.52095
1780861830841,Accelerometer,2.187,-0.072000004,-2.424
1780861830865,Accelerometer,6.1759505,-1.7719501,-1.44
1780861830886,Accelerometer,2.6200502,1.2750001,-0.46800002
1780861830895,Accelerometer,-1.7410501,3.3270001,-1.5310501
1780861830918,Accelerometer,-3.96795,4.4539504,-0.777
1780861830938,Accelerometer,-1.4779501,4.50705,0.28500003
1780861830957,Accelerometer,-0.70905006,6.32205,-1.8589501
1780861830981,Accelerometer,1.8709501,9.40305,-1.5960001
1780861830998,Accelerometer,-0.123,11.757001,-1.284
1780861831015,Accelerometer,-1.866,15.1380005,-4.9240503
1780861831035,Accelerometer,-3.5029502,19.13805,-3.72705
1780861831052,Accelerometer,-4.08495,20.077051,-1.485
1780861831074,Accelerometer,-4.37505,19.749,-2.5890002
1780861831098,Accelerometer,-5.2440004,18.564001,-1.2919501
1780861831119,Accelerometer,-7.1070004,18.741001,-1.5000001
1780861831132,Accelerometer,-13.76805,13.894951,-0.14895001
1780861831151,Accelerometer,-18.397951,12.4459505,-3.0660002
1780861831166,Accelerometer,-15.319051,13.380001,0.52695
1780861831196,Accelerometer,-8.682,12.49905,-1.6650001
1780861831212,Accelerometer,-8.44005,10.512,-2.21805
1780861831229,Accelerometer,-15.490951,8.59605,-6.681
1780861831249,Accelerometer,-6.4750504,13.384951,-13.227
1780861831268,Accelerometer,45.34605,32.592003,4.77495
1780861831287,Accelerometer,5.6970005,13.93605,4.26195
1780861831313,Accelerometer,-8.895,3.999,-8.368951
1780861831331,Accelerometer,-14.356951,0.60405004,-2.47005
1780861831348,Accelerometer,-18.03705,6.60405,1.2430501
1780861831365,Accelerometer,-7.4230504,13.342051,-1.05495
1780861831385,Accelerometer,-5.1049504,10.069051,-7.3510504
1780861831405,Accelerometer,2.15805,9.777,-7.69395
1780861831436,Accelerometer,1.9090501,10.383,0.91005003
1780861831444,Accelerometer,-3.8620503,8.89605,-1.4059501
1780861831462,Accelerometer,-5.7990003,8.800051,-2.391
1780861831482,Accelerometer,-4.21395,9.463051,-1.9450501
1780861831501,Accelerometer,-1.3960501,9.640051,-2.1340501
1780861831521,Accelerometer,0.01995,9.81,-2.532
1780861831533,Accelerometer,-0.45495003,9.94005,-3.2980502
1780861831560,Accelerometer,-1.9279501,9.595051,-4.026
1780861831585,Accelerometer,-2.8660502,9.23805,-2.8140001
1780861831598,Accelerometer,-2.5120502,9.363001,-1.7010001
1780861831612,Accelerometer,-0.65205,9.82005,-2.6160002
1780861831638,Accelerometer,-0.123,10.519051,-4.4809504
1780861831665,Accelerometer,-1.4470501,10.732051,-5.0220003
1780861831676,Accelerometer,-2.9329503,9.571051,-1.77795
1780861831693,Accelerometer,0.93195003,10.98795,-3.0250502
1780861831716,Accelerometer,2.62995,11.61795,-5.5870504
1780861831734,Accelerometer,2.45805,11.671051,-4.82805
1780861831754,Accelerometer,-0.13005,11.613001,-3.8770502
1780861831777,Accelerometer,-1.1710501,12.68805,-4.56495
1780861831795,Accelerometer,-0.30705002,13.384951,-5.2210503
1780861831815,Accelerometer,-0.22500001,13.786951,-4.6789503
1780861831832,Accelerometer,-0.47205,13.69095,-4.01595
1780861831851,Accelerometer,1.2390001,16.5,-5.92005
1780861831871,Accelerometer,5.67495,20.532001,-9.436951
1780861831899,Accelerometer,12.86295,19.591051,-8.82405
1780861831909,Accelerometer,12.7240505,18.616951,0.42195
1780861831929,Accelerometer,1.4089501,14.30895,-2.529
1780861831949,Accelerometer,-7.5589504,9.966001,-11.295
1780861831968,Accelerometer,-11.74005,6.5329504,-5.4859505
1780861831993,Accelerometer,-11.62005,6.9079504,4.4440503
1780861832010,Accelerometer,-1.6570501,1.215,-0.29295
1780861832026,Accelerometer,4.13595,-2.8140001,-2.7930002
1780861832045,Accelerometer,5.742,-1.389,-1.014
1780861832065,Accelerometer,-0.50100005,1.31295,-1.5289501
1780861832084,Accelerometer,-3.5029502,3.2689502,-2.6490002
1780861832094,Accelerometer,-3.04395,4.12605,-0.80595005
1780861832127,Accelerometer,-1.233,5.46,-1.3990501
1780861832142,Accelerometer,0.23595001,8.235001,-2.1990001
1780861832162,Accelerometer,-0.13005,10.885051,-1.0570501
1780861832174,Accelerometer,-0.846,13.621951,-5.40705
1780861832201,Accelerometer,-2.8590002,16.684052,-4.5210004
1780861832224,Accelerometer,-4.6930504,18.066,-2.079
1780861832241,Accelerometer,-4.131,19.00695,-1.6170001
1780861832257,Accelerometer,-2.42595,19.87605,-2.57505
1780861832278,Accelerometer,-0.41895002,19.830002,-1.57605
1780861832298,Accelerometer,-4.08495,17.046001,-0.504
1780861832318,Accelerometer,-14.749051,13.312951,-0.66405004
1780861832327,Accelerometer,-24.883951,13.80405,2.67195
1780861832360,Accelerometer,-11.376,13.396951,-0.231
1780861832376,Accelerometer,-7.00605,12.150001,-0.19005
1780861832395,Accelerometer,-10.50405,8.191951,-1.9620001
1780861832415,Accelerometer,-20.49105,7.05,-4.038
1780861832434,Accelerometer,15.657001,20.04795,-23.851051
1780861832457,Accelerometer,41.757004,28.420952,16.963951
1780861832474,Accelerometer,4.938,9.97095,0.120000005
1780861832492,Accelerometer,-8.77095,1.4830501,-7.3630505
1780861832511,Accelerometer,-17.694,0.97305006,1.2910501
1780861832531,Accelerometer,-16.00605,9.5449505,-1.59105
1780861832551,Accelerometer,-8.062051,12.6,-3.59205
1780861832575,Accelerometer,-2.766,9.999001,-7.4740505
1780861832593,Accelerometer,3.5350502,9.7240505,-3.9229503
1780861832605,Accelerometer,-1.674,9.5449505,0.78300005
1780861832629,Accelerometer,-6.2179503,9.22095,-1.0500001
1780861832648,Accelerometer,-6.05805,8.89095,-2.295
1780861832668,Accelerometer,-2.8470001,9.118051,-2.77605
1780861832689,Accelerometer,-0.73995006,9.736051,-2.742
1780861832706,Accelerometer,-0.67095006,9.98505,-3.0270002
1780861832726,Accelerometer,-1.128,9.61905,-4.9090505
1780861832745,Accelerometer,-1.9780501,9.633,-3.7860003
1780861832754,Accelerometer,-2.05005,9.018001,-2.01495
1780861832784,Accelerometer,-1.899,8.817,-0.88905007
1780861832808,Accelerometer,-1.2019501,9.86505,-1.32
1780861832829,Accelerometer,-0.546,10.408951,-4.85895
1780861832842,Accelerometer,-1.3270501,10.29195,-7.7179503
1780861832861,Accelerometer,-2.526,9.604051,-4.881
1780861832881,Accelerometer,-0.9889501,10.01595,-3.1729503
1780861832895,Accelerometer,0.43905002,11.236951,-3.9589503
1780861832920,Accelerometer,0.363,11.41005,-3.2260501
1780861832939,Accelerometer,0.77895004,11.527051,-2.778
1780861832959,Accelerometer,0.43905002,12.484951,-3.8580003
1780861832975,Accelerometer,-0.73305005,13.210051,-5.3910003
1780861832997,Accelerometer,-1.1400001,14.125051,-4.359
1780861833024,Accelerometer,0.47295,15.6,-4.9360504
1780861833041,Accelerometer,2.3140502,18.67905,-7.6870503
1780861833059,Accelerometer,6.3510003,21.09,-11.09595
1780861833071,Accelerometer,14.2879505,18.90105,-7.1410503
1780861833094,Accelerometer,11.557951,17.518051,0.48600003
1780861833114,Accelerometer,-1.044,14.479051,-8.2879505
1780861833144,Accelerometer,-8.07195,8.491051,-10.77105
1780861833153,Accelerometer,-15.27105,6.6450005,-0.18105
1780861833172,Accelerometer,-11.269951,5.75895,1.8870001
1780861833192,Accelerometer,-0.84105,0.109050006,-1.9240501
1780861833211,Accelerometer,5.826,-2.3440502,-1.9399501
1780861833231,Accelerometer,5.32305,-0.28305,0.19005
1780861833253,Accelerometer,-0.44805002,2.3089502,-2.0340002
1780861833271,Accelerometer,-3.0910501,2.77395,-1.05495
1780861833292,Accelerometer,-3.69,2.982,-0.34305
1780861833308,Accelerometer,-2.66295,4.3440003,-2.46
1780861833328,Accelerometer,0.17595,7.0590005,-1.69395
1780861833348,Accelerometer,2.3160002,9.571051,0.762
1780861833378,Accelerometer,0.04605,11.922001,-4.5
1780861833378,Accelerometer,-2.8519502,16.84995,-6.0490503
1780861833406,Accelerometer,-5.9689503,18.757952,-2.8210502
1780861833425,Accelerometer,-3.3330002,20.743052,-4.4110503
1780861833444,Accelerometer,-0.096,20.805,-6.8890505
1780861833456,Accelerometer,0.68295,18.174002,-6.1090503
1780861833484,Accelerometer,-5.8380003,13.78005,-1.8349501
1780861833504,Accelerometer,-21.918001,14.830951,-2.28795
1780861833526,Accelerometer,-19.33395,13.383,2.97195
1780861833536,Accelerometer,-4.49895,12.4800005,0.79005
1780861833561,Accelerometer,-1.7890501,12.02295,0.71895003
1780861833581,Accelerometer,-5.6200504,9.87495,-5.367
1780861833606,Accelerometer,-5.1790504,17.998951,-10.941001
1780861833618,Accelerometer,27.28395,30.83505,-7.2250504
1780861833638,Accelerometer,1.38495,10.561951,14.572051
1780861833658,Accelerometer,-7.2580504,0.49905002,-8.806951
1780861833677,Accelerometer,-12.618001,4.9830003,-4.94805
1780861833689,Accelerometer,-19.071001,9.481951,4.9900503
1780861833717,Accelerometer,-6.0360003,12.02505,1.0180501
1780861833738,Accelerometer,-3.7860003,8.60595,-6.03
1780861833758,Accelerometer,-0.39795002,10.023001,-7.5409503
1780861833774,Accelerometer,2.1370502,10.392,0.079050004
1780861833794,Accelerometer,-3.9610503,8.778001,-0.492
1780861833819,Accelerometer,-5.0880003,8.69505,-3.49005
1780861833841,Accelerometer,-4.0300503,9.432,-3.86505
1780861833851,Accelerometer,-2.3059502,9.298051,-3.4129503
1780861833872,Accelerometer,-0.99405,9.628051,-3.11595
1780861833891,Accelerometer,-0.21405001,10.14105,-2.946
1780861833910,Accelerometer,-0.17295001,9.457951,-3.6360002
1780861833934,Accelerometer,-1.1899501,9.31005,-3.9490502
1780861833951,Accelerometer,-2.21295,9.19995,-3.1210501
1780861833969,Accelerometer,-1.7340001,9.207001,-2.0700002
1780861833988,Accelerometer,-0.25395,9.52995,-2.8960502
1780861834000,Accelerometer,-0.633,9.98805,-4.1620502
1780861834027,Accelerometer,-1.7719501,10.201051,-4.3369503
1780861834052,Accelerometer,-1.45605,10.033051,-4.3159504
1780861834070,Accelerometer,0.76005006,10.794001,-4.63905
1780861834086,Accelerometer,2.091,11.391001,-5.9149504
1780861834100,Accelerometer,1.5450001,11.781,-5.8380003
1780861834124,Accelerometer,-1.1689501,11.989051,-4.81605
1780861834143,Accelerometer,-1.1899501,12.68805,-4.4809504
1780861834165,Accelerometer,0.91800004,13.663051,-4.7299504
1780861834184,Accelerometer,0.71400005,14.13405,-4.782
1780861834202,Accelerometer,0.72405005,16.22505,-5.15595
1780861834221,Accelerometer,2.50095,18.492,-6.94395
1780861834241,Accelerometer,6.70305,19.689001,-8.641951
1780861834258,Accelerometer,13.500001,18.38895,-5.3500504
1780861834281,Accelerometer,8.629951,18.82995,1.9450501
1780861834307,Accelerometer,0.27195,16.17,-9.99195
1780861834316,Accelerometer,-3.2400002,9.1710005,-8.496
1780861834339,Accelerometer,-10.210051,6.42495,-1.65795
1780861834357,Accelerometer,-14.11995,6.9199505,2.2750502
1780861834377,Accelerometer,-4.3650002,1.452,-1.22895
1780861834397,Accelerometer,4.39395,-1.554,-2.769
1780861834416,Accelerometer,6.7429504,-0.46005002,1.94895
1780861834436,Accelerometer,0.16905001,2.4120002,-1.34895
1780861834455,Accelerometer,-2.4739501,3.8490002,-0.87495005
1780861834474,Accelerometer,-3.0910501,4.452,0.33600003
1780861834499,Accelerometer,-0.50805,6.669,-1.0860001
1780861834517,Accelerometer,-0.16305001,8.6629505,-2.05305
1780861834536,Accelerometer,-0.90105003,10.641001,0.13695
1780861834552,Accelerometer,-1.64295,12.22095,-2.8600502
1780861834571,Accelerometer,-2.8230002,16.05705,-3.2260501
1780861834591,Accelerometer,-6.2299504,15.649951,1.8460501
1780861834620,Accelerometer,-5.136,16.612951,0.92700005
1780861834623,Accelerometer,-5.4619503,19.660051,-2.8290002
1780861834647,Accelerometer,-5.34,20.18205,-3.7500002
1780861834664,Accelerometer,-11.533951,15.781951,-3.6330001
1780861834687,Accelerometer,-20.74905,10.30605,-2.33295
1780861834707,Accelerometer,-16.15905,11.472,-2.8890002
1780861834728,Accelerometer,-11.44995,12.007951,-3.7240503
1780861834738,Accelerometer,-10.531051,11.326051,-1.46895
1780861834765,Accelerometer,-13.059001,9.241051,-5.175
1780861834782,Accelerometer,-1.30305,12.315001,-6.681
1780861834804,Accelerometer,40.759052,25.749,-3.17805
1780861834819,Accelerometer,9.5779505,13.210051,5.2650003
1780861834846,Accelerometer,-5.754,5.1529503,-1.725
1780861834864,Accelerometer,-11.578951,3.9060001,-9.715051
1780861834882,Accelerometer,-21.96795,7.7730002,4.032
1780861834899,Accelerometer,-11.076,11.39805,-1.5979501
1780861834921,Accelerometer,-4.2670503,9.44205,-3.28395
1780861834940,Accelerometer,-0.59400004,8.958,-4.56705
1780861834965,Accelerometer,2.8960502,10.272,-1.3609501
1780861834982,Accelerometer,-2.6580002,9.837001,-1.416
1780861835000,Accelerometer,-4.9729505,9.295951,-2.5440001
1780861835018,Accelerometer,-5.136,9.217051,-2.7880502
1780861835038,Accelerometer,-2.835,9.23595,-2.9650502
1780861835058,Accelerometer,-0.37605003,9.727051,-3.7189503
1780861835085,Accelerometer,-0.33105,10.240951,-3.0199502
1780861835096,Accelerometer,-1.6290001,9.745951,-2.2710001
1780861835115,Accelerometer,-2.26305,9.592051,-2.3830502
1780861835135,Accelerometer,-1.7170501,9.74295,-2.22495
1780861835154,Accelerometer,-0.88605005,9.68595,-2.592
1780861835174,Accelerometer,-1.4110501,9.784051,-3.051
1780861835196,Accelerometer,-2.93595,10.075951,-4.10505
1780861835214,Accelerometer,-3.4939501,9.8220005,-3.9109502
1780861835232,Accelerometer,-1.8679501,9.762,-1.9950001
1780861835247,Accelerometer,2.12895,11.007001,-3.9589503
1780861835271,Accelerometer,2.7540002,11.577001,-5.5219502
1780861835296,Accelerometer,1.4089501,10.986,-3.6810002
1780861835317,Accelerometer,-0.91995007,11.3209505,-3.17595
1780861835329,Accelerometer,-1.593,12.69795,-5.7109504
1780861835348,Accelerometer,-1.212,13.308001,-5.7619505
1780861835368,Accelerometer,-0.39795002,15.174001,-4.93095
1780861835383,Accelerometer,1.1530501,17.44095,-5.709
1780861835407,Accelerometer,4.557,19.809,-7.596
1780861835429,Accelerometer,9.1710005,19.629002,-7.7059503
1780861835447,Accelerometer,13.453951,20.791052,-4.2510004
1780861835471,Accelerometer,4.1740503,18.043951,-1.0159501
1780861835484,Accelerometer,-4.54005,10.894951,-10.94505
1780861835504,Accelerometer,-7.1899505,7.7110505,-4.05195
1780861835529,Accelerometer,-16.449001,7.48995,8.766001
1780861835551,Accelerometer,-6.8029504,4.0140004,-2.6419501
1780861835561,Accelerometer,4.2439504,-1.7389501,-0.10605001
1780861835581,Accelerometer,4.34205,-2.9290502,0.24705002
1780861835601,Accelerometer,-1.044,1.014,-1.7580001
1780861835620,Accelerometer,-3.4459503,3.114,0.77895004
1780861835644,Accelerometer,-2.5740001,3.2760003,2.364
1780861835660,Accelerometer,-0.49395,3.7500002,0.91995007
1780861835679,Accelerometer,1.4830501,5.88105,-0.537
1780861835698,Accelerometer,1.50705,8.68305,-1.9399501
1780861835712,Accelerometer,0.123,11.769001,-0.72195005
1780861835737,Accelerometer,-1.2550501,14.688001,-2.46705
1780861835763,Accelerometer,-4.00605,18.25695,-4.65105
1780861835782,Accelerometer,-7.1520004,17.812052,2.49495
1780861835795,Accelerometer,-2.15295,18.34395,0.65895003
1780861835815,Accelerometer,-1.3099501,20.70405,-3.93195
1780861835834,Accelerometer,-4.0350003,20.604,-5.8170004
1780861835854,Accelerometer,-16.351051,15.183001,0.048
1780861835868,Accelerometer,-26.287052,11.94795,-3.0990002
1780861835893,Accelerometer,-13.906051,13.19295,-1.1410501
1780861835912,Accelerometer,-6.867,11.27295,-0.93000007
1780861835932,Accelerometer,-9.010051,7.9450502,-2.01
1780861835951,Accelerometer,-14.898001,6.58995,-5.268
1780861835971,Accelerometer,-4.3390503,11.10795,-15.870001
1780861835995,Accelerometer,50.134953,38.82405,1.521
1780861836014,Accelerometer,7.5120006,13.098001,5.859
1780861836025,Accelerometer,-8.965051,2.5459502,-7.5859504
1780861836048,Accelerometer,-13.15005,1.8679501,-5.2710004
1780861836068,Accelerometer,-18.61395,7.9840503,0.67800003
1780861836099,Accelerometer,-6.2569504,12.018001,-2.094
1780861836108,Accelerometer,-2.124,10.429951,-5.886
1780861836126,Accelerometer,2.331,9.019951,-4.4089503
1780861836145,Accelerometer,-1.1899501,9.87495,-0.14205001
1780861836165,Accelerometer,-4.23105,9.748051,-1.794
1780861836179,Accelerometer,-4.0729504,8.96805,-2.53695
1780861836204,Accelerometer,-2.76795,9.36705,-3.45795
1780861836225,Accelerometer,-0.85305005,9.303,-3.8410501
1780861836247,Accelerometer,-0.92700005,9.568951,-3.7170002
1780861836261,Accelerometer,-1.3410001,9.7240505,-2.39505
1780861836281,Accelerometer,-1.53495,9.436951,-2.4100502
1780861836301,Accelerometer,-1.57095,9.436951,-3.2670002
1780861836328,Accelerometer,-1.1899501,9.195001,-2.63505
1780861836343,Accelerometer,-1.14495,9.552,-3.07095
1780861836359,Accelerometer,-1.81305,10.023001,-4.2130504
1780861836379,Accelerometer,-2.7970502,9.97605,-4.0620003
1780861836397,Accelerometer,-3.0270002,9.660001,-2.56995
1780861836417,Accelerometer,-0.132,10.390051,-3.5059502
1780861836441,Accelerometer,1.7659501,10.89,-5.589
1780861836460,Accelerometer,1.9590001,11.395051,-6.0540004
1780861836477,Accelerometer,0.23805001,11.37405,-4.1860504
1780861836490,Accelerometer,-0.66795003,12.159,-4.05195
1780861836514,Accelerometer,-0.34800002,12.86505,-4.41795
1780861836534,Accelerometer,0.063,13.299001,-3.15405
1780861836563,Accelerometer,1.1359501,15.451051,-3.15405
1780861836573,Accelerometer,2.424,19.557001,-6.5179505
1780861836592,Accelerometer,5.295,21.123001,-10.219951
1780861836612,Accelerometer,10.087951,18.46305,-6.8770504
1780861836631,Accelerometer,8.623051,18.528002,-0.003
1780861836646,Accelerometer,-0.67605,13.909051,-3.9760501
1780861836662,Accelerometer,-5.97195,9.243,-10.126051
1780861836690,Accelerometer,-10.377001,5.61105,-4.85895
1780861836713,Accelerometer,-12.048,6.018,1.3579501
1780861836728,Accelerometer,-2.32005,1.43505,0.75000006
1780861836742,Accelerometer,4.65495,-1.66005,-0.36495003
1780861836767,Accelerometer,5.82105,-0.14895001,0.23295002
1780861836794,Accelerometer,0.48195,2.55795,-2.08395
1780861836805,Accelerometer,-2.5740001,3.0300002,-2.43405
1780861836822,Accelerometer,-3.0240002,3.8080502,-2.592
1780861836845,Accelerometer,-2.9890501,5.0149503,-3.18495
1780861836864,Accelerometer,-0.9289501,7.9090505,-2.6749501
1780861836888,Accelerometer,0.40095,10.299001,-0.86100006
1780861836906,Accelerometer,-1.2550501,12.619051,-6.018
1780861836923,Accelerometer,-4.0950003,16.990952,-7.60305
1780861836942,Accelerometer,-5.412,17.613,-3.183
1780861836956,Accelerometer,-3.903,17.38095,-2.4
1780861836980,Accelerometer,-5.3970003,15.4800005,-5.4739504
1780861837004,Accelerometer,-5.361,17.16105,-4.8640504
1780861837025,Accelerometer,-10.02495,15.423,-4.809
1780861837038,Accelerometer,-16.95405,12.763051,-2.496
1780861837058,Accelerometer,-12.204,12.589951,-2.3500502
1780861837078,Accelerometer,-6.1320004,12.727051,0.028950002
1780861837097,Accelerometer,-3.28095,12.619051,0.78105
1780861837112,Accelerometer,-4.308,11.7310505,0.08400001
1780861837136,Accelerometer,-9.357,14.343,-5.0290504
1780861837157,Accelerometer,0.72900003,21.41805,3.2059503
1780861837175,Accelerometer,12.399,19.771051,-2.42895
1780861837194,Accelerometer,-0.62505,3.9520502,-2.02395
1780861837214,Accelerometer,-4.79895,2.66805,-1.4760001
1780861837238,Accelerometer,-14.112,7.5859504,-4.5360003
1780861837260,Accelerometer,-9.38595,14.053051,3.5629501
1780861837272,Accelerometer,-3.89805,9.748051,-2.17995
1780861837292,Accelerometer,-2.019,7.6870503,-7.1839504
1780861837304,Accelerometer,4.4830503,11.11995,-3.0300002
1780861837330,Accelerometer,1.24395,9.97605,1.54005
1780861837353,Accelerometer,-5.208,8.800051,-2.84505
1780861837370,Accelerometer,-7.72905,9.264001,-3.9949503
1780861837387,Accelerometer,-4.25505,9.339001,-3.90105
1780861837408,Accelerometer,0.64695,10.219951,-3.0010502
1780861837427,Accelerometer,1.3660501,10.45905,-3.2400002
1780861837447,Accelerometer,-0.70005006,9.999001,-3.4609501
1780861837471,Accelerometer,-1.8700501,9.739051,-3.078
1780861837492,Accelerometer,-2.0760002,9.363001,-2.6850002
1780861837505,Accelerometer,-0.63495004,9.4150505,-2.15295
1780861837525,Accelerometer,-0.29295,9.727051,-1.77795
1780861837544,Accelerometer,-1.1040001,10.062,-2.3689501
1780861837564,Accelerometer,-2.05995,10.407001,-3.3120003
1780861837586,Accelerometer,-2.4,10.98795,-2.7450001
1780861837603,Accelerometer,-1.69095,10.536,-2.0719502
1780861837622,Accelerometer,0.492,10.498051,-2.8930502
1780861837641,Accelerometer,1.845,10.420951,-4.28895
1780861837660,Accelerometer,1.8280501,11.24505,-3.9709501
1780861837680,Accelerometer,-0.53400004,11.592001,-3.9589503
1780861837703,Accelerometer,-1.5259501,12.394051,-4.7470503
1780861837725,Accelerometer,-0.16095,13.42605,-4.62405
1780861837735,Accelerometer,1.023,13.596001,-4.263
1780861837761,Accelerometer,1.488,14.806951,-5.1199503
1780861837785,Accelerometer,1.866,17.13195,-7.4209504
1780861837806,Accelerometer,5.70405,16.82805,-9.09195
1780861837818,Accelerometer,10.962001,17.03895,-7.7590504
1780861837836,Accelerometer,10.63605,18.051,0.41205
1780861837855,Accelerometer,-1.4389501,16.525951,-2.4859502
1780861837874,Accelerometer,-7.4470506,12.118051,-10.533001
1780861837891,Accelerometer,-7.12305,8.53905,-4.4830503
1780861837913,Accelerometer,-12.3810005,10.500001,3.4360502
1780861837937,Accelerometer,-3.39105,5.8690505,-1.8280501
1780861837958,Accelerometer,3.6469502,0.85095006,-2.8290002
1780861837972,Accelerometer,4.2169504,-0.50805,-1.93095
1780861837991,Accelerometer,0.102000006,1.047,-1.0519501
1780861838011,Accelerometer,-3.0319502,2.5560002,-1.0159501
1780861838025,Accelerometer,-4.35795,2.55795,0.66795003
1780861838047,Accelerometer,-3.111,3.28395,-0.93705004
1780861838069,Accelerometer,-1.2889501,5.18895,-1.77495
1780861838089,Accelerometer,0.45105,7.0399504,-2.12505
1780861838104,Accelerometer,-0.048,9.556951,-0.68805003
1780861838127,Accelerometer,-1.6999501,13.189051,-3.51795
1780861838150,Accelerometer,-5.2060504,16.488,-3.5850003
1780861838168,Accelerometer,-5.94105,16.335001,0.84795004
1780861838188,Accelerometer,-3.525,16.665,-2.151
1780861838201,Accelerometer,-0.9990001,18.066,-3.348
1780861838224,Accelerometer,-9.51105,14.44995,-1.19295
1780861838244,Accelerometer,-11.46405,11.55105,0.47895002
1780861838272,Accelerometer,-9.925051,11.515051,-0.42705002
1780861838284,Accelerometer,-6.8910003,13.786951,-0.71895003
1780861838302,Accelerometer,-7.68795,13.79895,-1.83
1780861838321,Accelerometer,-10.453951,11.866951,-2.094
1780861838341,Accelerometer,-10.19295,11.637,-1.7680501
1780861838357,Accelerometer,-9.010051,12.979951,-5.7520504
1780861838380,Accelerometer,1.5520501,17.320951,-10.320001
1780861838401,Accelerometer,29.668951,21.43905,4.9830003
1780861838424,Accelerometer,4.62405,9.279,3.69705
1780861838438,Accelerometer,-4.767,7.347,-5.18505
1780861838457,Accelerometer,-8.694,4.9399505,-6.4459505
1780861838477,Accelerometer,-13.543051,8.367001,-4.428
1780861838504,Accelerometer,-8.200951,12.099001,-0.492
1780861838517,Accelerometer,-4.34805,8.838,-4.97205
1780861838535,Accelerometer,0.71400005,9.283951,-4.27005
1780861838555,Accelerometer,1.794,9.94005,-1.31505
1780861838574,Accelerometer,-3.048,9.67905,-1.07805
1780861838585,Accelerometer,-5.60295,9.01095,-2.2470002
1780861838613,Accelerometer,-4.425,9.16395,-3.2290502
1780861838634,Accelerometer,-1.30095,9.469951,-3.82905
1780861838654,Accelerometer,-0.61800003,9.430051,-3.6829503
1780861838665,Accelerometer,-1.5300001,9.451051,-3.6210003
1780861838690,Accelerometer,-2.1360002,9.640051,-3.4420502
1780861838715,Accelerometer,-2.6149502,9.195001,-2.6779501
1780861838737,Accelerometer,-1.72395,9.348001,-2.2110002
1780861838747,Accelerometer,-0.59205,9.703051,-3.0919502
1780861838768,Accelerometer,-0.87405,9.967951,-3.0730503
1780861838788,Accelerometer,-2.43105,9.66705,-2.3740501
1780861838807,Accelerometer,-3.1579502,9.537001,-2.9530501
1780861838830,Accelerometer,-2.6170502,9.5449505,-3.6690001
1780861838846,Accelerometer,0.11805001,10.15005,-3.2310002
1780861838866,Accelerometer,2.24895,11.017051,-5.07495
1780861838885,Accelerometer,2.3689501,11.50605,-5.565
1780861838904,Accelerometer,-0.25695002,11.11995,-3.2050502
1780861838924,Accelerometer,-1.5949501,11.72595,-4.01595
1780861838949,Accelerometer,-1.2100501,12.942,-5.4030004
1780861838969,Accelerometer,0.86295,15.085051,-3.9490502
1780861838980,Accelerometer,2.7180002,17.761951,-4.7250004
1780861839001,Accelerometer,3.9640503,19.275002,-6.9490504
1780861839021,Accelerometer,5.1060004,18.96405,-8.41695
1780861839040,Accelerometer,8.400001,18.162,-5.235
1780861839063,Accelerometer,7.794,19.146002,-3.7360501
1780861839082,Accelerometer,-1.19805,12.80805,-5.3160005
1780861839099,Accelerometer,-0.73800004,6.6330004,-7.0069504
1780861839118,Accelerometer,-11.413951,5.0340004,1.1710501
1780861839138,Accelerometer,-13.894051,5.40705,-1.1050501
1780861839157,Accelerometer,0.40995002,-0.762,-0.81000006
1780861839181,Accelerometer,7.0230002,-3.0649502,0.735
1780861839202,Accelerometer,5.33295,-0.13005,-1.1740501
1780861839215,Accelerometer,2.151,2.9220002,-0.19305001
1780861839227,Accelerometer,-1.06605,3.28605,1.41795
1780861839255,Accelerometer,-0.91695005,5.8650002,-2.295
1780861839273,Accelerometer,0.84405005,9.47805,0.060000002
1780861839297,Accelerometer,-0.48405004,11.311951,0.29205
1780861839313,Accelerometer,-2.9890501,14.118001,-4.452
1780861839332,Accelerometer,-5.2320004,17.035952,-1.9450501
1780861839351,Accelerometer,-4.74405,16.902,2.05695
1780861839370,Accelerometer,-1.9540501,16.77795,1.473
1780861839387,Accelerometer,-1.4610001,18.76305,1.26705
1780861839410,Accelerometer,-1.14495,19.29405,-0.78900003
1780861839434,Accelerometer,-4.0729504,17.85795,-2.778
1780861839447,Accelerometer,-15.09405,13.49505,-3.3720002
1780861839466,Accelerometer,-25.423052,12.66705,-1.03995
1780861839488,Accelerometer,-12.934051,11.673,-2.838
1780861839518,Accelerometer,-5.754,11.167951,-4.1860504
1780861839528,Accelerometer,-12.4480505,15.934951,-7.9140005
1780861839545,Accelerometer,5.16795,23.85795,-10.258051
1780861839565,Accelerometer,14.779051,18.300001,1.095
1780861839584,Accelerometer,3.6810002,3.1279502,5.5339503
1780861839603,Accelerometer,-3.4720502,1.7299501,-1.3110001
1780861839624,Accelerometer,-14.722951,9.085051,-6.9640503
1780861839645,Accelerometer,-14.883,11.367001,6.4819503
1780861839666,Accelerometer,-9.43605,9.26895,-4.6650004
1780861839682,Accelerometer,-3.7380002,9.241051,-6.4800005
1780861839701,Accelerometer,3.1930501,11.248951,-4.782
1780861839721,Accelerometer,1.7370001,9.739051,-0.96105003
1780861839750,Accelerometer,-3.9220502,8.754001,-3.13995
1780861839760,Accelerometer,-5.7990003,9.003,-2.91
1780861839778,Accelerometer,-4.43205,9.183001,-2.59395
1780861839799,Accelerometer,-1.0180501,9.8220005,-2.7880502
1780861839817,Accelerometer,0.86100006,10.035001,-3.1210501
1780861839837,Accelerometer,1.35105,9.64305,-3.0730503
1780861839862,Accelerometer,-0.34500003,9.717,-3.4099503
1780861839868,Accelerometer,-2.43105,9.14505,-3.6160502
1780861839895,Accelerometer,-3.1030502,9.424951,-4.00395
1780861839915,Accelerometer,-2.5120502,9.5449505,-2.1750002
1780861839934,Accelerometer,-1.6360501,9.183001,-1.6320001
1780861839948,Accelerometer,-0.46995002,9.556951,-3.7030501
1780861839977,Accelerometer,-0.13005,10.110001,-3.49005
1780861839994,Accelerometer,-0.18,10.395,-3.657
1780861840011,Accelerometer,-0.087000005,10.938001,-4.5480003
1780861840028,Accelerometer,-0.64005005,11.395051,-4.90005
1780861840051,Accelerometer,-0.04095,11.78295,-3.45405
1780861840070,Accelerometer,1.0690501,12.20505,-2.2350001
1780861840094,Accelerometer,1.38195,12.51105,-3.7410002
1780861840111,Accelerometer,-0.58905005,12.68595,-4.761
1780861840131,Accelerometer,-1.35105,13.842001,-4.6080003
1780861840148,Accelerometer,0.58005005,16.821001,-5.6200504
1780861840167,Accelerometer,2.63505,19.324951,-7.6200004
1780861840187,Accelerometer,7.794,19.000051,-7.8930006
1780861840213,Accelerometer,13.516951,16.771051,-2.7190502
1780861840226,Accelerometer,6.35295,17.57295,2.46195
1780861840245,Accelerometer,-1.69095,12.86295,-4.8370504
1780861840265,Accelerometer,-7.0990505,7.9260006,-9.660001
1780861840284,Accelerometer,-12.166051,5.2780504,-3.4459503
1780861840309,Accelerometer,-13.617001,5.2320004,2.7510002
1780861840326,Accelerometer,-3.46005,0.453,-1.881
1780861840342,Accelerometer,5.4480004,-1.67595,-2.364
1780861840361,Accelerometer,7.4710503,-0.61800003,2.0310001
1780861840382,Accelerometer,1.7340001,2.0029502,-2.39805
1780861840400,Accelerometer,-1.4989501,3.6450002,-3.3940501
1780861840427,Accelerometer,-2.301,4.9669504,-4.13595
1780861840444,Accelerometer,-0.81195,8.637,-3.82905
1780861840459,Accelerometer,-1.6720501,10.453951,-3.4300501
1780861840478,Accelerometer,-3.45795,11.71605,-8.877001
1780861840498,Accelerometer,-4.2840004,14.58495,-9.54705
1780861840511,Accelerometer,-6.4960504,13.77,-7.1310005
1780861840537,Accelerometer,-8.50695,13.689001,-7.1020503
1780861840559,Accelerometer,-9.738001,13.240951,-6.88005
1780861840575,Accelerometer,-9.348001,14.283001,-6.8029504
1780861840593,Accelerometer,-8.035951,14.200951,-5.6800504
1780861840614,Accelerometer,-9.432,13.962001,-2.0670002
1780861840633,Accelerometer,-9.11505,13.43805,-0.38700002
1780861840652,Accelerometer,-6.8239503,13.023001,0.79005
1780861840681,Accelerometer,-5.50995,13.282051,1.52295
1780861840692,Accelerometer,-5.7520504,12.664051,0.70905006
1780861840712,Accelerometer,-7.07805,13.696051,1.28805
1780861840731,Accelerometer,-4.21395,16.00695,-0.094050005
1780861840749,Accelerometer,7.9090505,17.865002,3.144
1780861840773,Accelerometer,25.428001,19.111952,7.38705
1780861840790,Accelerometer,2.601,9.1039505,-3.0630002
1780861840808,Accelerometer,-6.1710005,4.59105,-9.399
1780861840828,Accelerometer,-8.589001,3.31905,-5.15805
1780861840847,Accelerometer,-15.04905,9.48495,-9.468
1780861840867,Accelerometer,-10.918051,14.424001,3.5530503
1780861840889,Accelerometer,-6.156,7.9600506,-3.1330502
1780861840911,Accelerometer,-0.86205006,8.57205,-1.88505
1780861840925,Accelerometer,3.762,10.665001,-0.19995001
1780861840944,Accelerometer,2.8240502,10.435051,-0.32895002
1780861840974,Accelerometer,-3.3670502,8.28495,-3.8700001
1780861840988,Accelerometer,-5.11905,9.019951,-4.9570503
1780861841005,Accelerometer,-3.3049502,9.769951,-4.2439504
1780861841022,Accelerometer,-0.37605003,9.80595,-3.492
1780861841042,Accelerometer,0.35505003,9.612,-2.946
1780861841061,Accelerometer,-0.80700004,9.49005,-2.7210002
1780861841080,Accelerometer,-1.6000501,9.36705,-2.14395
1780861841106,Accelerometer,-0.597,9.280951,-1.6720501
1780861841123,Accelerometer,1.4809501,9.897,-3.6450002
1780861841143,Accelerometer,0.95400006,10.12395,-4.749
1780861841153,Accelerometer,-1.3480501,9.43395,-3.7840502
1780861841177,Accelerometer,-2.73495,9.40095,-3.4459503
1780861841197,Accelerometer,-1.092,9.910951,-3.93705
1780861841228,Accelerometer,1.1689501,10.48995,-4.69605
1780861841238,Accelerometer,1.9450501,10.67205,-5.18505
1780861841255,Accelerometer,0.16605,10.77,-3.7120502
1780861841275,Accelerometer,-1.5619501,11.78295,-3.0900002
1780861841294,Accelerometer,-1.485,12.082951,-4.4809504
1780861841310,Accelerometer,-0.14205001,13.01895,-4.086
1780861841334,Accelerometer,-0.14895001,13.227,-3.48495
1780861841356,Accelerometer,-0.16095,14.311951,-2.5410001
1780861841376,Accelerometer,1.6360501,15.67905,-5.0170503
1780861841390,Accelerometer,3.0540001,17.320951,-8.319
1780861841411,Accelerometer,4.9570503,17.743052,-10.05195
1780861841431,Accelerometer,9.49695,17.893051,-6.6070504
1780861841457,Accelerometer,6.40605,18.48195,-4.098
1780861841470,Accelerometer,-0.984,12.339001,-2.80005
1780861841488,Accelerometer,-5.03595,7.4160004,-7.6650004
1780861841508,Accelerometer,-13.108951,5.32305,0.63705003
1780861841527,Accelerometer,-11.088,4.6650004,1.45605
1780861841547,Accelerometer,-0.027,-1.33905,-1.4899501
1780861841573,Accelerometer,7.9260006,-4.0950003,0.85995007
1780861841589,Accelerometer,5.5750504,-1.11105,-0.41505003
1780861841606,Accelerometer,0.83400005,3.114,-2.0340002
1780861841624,Accelerometer,-2.1649501,4.29405,0.30900002
1780861841644,Accelerometer,-3.1699502,4.734,0.90495
1780861841664,Accelerometer,-0.48900002,6.5130005,-0.32205
1780861841692,Accelerometer,-0.14595,8.733001,-0.264
1780861841703,Accelerometer,-0.05595,11.88405,0.15105
1780861841722,Accelerometer,-0.58500004,14.46195,-2.42895
1780861841741,Accelerometer,-3.3379502,17.496,-2.48895
1780861841761,Accelerometer,-4.224,18.54195,1.1740501
1780861841780,Accelerometer,-1.37205,17.805,1.33605
1780861841791,Accelerometer,-0.68805003,18.063002,-0.54195005
1780861841810,Accelerometer,-0.71205,18.793951,-2.256
1780861841838,Accelerometer,-7.2000003,16.438051,-4.29195
1780861841858,Accelerometer,-19.665,13.054951,-1.6669501
1780861841871,Accelerometer,-18.72105,12.336,0.60405004
1780861841886,Accelerometer,-7.8130503,11.362051,-1.55295
1780861841917,Accelerometer,-5.1150002,11.415001,-3.9469502
1780861841935,Accelerometer,-9.958051,13.717951,-5.29995
1780861841952,Accelerometer,13.191001,21.423,-8.314051
1780861841974,Accelerometer,18.588001,19.16205,7.5540004
1780861841993,Accelerometer,0.84105,7.85895,0.546
1780861842017,Accelerometer,-9.361951,3.3670502,-8.224951
1780861842035,Accelerometer,-17.61495,6.5680504,2.90505
1780861842052,Accelerometer,-9.417001,10.552951,1.3990501
1780861842072,Accelerometer,-2.60805,10.861051,-3.8869503
1780861842091,Accelerometer,-2.7280502,9.37905,-7.7250004
1780861842110,Accelerometer,1.5880501,10.408951,-4.78695
1780861842137,Accelerometer,-1.0159501,9.81,0.72795004
1780861842157,Accelerometer,-4.7080503,8.529,-2.2780502
1780861842168,Accelerometer,-4.0350003,9.042001,-3.1350002
1780861842188,Accelerometer,-2.01195,9.53505,-3.7120502
1780861842208,Accelerometer,-0.39495003,9.757951,-4.0090504
1780861842227,Accelerometer,0.25005,9.660001,-3.52305
1780861842252,Accelerometer,-0.64905006,9.556951,-3.384
1780861842269,Accelerometer,-1.9519501,9.24495,-2.70405
1780861842285,Accelerometer,-2.6460001,9.097051,-2.52495
1780861842305,Accelerometer,-1.6290001,9.396001,-2.56095
1780861842324,Accelerometer,-0.381,9.85305,-3.5470502
1780861842343,Accelerometer,-0.72105,9.762,-3.0229502
1780861842368,Accelerometer,-1.49205,9.628051,-3.4080002
1780861842388,Accelerometer,-1.3579501,10.18605,-3.8920503
1780861842401,Accelerometer,-0.71895003,10.48305,-4.3780503
1780861842421,Accelerometer,-0.53205,10.83705,-4.4830503
1780861842433,Accelerometer,-0.642,11.415001,-4.3560004
1780861842460,Accelerometer,-0.86700004,11.649,-3.219
1780861842482,Accelerometer,0.384,12.159,-3.6160502
1780861842500,Accelerometer,-0.123,12.52995,-5.1919503
1780861842516,Accelerometer,-0.120000005,13.01895,-5.0719504
1780861842538,Accelerometer,0.33105,15.241051,-4.533
1780861842557,Accelerometer,1.50705,17.635052,-6.71505
1780861842577,Accelerometer,4.3830004,19.25805,-8.82405
1780861842601,Accelerometer,10.24905,18.162,-8.371051
1780861842621,Accelerometer,12.316951,18.16395,-0.30495003
1780861842635,Accelerometer,1.9480501,15.23595,-0.69495004
1780861842654,Accelerometer,-6.35505,9.846001,-9.790951
1780861842672,Accelerometer,-9.70905,5.2849503,-5.6899505
1780861842693,Accelerometer,-16.188002,5.793,5.919
1780861842714,Accelerometer,-7.0590005,2.5170002,-0.312
1780861842732,Accelerometer,1.6819501,-1.7170501,-0.49905002
1780861842752,Accelerometer,6.6160502,-1.8270001,0.79800004
1780861842771,Accelerometer,4.6579504,1.12905,-0.21195
1780861842790,Accelerometer,0.20205002,3.4800003,-0.94695
1780861842814,Accelerometer,-2.8570502,3.5659502,0.10605001
1780861842832,Accelerometer,-2.3089502,4.6870503,-0.30495003
1780861842852,Accelerometer,-0.762,6.6880503,-1.2600001
1780861842868,Accelerometer,0.36705002,9.54705,-0.28800002
1780861842887,Accelerometer,-0.9580501,11.656051,-0.324
1780861842907,Accelerometer,-2.9620502,14.13405,-4.7299504
1780861842936,Accelerometer,-4.90605,17.16105,-2.0029502
1780861842947,Accelerometer,-4.25505,17.542051,1.9879501
1780861842965,Accelerometer,-1.6690501,18.14505,-0.79395
1780861842985,Accelerometer,-1.7320501,19.467001,-3.0870001
1780861843004,Accelerometer,-4.10895,19.729952,-5.3160005
1780861843023,Accelerometer,-16.05405,14.407051,-0.60705
1780861843048,Accelerometer,-25.392002,11.68305,-1.99995
1780861843065,Accelerometer,-13.2960005,12.19305,-0.63600004
1780861843085,Accelerometer,-5.2870502,13.075951,-1.7080501
1780861843101,Accelerometer,-11.16705,14.11995,-6.918
1780861843121,Accelerometer,2.4550502,18.267,-6.4800005
1780861843140,Accelerometer,20.75505,20.95305,-1.296
1780861843153,Accelerometer,5.8720503,7.3560004,3.9270003
1780861843179,Accelerometer,-4.104,3.8770502,-3.0540001
1780861843198,Accelerometer,-12.355051,6.135,-7.9879503
1780861843219,Accelerometer,-21.574951,9.66705,7.4830503
1780861843235,Accelerometer,-8.337001,10.43805,-2.53695
1780861843257,Accelerometer,-4.9020004,8.86695,-5.721
1780861843279,Accelerometer,2.6899502,10.72305,-7.5840006
1780861843297,Accelerometer,5.7400503,10.77795,-0.42000002
1780861843314,Accelerometer,-1.059,8.553,-1.20105
1780861843334,Accelerometer,-4.4950504,8.886001,-4.1599503
1780861843353,Accelerometer,-4.2840004,9.49005,-2.8909502
1780861843374,Accelerometer,-1.9300501,9.448951,-2.6749501
1780861843402,Accelerometer,0.26895002,9.82995,-2.0719502
1780861843413,Accelerometer,0.72195005,9.525001,-2.8530002
1780861843432,Accelerometer,-1.1590501,9.71205,-3.8220003
1780861843451,Accelerometer,-2.8950002,9.525001,-3.6690001
1780861843470,Accelerometer,-2.3730001,9.288,-2.6179502
1780861843490,Accelerometer,-0.83400005,9.657001,-1.57605
1780861843513,Accelerometer,-0.36195,9.85305,-2.3760002
1780861843531,Accelerometer,-1.2910501,10.158001,-4.29195
1780861843549,Accelerometer,-2.49795,9.906,-3.1279502
1780861843568,Accelerometer,-2.1070502,10.10505,-2.8140001
1780861843587,Accelerometer,0.0,10.49505,-2.9580002
1780861843612,Accelerometer,1.38705,10.726951,-3.8560503
1780861843634,Accelerometer,1.78005,11.467051,-4.7580004
1780861843645,Accelerometer,-1.2220501,11.295,-3.9760501
1780861843665,Accelerometer,-2.73495,11.424001,-3.1999502
1780861843684,Accelerometer,-1.6000501,11.980051,-3.9250503
1780861843704,Accelerometer,-0.064950004,12.36495,-3.9229503
1780861843714,Accelerometer,1.2390001,13.858951,-4.63605
1780861843743,Accelerometer,2.45295,16.287,-5.2969503
1780861843763,Accelerometer,2.15295,17.30895,-8.058001
1780861843784,Accelerometer,5.0890503,17.733002,-7.4380503
1780861843794,Accelerometer,8.889001,18.424952,-3.35295
1780861843820,Accelerometer,7.0189505,18.693,-1.7299501
1780861843845,Accelerometer,-0.52500004,13.17405,-5.26095
1780861843866,Accelerometer,-6.0870004,6.55905,-9.111
1780861843875,Accelerometer,-12.726001,4.7800503,-3.1260002
1780861843898,Accelerometer,-12.835951,5.0269504,2.97405
1780861843917,Accelerometer,-2.3850002,-0.11100001,-1.8730501
1780861843937,Accelerometer,6.73605,-1.60905,-1.4089501
1780861843960,Accelerometer,9.09,0.66195005,2.148
1780861843977,Accelerometer,3.7480502,4.1070004,-1.074
1780861843995,Accelerometer,-1.0900501,4.617,-0.40095
1780861844014,Accelerometer,-2.7829502,5.02395,0.23700002
1780861844034,Accelerometer,-3.0600002,6.95205,-1.6000501
1780861844053,Accelerometer,-0.72795004,8.604,-1.9380001
1780861844079,Accelerometer,-0.25395,10.972051,-0.56805
1780861844100,Accelerometer,-2.079,12.967951,-3.492
1780861844111,Accelerometer,-4.24095,16.03095,-4.3780503
1780861844131,Accelerometer,-6.4360504,16.27005,0.34305
1780861844151,Accelerometer,-4.6810503,16.15995,0.33105
1780861844169,Accelerometer,-2.9310002,17.17305,-2.25405
1780861844194,Accelerometer,-1.8679501,17.769001,-2.46
1780861844211,Accelerometer,-3.3690002,15.955951,-4.78695
1780861844228,Accelerometer,-10.782001,12.633,-3.3720002
1780861844248,Accelerometer,-19.108952,11.343,-2.091
1780861844267,Accelerometer,-11.28705,11.3880005,-1.8970501
1780861844287,Accelerometer,-4.59495,11.635051,-2.9940002
1780861844311,Accelerometer,-4.83195,10.88805,-6.3700504
1780861844331,Accelerometer,-6.88605,16.69605,-1.50495
1780861844345,Accelerometer,18.423,26.44095,-4.86105
1780861844358,Accelerometer,8.87895,13.042951,6.2689505
1780861844384,Accelerometer,-6.39795,3.762,-2.1750002
1780861844414,Accelerometer,-11.851951,4.8229504,-3.42705
1780861844426,Accelerometer,-15.682951,8.10105,2.87805
1780861844441,Accelerometer,-6.70695,11.448001,-1.9860001
1780861844462,Accelerometer,-6.321,9.339001,-4.8349504
1780861844480,Accelerometer,-0.36,9.802951,-6.834
1780861844500,Accelerometer,2.02395,10.540951,-3.5730002
1780861844516,Accelerometer,-0.25395,8.781,-0.0010500001
1780861844540,Accelerometer,-4.07805,8.4529505,-2.4019501
1780861844565,Accelerometer,-5.68905,9.34605,-3.2689502
1780861844578,Accelerometer,-3.6450002,9.693001,-2.259
1780861844596,Accelerometer,-0.81705004,9.83895,-2.8330503
1780861844617,Accelerometer,0.60705,10.078951,-2.64
1780861844644,Accelerometer,-0.87405,9.69795,-3.7030501
1780861844658,Accelerometer,-3.3360002,9.394051,-3.35505
1780861844675,Accelerometer,-3.4290001,9.327001,-1.641
1780861844695,Accelerometer,-1.8370501,9.597,-2.18895
1780861844713,Accelerometer,-0.666,10.417951,-3.9949503
1780861844734,Accelerometer,-0.97695005,10.897051,-4.04505
1780861844758,Accelerometer,-2.06205,10.57905,-3.5089502
1780861844776,Accelerometer,-2.0070002,10.408951,-2.26395
1780861844792,Accelerometer,1.19595,11.302051,-2.3430002
1780861844811,Accelerometer,3.9540002,11.802001,-3.4780502
1780861844831,Accelerometer,3.6859503,11.704051,-4.04295
1780861844851,Accelerometer,-0.62295,11.6320505,-4.227
1780861844881,Accelerometer,-2.9890501,12.328951,-4.6480503
1780861844890,Accelerometer,-2.4829502,13.440001,-4.749
1780861844908,Accelerometer,-0.00795,15.435,-4.76595
1780861844928,Accelerometer,3.58995,16.986,-6.9919505
1780861844947,Accelerometer,7.0980005,17.503052,-8.922001
1780861844967,Accelerometer,11.592001,17.304,-6.9559503
1780861844993,Accelerometer,8.6320505,17.098951,-1.6480501
1780861844997,Accelerometer,-3.3690002,14.893051,-5.6010003
1780861845024,Accelerometer,-7.59495,8.464951,-9.95205
1780861845044,Accelerometer,-11.902051,6.6070504,1.0830001
1780861845063,Accelerometer,-12.348001,7.083,5.84205
1780861845076,Accelerometer,-3.3619502,2.19195,-2.66595
1780861845105,Accelerometer,3.20895,-1.0200001,-1.0690501
1780861845121,Accelerometer,4.3320003,-0.264,0.11805001
1780861845141,Accelerometer,0.92295,1.794,-1.167
1780861845157,Accelerometer,-1.5499501,3.35805,-1.9759501
1780861845180,Accelerometer,-4.0800004,3.8800502,-0.003
1780861845200,Accelerometer,-2.6440501,5.6350503,-0.94395006
1780861845222,Accelerometer,-1.03995,6.63105,-2.9989502
1780861845240,Accelerometer,0.79305005,8.532001,-3.9060001
1780861845258,Accelerometer,-0.34005,10.950001,-1.9909501
1780861845278,Accelerometer,-3.726,13.49505,-6.15705
1780861845297,Accelerometer,-6.9580503,16.11495,-5.30205
1780861845323,Accelerometer,-7.9729505,15.784051,1.9159501
1780861845344,Accelerometer,-3.0270002,16.55295,0.81405
1780861845355,Accelerometer,-0.45495003,19.726952,-1.8420001
1780861845375,Accelerometer,0.22605,18.89895,-3.3769503
1780861845394,Accelerometer,-9.156,15.805951,-0.48195
1780861845413,Accelerometer,-18.657001,13.882951,-1.6870501
1780861845437,Accelerometer,-19.035002,12.628051,0.82605004
1780861845454,Accelerometer,-7.629,12.375001,-1.3750501
1780861845472,Accelerometer,-6.2689505,12.93,-1.62405
1780861845491,Accelerometer,-10.119,12.162001,-2.6830502
1780861845510,Accelerometer,23.098951,23.056051,-15.151951
1780861845530,Accelerometer,27.648,20.403002,15.762001
1780861845555,Accelerometer,-0.89400005,8.167951,1.5640501
1780861845576,Accelerometer,-10.2960005,1.1719501,-11.187
1780861845588,Accelerometer,-18.15405,4.6150503,-1.8730501
1780861845608,Accelerometer,-17.304,11.733001,1.9570501
1780861845627,Accelerometer,-5.031,10.94505,-2.47005
1780861845638,Accelerometer,-2.62695,8.211,-6.74805
1780861845666,Accelerometer,3.2760003,10.423051,-5.9680505
1780861845688,Accelerometer,3.279,10.26795,1.6620001
1780861845705,Accelerometer,-2.9310002,8.629951,-2.0700002
1780861845725,Accelerometer,-4.96395,9.135,-3.31995
1780861845744,Accelerometer,-4.2840004,9.324,-3.4060502
1780861845763,Accelerometer,-1.7119501,9.1710005,-3.6709502
1780861845787,Accelerometer,0.087000005,9.769951,-3.48495
1780861845808,Accelerometer,0.17805001,9.537001,-3.7189503
1780861845821,Accelerometer,-1.092,9.469951,-3.4339502
1780861845841,Accelerometer,-2.3370001,9.328951,-2.86905
1780861845861,Accelerometer,-2.33505,9.18795,-1.6360501
1780861845878,Accelerometer,-1.092,9.715051,-1.8930001
1780861845903,Accelerometer,-0.93195003,10.251,-5.5609503
1780861845921,Accelerometer,-2.3130002,10.404,-5.3689504
1780861845938,Accelerometer,-2.18895,9.68295,-2.39805
1780861845957,Accelerometer,0.54,10.246051,-4.21995
1780861845977,Accelerometer,1.9950001,11.509951,-6.02505
1780861845997,Accelerometer,1.87995,11.512951,-5.3089504
1780861846018,Accelerometer,-0.84105,11.472,-3.3360002
1780861846040,Accelerometer,-1.6290001,12.174001,-3.9469502
1780861846054,Accelerometer,-0.30195,13.030951,-4.122
1780861846074,Accelerometer,2.8500001,15.5140505,-3.966
1780861846093,Accelerometer,3.42,18.13305,-5.4289503
1780861846125,Accelerometer,2.328,18.247952,-8.316
1780861846136,Accelerometer,3.7360501,18.54495,-8.03895
1780861846152,Accelerometer,6.387,20.388,-5.9770503
1780861846171,Accelerometer,5.9700003,16.53795,-2.74005
1780861846190,Accelerometer,-1.2100501,9.999001,-6.15
1780861846210,Accelerometer,-5.9170504,5.59905,-5.2920003
1780861846236,Accelerometer,-15.7879505,5.3040004,6.9340506
1780861846253,Accelerometer,-7.9830003,3.2719502,-1.914
1780861846270,Accelerometer,2.4720001,-2.2390501,-0.44895002
1780861846283,Accelerometer,8.338051,-2.6220002,1.1380501
1780861846307,Accelerometer,5.73495,1.15695,-0.40605003
1780861846327,Accelerometer,0.50895,3.6859503,-1.8730501
1780861846356,Accelerometer,-3.0340502,3.6190503,0.43605003
1780861846368,Accelerometer,-4.0230002,4.1929502,0.42405003
1780861846385,Accelerometer,-1.6500001,6.4890003,-1.2220501
1780861846405,Accelerometer,0.89205,9.252001,-0.49395
1780861846423,Accelerometer,0.18795002,11.710951,1.03005
1780861846439,Accelerometer,-1.22895,14.25195,-2.9269502
1780861846463,Accelerometer,-2.53395,18.406052,-1.15695
1780861846485,Accelerometer,-2.4810002,18.78705,1.9350001
1780861846504,Accelerometer,1.55505,18.952051,0.97695005
1780861846519,Accelerometer,1.557,18.202051,-0.19500001
1780861846540,Accelerometer,-0.23505001,19.303951,-1.9159501
1780861846560,Accelerometer,-7.2670503,17.24205,-5.9359503
1780861846588,Accelerometer,-24.058052,12.894001,0.06705
1780861846601,Accelerometer,-19.684052,12.51105,0.07005
1780861846618,Accelerometer,-7.0399504,12.030001,-1.5090001
1780861846638,Accelerometer,-4.401,10.417951,-1.96395
1780861846657,Accelerometer,-11.890051,7.347,-8.21595
1780861846677,Accelerometer,-2.5810502,12.271951,-10.543051
1780861846698,Accelerometer,26.61795,26.035952,-7.5840006
1780861846717,Accelerometer,10.311001,15.802951,10.486951
1780861846737,Accelerometer,-4.22205,5.7979503,-4.1340003
1780861846754,Accelerometer,-11.251051,3.51795,-8.067
1780861846773,Accelerometer,-18.265951,7.22205,4.9450502
1780861846793,Accelerometer,-5.136,11.412001,-1.2360001
1780861846820,Accelerometer,-2.8519502,10.699051,-5.3809505
1780861846833,Accelerometer,-0.513,9.40095,-6.35505
1780861846851,Accelerometer,-0.075,9.937051,-1.21305
1780861846871,Accelerometer,-4.72905,9.1710005,-1.71105
1780861846890,Accelerometer,-4.5040503,8.83605,-2.2350001
1780861846915,Accelerometer,-2.56005,9.279,-2.8909502
1780861846920,Accelerometer,-0.90495,9.741,-3.9829502
1780861846949,Accelerometer,-0.54405004,9.766951,-3.6690001
1780861846971,Accelerometer,-1.0870501,9.636001,-2.73795
1780861846987,Accelerometer,-1.50195,9.6,-2.59605
1780861847000,Accelerometer,-1.8510001,8.983951,-3.015
1780861847026,Accelerometer,-1.5499501,8.91495,-3.456
1780861847052,Accelerometer,-1.1880001,8.99895,-3.7410002
1780861847065,Accelerometer,-1.33905,9.456,-2.1010501
1780861847080,Accelerometer,-1.09695,9.802951,-4.28205
1780861847104,Accelerometer,-2.0020502,10.179001,-4.5880504
1780861847123,Accelerometer,-2.2150502,9.525001,-2.7589502
1780861847150,Accelerometer,0.058050003,10.27005,-3.6499503
1780861847161,Accelerometer,0.93495005,11.235001,-4.881
1780861847181,Accelerometer,0.54195005,11.223001,-4.119
1780861847201,Accelerometer,-0.48405004,11.830951,-3.9060001
1780861847220,Accelerometer,-1.03995,12.516001,-4.7059503
1780861847231,Accelerometer,0.058050003,13.215,-3.7189503
1780861847260,Accelerometer,1.8709501,14.079,-2.6520002
1780861847286,Accelerometer,1.5670501,15.49005,-2.3119502
1780861847298,Accelerometer,0.93195003,18.157051,-3.315
1780861847317,Accelerometer,2.5770001,19.198051,-4.5600004
1780861847337,Accelerometer,7.8780003,17.98695,-4.26
1780861847356,Accelerometer,14.079,15.93,-1.31295
1780861847379,Accelerometer,5.8360505,12.645,-3.1330502
1780861847398,Accelerometer,-6.77895,8.56305,-11.103001
1780861847415,Accelerometer,-13.85595,3.69495,-10.119
1780861847434,Accelerometer,-18.372002,2.4409502,1.3050001
1780861847453,Accelerometer,-12.633,0.72195005,2.08305
1780861847473,Accelerometer,-1.19505,-0.27600002,-3.9199502
1780861847497,Accelerometer,5.1940503,-0.13905,-4.16505
1780861847517,Accelerometer,7.8829503,-0.25905,3.5700002
1780861847531,Accelerometer,2.532,1.605,-0.043950003
1780861847551,Accelerometer,-1.245,2.39295,-2.25195
1780861847561,Accelerometer,-2.53395,4.0230002,-3.5830503
1780861847590,Accelerometer,-1.2859501,6.0660005,-2.709
1780861847612,Accelerometer,0.70500004,8.814,-0.23295002
1780861847632,Accelerometer,0.0010500001,11.71605,-3.5110502
1780861847647,Accelerometer,-2.8279502,14.829,-7.6530004
1780861847668,Accelerometer,-7.4470506,16.990952,-5.247
1780861847686,Accelerometer,-8.878051,15.786001,-1.54305
1780861847706,Accelerometer,-7.59,15.279,-2.802
1780861847729,Accelerometer,-5.68905,16.021051,-3.8869503
1780861847750,Accelerometer,-3.6040502,15.420001,-2.55795
1780861847764,Accelerometer,-4.899,14.412001,-1.15695
1780861847784,Accelerometer,-7.6909504,13.797001,-1.28205
1780861847801,Accelerometer,-9.1039505,12.970951,-1.5000001
1780861847828,Accelerometer,-7.4350505,12.208951,-0.16605
1780861847845,Accelerometer,-4.52295,11.692051,-1.167
1780861847852,Accelerometer,-3.417,10.878,-0.84105
1780861847882,Accelerometer,-1.8919501,11.7949505,-1.0350001
1780861847901,Accelerometer,-3.11805,13.48995,1.6999501
1780861847920,Accelerometer,13.744051,17.898,-1.67505
1780861847945,Accelerometer,11.44305,15.595051,3.2970002
1780861847962,Accelerometer,-1.9759501,7.8780003,-4.99095
1780861847980,Accelerometer,-6.8050504,5.295,-7.8160505
1780861847997,Accelerometer,-12.489,5.8690505,-4.9450502
1780861848009,Accelerometer,-11.491051,12.1039505,1.368
1780861848037,Accelerometer,-3.5820003,11.058001,0.36
1780861848067,Accelerometer,-2.1000001,8.08395,-4.6600504
1780861848078,Accelerometer,1.7850001,10.399051,-5.1390004
1780861848094,Accelerometer,4.18905,11.391001,-0.75795
1780861848114,Accelerometer,-1.9810501,8.773951,-1.3590001
1780861848133,Accelerometer,-5.2920003,8.07195,-3.55395
1780861848153,Accelerometer,-4.53,9.51795,-4.215
1780861848163,Accelerometer,-1.35105,9.86505,-4.0470004
1780861848193,Accelerometer,0.22800002,9.621,-3.32205
1780861848218,Accelerometer,-0.384,9.475051,-2.9989502
1780861848231,Accelerometer,-1.83405,9.384001,-2.9890501
1780861848250,Accelerometer,-1.9399501,9.231001,-3.384
1780861848270,Accelerometer,-1.332,9.40305,-2.26095
1780861848282,Accelerometer,-0.67800003,9.250051,-2.11995
1780861848309,Accelerometer,-0.726,9.81,-3.4249501
1780861848328,Accelerometer,-2.05005,10.057051,-3.66195
1780861848348,Accelerometer,-2.3830502,9.849001,-2.7190502
1780861848362,Accelerometer,-1.30305,9.86505,-4.0669503
1780861848386,Accelerometer,-0.12495001,9.846001,-3.8200502
1780861848408,Accelerometer,0.63495004,10.21695,-2.9149501
1780861848425,Accelerometer,-0.57705003,10.564951,-3.9469502
1780861848446,Accelerometer,-2.1049502,11.055,-3.8490002
1780861848465,Accelerometer,-1.9849501,11.13195,-3.1039503
1780861848475,Accelerometer,-0.73995006,11.55105,-3.8250003
1780861848503,Accelerometer,-0.726,11.458051,-3.7669501
1780861848532,Accelerometer,-1.7220001,11.649,-2.84295
1780861848541,Accelerometer,-1.30305,12.40095,-3.3120003
1780861848561,Accelerometer,0.37905002,13.753951,-4.656
1780861848581,Accelerometer,0.94695,15.051001,-6.4729505
1780861848600,Accelerometer,1.3920001,16.134,-6.7219505
1780861848624,Accelerometer,5.01,15.657001,-5.6130004
1780861848641,Accelerometer,9.07995,14.223001,-1.9759501
1780861848658,Accelerometer,5.9749503,11.448001,-0.68595004
1780861848677,Accelerometer,-5.58195,8.94795,-0.86100006
1780861848697,Accelerometer,-17.560051,7.51905,-5.4529505
1780861848717,Accelerometer,-19.131,5.37405,-2.5870502
1780861848741,Accelerometer,-9.678,5.1220503,1.7310001
1780861848765,Accelerometer,-0.30900002,1.96395,-2.8650002
1780861848774,Accelerometer,8.625,0.91995007,-3.86805
1780861848795,Accelerometer,11.316001,2.043,2.9929502
1780861848814,Accelerometer,1.9090501,3.41805,-1.57605
1780861848833,Accelerometer,-3.5440502,4.3560004,-2.163
1780861848843,Accelerometer,-6.1920004,4.80105,0.35505003
1780861848872,Accelerometer,-4.3699503,5.1529503,-0.83400005
1780861848893,Accelerometer,-0.99195004,6.2190003,-1.1340001
1780861848912,Accelerometer,2.08905,8.368951,0.44805002
1780861848924,Accelerometer,1.572,11.11005,-0.669
1780861848950,Accelerometer,-0.822,13.95705,-4.368
1780861848975,Accelerometer,-3.4000502,16.80405,-4.26795
1780861848996,Accelerometer,-4.9180503,17.560951,-1.8880501
1780861849004,Accelerometer,-5.45205,16.75395,-1.28205
1780861849028,Accelerometer,-5.3419504,16.902,-2.1769502
1780861849047,Accelerometer,-5.5620003,16.131,-3.8250003
1780861849067,Accelerometer,-7.6450505,14.39805,-1.4569501
1780861849089,Accelerometer,-10.51395,12.20205,-0.9799501
1780861849106,Accelerometer,-11.227051,11.721001,-0.86805004
1780861849125,Accelerometer,-6.5800505,13.693951,-1.18095
1780861849144,Accelerometer,-5.6290503,10.71105,-3.4099503
1780861849163,Accelerometer,-11.826,15.472951,-3.834
1780861849183,Accelerometer,1.4280001,17.998951,-3.8509502
1780861849209,Accelerometer,11.908051,15.424951,-1.19595
1780861849226,Accelerometer,6.64305,6.94395,1.269
1780861849241,Accelerometer,-2.5189502,5.7400503,-1.4620501
1780861849253,Accelerometer,-10.677,9.85095,-6.20205
1780861849280,Accelerometer,-13.468051,10.668,3.6850502
1780861849300,Accelerometer,-6.3810005,9.109051,-2.127
1780861849322,Accelerometer,-3.18705,9.054001,-3.6810002
1780861849340,Accelerometer,1.8180001,10.17195,-4.8300004
1780861849358,Accelerometer,3.2329502,10.705951,-1.9480501
1780861849377,Accelerometer,-0.57495004,9.255,-1.452
1780861849396,Accelerometer,-3.2299502,8.86695,-3.3120003
1780861849408,Accelerometer,-3.55095,9.20895,-3.49005
1780861849436,Accelerometer,-1.164,9.394051,-2.9290502
1780861849461,Accelerometer,0.72195005,9.73095,-2.838
1780861849474,Accelerometer,0.62100005,9.86505,-3.42
1780861849486,Accelerometer,-0.45105,9.540001,-3.6790502
1780861849513,Accelerometer,-1.3440001,9.42,-3.83205
1780861849544,Accelerometer,-1.3219501,9.588,-3.0990002
1780861849555,Accelerometer,-0.70005006,9.65505,-3.07095
1780861849569,Accelerometer,-0.61095005,9.693001,-2.8189502
1780861849591,Accelerometer,-0.855,9.73095,-2.8500001
1780861849610,Accelerometer,-0.9289501,9.849001,-3.7819502
1780861849630,Accelerometer,-1.45095,9.83205,-4.215
1780861849645,Accelerometer,-1.5589501,9.81795,-3.5010002
1780861849670,Accelerometer,-0.67305005,10.311001,-3.351
1780861849694,Accelerometer,0.006,10.758,-3.1900501
1780861849708,Accelerometer,0.094050005,10.64805,-3.15405
1780861849719,Accelerometer,-0.33795002,10.90005,-3.5110502
1780861849746,Accelerometer,-0.86205006,11.12205,-3.59505
1780861849776,Accelerometer,-0.513,11.22105,-3.6520503
1780861849787,Accelerometer,-0.028950002,11.637,-3.8220003
1780861849804,Accelerometer,0.13305001,12.83205,-3.31995
1780861849825,Accelerometer,0.94905007,15.279,-3.5040002
1780861849843,Accelerometer,1.64295,17.154001,-5.11005
1780861849863,Accelerometer,2.592,17.90295,-5.8960505
1780861849887,Accelerometer,4.8019505,17.407051,-5.2369504
1780861849906,Accelerometer,7.9600506,17.22495,-4.452
1780861849923,Accelerometer,4.5259504,12.8869505,-1.9120501
1780861849940,Accelerometer,-5.1340504,7.76595,-6.6570005
1780861849960,Accelerometer,-11.934001,3.1570501,-6.19005
1780861849980,Accelerometer,-15.676051,4.4209504,2.39205
1780861850010,Accelerometer,-6.7260003,1.26495,1.521
1780861850020,Accelerometer,1.06605,-0.35505003,-2.3140502
1780861850037,Accelerometer,5.96505,0.20205002,-0.25500003
1780861850058,Accelerometer,6.4800005,1.9399501,1.1520001
1780861850077,Accelerometer,-0.060000002,2.66295,-1.4779501
1780861850100,Accelerometer,-2.4139502,3.3769503,-2.9940002
1780861850117,Accelerometer,-2.2410002,5.52495,-2.2729502
1780861850125,Accelerometer,-1.8870001,7.9210505,-0.53505003
1780861850154,Accelerometer,-3.27795,9.762,-4.1020503
1780861850174,Accelerometer,-4.37505,12.363001,-7.5769506
1780861850193,Accelerometer,-5.22195,13.372951,-3.9589503
1780861850206,Accelerometer,-5.814,13.3279505,-2.3689501
1780861850236,Accelerometer,-4.605,13.6390505,-3.1879501
1780861850250,Accelerometer,-3.65895,13.756051,-2.5200002
1780861850271,Accelerometer,-2.66295,14.97,-3.4390502
1780861850285,Accelerometer,-1.9920001,15.652051,-3.6550503
1780861850309,Accelerometer,-3.35505,14.956051,-2.8260002
1780861850334,Accelerometer,-7.5660005,13.549951,-0.28395
1780861850351,Accelerometer,-10.320001,12.250051,-0.52305
1780861850370,Accelerometer,-9.154051,12.130051,-0.55395
1780861850390,Accelerometer,-5.26095,12.135,-0.61605
1780861850407,Accelerometer,-4.7719502,12.925051,0.40995002
1780861850426,Accelerometer,-10.264951,9.637951,-6.05595
1780861850451,Accelerometer,-4.5810003,12.940051,-2.1420002
1780861850473,Accelerometer,15.279,20.85795,-5.80695
1780861850484,Accelerometer,11.99205,16.174051,7.6330504
1780861850504,Accelerometer,-0.50805,7.4950504,-2.3470502
1780861850524,Accelerometer,-5.931,5.42595,-5.793
1780861850543,Accelerometer,-10.011001,7.9159503,-2.7280502
1780861850567,Accelerometer,-7.3560004,11.25405,-1.27995
1780861850585,Accelerometer,-2.7280502,10.52595,-2.59395
1780861850601,Accelerometer,-1.5850501,8.72805,-4.275
1780861850620,Accelerometer,0.54405004,9.8869505,-3.5830503
1780861850640,Accelerometer,0.147,10.2960005,-1.1380501
1780861850653,Accelerometer,-1.8270001,9.01305,-1.6789501
1780861850680,Accelerometer,-2.56695,8.83605,-4.098
1780861850706,Accelerometer,-1.4899501,9.34305,-4.8640504
1780861850718,Accelerometer,-0.76695,9.43395,-3.8610003
1780861850737,Accelerometer,-0.91005003,9.66705,-2.079
1780861850757,Accelerometer,-1.0200001,9.16395,-2.69895
1780861850768,Accelerometer,-1.5640501,9.51795,-3.6550503
1780861850796,Accelerometer,-1.8700501,9.549001,-3.2929502
1780861850817,Accelerometer,-1.3630501,9.35805,-2.36205
1780861850835,Accelerometer,-1.10895,9.636001,-3.279
1780861850852,Accelerometer,-1.296,9.79395,-3.45795
1780861850873,Accelerometer,-1.30305,9.609,-2.97
1780861850893,Accelerometer,-1.1590501,9.492001,-3.8509502
1780861850917,Accelerometer,-1.23105,9.669001,-3.4420502
1780861850938,Accelerometer,-1.38195,9.846001,-2.74005
1780861850951,Accelerometer,-1.46595,10.045051,-3.0660002
1780861850965,Accelerometer,-1.57305,10.252951,-4.13805
1780861850990,Accelerometer,-1.30305,10.794001,-4.6080003
1780861851020,Accelerometer,-0.9889501,10.99995,-4.75605
1780861851031,Accelerometer,-0.67995006,11.23305,-3.6090002
1780861851048,Accelerometer,-0.83595,11.350051,-3.35805
1780861851068,Accelerometer,-0.36,12.394051,-3.561
1780861851087,Accelerometer,1.00395,14.299951,-3.8850002
1780861851106,Accelerometer,1.557,16.240952,-5.18895
1780861851132,Accelerometer,1.5169501,18.19005,-7.11
1780861851150,Accelerometer,3.1930501,19.615051,-7.6080003
1780861851168,Accelerometer,8.155951,18.69795,-5.4910502
1780861851184,Accelerometer,9.798,15.09195,-6.54195
1780861851203,Accelerometer,1.404,8.368951,-2.14395
1780861851223,Accelerometer,-7.3890004,4.971,-6.74595
1780861851252,Accelerometer,-19.12605,2.46195,-1.35405
1780861851265,Accelerometer,-21.829052,3.38895,5.51205
1780861851281,Accelerometer,-6.88605,-0.10605001,-1.05495
1780861851301,Accelerometer,4.4710503,-2.2680001,-0.71205
1780861851320,Accelerometer,11.187,-0.93405,2.83995
1780861851340,Accelerometer,5.7300005,1.608,0.98700005
1780861851365,Accelerometer,0.27405003,3.5779502,-1.7490001
1780861851382,Accelerometer,-3.2569501,3.6520503,-0.13305001
1780861851398,Accelerometer,-4.092,4.9399505,0.61800003
1780861851411,Accelerometer,-1.9609501,6.4030504,0.65595
1780861851436,Accelerometer,0.89895004,9.231001,0.83100003
1780861851456,Accelerometer,1.20105,11.326051,-1.1719501
1780861851486,Accelerometer,-0.82905006,14.236951,-3.9300003
1780861851488,Accelerometer,-4.06395,17.431051,-3.279
1780861851515,Accelerometer,-4.54995,18.226051,-0.57600003
1780861851534,Accelerometer,-4.044,17.07195,-0.82695
1780861851553,Accelerometer,-3.6370502,16.88805,-2.4499502
1780861851568,Accelerometer,-2.4709501,17.439001,-5.21595
1780861851592,Accelerometer,-7.22205,15.007951,-6.4870505
1780861851612,Accelerometer,-16.725,11.187,-0.64995
1780861851633,Accelerometer,-15.192,11.206051,-1.9480501
1780861851648,Accelerometer,-7.5589504,11.127001,-2.5200002
1780861851670,Accelerometer,-3.52005,12.292951,-1.30095
1780861851690,Accelerometer,-6.66405,10.399051,-4.85895
1780861851719,Accelerometer,1.0639501,12.043951,-1.296
1780861851729,Accelerometer,17.497952,19.914001,-3.999
1780861851747,Accelerometer,8.88105,14.371051,2.35905
1780861851767,Accelerometer,-4.06395,7.7250004,-5.84805
1780861851786,Accelerometer,-12.71895,5.6899505,-1.9210501
1780861851811,Accelerometer,-12.748051,7.9240503,0.67800003
1780861851829,Accelerometer,-5.7660003,10.8810005,-1.6200001
1780861851847,Accelerometer,-2.364,9.910951,-3.72705
1780861851864,Accelerometer,0.22800002,9.66195,-5.2920003
1780861851884,Accelerometer,3.4129503,10.344001,-2.01705
1780861851898,Accelerometer,-0.47205,9.571051,-1.557
1780861851923,Accelerometer,-3.24495,8.932051,-2.6520002
1780861851952,Accelerometer,-3.5010002,9.250051,-3.0970502
1780861851961,Accelerometer,-1.5640501,9.65205,-3.6790502
1780861851981,Accelerometer,0.432,9.660001,-3.1330502
1780861852001,Accelerometer,0.92295,9.68295,-3.1690502
1780861852020,Accelerometer,-0.36195,9.670951,-3.5830503
1780861852043,Accelerometer,-1.7670001,9.552,-3.0030003
1780861852049,Accelerometer,-2.05695,9.47805,-2.04795
1780861852079,Accelerometer,-0.312,9.83205,-3.49005
1780861852100,Accelerometer,0.06795,9.98295,-2.6200502
1780861852117,Accelerometer,0.13305001,9.45405,-2.8140001
1780861852129,Accelerometer,-0.20895001,9.769951,-3.7840502
1780861852156,Accelerometer,-1.10895,10.134001,-3.4030502
1780861852183,Accelerometer,-1.0849501,9.849001,-2.26095
1780861852194,Accelerometer,-0.62805,10.086,-2.7859502
1780861852209,Accelerometer,-0.47205,10.675051,-4.07595
1780861852234,Accelerometer,-0.94605005,10.701,-3.3960001
1780861852253,Accelerometer,-0.90795004,10.701,-3.0540001
1780861852275,Accelerometer,-1.1539501,11.035951,-3.8530502
1780861852295,Accelerometer,-1.9009501,10.9140005,-4.50495
1780861852312,Accelerometer,-1.3800001,11.62005,-3.7480502
1780861852330,Accelerometer,-0.096,12.741,-3.279
1780861852350,Accelerometer,0.31500003,14.577001,-3.657
1780861852370,Accelerometer,0.32700002,15.99705,-4.5430503
1780861852393,Accelerometer,1.3660501,16.95705,-5.2489505
1780861852414,Accelerometer,3.5329502,17.404951,-5.4700503
1780861852428,Accelerometer,7.7130003,16.837952,-4.4209504
1780861852447,Accelerometer,9.552,15.027,-3.762
1780861852467,Accelerometer,-0.41895002,9.754951,-3.6499503
1780861852486,Accelerometer,-9.54195,6.267,-4.96005
1780861852508,Accelerometer,-18.834002,3.7770002,-7.62405
1780861852527,Accelerometer,-13.758,4.4089503,3.8260503
1780861852544,Accelerometer,-3.6679502,1.299,-2.493
1780861852563,Accelerometer,5.3380504,-0.26895002,-1.8610501
1780861852583,Accelerometer,10.3279505,0.13305001,3.5010002
1780861852603,Accelerometer,5.62995,2.091,-0.079950005
1780861852626,Accelerometer,-0.82905006,2.4840002,-2.6830502
1780861852645,Accelerometer,-3.1750503,3.42705,-3.351
1780861852661,Accelerometer,-3.8070002,5.3830504,-2.9580002
1780861852680,Accelerometer,-3.5010002,6.98295,-2.3710501
1780861852691,Accelerometer,-1.76505,9.4800005,-0.64695
1780861852725,Accelerometer,-1.03695,11.45505,-2.697
1780861852742,Accelerometer,-2.02605,14.103001,-3.7669501
1780861852758,Accelerometer,-5.1769505,17.28795,-3.255
1780861852775,Accelerometer,-4.1929502,18.6,-1.81095
1780861852797,Accelerometer,-4.1929502,18.046951,0.25695002
1780861852816,Accelerometer,-3.9769502,17.85495,0.06705
1780861852840,Accelerometer,-2.38995,17.72295,-2.1990001
1780861852857,Accelerometer,-10.07295,14.154,-1.96695
1780861852877,Accelerometer,-18.099,12.280951,-1.89495
1780861852889,Accelerometer,-15.292951,11.94795,-0.633
1780861852914,Accelerometer,-7.80105,11.512951,-2.52195
1780861852930,Accelerometer,-7.25505,11.139001,-3.279
1780861852957,Accelerometer,-7.4230504,10.974001,-2.9269502
1780861852974,Accelerometer,17.50995,15.018001,-5.97195
1780861852991,Accelerometer,26.52,19.07895,10.243051
1780861853011,Accelerometer,4.2049503,11.023951,-0.40605003
1780861853030,Accelerometer,-6.1420503,5.47695,-4.926
1780861853049,Accelerometer,-11.481001,5.66295,-4.81395
1780861853074,Accelerometer,-17.82405,9.066,0.28500003
1780861853092,Accelerometer,-8.7640505,11.3550005,-2.23005
1780861853110,Accelerometer,-4.46295,9.160951,-2.87205
1780861853127,Accelerometer,1.30305,8.977051,-6.13005
1780861853146,Accelerometer,4.24095,11.158051,-3.7669501
1780861853167,Accelerometer,3.1879501,10.069051,-0.01305
1780861853196,Accelerometer,-0.762,8.589001,-0.76500005
1780861853205,Accelerometer,-4.6090503,8.644051,-2.604
1780861853224,Accelerometer,-4.5760503,9.597,-3.1729503
1780861853244,Accelerometer,-1.49205,9.74295,-3.1020002
1780861853263,Accelerometer,0.62805,10.102051,-3.2209501
1780861853283,Accelerometer,-0.16995001,9.727051,-3.7740002
1780861853307,Accelerometer,-1.7770501,9.316951,-2.8909502
1780861853324,Accelerometer,-2.28705,9.159,-2.094
1780861853341,Accelerometer,-1.6519501,9.670951,-2.5489502
1780861853360,Accelerometer,-1.317,9.49695,-3.2760003
1780861853380,Accelerometer,-1.5970501,9.85095,-2.55795
1780861853400,Accelerometer,-1.7340001,9.576,-1.72695
1780861853412,Accelerometer,-1.2739501,9.897,-4.1340003
1780861853439,Accelerometer,-1.23105,10.16895,-4.557
1780861853457,Accelerometer,-1.1539501,9.92805,-2.5410001
1780861853477,Accelerometer,-0.18,10.28205,-3.3409503
1780861853491,Accelerometer,0.10605001,11.071951,-4.3830004
1780861853516,Accelerometer,-0.393,11.043,-3.3700502
1780861853537,Accelerometer,-0.74505,10.882951,-3.0919502
1780861853555,Accelerometer,-1.437,10.9140005,-3.20895
1780861853574,Accelerometer,-1.5090001,10.816051,-3.4699502
1780861853594,Accelerometer,-0.52695,11.25195,-3.7360501
1780861853608,Accelerometer,0.28800002,12.592951,-3.4420502
1780861853633,Accelerometer,-0.192,13.869,-4.08795
1780861853660,Accelerometer,-0.28995,14.589001,-4.8690004
1780861853671,Accelerometer,1.6819501,15.04905,-5.118
1780861853690,Accelerometer,3.999,14.992051,-4.66695
1780861853710,Accelerometer,6.5539503,14.496,-2.529
1780861853730,Accelerometer,3.8730001,12.858001,-1.69095
1780861853753,Accelerometer,-5.58405,10.423051,-4.3369503
1780861853772,Accelerometer,-12.484051,7.7059503,-5.0340004
1780861853789,Accelerometer,-18.915,6.1519504,-3.3340502
1780861853807,Accelerometer,-11.77995,5.5339503,3.93405
1780861853826,Accelerometer,0.59505004,1.3110001,-2.90295
1780861853846,Accelerometer,9.861,-0.060000002,-2.0359502
1780861853871,Accelerometer,11.299951,0.68805003,2.60295
1780861853891,Accelerometer,1.9549501,3.3600001,-3.07095
1780861853904,Accelerometer,-4.032,4.2840004,-1.644
1780861853924,Accelerometer,-5.5740004,4.88805,1.4080501
1780861853944,Accelerometer,-2.9310002,6.01095,-0.82500005
1780861853963,Accelerometer,-0.09105001,7.32,-1.6650001
1780861853972,Accelerometer,-0.079050004,9.20205,0.261
1780861854002,Accelerometer,-1.7629501,11.371051,-1.8420001
1780861854021,Accelerometer,-2.80395,13.720051,-3.1210501
1780861854041,Accelerometer,-4.6860003,15.04695,0.40005
1780861854052,Accelerometer,-3.015,15.850951,1.011
1780861854080,Accelerometer,-0.69000006,16.701,-0.42495003
1780861854104,Accelerometer,-0.72105,17.958,-3.11805
1780861854123,Accelerometer,-2.4,18.315,-6.051
1780861854133,Accelerometer,-8.754001,15.612,-6.5470505
1780861854157,Accelerometer,-17.965052,11.532001,1.9399501
1780861854177,Accelerometer,-11.955001,10.990951,-2.6200502
1780861854196,Accelerometer,-6.3019505,12.253051,-1.1740501
1780861854217,Accelerometer,-3.288,11.24205,-1.0309501
1780861854235,Accelerometer,-3.8820002,9.114,-2.14905
1780861854254,Accelerometer,-7.18095,10.894951,-3.11805
1780861854273,Accelerometer,14.230051,18.549002,-5.3569503
1780861854293,Accelerometer,19.864052,20.344952,8.064
1780861854317,Accelerometer,0.60705,10.158001,-0.312
1780861854335,Accelerometer,-7.0350003,5.8330503,-8.826
1780861854355,Accelerometer,-13.078051,4.9159503,-0.41805002
1780861854371,Accelerometer,-11.62905,8.950951,-4.3039503
1780861854390,Accelerometer,-4.1659503,11.72595,-1.03995
1780861854410,Accelerometer,-1.9399501,9.06795,-3.8220003
1780861854439,Accelerometer,-0.10605001,9.160951,-6.11595
1780861854451,Accelerometer,2.5080001,10.4740505,-2.115
1780861854468,Accelerometer,-0.57495004,9.760051,-1.2199501
1780861854487,Accelerometer,-3.4789503,8.85495,-2.0340002
1780861854506,Accelerometer,-4.1860504,8.87895,-3.0970502
1780861854526,Accelerometer,-2.1430502,9.616051,-4.38705
1780861854551,Accelerometer,0.23805001,9.83895,-4.0069504
1780861854569,Accelerometer,-0.08895,9.595051,-3.17595
1780861854587,Accelerometer,-2.043,9.03495,-2.352
1780861854604,Accelerometer,-2.83995,9.1039505,-2.778
1780861854623,Accelerometer,-2.42595,9.493951,-2.9839501
1780861854643,Accelerometer,-1.69095,9.52305,-2.4840002
1780861854671,Accelerometer,-1.4419501,9.585,-2.4139502
1780861854684,Accelerometer,-1.94895,9.52305,-2.6899502
1780861854699,Accelerometer,-2.1390002,9.525001,-3.3289502
1780861854721,Accelerometer,-1.72395,9.757951,-4.25595
1780861854740,Accelerometer,-1.3960501,9.910951,-4.689
1780861854759,Accelerometer,-1.3990501,9.858001,-3.4750502
1780861854774,Accelerometer,-0.90795004,10.2289505,-4.13805
1780861854799,Accelerometer,-1.1230501,10.720051,-5.22795
1780861854823,Accelerometer,-1.6669501,10.564951,-3.279
1780861854837,Accelerometer,-0.54195005,10.392,-2.45295
1780861854854,Accelerometer,0.49695003,11.08695,-3.6190503
1780861854876,Accelerometer,-1.2529501,11.007001,-3.1950002
1780861854904,Accelerometer,-2.9860501,11.268001,-1.8229501
1780861854916,Accelerometer,-2.4090002,12.786,-2.9290502
1780861854934,Accelerometer,-0.58005005,13.78995,-4.914
1780861854955,Accelerometer,1.521,14.92695,-5.6850004
1780861854973,Accelerometer,2.5560002,16.11,-6.3030005
1780861854993,Accelerometer,4.66305,15.162001,-5.08605
1780861855017,Accelerometer,5.6659503,14.3880005,-1.3750501
1780861855033,Accelerometer,-0.094050005,13.404,-4.28205
1780861855052,Accelerometer,-5.92605,10.512,-4.8970504
1780861855070,Accelerometer,-9.90795,6.8320503,-4.84005
1780861855090,Accelerometer,-16.047,5.07705,-0.33405003
1780861855109,Accelerometer,-8.95005,4.5259504,1.5330001
1780861855138,Accelerometer,0.432,0.846,-1.8420001
1780861855148,Accelerometer,9.460951,-0.27600002,-0.91095006
1780861855167,Accelerometer,7.8780003,0.88695,1.83405
1780861855187,Accelerometer,-0.010050001,3.4300501,-2.77095
1780861855207,Accelerometer,-3.2209501,4.155,-2.01
1780861855230,Accelerometer,-4.0279503,4.5550504,0.32805002
1780861855249,Accelerometer,-2.11695,5.7780004,0.09900001
1780861855255,Accelerometer,0.44595003,8.09805,0.01995
1780861855284,Accelerometer,-0.64695,10.203,-3.384
1780861855303,Accelerometer,-2.33205,12.81795,-4.617
1780861855323,Accelerometer,-4.4230504,15.208951,-2.4
1780861855335,Accelerometer,-5.8380003,16.308,-2.1370502
1780861855366,Accelerometer,-5.8500004,15.934951,-0.86100006
1780861855381,Accelerometer,-4.4539504,15.71205,-1.5640501
1780861855401,Accelerometer,-2.94495,16.941,-4.083
1780861855415,Accelerometer,-5.80695,13.668,-4.13805
1780861855440,Accelerometer,-10.35795,12.672001,-1.31505
1780861855463,Accelerometer,-7.6410003,11.901001,-3.0229502
1780861855480,Accelerometer,-6.8700004,12.150001,-1.8019501
1780861855496,Accelerometer,-3.384,11.331,-0.55200005
1780861855517,Accelerometer,-2.3130002,10.95705,-0.23295002
1780861855536,Accelerometer,-1.2570001,11.323951,-0.34800002
1780861855556,Accelerometer,-9.847951,10.79895,-2.15295
1780861855581,Accelerometer,-3.6850502,13.299001,-4.7800503
1780861855601,Accelerometer,12.03495,18.868052,-3.35505
1780861855614,Accelerometer,8.568001,11.26605,1.00395
1780861855634,Accelerometer,-1.2360001,6.8650503,-3.3120003
1780861855654,Accelerometer,-6.4819503,6.3030005,-3.63105
1780861855672,Accelerometer,-10.092,8.347051,-4.407
1780861855694,Accelerometer,-7.62405,11.721001,-1.83
1780861855713,Accelerometer,-1.7410501,10.693951,-0.14505
1780861855731,Accelerometer,1.0690501,8.826,-1.9039501
1780861855750,Accelerometer,2.12205,9.612,-4.16895
1780861855770,Accelerometer,1.5619501,10.509001,-3.1950002
1780861855789,Accelerometer,-1.60905,9.790951,-1.9879501
1780861855814,Accelerometer,-3.6040502,8.75895,-4.2769504
1780861855832,Accelerometer,-2.49,9.20505,-4.5550504
1780861855847,Accelerometer,-0.71400005,9.516001,-2.81205
1780861855867,Accelerometer,-0.50295,9.427051,-2.3089502
1780861855886,Accelerometer,-1.18305,9.561001,-2.90295
1780861855898,Accelerometer,-1.46595,9.583051,-3.6000001
1780861855926,Accelerometer,-1.2049501,9.595051,-3.6880503
1780861855945,Accelerometer,-0.67095006,9.54705,-3.0970502
1780861855964,Accelerometer,-0.79800004,9.47295,-3.0589502
1780861855982,Accelerometer,-1.7890501,9.271951,-3.42
1780861856003,Accelerometer,-2.08095,9.42195,-2.8600502
1780861856028,Accelerometer,-1.095,9.52305,-3.2929502
1780861856046,Accelerometer,-1.0129501,9.691051,-3.4609501
1780861856064,Accelerometer,-1.72695,9.636001,-3.49005
1780861856081,Accelerometer,-2.3779502,9.633,-3.55395
1780861856100,Accelerometer,-2.1720002,9.8890505,-3.6810002
1780861856120,Accelerometer,-1.5810001,10.243951,-3.07995
1780861856149,Accelerometer,-1.3410001,10.375051,-3.456
1780861856161,Accelerometer,-1.245,10.641001,-4.05195
1780861856178,Accelerometer,-1.107,10.705951,-3.93495
1780861856197,Accelerometer,-1.4820001,10.31595,-3.5089502
1780861856216,Accelerometer,-1.4940001,10.806001,-3.762
1780861856236,Accelerometer,-1.2859501,11.323951,-3.55905
1780861856260,Accelerometer,-0.34800002,12.777,-2.9839501
1780861856280,Accelerometer,0.15900001,14.185051,-3.8130002
1780861856298,Accelerometer,0.135,14.781001,-4.407
1780861856313,Accelerometer,1.4610001,15.508951,-4.21005
1780861856333,Accelerometer,3.8370001,16.01205,-4.248
1780861856353,Accelerometer,7.5790505,16.147951,-2.151
1780861856382,Accelerometer,5.16795,13.905001,-0.59205
1780861856393,Accelerometer,-4.51095,10.275001,-7.3080006
1780861856410,Accelerometer,-8.3209505,6.6469502,-5.78595
1780861856431,Accelerometer,-12.558001,3.8200502,-5.3830504
1780861856449,Accelerometer,-13.69095,5.604,3.38595
1780861856469,Accelerometer,-4.1280003,2.2420502,-1.9429501
1780861856493,Accelerometer,5.2590003,1.2409501,-3.2980502
1780861856511,Accelerometer,8.331,1.2529501,3.1750503
1780861856529,Accelerometer,2.9650502,2.9479501,-0.38700002
1780861856541,Accelerometer,-2.2009501,3.2569501,-2.1100502
1780861856567,Accelerometer,-3.7210503,3.6400502,-2.24895
1780861856586,Accelerometer,-2.706,5.3380504,-2.67105
1780861856614,Accelerometer,-1.11105,7.1260505,-1.6360501
1780861856625,Accelerometer,-1.23105,9.121051,-0.47700003
1780861856644,Accelerometer,-2.766,10.78005,-4.8690004
1780861856664,Accelerometer,-3.6210003,14.841001,-5.3160005
1780861856683,Accelerometer,-5.80695,15.583051,-1.6459501
1780861856697,Accelerometer,-5.00895,16.20795,-1.9069501
1780861856722,Accelerometer,-5.94105,15.906001,-3.0970502
1780861856742,Accelerometer,-9.817051,14.548951,-2.1700501
1780861856763,Accelerometer,-8.064,13.963951,-1.557
1780861856777,Accelerometer,-6.597,12.430051,-2.23005
1780861856800,Accelerometer,-6.0360003,12.339001,-2.02395
1780861856825,Accelerometer,-7.0200005,12.23595,-1.8900001
1780861856846,Accelerometer,-7.248,11.059951,-1.44
1780861856848,Accelerometer,-5.577,10.65795,-0.62805
1780861856877,Accelerometer,-3.73305,12.880051,-1.2199501
1780861856897,Accelerometer,-5.1270003,12.1060505,-2.4499502
1780861856916,Accelerometer,-1.6360501,12.624001,2.32305
1780861856942,Accelerometer,15.967951,19.27005,-1.3590001
1780861856959,Accelerometer,9.492001,13.684051,-0.43005002
1780861856974,Accelerometer,-2.76795,7.7200503,-5.0269504
1780861856993,Accelerometer,-7.8109503,5.7190504,-3.4990501
1780861857013,Accelerometer,-12.882001,7.1190004,-5.1540003
1780861857033,Accelerometer,-8.656051,11.29695,-1.6650001
1780861857057,Accelerometer,-0.522,10.858951,-0.753
1780861857077,Accelerometer,1.0860001,8.754001,-3.7339501
1780861857091,Accelerometer,3.2620502,10.36305,-3.7549503
1780861857110,Accelerometer,1.4830501,10.464001,-0.633
1780861857130,Accelerometer,-3.04395,9.20895,-1.5810001
1780861857149,Accelerometer,-4.5880504,8.60805,-3.79395
1780861857171,Accelerometer,-2.24895,9.48495,-5.1340504
1780861857178,Accelerometer,0.075,9.858001,-4.2130504
1780861857208,Accelerometer,-0.25395,9.396001,-2.39505
1780861857230,Accelerometer,-1.557,9.427051,-1.8709501
1780861857246,Accelerometer,-1.9300501,9.475051,-2.80005
1780861857258,Accelerometer,-1.6519501,9.469951,-3.3750002
1780861857286,Accelerometer,-1.248,9.609,-3.3340502
1780861857312,Accelerometer,-1.84905,9.49695,-2.83605
1780861857324,Accelerometer,-2.15805,9.295951,-2.60595
1780861857339,Accelerometer,-1.4680501,9.23805,-2.70195
1780861857363,Accelerometer,-1.284,9.372001,-3.3670502
1780861857382,Accelerometer,-1.6840501,9.571051,-4.0470004
1780861857405,Accelerometer,-2.49,9.592051,-3.2689502
1780861857423,Accelerometer,-2.60295,9.8220005,-2.28795
1780861857440,Accelerometer,-1.76505,10.435051,-3.07995
1780861857460,Accelerometer,-1.1040001,10.876051,-3.6979501
1780861857479,Accelerometer,-0.61800003,10.821,-3.348
1780861857489,Accelerometer,-0.71400005,10.78995,-3.5400002
1780861857519,Accelerometer,-1.095,11.203951,-4.6320004
1780861857545,Accelerometer,-2.0020502,11.041051,-4.1290503
1780861857557,Accelerometer,-2.0380502,10.83495,-3.1999502
1780861857577,Accelerometer,-0.52995,12.363001,-3.4780502
1780861857596,Accelerometer,1.0540501,14.053051,-4.368
1780861857609,Accelerometer,1.23195,15.166051,-5.10795
1780861857635,Accelerometer,1.3470001,15.559051,-4.40205
1780861857655,Accelerometer,3.0229502,15.241051,-4.08795
1780861857674,Accelerometer,6.9469504,14.755051,-2.91195
1780861857697,Accelerometer,5.74695,15.102001,-1.6699501
1780861857713,Accelerometer,-1.605,11.488951,-3.6019502
1780861857732,Accelerometer,-8.124001,7.53105,-7.7749505
1780861857756,Accelerometer,-11.233951,5.1529503,-1.20105
1780861857773,Accelerometer,-15.870001,4.5600004,4.63605
1780861857790,Accelerometer,-9.51795,2.4840002,-2.565
1780861857810,Accelerometer,1.2220501,0.37695003,-4.1070004
1780861857829,Accelerometer,7.6600504,0.38895002,-1.57605
1780861857860,Accelerometer,7.8349504,1.4760001,3.8119502
1780861857871,Accelerometer,0.22800002,3.8770502,-1.6480501
1780861857887,Accelerometer,-2.562,4.54995,-1.9399501
1780861857903,Accelerometer,-1.8750001,5.2920003,-1.4830501
1780861857926,Accelerometer,-0.16095,5.99595,-2.0410502
1780861857946,Accelerometer,0.24795002,8.793,-3.31995
1780861857971,Accelerometer,-1.2049501,12.06105,-4.0230002
1780861857988,Accelerometer,-5.754,13.821001,-8.094001
1780861858007,Accelerometer,-8.364,15.463051,-6.23295
1780861858024,Accelerometer,-9.913051,14.130001,-0.66195005
1780861858043,Accelerometer,-5.4760504,13.9810505,-3.006
1780861858060,Accelerometer,-3.96495,14.515051,-6.60405
1780861858084,Accelerometer,-1.94895,15.259951,-4.2010503
1780861858102,Accelerometer,-8.332951,12.83205,-1.12395
1780861858121,Accelerometer,-6.07695,13.536,-3.8490002
1780861858140,Accelerometer,-5.313,13.668,-0.89205
1780861858159,Accelerometer,-5.5930505,12.970951,0.69000006
1780861858169,Accelerometer,-3.7759502,11.89605,1.4250001
1780861858199,Accelerometer,-2.90895,11.889001,0.22500001
1780861858220,Accelerometer,-4.1470504,12.135,-1.9789501
1780861858241,Accelerometer,-4.6260004,12.99705,1.605
1780861858257,Accelerometer,17.814001,17.02005,-2.93595
1780861858276,Accelerometer,8.88105,12.990001,5.043
1780861858296,Accelerometer,-1.76505,9.286051,-2.2780502
1780861858325,Accelerometer,-6.7879505,6.9420004,-9.109051
1780861858334,Accelerometer,-11.31105,7.6720505,-8.53905
1780861858354,Accelerometer,-13.308001,10.32495,1.1710501
1780861858374,Accelerometer,-5.48295,10.762951,0.80505
1780861858393,Accelerometer,-2.04795,8.59605,-2.3449502
1780861858416,Accelerometer,0.23295002,9.25695,-4.5360003
1780861858435,Accelerometer,3.4819503,11.082001,-3.5350502
1780861858453,Accelerometer,3.0180001,9.84405,-0.55395
1780861858470,Accelerometer,-0.78795004,8.23995,-2.3809502
1780861858490,Accelerometer,-3.9610503,8.625,-5.1439505
1780861858509,Accelerometer,-3.348,9.8560505,-4.4830503
1780861858529,Accelerometer,-0.9580501,9.727051,-2.5459502
1780861858541,Accelerometer,-0.096,9.315001,-1.27995
1780861858568,Accelerometer,-0.55605,9.172951,-2.355
1780861858587,Accelerometer,-1.07505,9.54195,-3.6330001
1780861858607,Accelerometer,-1.03995,9.705001,-3.1609502
1780861858621,Accelerometer,-1.3800001,9.592051,-2.57505
1780861858645,Accelerometer,-1.7890501,9.65205,-2.259
1780861858668,Accelerometer,-2.1000001,9.71895,-3.21405
1780861858685,Accelerometer,-1.4299501,9.604051,-3.6139503
1780861858704,Accelerometer,-0.372,9.80595,-3.9160502
1780861858723,Accelerometer,-0.65895003,9.909,-3.9610503
1780861858742,Accelerometer,-1.5450001,10.15305,-3.3049502
1780861858768,Accelerometer,-0.91305006,10.1980505,-2.86695
1780861858788,Accelerometer,0.31500003,10.561951,-3.7360501
1780861858800,Accelerometer,0.32895002,10.726951,-3.7410002
1780861858820,Accelerometer,-1.1209501,10.663051,-2.9629502
1780861858840,Accelerometer,-2.11695,10.8490505,-3.7410002
1780861858859,Accelerometer,-2.019,11.118001,-3.96795
1780861858882,Accelerometer,-1.1880001,11.43795,-2.8290002
1780861858899,Accelerometer,0.351,12.303,-3.18105
1780861858917,Accelerometer,0.94695,13.447051,-4.4929504
1780861858937,Accelerometer,0.48195,14.581951,-5.2519503
1780861858956,Accelerometer,-0.24705002,14.206051,-4.4500504
1780861858976,Accelerometer,1.248,14.685,-3.9420002
1780861859000,Accelerometer,4.2340503,15.5140505,-4.227
1780861859020,Accelerometer,7.1140504,14.58495,-3.2689502
1780861859033,Accelerometer,1.0380001,11.53905,-3.9060001
1780861859053,Accelerometer,-6.7159505,8.470051,-5.1130505
1780861859073,Accelerometer,-12.02505,6.6520505,0.90495
1780861859092,Accelerometer,-18.070051,6.01305,5.1120005
1780861859115,Accelerometer,-7.7440505,3.7480502,-3.24795
1780861859132,Accelerometer,3.7069502,0.027,-0.92505
1780861859150,Accelerometer,11.27805,-0.27600002,1.1539501
1780861859169,Accelerometer,8.674951,2.3710501,-0.07305
1780861859182,Accelerometer,0.86100006,4.191,-2.9509501
1780861859209,Accelerometer,-4.59495,4.275,-1.0500001
1780861859231,Accelerometer,-7.1020503,4.96395,1.2
1780861859255,Accelerometer,-3.9220502,5.4240003,-1.23405
1780861859262,Accelerometer,-0.96795005,6.762,-1.9879501
1780861859286,Accelerometer,1.047,9.394051,0.37605003
1780861859306,Accelerometer,-1.3750501,11.326051,-1.5600001
1780861859337,Accelerometer,-2.77305,14.647051,-4.19595
1780861859349,Accelerometer,-4.0470004,15.850951,0.33105
1780861859364,Accelerometer,-1.5780001,16.00905,0.546
1780861859384,Accelerometer,0.48900002,17.05995,-1.8690001
1780861859403,Accelerometer,0.31695002,17.39505,-1.96905
1780861859422,Accelerometer,-0.17805001,17.77905,-2.77095
1780861859447,Accelerometer,-4.875,16.024052,-3.35295
1780861859465,Accelerometer,-12.361951,12.384001,-0.05595
1780861859483,Accelerometer,-12.84105,11.74695,0.28305
1780861859500,Accelerometer,-5.9500504,11.623051,-1.15695
1780861859520,Accelerometer,-3.0580502,10.750951,-1.1740501
1780861859539,Accelerometer,-5.58405,9.3,-6.1759505
1780861859568,Accelerometer,-2.4109502,11.92905,-4.4230504
1780861859580,Accelerometer,15.4129505,20.02005,-3.01095
1780861859597,Accelerometer,11.722951,16.488,6.228
1780861859617,Accelerometer,-2.0710502,7.5049505,-1.4419501
1780861859636,Accelerometer,-6.49905,4.3230004,-3.2020502
1780861859655,Accelerometer,-9.429001,8.07195,-4.75395
1780861859680,Accelerometer,-8.245951,11.488951,-2.3070002
1780861859698,Accelerometer,-2.5840502,10.74195,-2.1010501
1780861859718,Accelerometer,-1.2360001,8.43105,-4.73505
1780861859733,Accelerometer,0.09900001,9.42,-5.05095
1780861859744,Accelerometer,-0.41505003,10.23705,-1.866
1780861859773,Accelerometer,-2.265,9.286051,-1.08105
1780861859800,Accelerometer,-2.83995,8.946,-3.5130002
1780861859812,Accelerometer,-1.9519501,9.597,-4.5430503
1780861859828,Accelerometer,-0.87405,9.42,-3.801
1780861859850,Accelerometer,-0.80505,9.04695,-2.9910002
1780861859870,Accelerometer,-1.57095,9.20505,-3.3409503
1780861859889,Accelerometer,-2.15505,9.49005,-3.1380002
1780861859903,Accelerometer,-1.7479501,9.492001,-3.62805
1780861859929,Accelerometer,-1.15005,9.40305,-3.3100502
1780861859951,Accelerometer,-0.92700005,9.38895,-3.1039503
1780861859967,Accelerometer,-1.4419501,9.573001,-3.4440002
1780861859983,Accelerometer,-1.37205,9.4150505,-3.2260501
1780861860006,Accelerometer,-1.245,9.44205,-3.07095
1780861860032,Accelerometer,-1.53795,9.762,-4.2649503
1780861860044,Accelerometer,-2.091,9.589951,-4.44
1780861860064,Accelerometer,-2.2369502,9.628051,-2.8980002
1780861860083,Accelerometer,-1.16205,10.17195,-3.7549503
1780861860102,Accelerometer,-0.522,10.77795,-4.4419503
1780861860122,Accelerometer,-0.24195,10.7029505,-3.7390501
1780861860144,Accelerometer,-0.795,10.33005,-2.46
1780861860163,Accelerometer,-1.1880001,10.10505,-3.04395
1780861860182,Accelerometer,-1.47105,10.246051,-4.071
1780861860200,Accelerometer,-2.93595,10.057051,-3.4129503
1780861860219,Accelerometer,-3.2260501,11.212951,-2.8500001
1780861860246,Accelerometer,-2.3370001,12.80805,-4.0090504
1780861860266,Accelerometer,-0.70905006,14.082001,-5.6250005
1780861860277,Accelerometer,1.40205,15.310051,-6.267
1780861860297,Accelerometer,3.1999502,15.35805,-5.2920003
1780861860316,Accelerometer,4.18905,14.139001,-2.42205
1780861860335,Accelerometer,3.7840502,13.806001,-0.74805003
1780861860359,Accelerometer,-2.1070502,12.420001,-0.822
1780861860377,Accelerometer,-5.9809504,9.70695,-4.42605
1780861860384,Accelerometer,-7.5379505,7.4040003,-4.8850503
1780861860414,Accelerometer,-12.420001,6.11595,-0.022950001
1780861860433,Accelerometer,-12.183001,4.9950004,3.4459503
1780861860448,Accelerometer,-4.662,2.4720001,-1.7010001
1780861860465,Accelerometer,5.4960003,1.8210001,-1.4640001
1780861860493,Accelerometer,9.21195,2.3860502,2.9479501
1780861860510,Accelerometer,1.07595,4.05405,-0.90405005
1780861860530,Accelerometer,-2.77095,4.833,-1.8709501
1780861860544,Accelerometer,-5.2849503,4.7730002,0.56100005
1780861860569,Accelerometer,-3.18705,5.0149503,-0.57105005
1780861860592,Accelerometer,0.21900001,6.576,-0.89895004
1780861860609,Accelerometer,0.63795,8.106,0.44595003
1780861860627,Accelerometer,-1.3990501,9.705001,-0.813
1780861860646,Accelerometer,-2.9260502,11.785951,-4.5090003
1780861860666,Accelerometer,-5.0020504,13.516951,-3.042
1780861860685,Accelerometer,-4.8250504,13.986001,-0.99495006
1780861860709,Accelerometer,-3.4510503,14.97,-2.43405
1780861860729,Accelerometer,-1.9519501,15.109051,-1.57605
1780861860744,Accelerometer,-4.2120004,15.151951,-2.8500001
1780861860764,Accelerometer,-4.5139503,15.528001,-4.335
1780861860783,Accelerometer,-7.31295,13.423051,-2.1370502
1780861860802,Accelerometer,-9.99195,12.271951,-1.761
1780861860825,Accelerometer,-8.25405,11.235001,-1.914
1780861860843,Accelerometer,-7.1190004,11.211,-2.022
1780861860860,Accelerometer,-6.2710505,11.005051,-1.3920001
1780861860880,Accelerometer,-4.3050003,10.543051,-2.3089502
1780861860899,Accelerometer,-8.548051,13.591051,-2.80995
1780861860918,Accelerometer,4.0230002,17.479052,-3.1969502
1780861860943,Accelerometer,14.014951,16.584002,-3.93195
1780861860963,Accelerometer,5.1460505,9.54195,-0.67395
1780861860977,Accelerometer,-3.9580503,6.3030005,-4.6270504
1780861860996,Accelerometer,-10.993051,6.4009504,-3.55695
1780861861016,Accelerometer,-11.89305,10.179001,0.51000005
1780861861030,Accelerometer,-3.6330001,11.412001,-0.36495003
1780861861055,Accelerometer,-1.5520501,8.797951,-4.335
1780861861074,Accelerometer,0.33900002,10.011001,-5.2710004
1780861861094,Accelerometer,2.80695,10.596001,-1.2889501
1780861861112,Accelerometer,-1.91295,9.054001,-2.2420502
1780861861132,Accelerometer,-5.1670504,8.71395,-3.28605
1780861861158,Accelerometer,-3.075,9.408,-2.7190502
1780861861175,Accelerometer,-0.642,9.528001,-2.8170002
1780861861195,Accelerometer,0.291,9.613951,-2.6520002
1780861861210,Accelerometer,-0.61800003,9.387,-2.6899502
1780861861229,Accelerometer,-2.538,9.151951,-3.2640002
1780861861249,Accelerometer,-3.3360002,9.492001,-3.039
1780861861278,Accelerometer,-2.50005,9.399,-2.3430002
1780861861290,Accelerometer,-1.30305,9.348001,-2.53695
1780861861307,Accelerometer,-1.353,9.40305,-2.4190502
1780861861327,Accelerometer,-1.29795,9.70695,-2.94105
1780861861346,Accelerometer,-2.2440002,9.78195,-2.93595
1780861861366,Accelerometer,-2.2009501,9.481951,-2.45805
1780861861391,Accelerometer,-1.8220501,9.760051,-2.7190502
1780861861407,Accelerometer,-1.6309501,10.12395,-3.42195
1780861861426,Accelerometer,-1.4470501,9.99705,-3.31695
1780861861443,Accelerometer,-1.18305,10.134001,-3.7170002
1780861861462,Accelerometer,-0.69705003,10.64805,-3.48705
1780861861482,Accelerometer,-0.18195,10.885051,-3.49005
1780861861510,Accelerometer,-0.28800002,10.852051,-3.1519501
1780861861522,Accelerometer,-1.03005,10.92105,-3.1230001
1780861861540,Accelerometer,-1.7509501,11.041051,-3.7819502
1780861861560,Accelerometer,-1.48695,11.7949505,-3.4440002
1780861861579,Accelerometer,0.16905001,13.308001,-3.798
1780861861599,Accelerometer,1.3729501,15.259951,-4.41405
1780861861609,Accelerometer,1.7730001,16.08105,-5.1660004
1780861861639,Accelerometer,1.9210501,16.51905,-4.7130003
1780861861660,Accelerometer,2.7280502,16.464,-4.11
1780861861676,Accelerometer,4.4539504,16.741951,-3.69495
1780861861696,Accelerometer,2.52495,13.663051,-2.493
1780861861716,Accelerometer,-0.21105,9.670951,-5.4889503
1780861861741,Accelerometer,-6.88395,6.3,-5.72805
1780861861754,Accelerometer,-16.123951,3.82905,-1.32
1780861861773,Accelerometer,-12.616051,3.6880503,2.8159502
1780861861793,Accelerometer,-4.09005,0.72900003,-0.56100005
1780861861812,Accelerometer,3.9520502,-0.73800004,-0.80100006
1780861861827,Accelerometer,7.7250004,0.56805,-0.05595
1780861861852,Accelerometer,3.561,2.565,-2.0070002
1780861861873,Accelerometer,-1.8180001,3.5059502,-4.17705
1780861861893,Accelerometer,-5.56995,4.0399504,-2.802
1780861861907,Accelerometer,-5.412,4.51695,-1.69395
1780861861928,Accelerometer,-3.5269501,5.6130004,-3.9199502
1780861861954,Accelerometer,-0.82905006,8.352,-3.3340502
1780861861975,Accelerometer,-1.5300001,9.69495,-3.1930501
1780861861987,Accelerometer,-4.4610004,11.968051,-7.49805
1780861862008,Accelerometer,-5.98395,13.929001,-4.7899504
1780861862017,Accelerometer,-5.4949503,13.990951,-1.2199501
1780861862045,Accelerometer,-3.2689502,15.484951,-2.79795
1780861862069,Accelerometer,-3.2899501,16.918951,-4.59105
1780861862086,Accelerometer,-3.2059503,16.82295,-4.14795
1780861862104,Accelerometer,-5.9290504,14.247001,-0.12105001
1780861862124,Accelerometer,-7.011,13.135951,-1.18095
1780861862142,Accelerometer,-6.906,13.026001,-0.86805004
1780861862162,Accelerometer,-5.61495,13.038001,0.051000003
1780861862188,Accelerometer,-4.899,11.745001,0.66105
1780861862208,Accelerometer,-3.9870002,11.755051,-0.21900001
1780861862220,Accelerometer,-5.2990503,13.47105,-1.07595
1780861862240,Accelerometer,9.37695,17.42205,-4.98105
1780861862260,Accelerometer,17.26905,16.75095,6.19395
1780861862278,Accelerometer,-0.50100005,9.118051,0.96300006
1780861862301,Accelerometer,-5.0020504,5.8690505,-6.7510505
1780861862308,Accelerometer,-10.1980505,7.3950005,-8.806951
1780861862337,Accelerometer,-13.77,9.633,-1.179
1780861862358,Accelerometer,-4.88205,11.149051,1.5259501
1780861862376,Accelerometer,-2.1030002,8.75895,-2.8170002
1780861862388,Accelerometer,-1.5880501,9.17805,-5.93205
1780861862415,Accelerometer,2.8930502,11.08905,-2.46
1780861862439,Accelerometer,0.882,9.691051,0.40695003
1780861862454,Accelerometer,-4.104,8.19705,-4.0399504
1780861862468,Accelerometer,-4.46805,8.91495,-5.175
1780861862492,Accelerometer,-2.25105,9.769951,-4.1410503
1780861862512,Accelerometer,-1.24995,9.115951,-3.24495
1780861862534,Accelerometer,-1.79595,9.460951,-2.91195
1780861862552,Accelerometer,-2.16195,9.5779505,-2.23005
1780861862570,Accelerometer,-1.53495,9.384001,-3.0940502
1780861862590,Accelerometer,-1.5949501,9.604051,-2.3740501
1780861862609,Accelerometer,-1.5949501,9.35505,-1.4950501
1780861862629,Accelerometer,-1.9660501,9.463051,-2.46495
1780861862653,Accelerometer,-3.0580502,9.64995,-3.8250003
1780861862673,Accelerometer,-3.3019502,9.583051,-3.10905
1780861862686,Accelerometer,-2.196,9.78195,-3.3409503
1780861862706,Accelerometer,-1.21395,10.1650505,-3.93495
1780861862726,Accelerometer,-0.87900007,10.201051,-3.4750502
1780861862755,Accelerometer,-0.87000006,10.57905,-3.38895
1780861862767,Accelerometer,-1.00605,10.840051,-3.9160502
1780861862784,Accelerometer,-1.19295,10.96695,-4.0690503
1780861862804,Accelerometer,-0.89400005,11.223001,-3.6210003
1780861862822,Accelerometer,-0.69705003,11.12205,-3.0370502
1780861862842,Accelerometer,-1.3219501,11.472,-3.1420503
1780861862869,Accelerometer,-0.984,12.763051,-3.7390501
1780861862885,Accelerometer,0.34095,15.247951,-4.5480003
1780861862904,Accelerometer,1.58595,16.13595,-6.5520005
1780861862920,Accelerometer,2.48895,15.39105,-5.6280003
1780861862939,Accelerometer,3.765,15.778951,-4.497
1780861862959,Accelerometer,7.359,16.237051,-3.2599502
1780861862987,Accelerometer,1.9069501,13.63395,-1.248
1780861863001,Accelerometer,-4.1860504,9.339001,-6.6330004
1780861863017,Accelerometer,-8.718,6.4680004,-4.34205
1780861863032,Accelerometer,-20.140951,5.7070503,2.62695
1780861863056,Accelerometer,-9.307051,5.505,0.90105003
1780861863075,Accelerometer,-1.0710001,1.074,0.57000005
1780861863100,Accelerometer,5.649,-0.25905,-0.624
1780861863105,Accelerometer,7.3510504,1.5840001,-1.0159501
1780861863133,Accelerometer,1.0570501,3.35805,-3.6070502
1780861863153,Accelerometer,-4.18995,3.8440502,-2.7589502
1780861863172,Accelerometer,-8.038051,3.28605,1.99995
1780861863189,Accelerometer,-5.196,3.2569501,0.43395
1780861863213,Accelerometer,-1.9450501,4.06605,-1.12605
1780861863230,Accelerometer,0.66195005,6.1519504,-1.19805
1780861863250,Accelerometer,2.6950502,8.920051,0.52005005
1780861863264,Accelerometer,-0.64005005,11.833951,-3.11805
1780861863289,Accelerometer,-3.288,16.002,-4.3710003
1780861863309,Accelerometer,-5.5189505,17.23995,0.108
1780861863332,Accelerometer,-4.6600504,18.219002,-0.14505
1780861863350,Accelerometer,-4.00605,17.202002,-2.6899502
1780861863368,Accelerometer,-4.87995,16.705952,-2.7900002
1780861863386,Accelerometer,-7.3720503,15.873001,-2.21595
1780861863406,Accelerometer,-11.62905,13.279951,0.36705002
1780861863425,Accelerometer,-10.03995,12.37005,-1.14795
1780861863455,Accelerometer,-7.6140003,12.682951,-0.52095
1780861863464,Accelerometer,-6.2089505,11.058001,-0.24795002
1780861863483,Accelerometer,-8.361,9.846001,-5.091
1780861863503,Accelerometer,-4.2460504,13.155001,-2.9869502
1780861863522,Accelerometer,20.34,19.071001,-5.2830005
1780861863547,Accelerometer,12.901051,13.861051,5.931
1780861863564,Accelerometer,0.42195,9.769951,-2.3449502
1780861863582,Accelerometer,-6.9630003,6.6240005,-4.6200004
1780861863599,Accelerometer,-11.689051,6.6450005,-4.5529504
1780861863619,Accelerometer,-10.032001,10.57695,-0.43695003
1780861863638,Accelerometer,-3.00795,10.773001,-1.67505
1780861863666,Accelerometer,-1.45395,8.874001,-4.50495
1780861863671,Accelerometer,0.17595,9.3820505,-4.701
1780861863697,Accelerometer,0.76500005,10.086,-1.3440001
1780861863717,Accelerometer,-1.84905,9.31005,-1.7010001
1780861863736,Accelerometer,-3.38595,8.938951,-3.1060503
1780861863750,Accelerometer,-2.8230002,9.408,-3.5370002
1780861863775,Accelerometer,-1.4470501,9.49905,-3.1729503
1780861863798,Accelerometer,-0.58005005,9.348001,-3.18495
1780861863814,Accelerometer,-1.02495,9.65505,-3.7789502
1780861863831,Accelerometer,-1.746,9.291,-3.4680002
1780861863852,Accelerometer,-1.9570501,9.04695,-3.6829503
1780861863872,Accelerometer,-1.7050501,9.469951,-3.4009502
1780861863897,Accelerometer,-1.42005,9.52305,-2.292
1780861863916,Accelerometer,-1.42005,9.589951,-2.6850002
1780861863930,Accelerometer,-1.047,9.766951,-3.59205
1780861863950,Accelerometer,-0.76905006,9.721951,-4.3510504
1780861863969,Accelerometer,-1.4440501,9.66405,-4.32795
1780861863988,Accelerometer,-1.6500001,9.736051,-3.3310502
1780861864011,Accelerometer,-1.023,10.01895,-3.35505
1780861864029,Accelerometer,-0.84795004,10.57905,-3.7890003
1780861864047,Accelerometer,-1.485,10.821,-4.0069504
1780861864066,Accelerometer,-1.365,11.022,-3.4969501
1780861864086,Accelerometer,-0.69195,11.058001,-3.525
1780861864105,Accelerometer,-0.52695,11.352,-4.30095
1780861864129,Accelerometer,-1.7389501,11.2879505,-3.6019502
1780861864148,Accelerometer,-1.593,11.833951,-3.11805
1780861864163,Accelerometer,0.33600003,13.91205,-3.8730001
1780861864183,Accelerometer,2.53695,16.332,-5.27295
1780861864202,Accelerometer,3.00795,17.448,-6.58995
1780861864222,Accelerometer,5.043,15.472951,-4.0140004
1780861864231,Accelerometer,5.00505,14.005051,-1.0900501
1780861864261,Accelerometer,3.8130002,14.857951,-0.669
1780861864280,Accelerometer,-4.6000504,10.876051,-3.9420002
1780861864300,Accelerometer,-10.344001,7.1599503,-5.886
1780861864311,Accelerometer,-13.897051,3.351,-4.6600504
1780861864338,Accelerometer,-9.44295,2.8980002,2.2699502
1780861864350,Accelerometer,-1.815,0.41505003,-1.9909501
1780861864378,Accelerometer,6.2790003,0.0,-2.46
1780861864392,Accelerometer,9.96105,1.5310501,3.6330001
1780861864416,Accelerometer,2.0389502,3.6709502,-0.80295
1780861864435,Accelerometer,-2.40405,4.32705,-2.1060002
1780861864465,Accelerometer,-2.88105,5.3830504,-1.6360501
1780861864477,Accelerometer,-3.7399502,7.3680005,-3.82695
1780861864493,Accelerometer,-1.3219501,9.183001,-2.8960502
1780861864510,Accelerometer,-1.54005,11.47395,-0.882
1780861864532,Accelerometer,-4.473,12.37005,-6.7219505
1780861864552,Accelerometer,-5.98605,12.505951,-2.769
1780861864567,Accelerometer,-5.4570003,12.517951,1.8180001
1780861864591,Accelerometer,-1.2790501,15.456,-3.6910503
1780861864617,Accelerometer,-0.91695005,16.93605,-3.762
1780861864630,Accelerometer,-1.7050501,17.404951,-2.62995
1780861864649,Accelerometer,-4.54005,16.641,-1.62195
1780861864662,Accelerometer,-7.1400003,14.977051,-0.669
1780861864693,Accelerometer,-9.955951,12.946951,-0.37500003
1780861864709,Accelerometer,-8.347051,12.109051,0.120000005
1780861864726,Accelerometer,-7.2289505,12.255,-0.003
1780861864746,Accelerometer,-5.6530504,10.79205,0.18
1780861864765,Accelerometer,-5.7730503,9.990001,-0.693
1780861864785,Accelerometer,-9.01305,6.4080005,-7.0519505
1780861864808,Accelerometer,-2.5890002,14.893051,-7.143
1780861864826,Accelerometer,18.274052,25.38495,-5.6800504
1780861864847,Accelerometer,12.18105,16.07595,7.2289505
1780861864863,Accelerometer,-0.92205006,5.328,-3.1279502
1780861864875,Accelerometer,-10.81095,3.3070502,-0.90105003
1780861864902,Accelerometer,-14.62695,8.67105,0.40500003
1780861864928,Accelerometer,-5.9890504,11.986951,-1.0189501
1780861864942,Accelerometer,-2.42805,9.931951,-5.1610503
1780861864957,Accelerometer,0.30495003,8.644051,-7.8040504
1780861864980,Accelerometer,0.73395,9.70005,-3.20895
1780861864999,Accelerometer,-2.8950002,9.66195,-0.58005005
1780861865019,Accelerometer,-3.6780002,9.051001,-1.6459501
1780861865042,Accelerometer,-2.35395,9.159,-3.5449502
1780861865062,Accelerometer,-0.633,9.589951,-4.18905
1780861865077,Accelerometer,-0.039,9.621,-2.7499502
1780861865096,Accelerometer,-0.50805,9.35805,-2.4100502
1780861865113,Accelerometer,-1.6500001,9.315001,-3.8490002
1780861865135,Accelerometer,-1.7869501,9.457951,-4.227
1780861865163,Accelerometer,-1.5690001,9.432,-3.00795
1780861865174,Accelerometer,-0.50295,9.597,-2.4840002
1780861865193,Accelerometer,0.025050001,9.757951,-2.802
1780861865213,Accelerometer,-0.40005,9.624001,-2.5560002
1780861865232,Accelerometer,-1.00395,9.721951,-3.279
1780861865255,Accelerometer,-0.88905007,9.8869505,-4.6000504
1780861865273,Accelerometer,-0.52995,9.825001,-5.01195
1780861865291,Accelerometer,-0.41205,9.68805,-3.4320002
1780861865310,Accelerometer,-0.453,10.038,-2.62995
1780861865329,Accelerometer,-0.25395,10.681951,-3.2719502
1780861865348,Accelerometer,-0.54195005,10.857,-4.09305
1780861865374,Accelerometer,-1.06305,10.797001,-3.4030502
1780861865395,Accelerometer,-1.092,10.878,-3.2689502
1780861865406,Accelerometer,-1.2409501,11.328,-3.8580003
1780861865426,Accelerometer,-1.6140001,11.436001,-3.7189503
1780861865446,Accelerometer,-1.3219501,12.475051,-3.86295
1780861865465,Accelerometer,-0.22500001,13.83495,-4.4040003
1780861865487,Accelerometer,2.0700002,15.7890005,-5.3310003
1780861865507,Accelerometer,2.90295,16.663052,-6.04395
1780861865514,Accelerometer,3.7480502,16.42305,-4.8690004
1780861865543,Accelerometer,5.0550003,15.247951,-2.73495
1780861865562,Accelerometer,6.80595,16.062,-2.80695
1780861865582,Accelerometer,2.7640502,12.154051,-2.63505
1780861865594,Accelerometer,-4.6789503,8.484,-5.0719504
1780861865623,Accelerometer,-13.047001,5.92395,-5.8690505
1780861865639,Accelerometer,-22.021051,4.227,5.1070504
1780861865660,Accelerometer,-8.59095,1.3249501,-0.97095007
1780861865673,Accelerometer,2.0670002,-1.0900501,-3.2620502
1780861865698,Accelerometer,9.312,-0.51495004,0.22995001
1780861865721,Accelerometer,7.2130504,1.2030001,2.1649501
1780861865739,Accelerometer,0.99495006,2.56305,-1.8880501
1780861865755,Accelerometer,-2.73705,2.5510502,-1.536
1780861865776,Accelerometer,-4.1470504,3.90105,-1.797
1780861865796,Accelerometer,-4.0680003,5.0820003,-2.24895
1780861865815,Accelerometer,-0.61800003,7.2390003,0.096
1780861865839,Accelerometer,0.43905002,9.84105,-0.73095006
1780861865859,Accelerometer,-0.97695005,12.70995,-4.5690002
1780861865873,Accelerometer,-3.3670502,16.227001,-3.6379502
1780861865892,Accelerometer,-3.34995,18.528002,-2.6470501
1780861865906,Accelerometer,-3.1660502,18.42,-3.8389502
1780861865932,Accelerometer,-5.385,17.259,-4.0350003
1780861865954,Accelerometer,-4.86105,16.64595,-3.6670501
1780861865972,Accelerometer,-7.5210004,15.492001,-4.3900504
1780861865990,Accelerometer,-14.28705,12.528001,-0.16095
1780861866009,Accelerometer,-12.099001,12.1380005,-0.92295
1780861866028,Accelerometer,-7.3099504,11.91705,-0.609
1780861866055,Accelerometer,-5.5219502,10.61205,-0.75000006
1780861866071,Accelerometer,-5.02605,10.833,-0.55200005
1780861866090,Accelerometer,-6.9940505,8.82195,-1.881
1780861866106,Accelerometer,4.629,12.469951,-3.1590002
1780861866126,Accelerometer,21.26205,21.59295,-1.4899501
1780861866145,Accelerometer,10.488001,14.070001,2.1049502
1780861866155,Accelerometer,-3.4480503,9.172951,-10.033051
1780861866184,Accelerometer,-9.56805,5.6130004,-5.7619505
1780861866204,Accelerometer,-19.18305,5.71395,3.6799502
1780861866223,Accelerometer,-9.4480505,10.26,-1.4470501
1780861866241,Accelerometer,-2.3419502,10.486051,-2.709
1780861866261,Accelerometer,1.1329501,9.71205,-7.29405
1780861866287,Accelerometer,4.6600504,10.830001,-2.7109501
1780861866304,Accelerometer,0.37695003,9.990001,-0.67905
1780861866324,Accelerometer,-4.42995,8.73795,-3.0630002
1780861866339,Accelerometer,-5.1120005,9.015,-2.9959502
1780861866358,Accelerometer,-1.8900001,9.348001,-3.63105
1780861866379,Accelerometer,0.22395001,9.66195,-4.0810504
1780861866408,Accelerometer,-0.252,9.71205,-3.2740502
1780861866419,Accelerometer,-1.4110501,9.13305,-2.5819502
1780861866437,Accelerometer,-2.3830502,9.1380005,-2.6749501
1780861866456,Accelerometer,-2.16,9.31995,-2.9839501
1780861866475,Accelerometer,-1.296,9.457951,-3.1519501
1780861866495,Accelerometer,-1.21695,9.681001,-3.6670501
1780861866519,Accelerometer,-2.31795,9.525001,-2.877
1780861866537,Accelerometer,-2.4709501,9.475051,-1.99995
1780861866553,Accelerometer,-1.506,9.96405,-4.27995
1780861866572,Accelerometer,-1.04205,10.14795,-4.30095
1780861866592,Accelerometer,-0.78105,9.913051,-3.21195
1780861866612,Accelerometer,-0.47895002,10.47795,-4.545
1780861866641,Accelerometer,-0.87000006,10.56,-4.1070004
1780861866650,Accelerometer,-0.24495001,10.62405,-2.8189502
1780861866670,Accelerometer,-0.08895,10.9480505,-2.83605
1780861866685,Accelerometer,-1.7359501,10.581,-1.9020001
1780861866708,Accelerometer,-2.4090002,11.034,-2.4120002
1780861866728,Accelerometer,-1.5469501,12.115951,-4.0069504
1780861866753,Accelerometer,-1.743,13.383,-4.20795
1780861866768,Accelerometer,-1.00605,14.179951,-6.18795
1780861866786,Accelerometer,1.8210001,16.356,-7.3350005
1780861866800,Accelerometer,4.89195,17.788052,-8.187
1780861866825,Accelerometer,9.585,18.19005,-4.8229504
1780861866841,Accelerometer,5.4139504,15.793951,1.14195
1780861866865,Accelerometer,-0.56505,12.973051,0.21795002
1780861866881,Accelerometer,-9.027,8.079,-7.9909506
1780861866903,Accelerometer,-7.899,5.3569503,-4.1530504
1780861866923,Accelerometer,-15.544051,3.66405,5.2579503
1780861866941,Accelerometer,-8.6320505,1.00905,-1.488
1780861866956,Accelerometer,3.6790502,-1.317,-1.65495
1780861866981,Accelerometer,10.540951,-0.762,2.84205
1780861867002,Accelerometer,9.03195,1.78005,1.9039501
1780861867020,Accelerometer,0.94395006,3.3270001,-1.4620501
1780861867037,Accelerometer,-2.91195,3.6469502,-0.91605
1780861867058,Accelerometer,-3.051,5.3980503,-1.4899501
1780861867085,Accelerometer,-0.43905002,7.6410003,-1.69095
1780861867105,Accelerometer,0.75795,10.14795,0.78300005
1780861867116,Accelerometer,-0.69195,12.80595,-2.094
1780861867136,Accelerometer,-3.8430002,16.143002,-6.7860003
1780861867156,Accelerometer,-8.31795,16.90695,-1.3780501
1780861867170,Accelerometer,-9.736051,15.946951,4.5610504
1780861867195,Accelerometer,-5.9290504,15.166051,-2.56095
1780861867215,Accelerometer,-2.0020502,14.661,-1.7509501
1780861867234,Accelerometer,-1.5660001,13.962001,-1.96395
1780861867253,Accelerometer,-7.4370003,13.213051,-2.046
1780861867272,Accelerometer,-11.677051,11.299951,-2.6230502
1780861867292,Accelerometer,-12.178051,10.689,0.43605003
1780861867316,Accelerometer,-6.22305,11.137051,-1.3560001
1780861867338,Accelerometer,-4.68405,9.849001,-2.5840502
1780861867350,Accelerometer,-9.432,6.183,-4.6789503
1780861867369,Accelerometer,-2.778,21.72705,-19.684052
1780861867389,Accelerometer,24.54195,34.210953,-6.5659504
1780861867408,Accelerometer,4.3060503,8.950951,9.84105
1780861867430,Accelerometer,-6.16095,-0.87900007,-1.0159501
1780861867437,Accelerometer,-12.601951,2.3809502,-3.11595
1780861867464,Accelerometer,-16.219051,10.584001,6.28095
1780861867488,Accelerometer,-8.75895,13.504951,-2.388
1780861867505,Accelerometer,-3.45795,9.13305,-8.179951
1780861867517,Accelerometer,2.7540002,10.528951,-5.8290005
1780861867545,Accelerometer,0.90105003,9.814951,0.333
1780861867571,Accelerometer,-5.11005,8.400001,-0.837
1780861867583,Accelerometer,-6.6570005,8.86905,-2.32605
1780861867597,Accelerometer,-4.638,9.585,-2.4100502
1780861867622,Accelerometer,-1.30305,10.09305,-1.8060001
1780861867641,Accelerometer,-0.26895002,10.038,-2.50095
1780861867663,Accelerometer,-0.47700003,9.67605,-1.8880501
1780861867680,Accelerometer,-2.526,8.812051,-2.1700501
1780861867700,Accelerometer,-4.5760503,8.90295,-2.97
1780861867719,Accelerometer,-4.28895,9.34605,-2.66295
1780861867738,Accelerometer,-2.2339501,9.798,-2.39505
1780861867763,Accelerometer,-0.81900007,10.417951,-2.42895
1780861867782,Accelerometer,-0.846,10.210051,-2.25195
1780861867799,Accelerometer,-2.0640001,9.798,-2.6110501
1780861867816,Accelerometer,-2.7229502,10.063951,-2.094
1780861867836,Accelerometer,-2.5840502,10.122001,-2.74005
1780861867855,Accelerometer,-1.4110501,10.234051,-3.0610502
1780861867885,Accelerometer,-0.537,10.299001,-3.8749502
1780861867896,Accelerometer,-0.69195,11.155951,-4.6789503
1780861867913,Accelerometer,-1.14495,11.956051,-3.8440502
1780861867930,Accelerometer,-0.55605,12.46605,-3.55395
1780861867952,Accelerometer,0.09900001,13.210051,-4.0620003
1780861867971,Accelerometer,-0.31905,14.85,-3.86295
1780861867996,Accelerometer,0.51105005,17.72295,-5.2110004
1780861868013,Accelerometer,3.5640001,19.069052,-8.64
1780861868029,Accelerometer,9.01305,17.917051,-6.327
1780861868049,Accelerometer,11.05095,17.42205,0.25395
1780861868069,Accelerometer,1.9380001,13.21695,3.048
1780861868078,Accelerometer,-6.7930503,9.394051,-7.8760505
1780861868112,Accelerometer,-7.5540004,6.39795,-5.5150504
1780861868127,Accelerometer,-14.713051,4.5259504,4.8780003
1780861868146,Accelerometer,-10.035001,3.0540001,-2.496
1780861868162,Accelerometer,-1.8540001,-0.094050005,-1.04505
1780861868185,Accelerometer,4.66305,-0.48405004,0.060000002
1780861868205,Accelerometer,5.15595,1.0639501,-0.91095006
1780861868228,Accelerometer,0.61605,2.7469501,-2.388
1780861868245,Accelerometer,-3.6010501,3.3409503,-2.151
1780861868264,Accelerometer,-5.34705,3.8730001,-1.61205
1780861868282,Accelerometer,-3.7120502,5.34495,-2.9959502
1780861868302,Accelerometer,-0.09900001,8.376,-2.19705
1780861868319,Accelerometer,0.49695003,10.441951,-0.85800004
1780861868344,Accelerometer,-1.7770501,13.375051,-7.1359506
1780861868361,Accelerometer,-5.47095,16.945051,-5.616
1780861868379,Accelerometer,-6.9970503,16.837952,0.91005003
1780861868397,Accelerometer,-6.19005,16.395,-1.2559501
1780861868416,Accelerometer,-3.9610503,17.118,-4.308
1780861868438,Accelerometer,-3.4410002,16.948051,-3.075
1780861868461,Accelerometer,-8.11905,14.166,0.16305001
1780861868479,Accelerometer,-11.682,12.208951,-0.92805004
1780861868496,Accelerometer,-12.90795,13.026001,-0.034950003
1780861868516,Accelerometer,-6.7330503,14.476951,-0.31005
1780861868530,Accelerometer,-5.92395,10.01895,-2.8189502
1780861868553,Accelerometer,-10.159051,15.019951,-2.47005
1780861868581,Accelerometer,9.16395,20.592001,-2.93895
1780861868593,Accelerometer,12.384001,15.187951,1.008
1780861868613,Accelerometer,2.9509501,4.9669504,-0.53505003
1780861868632,Accelerometer,-4.5349503,5.328,-4.9500003
1780861868651,Accelerometer,-14.725051,10.014001,-3.21705
1780861868675,Accelerometer,-10.075951,11.54895,3.6730502
1780861868693,Accelerometer,-4.46295,9.252001,-3.63105
1780861868710,Accelerometer,-1.9210501,9.09,-6.8749504
1780861868729,Accelerometer,2.57205,11.002951,-4.9840503
1780861868749,Accelerometer,-0.10605001,9.8869505,1.4250001
1780861868768,Accelerometer,-4.071,8.39505,-1.5840001
1780861868793,Accelerometer,-4.6330504,8.877001,-3.6160502
1780861868800,Accelerometer,-2.5429502,9.53505,-3.44895
1780861868827,Accelerometer,-0.18,9.561001,-2.5870502
1780861868846,Accelerometer,0.45105,9.52305,-2.11995
1780861868864,Accelerometer,-0.71400005,9.49005,-3.2719502
1780861868880,Accelerometer,-1.485,9.670951,-3.6379502
1780861868904,Accelerometer,-2.352,9.444,-2.77095
1780861868926,Accelerometer,-1.38705,9.126,-2.673
1780861868943,Accelerometer,-0.52500004,9.475051,-2.59605
1780861868960,Accelerometer,-0.40695003,9.693001,-3.8749502
1780861868982,Accelerometer,-1.21695,9.897,-4.45905
1780861869001,Accelerometer,-2.9670002,9.387,-2.436
1780861869027,Accelerometer,-2.1790502,9.31005,-2.355
1780861869047,Accelerometer,0.15900001,10.210051,-4.27005
1780861869059,Accelerometer,0.61200005,10.61205,-3.9880502
1780861869079,Accelerometer,0.171,10.668,-3.18105
1780861869099,Accelerometer,-0.36,10.858951,-3.7219503
1780861869118,Accelerometer,-1.3990501,10.90005,-3.7530003
1780861869141,Accelerometer,-1.96395,11.2900505,-4.19595
1780861869159,Accelerometer,-1.5970501,11.74005,-3.9900002
1780861869176,Accelerometer,-1.2019501,11.773951,-2.90505
1780861869195,Accelerometer,0.135,13.179001,-3.0370502
1780861869210,Accelerometer,1.06605,14.818951,-4.335
1780861869234,Accelerometer,1.2889501,16.015951,-6.0730505
1780861869258,Accelerometer,1.299,16.67205,-6.42705
1780861869278,Accelerometer,2.8170002,17.553001,-5.71395
1780861869293,Accelerometer,6.636,17.661001,-5.6590505
1780861869312,Accelerometer,9.501,15.717001,-1.797
1780861869331,Accelerometer,-1.4820001,10.026,-4.677
1780861869351,Accelerometer,-9.882001,6.93195,-6.9679503
1780861869361,Accelerometer,-19.617,4.7970004,1.65495
1780861869391,Accelerometer,-9.681001,3.2910001,0.63195
1780861869410,Accelerometer,-0.20205002,-1.7869501,-2.5800002
1780861869428,Accelerometer,9.291,-2.634,-1.284
1780861869441,Accelerometer,9.525001,0.051000003,1.5589501
1780861869468,Accelerometer,2.39295,2.8210502,-2.6869502
1780861869493,Accelerometer,-1.9420501,3.279,-1.6030501
1780861869511,Accelerometer,-3.0990002,5.493,-0.65205
1780861869521,Accelerometer,-2.8860002,7.6770005,0.010050001
1780861869546,Accelerometer,-2.4139502,9.78195,-1.9090501
1780861869565,Accelerometer,-2.2150502,11.908051,-3.0900002
1780861869595,Accelerometer,-2.562,13.866001,-1.1890501
1780861869604,Accelerometer,-2.80395,16.656,-1.485
1780861869623,Accelerometer,-3.1300502,17.7,-2.5200002
1780861869643,Accelerometer,-3.5730002,16.372952,-1.46895
1780861869661,Accelerometer,-4.4149504,15.973051,-2.12205
1780861869682,Accelerometer,-5.92605,16.525951,-3.6810002
1780861869706,Accelerometer,-7.7700005,14.69505,-3.8490002
1780861869723,Accelerometer,-12.292951,12.54195,-0.95595
1780861869741,Accelerometer,-12.666,11.22105,-1.81095
1780861869759,Accelerometer,-7.392,11.652,-1.098
1780861869770,Accelerometer,-4.38,11.484,-1.7869501
1780861869798,Accelerometer,-5.1150002,11.083951,-0.837
1780861869826,Accelerometer,-8.445001,12.291,-5.3569503
1780861869837,Accelerometer,10.323001,19.419,-8.793
1780861869856,Accelerometer,21.616951,21.573002,6.477
1780861869876,Accelerometer,3.69495,7.7200503,4.00395
1780861869895,Accelerometer,-5.26305,4.8349504,-6.5520005
1780861869915,Accelerometer,-11.610001,6.25005,-4.2439504
1780861869938,Accelerometer,-17.721,9.468,-0.15705001
1780861869956,Accelerometer,-5.1049504,11.424001,-0.609
1780861869973,Accelerometer,-2.421,8.950951,-4.77495
1780861869992,Accelerometer,1.3300501,9.460951,-6.576
1780861870012,Accelerometer,3.3270001,10.52595,-2.29005
1780861870031,Accelerometer,-1.6360501,9.739051,-0.11595
1780861870060,Accelerometer,-4.63605,8.6970005,-2.4720001
1780861870071,Accelerometer,-4.2120004,9.03705,-3.79605
1780861870085,Accelerometer,-1.779,9.54195,-3.9199502
1780861870109,Accelerometer,0.147,9.7890005,-3.0730503
1780861870128,Accelerometer,-0.192,9.48495,-3.2910001
1780861870148,Accelerometer,-1.7200501,9.331051,-3.6670501
1780861870170,Accelerometer,-2.2699502,9.23595,-3.3820503
1780861870188,Accelerometer,-2.6580002,9.23295,-2.97495
1780861870206,Accelerometer,-1.4059501,9.583051,-2.9509501
1780861870225,Accelerometer,-0.74700004,9.457951,-2.08905
1780861870242,Accelerometer,-1.3800001,9.097051,-2.8890002
1780861870265,Accelerometer,-2.08095,9.537001,-3.17595
1780861870292,Accelerometer,-1.5619501,9.85305,-3.8080502
1780861870303,Accelerometer,-0.76905006,10.038,-4.3180504
1780861870323,Accelerometer,-0.63000005,10.13805,-4.07595
1780861870342,Accelerometer,-1.2550501,10.2289505,-3.4510503
1780861870361,Accelerometer,-1.1659501,10.725,-3.39105
1780861870385,Accelerometer,-0.795,11.10105,-3.1060503
1780861870402,Accelerometer,-0.36195,11.24205,-3.6070502
1780861870420,Accelerometer,-0.87195003,11.191951,-4.47405
1780861870439,Accelerometer,-1.38705,11.503051,-4.3110003
1780861870449,Accelerometer,-1.473,12.628051,-3.79605
1780861870478,Accelerometer,-1.03005,13.785001,-4.90695
1780861870488,Accelerometer,0.39405003,15.526051,-5.6899505
1780861870520,Accelerometer,1.9980001,16.85205,-7.4710503
1780861870537,Accelerometer,4.1839504,17.38095,-7.32495
1780861870556,Accelerometer,8.179951,17.719051,-4.1460004
1780861870575,Accelerometer,7.0350003,16.67505,-1.3440001
1780861870594,Accelerometer,-1.9300501,12.774,-4.2769504
1780861870619,Accelerometer,-7.7119503,9.027,-7.8829503
1780861870636,Accelerometer,-11.719951,6.55905,-2.25405
1780861870643,Accelerometer,-12.148951,5.28,2.09505
1780861870672,Accelerometer,-2.811,1.4089501,-0.37905002
1780861870692,Accelerometer,5.2369504,-0.87405,1.1590501
1780861870712,Accelerometer,4.9830003,0.0,0.076950006
1780861870724,Accelerometer,-0.060000002,2.2009501,-1.9069501
1780861870753,Accelerometer,-3.012,2.62995,-1.4260501
1780861870769,Accelerometer,-5.2849503,2.56005,-0.70995003
1780861870789,Accelerometer,-4.42695,2.8330503,-0.66405004
1780861870804,Accelerometer,-1.7200501,3.8080502,-1.5169501
1780861870828,Accelerometer,-0.55095005,6.4800005,-2.7450001
1780861870850,Accelerometer,1.6699501,9.375,-0.53505003
1780861870870,Accelerometer,-0.034050003,11.698951,-1.8610501
1780861870884,Accelerometer,-2.09295,16.354052,-6.537
1780861870905,Accelerometer,-3.2400002,19.612951,-4.05
1780861870925,Accelerometer,-3.69,19.09095,-1.8540001
1780861870944,Accelerometer,-5.445,17.656052,-4.22205
1780861870967,Accelerometer,-6.5340004,17.032051,-4.72695
1780861870988,Accelerometer,-7.9590006,16.73505,-4.15005
1780861871002,Accelerometer,-13.734,12.95205,-1.557
1780861871022,Accelerometer,-13.36305,11.92695,-1.131
1780861871041,Accelerometer,-7.8780003,12.460951,-1.05495
1780861871070,Accelerometer,-4.7320504,11.529,-0.492
1780861871082,Accelerometer,-4.9230003,11.26605,-3.59205
1780861871100,Accelerometer,-6.7189503,13.5720005,-3.5760002
1780861871119,Accelerometer,18.954,23.587051,-7.17705
1780861871138,Accelerometer,16.251001,16.15995,10.52295
1780861871157,Accelerometer,-1.64295,4.8850503,-2.532
1780861871182,Accelerometer,-6.38595,2.35905,-2.35695
1780861871200,Accelerometer,-12.348001,7.5720005,-5.96505
1780861871219,Accelerometer,-12.73995,12.250051,0.24900001
1780861871236,Accelerometer,-3.3000002,11.26395,-0.70995003
1780861871255,Accelerometer,-1.3290001,7.557,-6.7219505
1780861871275,Accelerometer,3.5130002,9.97605,-6.525
1780861871301,Accelerometer,2.59605,10.30095,0.14400001
1780861871315,Accelerometer,-2.42805,8.629951,-0.73800004
1780861871333,Accelerometer,-5.2249503,9.0390005,-3.55395
1780861871353,Accelerometer,-4.19805,9.540001,-3.9160502
1780861871368,Accelerometer,-1.2379501,9.5130005,-2.4769502
1780861871391,Accelerometer,0.3,9.814951,-2.4169502
1780861871415,Accelerometer,-0.40995002,9.922951,-3.7120502
1780861871433,Accelerometer,-1.9810501,9.54705,-3.6810002
1780861871449,Accelerometer,-2.5810502,9.286051,-3.0300002
1780861871469,Accelerometer,-1.1380501,9.42,-2.97195
1780861871488,Accelerometer,0.19305001,9.858001,-2.2729502
1780861871508,Accelerometer,-0.24495001,9.71205,-2.97195
1780861871539,Accelerometer,-0.92205006,9.64305,-3.798
1780861871546,Accelerometer,-1.8270001,9.904051,-3.528
1780861871566,Accelerometer,-1.9969501,9.612,-3.0870001
1780861871586,Accelerometer,-0.73305005,9.637951,-3.6910503
1780861871605,Accelerometer,0.21900001,9.82005,-3.9130502
1780861871625,Accelerometer,-0.09900001,10.311001,-4.038
1780861871647,Accelerometer,-1.4680501,10.528951,-4.03305
1780861871665,Accelerometer,-2.1790502,11.565001,-4.0690503
1780861871684,Accelerometer,-0.92505,12.133051,-4.119
1780861871702,Accelerometer,-0.10095,12.303,-3.6070502
1780861871722,Accelerometer,-0.69495004,12.408001,-3.2359502
1780861871741,Accelerometer,-1.2529501,12.652051,-3.0730503
1780861871769,Accelerometer,-1.21905,12.68805,-2.6200502
1780861871780,Accelerometer,0.24795002,14.026951,-4.533
1780861871799,Accelerometer,1.81305,16.024052,-6.873
1780861871812,Accelerometer,3.8820002,17.734951,-8.36205
1780861871838,Accelerometer,9.45405,18.247952,-6.525
1780861871862,Accelerometer,12.36495,16.531052,-0.96105003
1780861871880,Accelerometer,5.9359503,13.488001,3.0529501
1780861871898,Accelerometer,-7.1380506,10.617001,-10.372951
1780861871916,Accelerometer,-13.033051,6.3910503,-8.283
1780861871935,Accelerometer,-16.168951,7.1910005,4.8679504
1780861871954,Accelerometer,-8.07195,3.4390502,-1.16205
1780861871980,Accelerometer,0.279,-0.06705,-4.6480503
1780861872001,Accelerometer,3.6330001,-0.71400005,-1.9260001
1780861872010,Accelerometer,2.5129502,0.41505003,2.907
1780861872032,Accelerometer,0.59205,2.3689501,0.56295
1780861872052,Accelerometer,-1.22895,3.5470502,-0.63105005
1780861872071,Accelerometer,-2.289,5.709,0.33105
1780861872086,Accelerometer,-2.4430501,7.806,-0.27195
1780861872111,Accelerometer,-3.3619502,8.889001,-1.9020001
1780861872131,Accelerometer,-3.1660502,10.984051,-1.7370001
1780861872151,Accelerometer,-2.4090002,13.030951,-1.0639501
1780861872166,Accelerometer,-1.473,15.684001,-1.8400501
1780861872188,Accelerometer,-3.5340002,16.79895,-1.026
1780861872212,Accelerometer,-4.4830503,16.27005,-0.43695003
1780861872233,Accelerometer,-4.6260004,14.166,-0.21900001
1780861872246,Accelerometer,-5.6800504,14.769001,-4.65105
1780861872265,Accelerometer,-7.2739506,15.463051,-6.5470505
1780861872285,Accelerometer,-15.064951,13.240951,-2.436
1780861872305,Accelerometer,-17.919,10.15305,-1.57395
1780861872327,Accelerometer,-10.50195,10.687051,-3.0970502
1780861872345,Accelerometer,-7.425,11.022,-2.0740502
1780861872362,Accelerometer,-7.9470005,10.854,-0.58500004
1780861872382,Accelerometer,-8.056951,11.785951,0.20595
1780861872402,Accelerometer,5.78595,11.23305,5.517
1780861872421,Accelerometer,38.307003,22.182001,-6.36495
1780861872446,Accelerometer,10.087951,14.683051,5.35395
1780861872463,Accelerometer,-3.6060002,6.5850005,-8.436001
1780861872479,Accelerometer,-11.34195,3.8530502,-10.849951
1780861872499,Accelerometer,-14.716051,6.018,-5.2519503
1780861872518,Accelerometer,-12.714001,12.568951,1.7629501
1780861872538,Accelerometer,-5.2920003,10.05195,-1.7899501
1780861872560,Accelerometer,-1.131,8.641951,-2.115
1780861872567,Accelerometer,2.48895,10.299001,-2.2039502
1780861872597,Accelerometer,2.9650502,10.720051,-1.641
1780861872617,Accelerometer,-1.7149501,8.92395,-2.7160501
1780861872634,Accelerometer,-4.86105,8.44995,-3.2020502
1780861872647,Accelerometer,-4.2979503,9.67905,-4.2460504
1780861872674,Accelerometer,-1.41495,9.564,-4.605
1780861872698,Accelerometer,0.08205,9.568951,-3.28095
1780861872712,Accelerometer,-0.393,9.68295,-1.43295
1780861872727,Accelerometer,-1.4470501,9.44205,-2.26605
1780861872751,Accelerometer,-1.72905,9.408,-2.50095
1780861872780,Accelerometer,-1.1040001,9.475051,-2.01
1780861872793,Accelerometer,-0.83400005,9.588,-2.661
1780861872809,Accelerometer,-1.96395,9.858001,-4.01595
1780861872829,Accelerometer,-2.7850502,10.347,-3.9780002
1780861872848,Accelerometer,-2.2770002,9.65205,-2.5489502
1780861872867,Accelerometer,-0.20595,9.66705,-2.0269501
1780861872893,Accelerometer,1.9980001,10.4740505,-4.1070004
1780861872912,Accelerometer,2.0719502,11.13,-5.058
1780861872927,Accelerometer,-0.65400004,11.09595,-3.45405
1780861872945,Accelerometer,-2.46405,11.200951,-3.0679502
1780861872965,Accelerometer,-1.8919501,12.05895,-3.86505
1780861872985,Accelerometer,-0.441,12.151951,-3.6210003
1780861873014,Accelerometer,-0.702,12.18105,-2.84505
1780861873024,Accelerometer,-0.20400001,12.931951,-2.84505
1780861873042,Accelerometer,0.453,14.689951,-4.11705
1780861873063,Accelerometer,1.0710001,15.733951,-6.59205
1780861873081,Accelerometer,2.697,16.47105,-6.70695
1780861873101,Accelerometer,5.8999505,15.65505,-4.4689503
1780861873124,Accelerometer,9.172951,16.359001,-4.01895
1780861873142,Accelerometer,3.2209501,14.497951,-0.27600002
1780861873163,Accelerometer,-4.66905,10.13595,-5.6400003
1780861873179,Accelerometer,-9.858001,7.8690004,-6.801
1780861873198,Accelerometer,-16.021051,6.6589503,6.7830005
1780861873208,Accelerometer,-7.2960005,3.45795,-1.0500001
1780861873240,Accelerometer,1.88505,-0.63495004,-2.2110002
1780861873257,Accelerometer,7.3320003,-1.131,0.21795002
1780861873275,Accelerometer,3.51795,0.90795004,-0.06795
1780861873292,Accelerometer,-1.2409501,2.76195,-2.1060002
1780861873314,Accelerometer,-4.368,3.2599502,-0.81705004
1780861873334,Accelerometer,-3.69705,3.82905,-0.41505003
1780861873356,Accelerometer,-1.30305,4.9090505,-1.72695
1780861873374,Accelerometer,0.20700002,7.9999504,-2.0650501
1780861873394,Accelerometer,0.882,10.383,-0.87705004
1780861873412,Accelerometer,-2.3110502,12.1060505,-4.8040504
1780861873432,Accelerometer,-5.01195,16.015951,-6.98505
1780861873446,Accelerometer,-7.485,15.990001,-1.3729501
1780861873472,Accelerometer,-5.46705,15.786001,0.072000004
1780861873490,Accelerometer,-2.8639503,15.798,-2.7829502
1780861873509,Accelerometer,-1.1520001,16.990952,-2.3040001
1780861873529,Accelerometer,-2.0710502,16.71795,-3.0250502
1780861873548,Accelerometer,-8.90505,14.197051,-0.42495003
1780861873568,Accelerometer,-13.188001,13.087951,0.27105
1780861873589,Accelerometer,-10.806001,12.858001,0.35205
1780861873607,Accelerometer,-5.95305,12.312,-0.20205002
1780861873626,Accelerometer,-4.794,12.07995,0.14205001
1780861873645,Accelerometer,-7.8820505,13.110001,-3.7909503
1780861873664,Accelerometer,11.199,18.813002,-9.612
1780861873690,Accelerometer,20.914951,22.098001,7.8079505
1780861873711,Accelerometer,-0.08205,8.857051,0.75000006
1780861873722,Accelerometer,-6.4150505,3.4510503,-4.81605
1780861873742,Accelerometer,-10.50195,4.9240503,-3.8850002
1780861873762,Accelerometer,-13.092001,10.846951,-0.28800002
1780861873781,Accelerometer,-3.5130002,12.469951,-0.79095006
1780861873804,Accelerometer,-3.11805,8.059951,-5.5200005
1780861873822,Accelerometer,-1.07505,9.099,-6.28095
1780861873840,Accelerometer,0.73605,10.77795,-1.7899501
1780861873857,Accelerometer,-2.0689502,9.448951,0.19005
1780861873878,Accelerometer,-3.594,8.3880005,-2.2710001
1780861873898,Accelerometer,-3.45795,9.0390005,-3.6979501
1780861873922,Accelerometer,-1.4419501,9.86295,-3.90405
1780861873929,Accelerometer,-0.23505001,9.42,-2.697
1780861873956,Accelerometer,-0.47505003,9.790951,-2.45295
1780861873975,Accelerometer,-1.40295,9.5779505,-2.4120002
1780861873995,Accelerometer,-2.2150502,9.363001,-3.4750502
1780861874009,Accelerometer,-1.5520501,9.56595,-2.86695
1780861874034,Accelerometer,-0.90105003,9.475051,-2.43105
1780861874055,Accelerometer,-1.4440501,9.6,-2.2039502
1780861874073,Accelerometer,-1.8870001,9.778951,-3.2980502
1780861874092,Accelerometer,-1.9729501,9.967951,-3.5659502
1780861874111,Accelerometer,-1.41795,9.861,-3.7339501
1780861874131,Accelerometer,-1.0180501,9.98505,-3.6790502
1780861874157,Accelerometer,-0.35700002,10.584001,-3.4420502
1780861874177,Accelerometer,0.01305,11.05095,-4.17705
1780861874189,Accelerometer,-0.060000002,11.380951,-4.0620003
1780861874208,Accelerometer,-0.606,11.47395,-3.5730002
1780861874228,Accelerometer,-0.98205006,11.545951,-4.1740503
1780861874248,Accelerometer,-0.31395,11.857051,-4.737
1780861874269,Accelerometer,0.79095006,13.536,-4.2840004
1780861874286,Accelerometer,-0.18495001,14.512951,-4.44705
1780861874305,Accelerometer,-0.55605,15.70005,-4.6150503
1780861874324,Accelerometer,1.572,17.281052,-5.17005
1780861874344,Accelerometer,5.16795,17.11095,-5.0170503
1780861874364,Accelerometer,9.573001,15.940051,-3.2020502
1780861874385,Accelerometer,1.9740001,14.42205,-1.7389501
1780861874406,Accelerometer,-7.0609503,10.45695,-8.644051
1780861874422,Accelerometer,-13.353001,6.60195,-0.384
1780861874442,Accelerometer,-7.5280504,5.019,2.70795
1780861874462,Accelerometer,-0.09900001,0.657,-0.91305006
1780861874491,Accelerometer,5.4100504,-1.866,0.67605
1780861874504,Accelerometer,3.52305,0.23595001,-1.4640001
1780861874519,Accelerometer,-1.8679501,2.6490002,-2.45295
1780861874539,Accelerometer,-4.1620502,3.4729502,-0.906
1780861874558,Accelerometer,-4.629,3.5800502,0.01995
1780861874570,Accelerometer,-2.292,4.22205,-1.047
1780861874598,Accelerometer,-0.67095006,6.4750504,-3.07095
1780861874625,Accelerometer,0.49695003,8.70405,-2.7280502
1780861874637,Accelerometer,-1.3579501,10.717951,-2.5200002
1780861874650,Accelerometer,-4.09005,13.170001,-6.08505
1780861874675,Accelerometer,-6.216,14.94795,-2.9290502
1780861874695,Accelerometer,-6.7879505,14.269051,0.735
1780861874721,Accelerometer,-2.60505,14.434051,-1.5000001
1780861874734,Accelerometer,-0.26895002,15.625951,-1.2720001
1780861874752,Accelerometer,0.43695003,17.917051,-1.12605
1780861874772,Accelerometer,-1.233,17.034,-1.1839501
1780861874791,Accelerometer,-7.5019503,14.491051,0.23700002
1780861874811,Accelerometer,-11.10795,13.612051,-0.48000002
1780861874834,Accelerometer,-11.232,13.222051,0.42900002
1780861874853,Accelerometer,-6.8580003,12.027,-0.597
1780861874870,Accelerometer,-5.9929504,10.42605,-0.01305
1780861874889,Accelerometer,-9.489,9.934951,-3.35295
1780861874907,Accelerometer,-5.5339503,10.9480505,-5.769
1780861874928,Accelerometer,25.837952,20.782951,-10.222051
1780861874958,Accelerometer,15.195001,19.05195,12.013051
1780861874968,Accelerometer,-0.87900007,11.14395,-4.0090504
1780861874985,Accelerometer,-9.040951,3.17805,-7.8469505
1780861875006,Accelerometer,-14.074051,4.842,-0.71505004
1780861875024,Accelerometer,-12.71205,10.78995,-2.11995
1780861875044,Accelerometer,-3.1200001,12.20205,-1.7899501
1780861875067,Accelerometer,-0.41895002,8.224951,-5.86005
1780861875085,Accelerometer,1.44,9.315001,-5.1199503
1780861875104,Accelerometer,0.693,10.227,-1.34895
1780861875121,Accelerometer,-1.33395,9.612,-1.014
1780861875133,Accelerometer,-2.4019501,8.842951,-2.6110501
1780861875161,Accelerometer,-2.52195,9.229051,-3.96795
1780861875188,Accelerometer,-1.06305,9.65505,-4.3780503
1780861875199,Accelerometer,0.26700002,9.837001,-3.0180001
1780861875215,Accelerometer,0.11100001,9.537001,-2.7229502
1780861875238,Accelerometer,-1.21695,9.066,-3.315
1780861875258,Accelerometer,-1.42305,9.40995,-3.28395
1780861875282,Accelerometer,-0.58005005,9.616051,-3.62595
1780861875300,Accelerometer,-0.975,9.504001,-3.0990002
1780861875316,Accelerometer,-1.8370501,9.715051,-2.4169502
1780861875337,Accelerometer,-1.9110001,9.955951,-3.2430003
1780861875354,Accelerometer,-1.33605,9.757951,-3.8560503
1780861875371,Accelerometer,-0.87405,9.49695,-3.6880503
1780861875394,Accelerometer,-0.35505003,9.637951,-3.6709502
1780861875421,Accelerometer,-0.67800003,10.33695,-4.70295
1780861875432,Accelerometer,-1.4490001,10.597951,-3.7459502
1780861875452,Accelerometer,-0.87900007,10.725,-2.841
1780861875472,Accelerometer,-0.264,11.167951,-3.62805
1780861875491,Accelerometer,-0.71595,11.40495,-3.9640503
1780861875514,Accelerometer,-1.7629501,11.42205,-3.4150503
1780861875533,Accelerometer,-2.1979501,11.464951,-2.8210502
1780861875549,Accelerometer,-1.3440001,12.451051,-2.805
1780861875568,Accelerometer,0.91800004,14.118001,-4.5810003
1780861875588,Accelerometer,2.4499502,16.09995,-6.9880505
1780861875608,Accelerometer,2.838,16.75905,-7.4539504
1780861875633,Accelerometer,3.5059502,16.20495,-4.8520503
1780861875654,Accelerometer,6.3769503,16.52205,-3.9850502
1780861875665,Accelerometer,4.227,14.982,-0.93000007
1780861875686,Accelerometer,-2.5740001,10.617001,-4.6459503
1780861875704,Accelerometer,-9.690001,7.524,-6.46995
1780861875724,Accelerometer,-16.38705,6.43695,4.4370003
1780861875746,Accelerometer,-7.7839503,3.216,-1.167
1780861875765,Accelerometer,3.08505,-0.77400005,-2.3070002
1780861875781,Accelerometer,9.637951,-1.67595,1.7170501
1780861875801,Accelerometer,4.41795,0.85800004,-0.77205
1780861875821,Accelerometer,-0.81000006,3.1639502,-2.57205
1780861875841,Accelerometer,-3.999,3.351,-0.38205
1780861875853,Accelerometer,-3.8029501,3.9589503,0.18195
1780861875882,Accelerometer,-1.815,5.8720503,-1.3369501
1780861875899,Accelerometer,0.86805004,8.865001,0.10605001
1780861875918,Accelerometer,-0.57000005,10.750951,-1.3060501
1780861875933,Accelerometer,-2.3110502,13.82295,-5.72805
1780861875957,Accelerometer,-4.6140003,15.826951,-1.8060001
1780861875977,Accelerometer,-6.23295,16.123951,1.13505
1780861875997,Accelerometer,-3.18,16.261051,-0.28605002
1780861876013,Accelerometer,-0.01695,15.910951,0.28305
1780861876035,Accelerometer,1.7080501,17.451,-0.70500004
1780861876054,Accelerometer,-0.22305001,18.049051,-2.90805
1780861876074,Accelerometer,-8.14305,15.643051,-3.0349503
1780861876097,Accelerometer,-17.35905,12.505951,-0.86505
1780861876117,Accelerometer,-17.83995,11.680051,0.54405004
1780861876128,Accelerometer,-7.0849504,12.082951,-1.26495
1780861876151,Accelerometer,-4.506,11.72595,-0.50895
1780861876171,Accelerometer,-10.474951,10.119,-5.4240003
1780861876200,Accelerometer,8.886001,14.956051,-13.288951
1780861876213,Accelerometer,22.609951,21.94695,5.385
1780861876228,Accelerometer,5.769,11.910001,3.525
1780861876249,Accelerometer,-5.196,6.22095,-5.7190504
1780861876268,Accelerometer,-10.794001,4.37505,-3.13995
1780861876288,Accelerometer,-14.3880005,8.647051,-0.96795005
1780861876313,Accelerometer,-4.5540004,11.70705,-1.2889501
1780861876331,Accelerometer,-1.7580001,9.955951,-4.143
1780861876346,Accelerometer,0.21405001,9.1060505,-6.0660005
1780861876365,Accelerometer,1.7080501,10.213051,-2.33505
1780861876385,Accelerometer,-1.54005,9.53505,-1.1719501
1780861876404,Accelerometer,-4.30095,8.359051,-2.5770001
1780861876435,Accelerometer,-3.6660001,9.32205,-3.8869503
1780861876443,Accelerometer,-1.03695,9.703051,-4.086
1780861876462,Accelerometer,0.61605,9.47805,-3.18105
1780861876482,Accelerometer,-0.27795002,9.493951,-2.6920502
1780861876499,Accelerometer,-1.3560001,9.34605,-3.6829503
1780861876521,Accelerometer,-1.8750001,9.51105,-3.999
1780861876544,Accelerometer,-1.5949501,9.372001,-2.3470502
1780861876562,Accelerometer,-0.77595,9.03705,-2.77605
1780861876581,Accelerometer,-0.63000005,9.729,-3.9280503
1780861876598,Accelerometer,-1.84905,9.568951,-3.8179502
1780861876618,Accelerometer,-2.02605,9.255,-2.32095
1780861876638,Accelerometer,-0.80295,9.5130005,-4.04295
1780861876668,Accelerometer,-0.52995,9.894,-4.25805
1780861876676,Accelerometer,-1.07805,9.8220005,-2.8840501
1780861876695,Accelerometer,-1.5850501,9.65505,-3.6859503
1780861876715,Accelerometer,-1.6360501,10.12905,-4.2649503
1780861876729,Accelerometer,-1.131,10.57695,-4.2010503
1780861876754,Accelerometer,-0.37605003,10.866,-3.72705
1780861876776,Accelerometer,-0.43395,10.984051,-3.8610003
1780861876792,Accelerometer,-1.60695,10.938001,-3.7189503
1780861876811,Accelerometer,-2.1409502,11.142,-3.2980502
1780861876832,Accelerometer,-1.0680001,12.1380005,-3.2599502
1780861876851,Accelerometer,-0.384,13.528951,-3.28605
1780861876871,Accelerometer,-0.22995001,14.589001,-4.572
1780861876897,Accelerometer,1.16205,15.98805,-6.6330004
1780861876909,Accelerometer,3.7069502,17.44305,-5.8309503
1780861876928,Accelerometer,6.6570005,16.42605,-4.28895
1780861876948,Accelerometer,7.9260006,15.259951,-0.19005
1780861876967,Accelerometer,0.29505002,12.97605,-2.0029502
1780861876991,Accelerometer,-5.17005,9.14505,-6.762
1780861877009,Accelerometer,-11.257951,6.5539503,-6.55695
1780861877027,Accelerometer,-20.436,4.7299504,3.9460502
1780861877045,Accelerometer,-9.051001,3.7840502,-0.47505003
1780861877055,Accelerometer,-0.522,0.68295,-1.794
1780861877084,Accelerometer,6.9610505,-0.14205001,-1.062
1780861877109,Accelerometer,8.60805,0.30495003,2.5429502
1780861877130,Accelerometer,0.95400006,2.1460502,-1.18095
1780861877140,Accelerometer,-2.5890002,2.9629502,-1.57395
1780861877162,Accelerometer,-3.7669501,3.8890502,0.08400001
1780861877181,Accelerometer,-1.6309501,5.27295,-1.35105
1780861877201,Accelerometer,1.1550001,8.014951,-0.85095006
1780861877215,Accelerometer,0.40605003,10.32495,-0.13995
1780861877240,Accelerometer,-2.538,12.549001,-5.163
1780861877249,Accelerometer,-5.3880005,16.632,-5.754
1780861877278,Accelerometer,-8.3880005,16.182001,-1.0380001
1780861877295,Accelerometer,-7.45905,16.038,0.70905006
1780861877318,Accelerometer,-5.91405,15.882001,-3.4060502
1780861877343,Accelerometer,-4.58295,16.038,-2.0070002
1780861877359,Accelerometer,-4.8970504,14.2570505,-3.04905
1780861877375,Accelerometer,-8.023951,12.53505,-2.6539502
1780861877395,Accelerometer,-10.329,12.35805,-2.6560502
1780861877414,Accelerometer,-10.552051,11.565001,-0.40095
1780861877434,Accelerometer,-5.04495,12.751051,0.051000003
1780861877456,Accelerometer,-12.496051,11.412001,-3.72705
1780861877474,Accelerometer,-6.7039504,14.026951,-4.0620003
1780861877492,Accelerometer,16.18905,19.965,-7.3230004
1780861877511,Accelerometer,13.083,11.26095,2.9329503
1780861877531,Accelerometer,0.05595,7.2169504,-0.64995
1780861877550,Accelerometer,-6.2470503,8.754001,-5.6850004
1780861877573,Accelerometer,-13.83195,9.3,2.0070002
1780861877594,Accelerometer,-10.64805,9.68595,-0.80805004
1780861877609,Accelerometer,-5.4090004,8.652,-2.8500001
1780861877628,Accelerometer,-2.1360002,9.588,-4.63905
1780861877648,Accelerometer,1.6699501,10.3279505,-3.8749502
1780861877667,Accelerometer,1.8610501,9.739051,-1.9120501
1780861877689,Accelerometer,-1.30305,8.778001,-3.4440002
1780861877696,Accelerometer,-2.98095,8.910001,-4.392
1780861877726,Accelerometer,-2.5810502,9.387,-3.1210501
1780861877745,Accelerometer,-0.61095005,9.23595,-2.53695
1780861877764,Accelerometer,0.15900001,9.31995,-3.4420502
1780861877776,Accelerometer,-0.86505,9.23805,-3.0900002
1780861877804,Accelerometer,-2.1979501,9.25695,-3.0030003
1780861877830,Accelerometer,-2.5549502,9.31005,-2.7139502
1780861877842,Accelerometer,-1.9540501,9.243,-2.77095
1780861877856,Accelerometer,-0.87705004,9.729,-2.9320502
1780861877881,Accelerometer,-0.558,9.918,-3.1729503
1780861877911,Accelerometer,-0.71895003,9.772051,-3.35805
1780861877921,Accelerometer,-1.21905,9.757951,-3.3430502
1780861877938,Accelerometer,-1.6720501,9.778951,-3.4030502
1780861877959,Accelerometer,-2.08305,9.528001,-3.20895
1780861877978,Accelerometer,-2.25105,9.408,-2.2729502
1780861877997,Accelerometer,-2.0710502,9.717,-3.2569501
1780861878021,Accelerometer,-2.0040002,9.67395,-3.8389502
1780861878040,Accelerometer,-1.8559501,9.67605,-3.66405
1780861878046,Accelerometer,-1.8780001,9.861,-3.21705
1780861878075,Accelerometer,-1.6789501,9.92805,-2.81205
1780861878095,Accelerometer,-1.641,10.083,-3.9109502
1780861878114,Accelerometer,-1.9920001,10.548,-4.5259504
1780861878143,Accelerometer,-2.45895,10.8810005,-3.4129503
1780861878155,Accelerometer,-1.45095,12.04905,-2.841
1780861878172,Accelerometer,0.21405001,14.014951,-4.0999503
1780861878192,Accelerometer,0.84105,15.727051,-5.0599504
1780861878208,Accelerometer,0.56100005,15.53295,-3.6520503
1780861878231,Accelerometer,0.73800004,14.982,-4.1020503
1780861878256,Accelerometer,2.39295,16.179,-6.0010505
1780861878272,Accelerometer,5.64405,15.444001,-5.52495
1780861878289,Accelerometer,6.01305,12.99495,-1.66305
1780861878309,Accelerometer,-1.1520001,8.685,-1.20105
1780861878328,Accelerometer,-8.13105,5.90805,-3.315
1780861878337,Accelerometer,-14.251051,4.131,-5.6730003
1780861878369,Accelerometer,-12.23295,5.01,2.49495
1780861878386,Accelerometer,-1.62405,1.524,-2.982
1780861878405,Accelerometer,8.223001,0.85095006,-2.9269502
1780861878420,Accelerometer,13.51395,1.6890001,3.417
1780861878444,Accelerometer,5.637,4.09005,-3.2239501
1780861878464,Accelerometer,-0.51000005,4.3819504,-3.9850502
1780861878487,Accelerometer,-3.9390001,5.4889503,-4.6909504
1780861878505,Accelerometer,-5.3590503,7.3390503,-5.3500504
1780861878522,Accelerometer,-5.019,9.54705,-5.2369504
1780861878541,Accelerometer,-3.8359501,10.47105,-3.2980502
1780861878563,Accelerometer,-4.3099504,11.30895,-5.6970005
1780861878586,Accelerometer,-4.92105,13.227,-5.2519503
1780861878608,Accelerometer,-5.24205,13.419001,-1.5880501
1780861878619,Accelerometer,-3.8239503,14.515051,-1.3440001
1780861878639,Accelerometer,-3.24705,14.42895,-1.6030501
1780861878658,Accelerometer,-3.1680002,15.123001,-1.66305
1780861878677,Accelerometer,-3.5269501,15.352951,-2.1730502
1780861878701,Accelerometer,-5.9170504,13.11705,-1.0900501
1780861878719,Accelerometer,-8.47605,11.88105,-1.248
1780861878737,Accelerometer,-9.585,11.757001,-1.28205
1780861878755,Accelerometer,-7.34595,12.150001,-1.2049501
1780861878775,Accelerometer,-5.3299503,10.8810005,-1.7299501
1780861878794,Accelerometer,-5.5909505,11.800051,-1.04295
1780861878809,Accelerometer,-6.63705,10.852051,-3.72705
1780861878837,Accelerometer,6.2959504,12.468,-4.6990504
1780861878852,Accelerometer,25.039951,19.725,1.72905
1780861878872,Accelerometer,8.22105,13.15995,4.3219504
1780861878891,Accelerometer,-3.4309502,7.9600506,-6.4129505
1780861878911,Accelerometer,-10.830001,4.11705,-9.22605
1780861878934,Accelerometer,-18.46305,6.6570005,0.381
1780861878952,Accelerometer,-10.557,11.54895,-0.58305
1780861878969,Accelerometer,-5.4690003,10.225051,-2.9650502
1780861878986,Accelerometer,0.99195004,8.391001,-5.8450503
1780861879007,Accelerometer,5.13705,10.725,-5.38605
1780861879027,Accelerometer,5.0389504,10.858951,-0.054
1780861879052,Accelerometer,-0.324,8.497951,-0.53295004
1780861879072,Accelerometer,-5.2699504,8.26095,-3.9780002
1780861879085,Accelerometer,-4.9489503,9.897,-4.308
1780861879105,Accelerometer,-1.6210501,9.846001,-2.6520002
1780861879125,Accelerometer,0.21195,9.625951,-2.6520002
1780861879139,Accelerometer,-0.537,9.53505,-4.071
1780861879163,Accelerometer,-2.4139502,9.424951,-3.9250503
1780861879184,Accelerometer,-2.9599502,9.295951,-0.44400004
1780861879202,Accelerometer,-1.164,9.22395,-0.91995007
1780861879219,Accelerometer,-0.36705002,9.942,-4.31295
1780861879241,Accelerometer,-1.6570501,9.98295,-4.68195
1780861879260,Accelerometer,-2.7250502,9.241051,-2.33295
1780861879285,Accelerometer,-2.9239502,9.394051,-2.35695
1780861879306,Accelerometer,-1.88505,9.97305,-3.4680002
1780861879319,Accelerometer,-1.31295,9.98295,-2.2710001
1780861879338,Accelerometer,-0.39105,9.99705,-1.93605
1780861879357,Accelerometer,0.18795002,10.852051,-3.5760002
1780861879377,Accelerometer,-1.02495,10.882951,-4.37505
1780861879400,Accelerometer,-2.25105,10.64805,-3.3000002
1780861879418,Accelerometer,-2.4,10.830001,-3.45405
1780861879435,Accelerometer,-2.08305,11.187,-3.729
1780861879454,Accelerometer,-1.2930001,12.085051,-3.04695
1780861879474,Accelerometer,0.813,13.938001,-3.69495
1780861879498,Accelerometer,2.1649501,15.24495,-5.3430004
1780861879517,Accelerometer,2.08395,15.460951,-5.96295
1780861879535,Accelerometer,1.524,14.74005,-4.72695
1780861879552,Accelerometer,2.0700002,14.158051,-2.05995
1780861879571,Accelerometer,4.7629504,15.310051,-3.9250503
1780861879591,Accelerometer,3.2760003,14.07705,0.61800003
1780861879620,Accelerometer,-4.116,10.02795,-5.4030004
1780861879620,Accelerometer,-8.69205,6.2569504,-6.52995
1780861879649,Accelerometer,-14.75895,5.8050003,1.7029501
1780861879669,Accelerometer,-7.3510504,4.41405,-0.32895002
1780861879687,Accelerometer,3.0940502,1.5000001,-3.6520503
1780861879699,Accelerometer,7.5760503,1.2750001,0.28800002
1780861879727,Accelerometer,7.0330505,2.604,2.38995
1780861879747,Accelerometer,1.5310501,4.2439504,-1.2079501
1780861879770,Accelerometer,-1.79595,3.9850502,-0.10395
1780861879779,Accelerometer,-2.26095,4.91895,-0.32895002
1780861879804,Accelerometer,-1.7389501,6.25005,-1.24395
1780861879824,Accelerometer,-0.85800004,9.003,-2.283
1780861879852,Accelerometer,-0.36900002,11.701951,0.41895002
1780861879866,Accelerometer,-2.33505,12.946951,-2.592
1780861879881,Accelerometer,-3.73095,16.25595,-3.288
1780861879902,Accelerometer,-5.5410004,15.946951,1.64295
1780861879921,Accelerometer,-2.232,16.83,1.3120501
1780861879940,Accelerometer,0.58995,16.89705,-1.5600001
1780861879965,Accelerometer,0.26205,17.557951,-2.45805
1780861879982,Accelerometer,-3.4429502,17.233051,-5.8170004
1780861879999,Accelerometer,-14.75205,13.476001,-0.633
1780861880018,Accelerometer,-21.597,11.482051,0.92700005
1780861880037,Accelerometer,-10.011001,11.509951,-0.95895004
1780861880047,Accelerometer,-4.6410003,13.533001,-1.00695
1780861880080,Accelerometer,-6.1870503,10.993051,-2.62995
1780861880096,Accelerometer,-0.44805002,12.754951,-5.3160005
1780861880115,Accelerometer,24.492,21.471,-5.5290003
1780861880135,Accelerometer,8.115001,11.39805,9.786
1780861880153,Accelerometer,-2.6509502,5.979,-4.2390003
1780861880173,Accelerometer,-8.127001,5.6470504,-7.1790004
1780861880195,Accelerometer,-16.899,7.6270504,-1.67505
1780861880215,Accelerometer,-14.115001,11.616,0.15405001
1780861880233,Accelerometer,-5.8690505,9.745951,-2.1420002
1780861880251,Accelerometer,-0.94395006,8.83605,-3.93705
1780861880271,Accelerometer,4.4230504,10.464001,-4.8780003
1780861880297,Accelerometer,4.629,10.665001,-0.55200005
1780861880317,Accelerometer,-0.37605003,8.89605,-0.41505003
1780861880329,Accelerometer,-5.2320004,8.37405,-3.1639502
1780861880343,Accelerometer,-5.66295,9.4459505,-3.9109502
1780861880368,Accelerometer,-1.3990501,10.002001,-2.9340003
1780861880387,Accelerometer,1.26795,10.002001,-1.9759501
1780861880410,Accelerometer,0.52305,9.63105,-2.7949502
1780861880429,Accelerometer,-2.019,9.636001,-3.83205
1780861880446,Accelerometer,-3.0870001,9.576,-3.3240001
1780861880465,Accelerometer,-1.3579501,9.604051,-1.8370501
1780861880484,Accelerometer,-0.02205,9.396001,-1.9980001
1780861880501,Accelerometer,-0.45495003,9.98505,-3.1999502
1780861880524,Accelerometer,-1.389,9.937051,-3.8509502
1780861880550,Accelerometer,-2.6580002,9.942,-3.3630002
1780861880562,Accelerometer,-2.3130002,9.904051,-2.1370502
1780861880581,Accelerometer,-1.45905,9.897,-3.0370502
1780861880601,Accelerometer,-0.65895003,10.2960005,-2.5099502
1780861880620,Accelerometer,-0.25695002,10.323001,-2.8260002
1780861880643,Accelerometer,-0.10095,10.81095,-3.5640001
1780861880661,Accelerometer,-0.81705004,10.9140005,-4.2649503
1780861880679,Accelerometer,-1.3480501,10.620001,-3.5490003
1780861880698,Accelerometer,-1.21395,10.399051,-3.6070502
1780861880718,Accelerometer,-1.0159501,10.78005,-4.308
1780861880728,Accelerometer,-0.81195,11.2879505,-3.8100002
1780861880757,Accelerometer,-1.27695,12.099001,-2.93895
1780861880782,Accelerometer,-1.353,13.6699505,-2.6869502
1780861880795,Accelerometer,-0.50100005,15.217051,-4.4620504
1780861880810,Accelerometer,1.5139501,16.300951,-5.4240003
1780861880834,Accelerometer,4.08795,16.54095,-5.556
1780861880853,Accelerometer,8.302051,16.681952,-3.7789502
1780861880875,Accelerometer,6.74595,15.499051,-1.3039501
1780861880893,Accelerometer,-1.9159501,10.92105,-1.15695
1780861880912,Accelerometer,-10.023001,7.7970004,-9.669001
1780861880931,Accelerometer,-13.033051,5.532,-2.3430002
1780861880951,Accelerometer,-11.77995,5.2249503,4.28595
1780861880970,Accelerometer,-4.629,1.9980001,-1.5640501
1780861880982,Accelerometer,3.0370502,0.19005,-0.91305006
1780861881011,Accelerometer,5.6779504,0.69105005,1.092
1780861881028,Accelerometer,2.2420502,2.115,-0.24300002
1780861881048,Accelerometer,-1.50195,2.52495,-1.6459501
1780861881062,Accelerometer,-4.0399504,2.53395,-1.023
1780861881092,Accelerometer,-5.0550003,3.5040002,-1.4299501
1780861881108,Accelerometer,-2.16,4.85895,-2.16105
1780861881125,Accelerometer,-0.46995002,7.4950504,-1.74405
1780861881142,Accelerometer,0.010950001,10.098001,-0.06795
1780861881164,Accelerometer,-2.1790502,12.660001,-3.9919503
1780861881184,Accelerometer,-5.4160504,17.869951,-6.36495
1780861881209,Accelerometer,-6.8820004,16.67205,-0.50595003
1780861881227,Accelerometer,-4.59,15.492001,2.9599502
1780861881241,Accelerometer,0.31905,17.97705,-0.84900004
1780861881261,Accelerometer,0.89205,17.48595,0.441
1780861881281,Accelerometer,-3.2020502,15.573001,-2.90295
1780861881301,Accelerometer,-7.056,14.506051,-3.3720002
1780861881329,Accelerometer,-13.51395,12.271951,-1.0879501
1780861881330,Accelerometer,-13.279051,11.30895,-0.61605
1780861881359,Accelerometer,-7.2889504,12.06795,-0.98295003
1780861881379,Accelerometer,-4.032,11.44095,-3.1879501
1780861881397,Accelerometer,-9.475051,13.240951,-3.7170002
1780861881407,Accelerometer,6.01095,16.612951,-5.412
1780861881437,Accelerometer,12.408001,16.42305,-0.64005005
1780861881459,Accelerometer,7.2580504,8.677951,1.401
1780861881479,Accelerometer,-0.91995007,5.7379503,-0.73395
1780861881495,Accelerometer,-7.7460003,7.45695,-5.6680503
1780861881514,Accelerometer,-11.194051,10.653001,-2.0670002
1780861881534,Accelerometer,-7.2340503,11.74005,0.17805001
1780861881561,Accelerometer,-3.453,8.59395,-3.0349503
1780861881573,Accelerometer,0.27405003,9.30795,-4.9759502
1780861881591,Accelerometer,2.565,10.588051,-2.84295
1780861881612,Accelerometer,-0.29295,9.621,-0.94695
1780861881627,Accelerometer,-3.08205,8.797951,-3.28395
1780861881650,Accelerometer,-2.9890501,9.4150505,-3.456
1780861881675,Accelerometer,-1.6330501,9.505951,-3.3100502
1780861881691,Accelerometer,-0.33600003,9.468,-2.7810001
1780861881708,Accelerometer,-0.24195,9.52305,-2.7229502
1780861881728,Accelerometer,-1.07295,9.432,-3.72705
1780861881748,Accelerometer,-1.7410501,9.592051,-4.083
1780861881773,Accelerometer,-1.641,9.396001,-3.35505
1780861881793,Accelerometer,-0.73995006,9.63105,-2.352
1780861881805,Accelerometer,-0.036000002,9.48495,-3.0030003
1780861881825,Accelerometer,-0.393,9.660001,-3.6859503
1780861881845,Accelerometer,-1.5259501,9.52095,-2.5170002
1780861881863,Accelerometer,-1.3750501,9.493951,-3.70005
1780861881884,Accelerometer,-0.17505,10.002001,-5.2759504
1780861881906,Accelerometer,-0.549,9.70995,-3.9540002
1780861881925,Accelerometer,-0.28800002,9.613951,-2.082
1780861881941,Accelerometer,0.564,10.36095,-3.55695
1780861881961,Accelerometer,0.33900002,10.885051,-3.8820002
1780861881980,Accelerometer,-1.00605,10.521001,-3.1210501
1780861882007,Accelerometer,-2.3130002,10.548,-2.7859502
1780861882027,Accelerometer,-2.3710501,10.95195,-3.9130502
1780861882038,Accelerometer,-1.41495,11.311951,-4.0999503
1780861882053,Accelerometer,-1.128,11.4529505,-3.5370002
1780861882077,Accelerometer,-0.94905007,12.432,-3.2689502
1780861882097,Accelerometer,-0.62505,13.47105,-3.3360002
1780861882120,Accelerometer,0.82905006,14.44095,-4.1290503
1780861882126,Accelerometer,2.4550502,15.765,-5.2590003
1780861882156,Accelerometer,3.55605,16.615051,-5.517
1780861882178,Accelerometer,5.4289503,16.285051,-4.359
1780861882194,Accelerometer,7.90005,15.423,-1.69395
1780861882214,Accelerometer,2.15805,13.588951,-2.5530002
1780861882239,Accelerometer,-4.3819504,8.53695,-6.4609504
1780861882257,Accelerometer,-10.344001,6.5800505,-5.8429503
1780861882268,Accelerometer,-20.15295,5.235,2.148
1780861882291,Accelerometer,-11.742001,3.7699502,-0.50100005
1780861882311,Accelerometer,-1.7119501,-0.11100001,-2.2090502
1780861882330,Accelerometer,7.1929502,-1.2360001,-0.528
1780861882344,Accelerometer,9.019951,-0.10305001,1.746
1780861882369,Accelerometer,1.536,2.1460502,-2.9580002
1780861882388,Accelerometer,-3.1320002,2.7970502,-2.81205
1780861882409,Accelerometer,-5.50995,3.2910001,-0.97095007
1780861882424,Accelerometer,-4.662,3.7669501,-1.7080501
1780861882447,Accelerometer,-1.71,5.5800004,-1.38705
1780861882471,Accelerometer,0.94905007,8.23995,0.13395001
1780861882493,Accelerometer,0.14505,10.681951,-3.015
1780861882504,Accelerometer,-1.2720001,14.494051,-5.2519503
1780861882525,Accelerometer,-4.257,17.034,-2.81205
1780861882544,Accelerometer,-4.80105,17.632051,-1.15695
1780861882564,Accelerometer,-3.6540003,17.355001,-1.8349501
1780861882585,Accelerometer,-2.6200502,16.974,-3.0030003
1780861882603,Accelerometer,-2.4790502,17.014952,-4.75605
1780861882622,Accelerometer,-6.2260504,15.219001,-5.2519503
1780861882641,Accelerometer,-14.199,12.013051,0.192
1780861882660,Accelerometer,-14.068951,11.71905,-0.324
1780861882680,Accelerometer,-5.3920503,12.691051,-0.64995
1780861882704,Accelerometer,-2.00895,11.07495,-0.23295002
1780861882724,Accelerometer,-6.01695,9.906,-2.7900002
1780861882738,Accelerometer,-1.6170001,11.41695,-2.08395
1780861882761,Accelerometer,22.531052,22.507051,-5.6950502
1780861882786,Accelerometer,9.33195,15.7240505,10.878
1780861882807,Accelerometer,-1.284,6.813,-4.143
1780861882816,Accelerometer,-7.8799505,3.70005,-8.88105
1780861882835,Accelerometer,-13.36305,6.6520505,-2.23005
1780861882855,Accelerometer,-11.11005,11.235001,-0.87495005
1780861882874,Accelerometer,-2.49495,11.335951,-0.363
1780861882894,Accelerometer,-1.7910001,8.179951,-5.2639503
1780861882905,Accelerometer,1.23195,10.32495,-6.1729503
1780861882933,Accelerometer,3.279,10.794001,-0.363
1780861882956,Accelerometer,-1.8610501,9.09195,-1.23405
1780861882972,Accelerometer,-5.1529503,8.23305,-2.8960502
1780861882985,Accelerometer,-4.31295,9.291,-4.02105
1780861883011,Accelerometer,-1.284,9.84405,-3.7789502
1780861883037,Accelerometer,-0.04605,9.49695,-2.805
1780861883050,Accelerometer,-1.1659501,9.4459505,-3.0540001
1780861883066,Accelerometer,-2.7799501,9.247951,-3.5400002
1780861883088,Accelerometer,-2.91195,9.31995,-3.1729503
1780861883107,Accelerometer,-1.9950001,9.252001,-2.5530002
1780861883127,Accelerometer,-1.47105,9.085051,-1.6990501
1780861883152,Accelerometer,-1.8610501,9.150001,-2.83095
1780861883170,Accelerometer,-2.65995,9.721951,-3.6760502
1780861883185,Accelerometer,-2.5500002,9.54705,-2.742
1780861883204,Accelerometer,-2.184,9.48705,-3.4660501
1780861883224,Accelerometer,-1.96905,9.75,-4.29405
1780861883244,Accelerometer,-2.052,9.861,-3.44895
1780861883272,Accelerometer,-1.128,10.407001,-3.0610502
1780861883284,Accelerometer,0.09705,11.185051,-3.9970503
1780861883301,Accelerometer,0.28605002,11.3209505,-3.59205
1780861883321,Accelerometer,-0.09105001,11.27805,-3.48705
1780861883340,Accelerometer,-0.771,11.476951,-3.9850502
1780861883360,Accelerometer,-1.143,11.54895,-4.1410503
1780861883383,Accelerometer,-1.554,11.527051,-2.9560502
1780861883401,Accelerometer,-1.00395,12.472951,-2.52495
1780861883419,Accelerometer,0.07305,14.082001,-4.0350003
1780861883438,Accelerometer,0.50895,15.517951,-5.2180505
1780861883457,Accelerometer,2.118,16.28895,-6.0679502
1780861883477,Accelerometer,5.8309503,15.583051,-5.5009503
1780861883503,Accelerometer,8.41695,16.177052,-0.70695
1780861883516,Accelerometer,1.4089501,12.958951,-2.01195
1780861883535,Accelerometer,-3.2970002,8.754001,-5.2330503
1780861883549,Accelerometer,-6.35505,7.4059505,-7.1239505
1780861883574,Accelerometer,-12.048,4.689,-1.6030501
1780861883598,Accelerometer,-15.099001,4.84695,2.94105
1780861883615,Accelerometer,-7.66695,2.328,-0.822
1780861883633,Accelerometer,1.3990501,-0.22995001,0.32595003
1780861883652,Accelerometer,5.39295,0.25695002,0.83100003
1780861883670,Accelerometer,3.6379502,1.7700001,-0.82005006
1780861883690,Accelerometer,-1.02495,3.32205,-2.57505
1780861883717,Accelerometer,-3.3280501,3.35805,-0.786
1780861883736,Accelerometer,-3.0199502,3.8820002,-1.74405
1780861883748,Accelerometer,-1.506,6.2140503,-2.9340003
1780861883768,Accelerometer,-0.156,9.15705,0.039
1780861883787,Accelerometer,-1.03995,11.103001,-2.3070002
1780861883806,Accelerometer,-3.65895,14.158051,-7.0020003
1780861883829,Accelerometer,-6.16305,15.942,-3.7549503
1780861883848,Accelerometer,-6.4290004,15.484951,-0.65895003
1780861883865,Accelerometer,-5.1670504,15.220951,-0.59205
1780861883884,Accelerometer,-0.034050003,20.038952,-1.8930001
1780861883904,Accelerometer,-5.92395,16.05495,0.22305001
1780861883923,Accelerometer,-9.967951,12.793951,-2.70405
1780861883948,Accelerometer,-10.099951,12.154051,1.1230501
1780861883969,Accelerometer,-7.9900503,13.371,-1.8090001
1780861883981,Accelerometer,-6.7159505,13.030951,-1.6480501
1780861884001,Accelerometer,-6.2520003,13.857,-2.26605
1780861884021,Accelerometer,-8.0449505,16.845001,-1.6530001
1780861884040,Accelerometer,10.026,17.72595,-0.96105003
1780861884063,Accelerometer,11.692051,11.13195,3.5460002
1780861884081,Accelerometer,1.81605,5.3089504,0.55605
1780861884099,Accelerometer,-5.3179502,8.347051,-8.94795
1780861884117,Accelerometer,-11.77095,10.49295,-9.23595
1780861884137,Accelerometer,-12.489,10.207951,4.5349503
1780861884157,Accelerometer,-5.2699504,8.92695,-1.6870501
1780861884181,Accelerometer,-4.15005,8.464951,-4.74405
1780861884188,Accelerometer,1.72695,10.687051,-7.25295
1780861884215,Accelerometer,4.7389503,11.27595,-2.24895
1780861884234,Accelerometer,1.09305,8.79,1.6360501
1780861884254,Accelerometer,-3.5080502,7.5720005,-2.73795
1780861884268,Accelerometer,-5.09805,9.71205,-3.6480002
1780861884293,Accelerometer,-2.8570502,9.80595,-2.9680502
1780861884314,Accelerometer,-0.156,9.399,-2.80695
1780861884332,Accelerometer,0.36495003,9.86505,-3.4009502
1780861884352,Accelerometer,-1.2379501,9.468,-3.4099503
1780861884370,Accelerometer,-2.8590002,9.408,-3.1879501
1780861884396,Accelerometer,-2.4379501,9.408,-2.8909502
1780861884412,Accelerometer,-0.83595,9.70995,-2.367
1780861884432,Accelerometer,-0.50295,9.501,-2.058
1780861884448,Accelerometer,-1.7200501,9.564,-3.3100502
1780861884467,Accelerometer,-2.6560502,9.786,-4.287
1780861884487,Accelerometer,-2.64105,9.801001,-2.8890002
1780861884515,Accelerometer,-1.6500001,9.736051,-2.94105
1780861884528,Accelerometer,-0.52005005,10.158001,-3.7819502
1780861884544,Accelerometer,0.025050001,10.516951,-3.897
1780861884565,Accelerometer,-0.252,10.94295,-2.97495
1780861884584,Accelerometer,-0.86700004,10.926001,-3.5470502
1780861884603,Accelerometer,-1.15005,11.27595,-4.5
1780861884629,Accelerometer,-1.4989501,11.307,-4.43295
1780861884646,Accelerometer,-1.31295,11.601001,-3.8560503
1780861884663,Accelerometer,0.102000006,12.745951,-3.73095
1780861884681,Accelerometer,0.90405005,14.460001,-4.42995
1780861884701,Accelerometer,0.70500004,15.04905,-6.02505
1780861884720,Accelerometer,1.0639501,15.511051,-5.8170004
1780861884749,Accelerometer,2.769,15.781951,-4.97205
1780861884762,Accelerometer,6.135,16.087952,-3.5059502
1780861884778,Accelerometer,5.7300005,14.179951,-1.8330001
1780861884798,Accelerometer,-1.284,10.342051,-3.1609502
1780861884817,Accelerometer,-7.6309505,7.347,-5.08605
1780861884828,Accelerometer,-16.609951,5.3089504,-0.19995001
1780861884856,Accelerometer,-11.3880005,5.3830504,3.0600002
1780861884879,Accelerometer,-2.94495,1.047,-0.52500004
1780861884898,Accelerometer,6.05595,-1.12605,-0.86100006
1780861884908,Accelerometer,9.0390005,0.28095,0.72795004
1780861884934,Accelerometer,3.4630501,2.9940002,-1.7509501
1780861884954,Accelerometer,-1.9009501,4.1620502,-2.80695
1780861884982,Accelerometer,-5.15805,4.533,-0.65205
1780861884992,Accelerometer,-4.81995,5.046,-0.25500003
1780861885011,Accelerometer,-3.17805,6.01305,-2.2420502
1780861885032,Accelerometer,0.18795002,8.7310505,-1.70595
1780861885050,Accelerometer,0.34095,10.794001,-1.5880501
1780861885069,Accelerometer,-3.762,14.047951,-5.67495
1780861885092,Accelerometer,-5.6340003,16.000051,-3.456
1780861885109,Accelerometer,-6.4080005,13.155001,2.52195
1780861885128,Accelerometer,-2.50005,14.13405,-0.48900002
1780861885147,Accelerometer,0.29805002,16.902,-2.5440001
1780861885167,Accelerometer,0.90795004,17.664001,-1.6669501
1780861885187,Accelerometer,-3.31905,15.063001,-4.5480003
1780861885215,Accelerometer,-9.573001,14.347951,-1.43505
1780861885225,Accelerometer,-13.606951,11.91495,0.55305004
1780861885244,Accelerometer,-10.31505,12.20505,-0.54705
1780861885264,Accelerometer,-5.37795,12.798,-0.312
1780861885283,Accelerometer,-6.38805,11.175,-4.7779503
1780861885303,Accelerometer,-6.8050504,15.463051,-1.6480501
1780861885325,Accelerometer,14.12205,21.126001,-3.6000001
1780861885343,Accelerometer,12.70995,14.581951,4.7239504
1780861885362,Accelerometer,0.27405003,6.5179505,-0.42195
1780861885380,Accelerometer,-6.597,4.9669504,-7.9759502
1780861885400,Accelerometer,-10.99695,6.6139503,-3.5040002
1780861885424,Accelerometer,-7.7440505,11.344951,-1.062
1780861885447,Accelerometer,-2.874,10.597951,-1.215
1780861885458,Accelerometer,-3.4699502,8.23695,-5.223
1780861885473,Accelerometer,-0.71595,10.081051,-5.97195
1780861885498,Accelerometer,1.3969501,10.45905,0.048
1780861885516,Accelerometer,-1.6309501,8.733001,-0.837
1780861885541,Accelerometer,-3.1939502,8.412001,-3.8580003
1780861885559,Accelerometer,-2.8159502,9.49905,-5.05305
1780861885576,Accelerometer,-1.6000501,9.68595,-3.79395
1780861885595,Accelerometer,-0.86505,9.21195,-2.055
1780861885614,Accelerometer,-1.2859501,9.26895,-2.9340003
1780861885630,Accelerometer,-1.9210501,9.4800005,-3.7050002
1780861885653,Accelerometer,-2.02095,9.274051,-2.70705
1780861885679,Accelerometer,-1.4440501,9.172951,-3.0679502
1780861885691,Accelerometer,-1.2859501,9.33405,-3.1639502
1780861885710,Accelerometer,-1.7719501,9.25695,-3.2929502
1780861885731,Accelerometer,-2.1649501,9.399,-3.4609501
1780861885750,Accelerometer,-1.9920001,9.5130005,-3.1260002
1780861885771,Accelerometer,-1.3099501,9.681001,-3.9490502
1780861885791,Accelerometer,-1.06605,9.705001,-3.8130002
1780861885808,Accelerometer,-1.1020501,9.418051,-3.11595
1780861885827,Accelerometer,-1.353,9.715051,-4.0740004
1780861885847,Accelerometer,-1.47105,10.21695,-4.596
1780861885866,Accelerometer,-1.4320501,10.620001,-3.5470502
1780861885890,Accelerometer,-1.0180501,10.93605,-3.6360002
1780861885909,Accelerometer,-0.53400004,11.194051,-3.6709502
1780861885924,Accelerometer,-0.74700004,11.17695,-3.2329502
1780861885944,Accelerometer,-1.674,11.12205,-2.50095
1780861885964,Accelerometer,-1.9399501,11.889001,-2.1319501
1780861885983,Accelerometer,-1.03005,13.354051,-3.384
1780861886004,Accelerometer,0.039,14.59395,-5.4
1780861886022,Accelerometer,0.72195005,15.187951,-5.2249503
1780861886042,Accelerometer,1.8880501,14.746951,-4.3390503
1780861886061,Accelerometer,3.6880503,14.27805,-2.59395
1780861886080,Accelerometer,3.7860003,14.613001,-1.0639501
1780861886100,Accelerometer,0.65895003,12.537001,-3.5040002
1780861886111,Accelerometer,-3.1579502,9.142051,-4.87095
1780861886141,Accelerometer,-7.0300503,6.97305,-4.6789503
1780861886158,Accelerometer,-11.80395,6.74595,-6.8629503
1780861886177,Accelerometer,-16.69095,5.5290003,4.5019503
1780861886191,Accelerometer,-7.3080006,2.66595,-1.3060501
1780861886206,Accelerometer,2.673,1.9590001,-3.1879501
1780861886236,Accelerometer,8.40495,1.4569501,1.968
1780861886255,Accelerometer,4.7509503,1.6720501,1.66005
1780861886272,Accelerometer,-1.02795,2.5170002,-1.9090501
1780861886293,Accelerometer,-3.3760502,3.1999502,-1.9210501
1780861886313,Accelerometer,-4.54995,4.18095,-0.58500004
1780861886336,Accelerometer,-1.7170501,6.0919504,0.12195001
1780861886356,Accelerometer,-0.108,8.800051,0.54105
1780861886372,Accelerometer,-2.0740502,9.892051,-3.2050502
1780861886391,Accelerometer,-4.40595,12.451051,-4.75605
1780861886410,Accelerometer,-7.0990505,14.185051,-2.46
1780861886430,Accelerometer,-7.629,14.69505,-0.61395
1780861886458,Accelerometer,-5.2870502,14.344951,-1.263
1780861886472,Accelerometer,-4.7080503,14.500951,-3.0730503
1780861886488,Accelerometer,-3.5389502,15.805951,-4.8970504
1780861886508,Accelerometer,-5.886,14.427001,-5.031
1780861886527,Accelerometer,-10.774951,12.68805,-0.77400005
1780861886546,Accelerometer,-11.019,11.22105,-2.115
1780861886569,Accelerometer,-8.646001,10.641001,-1.8589501
1780861886588,Accelerometer,-3.3790503,13.675051,-0.62595004
1780861886605,Accelerometer,-0.52695,11.544001,-0.56595004
1780861886624,Accelerometer,-7.5709505,12.966001,-1.4059501
1780861886644,Accelerometer,1.335,14.179951,1.88505
1780861886663,Accelerometer,15.274051,16.73895,-4.7320504
1780861886692,Accelerometer,8.127001,11.323951,-3.2929502
1780861886701,Accelerometer,-1.7479501,6.6160502,-3.9970503
1780861886721,Accelerometer,-8.32995,5.91195,-5.15805
1780861886741,Accelerometer,-13.497001,9.81795,0.42705002
1780861886756,Accelerometer,-12.142051,11.26605,7.53
1780861886780,Accelerometer,-4.15005,7.32,-3.9709501
1780861886803,Accelerometer,3.4630501,9.81,-8.509951
1780861886821,Accelerometer,5.505,11.343,-4.629
1780861886836,Accelerometer,0.95100003,8.88105,0.381
1780861886857,Accelerometer,-5.4570003,8.13,-2.15595
1780861886877,Accelerometer,-7.4280005,9.456,-3.4440002
1780861886897,Accelerometer,-3.216,9.37905,-2.66805
1780861886925,Accelerometer,1.14495,9.58005,-2.01705
1780861886935,Accelerometer,1.2720001,9.65205,-2.3790002
1780861886954,Accelerometer,-1.09695,9.139951,-3.2640002
1780861886974,Accelerometer,-3.4339502,9.05595,-3.1900501
1780861886992,Accelerometer,-3.2299502,9.099,-1.67505
1780861887013,Accelerometer,0.975,9.93,-2.8260002
1780861887035,Accelerometer,2.7520502,10.075951,-4.3489504
1780861887053,Accelerometer,0.9799501,9.849001,-3.3310502
1780861887070,Accelerometer,-1.2100501,8.922001,-2.8860002
1780861887090,Accelerometer,-1.9279501,9.05895,-3.3790503
1780861887110,Accelerometer,-0.32595003,10.18605,-3.4390502
1780861887136,Accelerometer,1.3470001,10.119,-2.45295
1780861887155,Accelerometer,1.8589501,9.873,-3.21405
1780861887168,Accelerometer,-0.12495001,9.286051,-3.0250502
1780861887187,Accelerometer,-2.04795,9.05595,-2.2680001
1780861887207,Accelerometer,-3.38595,9.06105,-2.9910002
1780861887226,Accelerometer,-3.15105,9.52305,-4.43295
1780861887250,Accelerometer,-2.5740001,9.231001,-3.2719502
1780861887268,Accelerometer,-0.70005006,10.062,-1.9810501
1780861887285,Accelerometer,0.16605,10.095,-2.4
1780861887304,Accelerometer,-1.2720001,9.81795,-2.6520002
1780861887323,Accelerometer,-2.265,9.648001,-2.62995
1780861887343,Accelerometer,-3.3690002,10.071,-2.592
1780861887367,Accelerometer,-3.1320002,10.030951,-1.43295
1780861887388,Accelerometer,-1.8540001,10.573951,-2.6110501
1780861887398,Accelerometer,-1.59,11.118001,-2.0050502
1780861887421,Accelerometer,-1.5780001,11.869051,-2.39295
1780861887441,Accelerometer,-0.48600003,11.982,0.39795002
1780861887460,Accelerometer,2.14905,13.962001,-1.66305
1780861887473,Accelerometer,2.11995,14.13405,-2.493
1780861887489,Accelerometer,0.09705,12.73095,-1.59105
1780861887519,Accelerometer,-2.3130002,10.990951,-0.94005007
1780861887538,Accelerometer,-4.40595,9.05595,-0.69795
1780861887554,Accelerometer,-8.694,7.7850003,1.02495
1780861887576,Accelerometer,-4.28595,5.781,-0.14505
1780861887600,Accelerometer,0.094050005,5.019,-0.23595001
1780861887621,Accelerometer,-0.01695,5.565,-0.86505
1780861887633,Accelerometer,-2.019,5.58405,-0.06105
1780861887649,Accelerometer,-2.7949502,6.372,0.01995
1780861887673,Accelerometer,-2.8660502,7.3750505,-0.693
1780861887693,Accelerometer,-2.87595,8.034,-1.24395
1780861887715,Accelerometer,-4.02495,9.027,-0.94695
1780861887733,Accelerometer,-4.49205,9.348001,-1.4470501
1780861887752,Accelerometer,-4.44705,9.195001,-1.3420501
1780861887770,Accelerometer,-3.4750502,9.493951,-1.5640501
1780861887790,Accelerometer,-2.4810002,9.624001,-1.6870501
1780861887815,Accelerometer,-1.4820001,9.8869505,-1.4470501
1780861887833,Accelerometer,-1.8060001,9.753,-1.67505
1780861887852,Accelerometer,-1.96395,9.463051,-2.14905
1780861887867,Accelerometer,-2.2800002,9.195001,-2.4460502
1780861887887,Accelerometer,-2.02395,9.102,-2.5200002
1780861887907,Accelerometer,-2.46195,9.16905,-2.568
1780861887937,Accelerometer,-2.55795,9.85305,-3.2959502
1780861887949,Accelerometer,-2.028,9.8869505,-3.5370002
1780861887964,Accelerometer,-1.6330501,9.427051,-3.075
1780861887985,Accelerometer,-2.325,8.74005,-2.8600502
1780861888003,Accelerometer,-3.0529501,8.842951,-1.4569501
1780861888023,Accelerometer,-2.2800002,9.52095,-0.68805003
1780861888034,Accelerometer,-0.77400005,9.64995,-0.23595001
1780861888063,Accelerometer,0.36,10.14105,-0.66705
1780861888088,Accelerometer,-0.86205006,10.191001,-0.573
1780861888101,Accelerometer,-2.184,11.125051,-4.14795
1780861888114,Accelerometer,-4.72905,12.21195,-1.4059501
1780861888140,Accelerometer,-11.397,10.347,-2.1649501
1780861888169,Accelerometer,-1.8540001,8.74005,1.389
1780861888178,Accelerometer,2.9959502,8.72805,-0.30705002
1780861888195,Accelerometer,4.8370504,11.577001,-3.1380002
1780861888218,Accelerometer,4.29195,12.612,-2.2369502
1780861888237,Accelerometer,0.753,11.188951,-0.372
1780861888256,Accelerometer,-1.0129501,9.85305,0.9990001
1780861888281,Accelerometer,-0.441,9.910951,-1.3560001
1780861888297,Accelerometer,-0.558,10.00695,-2.5440001
1780861888316,Accelerometer,-1.176,9.595051,-2.6110501
1780861888334,Accelerometer,-1.4299501,9.648001,-2.14395
1780861888353,Accelerometer,-1.0489501,9.736051,-1.5670501
1780861888373,Accelerometer,-0.28095,9.83205,-1.3800001
1780861888401,Accelerometer,0.78195006,9.772051,-1.4449501
1780861888413,Accelerometer,1.31295,9.418051,-1.3780501
1780861888431,Accelerometer,0.24795002,9.468,-1.69395
1780861888451,Accelerometer,-1.1380501,10.1959505,-2.5440001
1780861888469,Accelerometer,-2.1409502,9.909,-2.565
1780861888490,Accelerometer,-1.8540001,9.53505,-1.572
1780861888512,Accelerometer,-1.0519501,9.648001,-1.3110001
1780861888530,Accelerometer,-0.051000003,9.786,-1.9720501
1780861888550,Accelerometer,0.34095,9.937051,-2.2009501
1780861888567,Accelerometer,-0.02205,9.909,-2.49795
1780861888586,Accelerometer,-0.597,9.552,-2.14395
1780861888612,Accelerometer,-1.2570001,9.460951,-1.9759501
1780861888634,Accelerometer,-1.5280501,10.057051,-2.42895
1780861888644,Accelerometer,-0.82605004,10.11705,-2.19705
1780861888664,Accelerometer,-0.44295,9.901051,-2.022
1780861888677,Accelerometer,-0.52500004,9.481951,-1.845
1780861888703,Accelerometer,-0.95295006,9.39105,-2.0740502
1780861888727,Accelerometer,-1.317,9.802951,-2.1730502
1780861888745,Accelerometer,-1.45095,9.70695,-2.043
1780861888762,Accelerometer,-0.96105003,9.913051,-2.0050502
1780861888782,Accelerometer,-0.69495004,9.628051,-2.079
1780861888800,Accelerometer,-0.92205006,9.595051,-2.0050502
1780861888819,Accelerometer,-1.42005,9.70995,-2.14395
1780861888846,Accelerometer,-1.18605,9.604051,-2.28495
1780861888866,Accelerometer,-1.131,9.65205,-2.163
1780861888878,Accelerometer,-1.0180501,9.873,-2.0700002
1780861888897,Accelerometer,-0.86505,9.717,-2.19195
1780861888916,Accelerometer,-0.9289501,9.7240505,-2.3790002
1780861888936,Accelerometer,-0.75705004,9.80805,-2.53395
1780861888961,Accelerometer,-0.82605004,9.604051,-2.28795
1780861888978,Accelerometer,-0.81705004,9.54195,-2.01195
1780861888994,Accelerometer,-0.91305006,9.71205,-2.32095
1780861889014,Accelerometer,-1.128,9.904051,-2.4720001
1780861889033,Accelerometer,-1.3099501,9.607051,-2.295
1780861889053,Accelerometer,-0.81705004,9.729,-2.26395
1780861889076,Accelerometer,-1.32,9.69795,-2.3790002
1780861889097,Accelerometer,-1.19295,9.633,-2.391
1780861889111,Accelerometer,-1.32,9.516001,-2.18505
1780861889130,Accelerometer,-1.6480501,9.834001,-2.0029502
1780861889150,Accelerometer,-1.5520501,9.681001,-2.2039502
1780861889169,Accelerometer,-1.33905,9.669001,-2.283
1780861889192,Accelerometer,-1.164,9.648001,-2.4430501
1780861889209,Accelerometer,-0.63000005,9.95895,-2.2680001
1780861889228,Accelerometer,-1.0350001,9.271951,-1.9860001
1780861889247,Accelerometer,-1.8870001,9.58005,-2.46495
1780861889266,Accelerometer,-1.9450501,9.6,-2.3740501
1780861889286,Accelerometer,-1.6380001,9.556951,-2.151
1780861889310,Accelerometer,-1.2859501,9.571051,-2.058
1780861889317,Accelerometer,-1.365,9.571051,-2.283
1780861889345,Accelerometer,-1.605,9.670951,-2.33295
1780861889364,Accelerometer,-1.7410501,9.657001,-2.25405
1780861889383,Accelerometer,-1.746,9.540001,-2.0269501
1780861889397,Accelerometer,-1.9810501,9.387,-1.7010001
1780861889422,Accelerometer,-2.11695,9.68295,-2.0670002
1780861889443,Accelerometer,-1.7890501,9.592051,-2.42895
1780861889461,Accelerometer,-1.3240501,9.624001,-2.2800002
1780861889480,Accelerometer,-1.47105,9.691051,-2.0340002
1780861889500,Accelerometer,-1.7029501,9.432,-2.091
1780861889525,Accelerometer,-1.8250501,9.70695,-2.532
1780861889543,Accelerometer,-1.7910001,9.693001,-2.4409502
1780861889560,Accelerometer,-1.815,9.33405,-2.01195
1780861889577,Accelerometer,-1.96395,9.37695,-1.8900001
1780861889597,Accelerometer,-2.0380502,9.612,-2.18895
1780861889617,Accelerometer,-2.016,9.549001,-2.1460502
1780861889646,Accelerometer,-1.8270001,9.67605,-1.84905
1780861889657,Accelerometer,-1.6639501,9.52095,-2.055
1780861889674,Accelerometer,-1.866,9.568951,-2.283
1780861889694,Accelerometer,-1.87995,9.648001,-2.22495
1780861889713,Accelerometer,-1.7629501,9.432,-2.331
1780861889733,Accelerometer,-2.0329502,9.51795,-1.9810501
1780861889757,Accelerometer,-2.02095,9.556951,-2.082
1780861889775,Accelerometer,-1.8180001,9.52995,-2.3790002
1780861889792,Accelerometer,-1.7890501,9.613951,-2.256
1780861889811,Accelerometer,-1.866,9.69495,-2.16105
1780861889830,Accelerometer,-1.7910001,9.54195,-2.0700002
1780861889850,Accelerometer,-2.02095,9.448951,-2.1769502
1780861889878,Accelerometer,-2.38995,9.396001,-2.118
1780861889890,Accelerometer,-2.2699502,9.424951,-1.8540001
1780861889907,Accelerometer,-1.899,9.601951,-2.22495
1780861889928,Accelerometer,-1.72395,9.51105,-2.43405
1780861889946,Accelerometer,-2.091,9.501,-2.0770502
1780861889957,Accelerometer,-2.15805,9.568951,-2.1750002
1780861889986,Accelerometer,-1.8270001,9.303,-2.05995
1780861890008,Accelerometer,-2.232,9.475051,-2.058
1780861890026,Accelerometer,-2.29695,9.552,-2.35905
1780861890038,Accelerometer,-1.605,9.67905,-2.1079502
1780861890063,Accelerometer,-1.5139501,9.589951,-2.1390002
1780861890083,Accelerometer,-2.33505,9.327001,-1.9069501
1780861890112,Accelerometer,-2.799,9.262051,-1.7580001
1780861890121,Accelerometer,-2.16,9.451051,-2.3140502
1780861890141,Accelerometer,-1.3560001,9.597,-2.32605
1780861890161,Accelerometer,-1.62405,9.537001,-2.1460502
1780861890180,Accelerometer,-1.9660501,9.47805,-2.2710001
1780861890198,Accelerometer,-2.1360002,9.280951,-2.1750002
1780861890222,Accelerometer,-2.2440002,9.53505,-2.13
1780861890239,Accelerometer,-1.8180001,9.66195,-2.6590502
1780861890259,Accelerometer,-1.46595,9.786,-2.7280502
1780861890276,Accelerometer,-1.8270001,9.418051,-2.3089502
1780861890296,Accelerometer,-2.31795,9.394051,-2.18895
1780861890321,Accelerometer,-2.2030501,9.48495,-2.42205
1780861890342,Accelerometer,-2.0020502,9.40095,-2.39295
1780861890354,Accelerometer,-1.83,9.592051,-2.4820502
1780861890374,Accelerometer,-1.5829501,9.52995,-2.4409502
1780861890394,Accelerometer,-1.9470001,9.4459505,-2.08395
1780861890412,Accelerometer,-2.0710502,9.54195,-2.3119502
1780861890437,Accelerometer,-1.57605,9.613951,-2.55795
1780861890455,Accelerometer,-1.3920001,9.5779505,-2.505
1780861890471,Accelerometer,-1.57605,9.564,-2.367
1780861890490,Accelerometer,-1.506,9.616051,-2.56095
1780861890510,Accelerometer,-1.4299501,9.67605,-2.661
1780861890529,Accelerometer,-1.4470501,9.640051,-2.7829502
1780861890555,Accelerometer,-1.6210501,9.406051,-2.3400002
1780861890575,Accelerometer,-2.0689502,9.35505,-2.5080001
1780861890587,Accelerometer,-1.7890501,9.68805,-2.7259502
1780861890602,Accelerometer,-1.38705,9.492001,-2.328
1780861890626,Accelerometer,-1.8919501,9.432,-2.2350001
1780861890646,Accelerometer,-2.0740502,9.50895,-2.4550502
1780861890670,Accelerometer,-1.6309501,9.592051,-2.52195
1780861890689,Accelerometer,-1.43505,9.4800005,-2.23005
1780861890704,Accelerometer,-2.04495,9.51105,-2.532
1780861890723,Accelerometer,-2.1790502,9.37005,-2.4019501
1780861890743,Accelerometer,-1.641,9.44205,-2.4190502
1780861890759,Accelerometer,-1.4899501,9.68595,-2.5170002
1780861890783,Accelerometer,-1.4899501,9.427051,-2.5099502
1780861890805,Accelerometer,-1.9420501,9.48495,-2.4720001
1780861890821,Accelerometer,-1.64295,9.612,-2.60595
1780861890839,Accelerometer,-1.317,9.399,-2.5560002
1780861890860,Accelerometer,-1.7479501,9.48705,-2.2420502
1780861890879,Accelerometer,-1.8030001,9.633,-2.5080001
1780861890904,Accelerometer,-1.6000501,9.44205,-2.6250002
1780861890920,Accelerometer,-1.6360501,9.40995,-2.4019501
1780861890937,Accelerometer,-1.9609501,9.65205,-2.46195
1780861890957,Accelerometer,-1.9350001,9.525001,-2.697
1780861890976,Accelerometer,-1.72905,9.40305,-2.56305
1780861890996,Accelerometer,-1.7869501,9.451051,-2.3860502
1780861891020,Accelerometer,-1.674,9.53505,-2.4169502
1780861891038,Accelerometer,-1.5109501,9.5779505,-2.6200502
1780861891054,Accelerometer,-1.3579501,9.556951,-2.56305
1780861891073,Accelerometer,-1.4820001,9.595051,-2.47005
1780861891093,Accelerometer,-1.96395,9.49695,-2.5440001
1780861891113,Accelerometer,-1.674,9.52995,-2.6850002
1780861891134,Accelerometer,-1.61205,9.52095,-2.66295
1780861891151,Accelerometer,-1.6639501,9.424951,-2.4820502
1780861891171,Accelerometer,-1.6519501,9.63105,-2.4480002
1780861891190,Accelerometer,-1.794,9.448951,-2.57205
1780861891209,Accelerometer,-2.0359502,9.42195,-2.3740501
1780861891235,Accelerometer,-1.72395,9.573001,-2.4820502
1780861891240,Accelerometer,-1.521,9.451051,-2.4720001
1780861891268,Accelerometer,-1.7050501,9.427051,-2.6230502
1780861891287,Accelerometer,-2.052,9.549001,-2.48895
1780861891306,Accelerometer,-2.05695,9.51795,-2.50305
1780861891320,Accelerometer,-1.91295,9.42,-2.59395
1780861891351,Accelerometer,-1.674,9.628051,-2.4409502
1780861891366,Accelerometer,-1.7359501,9.48495,-2.4409502
1780861891384,Accelerometer,-1.8559501,9.525001,-2.60805
1780861891399,Accelerometer,-1.7839501,9.70005,-2.6560502
1780861891423,Accelerometer,-1.9609501,9.49905,-2.5200002
1780861891443,Accelerometer,-2.091,9.460951,-2.26605
1780861891467,Accelerometer,-2.256,9.243,-2.4790502
1780861891485,Accelerometer,-2.4190502,9.493951,-2.256
1780861891503,Accelerometer,-2.26305,9.40095,-2.046
1780861891520,Accelerometer,-1.9920001,9.47295,-2.055
1780861891540,Accelerometer,-1.863,9.571051,-2.29005
1780861891560,Accelerometer,-1.9570501,9.549001,-2.39505
1780861891588,Accelerometer,-2.1000001,9.51105,-2.46495
1780861891598,Accelerometer,-2.1390002,9.525001,-2.3070002
1780861891617,Accelerometer,-2.0020502,9.259951,-2.56995
1780861891638,Accelerometer,-1.7320501,9.451051,-2.4409502
1780861891655,Accelerometer,-1.60905,9.778951,-2.49795
1780861891676,Accelerometer,-1.6500001,9.430051,-2.5099502
1780861891698,Accelerometer,-2.1460502,9.336,-2.4720001
1780861891716,Accelerometer,-2.3089502,9.6,-2.592
1780861891737,Accelerometer,-1.84905,9.571051,-2.46495
1780861891754,Accelerometer,-1.64505,9.42195,-2.21805
1780861891773,Accelerometer,-1.6500001,9.492001,-2.15595
1780861891793,Accelerometer,-1.6840501,9.571051,-2.3689501
1780861891821,Accelerometer,-1.6980001,9.451051,-2.3040001
1780861891832,Accelerometer,-1.7629501,9.571051,-2.22495
1780861891851,Accelerometer,-1.38405,9.528001,-2.70195
1780861891870,Accelerometer,-1.281,9.53505,-2.47005
1780861891884,Accelerometer,-1.16205,9.48705,-2.28795
1780861891909,Accelerometer,-1.3920001,9.624001,-2.3809502
1780861891931,Accelerometer,-1.1740501,9.801001,-2.7280502
1780861891949,Accelerometer,-0.726,9.681001,-2.70705
1780861891966,Accelerometer,-0.64395005,9.56595,-2.565
1780861891986,Accelerometer,-0.71595,9.624001,-2.4409502
1780861892006,Accelerometer,-0.85800004,9.436951,-2.328
1780861892031,Accelerometer,-1.047,9.633,-2.22105
1780861892053,Accelerometer,-0.87000006,9.609,-1.9980001
1780861892064,Accelerometer,-0.76905006,9.271951,-2.163
1780861892084,Accelerometer,-0.88905007,9.3,-2.1700501
1780861892103,Accelerometer,-0.96495,9.79395,-2.90295
1780861892121,Accelerometer,-0.76395005,9.922951,-3.1660502
1780861892142,Accelerometer,-0.52500004,10.026,-1.5310501
1780861892165,Accelerometer,-0.29295,9.53295,-1.31505
1780861892182,Accelerometer,-0.20895001,9.772051,-2.02395
1780861892200,Accelerometer,0.04605,10.071,-3.8100002
1780861892220,Accelerometer,0.58500004,10.002001,-3.624
1780861892239,Accelerometer,0.82905006,9.868051,-2.12505
1780861892264,Accelerometer,0.12795001,9.757951,-1.5640501
1780861892284,Accelerometer,-0.22995001,9.870001,-1.99995
1780861892297,Accelerometer,-0.273,9.931951,-2.21805
1780861892317,Accelerometer,-0.70005006,9.955951,-1.8570001
1780861892336,Accelerometer,-0.36900002,10.038,-1.4620501
1780861892356,Accelerometer,0.80295,10.087951,-2.0070002
1780861892379,Accelerometer,0.74295,9.904051,-2.1649501
1780861892397,Accelerometer,-0.23505001,9.80595,-1.19595
1780861892415,Accelerometer,-0.36,10.30095,-1.0189501
1780861892433,Accelerometer,0.74100006,10.62705,-1.99995
1780861892453,Accelerometer,1.416,10.26795,-2.45295
1780861892472,Accelerometer,1.4089501,10.49505,-2.2999501
1780861892497,Accelerometer,1.31295,10.584001,-1.8570001
1780861892517,Accelerometer,0.68100005,10.684051,-1.9120501
1780861892527,Accelerometer,1.0570501,11.43795,-1.6360501
1780861892550,Accelerometer,2.28795,12.801001,0.25695002
1780861892569,Accelerometer,2.29905,11.968051,-0.74805003
1780861892589,Accelerometer,2.1100502,11.17695,-1.93305
1780861892602,Accelerometer,0.25995,10.701,-1.9740001
1780861892629,Accelerometer,-1.7359501,10.05,-1.9189501
1780861892648,Accelerometer,-3.5269501,8.75895,-0.87000006
1780861892667,Accelerometer,0.72405005,7.52895,0.043050002
1780861892682,Accelerometer,3.9589503,5.5080004,0.48600003
1780861892706,Accelerometer,7.5880504,4.8570004,-0.12795001
1780861892729,Accelerometer,7.4400005,6.6859503,0.66405004
1780861892749,Accelerometer,3.8509502,8.182051,0.30195
1780861892762,Accelerometer,2.26095,8.7310505,1.3939501
1780861892783,Accelerometer,2.8549502,9.292951,0.73095006
1780861892803,Accelerometer,3.1900501,9.825001,-0.40800002
1780861892834,Accelerometer,3.4060502,10.729951,-0.76500005
1780861892846,Accelerometer,1.9759501,11.434051,-1.1190001
1780861892861,Accelerometer,0.58500004,11.484,-0.95205003
1780861892881,Accelerometer,0.10395,10.857,-0.48195
1780861892899,Accelerometer,0.09195001,10.428,-0.48495004
1780861892919,Accelerometer,0.72900003,10.31595,-0.85095006
1780861892945,Accelerometer,0.37905002,10.179001,-0.95895004
1780861892963,Accelerometer,-0.15105,10.35105,-0.837
1780861892982,Accelerometer,0.039,10.057051,-1.0159501
1780861892997,Accelerometer,-0.642,9.999001,-1.5480001
1780861893016,Accelerometer,-0.609,10.167001,-1.71105
1780861893036,Accelerometer,-0.75000006,9.858001,-1.7029501
1780861893067,Accelerometer,-1.7820001,8.958,-2.259
1780861893076,Accelerometer,-3.1270502,8.983951,-2.97
1780861893094,Accelerometer,7.4209504,12.826951,-5.1010504
1780861893114,Accelerometer,15.648001,17.095951,1.8079501
1780861893133,Accelerometer,3.9420002,12.396001,-2.4460502
1780861893152,Accelerometer,-4.7530503,9.8560505,-0.597
1780861893163,Accelerometer,-6.5130005,6.5520005,0.83100003
1780861893192,Accelerometer,-5.0809503,7.2049503,-4.56195
1780861893216,Accelerometer,-1.5829501,10.57905,-5.1540003
1780861893230,Accelerometer,1.4260501,11.986951,-5.019
1780861893242,Accelerometer,-1.3750501,9.66195,-1.18605
1780861893269,Accelerometer,-3.0679502,8.956051,-0.25695002
1780861893297,Accelerometer,-2.35605,10.15005,-0.597
1780861893309,Accelerometer,-1.1880001,10.177051,-1.5960001
1780861893324,Accelerometer,-1.1659501,9.351001,-3.66405
1780861893347,Accelerometer,-0.975,9.37695,-3.3079503
1780861893366,Accelerometer,-1.2100501,9.552,-2.73795
1780861893385,Accelerometer,-2.043,9.556951,-2.8140001
1780861893409,Accelerometer,-1.7119501,9.61905,-2.4
1780861893426,Accelerometer,-1.2430501,9.68805,-3.25005
1780861893443,Accelerometer,-0.975,9.880051,-2.83095
1780861893463,Accelerometer,-0.94095004,9.61905,-2.3740501
1780861893483,Accelerometer,-0.78105,9.61905,-2.18895
1780861893503,Accelerometer,-0.34500003,9.69795,-3.07095
1780861893529,Accelerometer,-0.53895,9.691051,-3.07095
1780861893541,Accelerometer,-0.46500003,9.64995,-2.163
1780861893560,Accelerometer,-0.69705003,9.825001,-2.8570502
1780861893580,Accelerometer,-1.0180501,10.045051,-4.071
1780861893599,Accelerometer,-1.26495,10.02105,-3.63105
1780861893622,Accelerometer,-1.5850501,9.990001,-3.6120002
1780861893642,Accelerometer,-0.762,10.60305,-3.4129503
1780861893658,Accelerometer,-1.2240001,10.629001,-2.019
1780861893679,Accelerometer,-1.4269501,10.833,-1.404
1780861893696,Accelerometer,-0.86205006,10.797001,-2.84505
1780861893716,Accelerometer,-0.063,10.905001,-4.15005
1780861893741,Accelerometer,-1.131,10.873051,-4.09305
1780861893762,Accelerometer,-4.11105,9.54705,-2.6250002
1780861893773,Accelerometer,-5.74695,10.356001,-1.2940501
1780861893794,Accelerometer,-4.6650004,12.3,-2.8570502
1780861893806,Accelerometer,-0.11100001,14.692051,-5.03595
1780861893832,Accelerometer,3.2670002,16.840052,-7.1580005
1780861893857,Accelerometer,4.9950004,16.893002,-5.43795
1780861893875,Accelerometer,6.40605,15.604951,-1.6669501
1780861893890,Accelerometer,3.4699502,15.394051,0.90495
1780861893910,Accelerometer,-1.8870001,13.675051,-3.2329502
1780861893929,Accelerometer,-2.352,10.51395,-5.7450004
1780861893949,Accelerometer,-5.0929503,7.524,-3.63105
1780861893964,Accelerometer,-10.159051,4.8130503,-6.3630004
1780861893991,Accelerometer,-16.95195,4.9360504,2.4709501
1780861894007,Accelerometer,-7.7359505,2.33295,-0.22395001
1780861894027,Accelerometer,0.46500003,1.38495,-3.042
1780861894044,Accelerometer,4.6579504,0.88695,0.58500004
1780861894065,Accelerometer,2.4139502,1.44,0.63705003
1780861894088,Accelerometer,-1.66005,2.3860502,-3.1660502
1780861894107,Accelerometer,-4.1449504,3.0030003,-4.03095
1780861894124,Accelerometer,-4.37505,3.7360501,-3.4680002
1780861894143,Accelerometer,-4.39905,4.722,-4.2130504
1780861894163,Accelerometer,-1.6189501,6.741,-3.525
1780861894182,Accelerometer,-1.33605,7.6390505,-1.7560501
1780861894205,Accelerometer,-3.28095,9.814951,-6.36495
1780861894227,Accelerometer,-4.08705,13.1959505,-7.4280005
1780861894240,Accelerometer,-5.91405,13.239,-3.5350502
1780861894260,Accelerometer,-5.92395,15.1039505,-3.5299501
1780861894279,Accelerometer,-6.2590504,15.633,-4.071
1780861894298,Accelerometer,-3.3280501,16.15995,-3.86505
1780861894321,Accelerometer,-0.67995006,16.059,-3.25005
1780861894340,Accelerometer,-3.2020502,14.829,-1.014
1780861894357,Accelerometer,-6.4960504,12.56595,-0.13800001
1780861894377,Accelerometer,-8.352,12.837001,0.28095
1780861894396,Accelerometer,-5.361,13.339951,-0.006
1780861894415,Accelerometer,-3.1920002,11.460001,-0.14505
1780861894440,Accelerometer,-3.55095,10.347,-0.47295
1780861894445,Accelerometer,-5.5530005,9.53505,-1.098
1780861894474,Accelerometer,-8.55795,10.80405,-3.15
1780861894493,Accelerometer,4.01895,11.25195,-2.163
1780861894513,Accelerometer,24.87,17.613,-0.48000002
1780861894525,Accelerometer,9.834001,14.635051,0.22095
1780861894552,Accelerometer,-2.0740502,8.391001,-5.40705
1780861894573,Accelerometer,-7.5979505,6.0870004,-6.018
1780861894591,Accelerometer,-11.47605,7.18905,-1.5450001
1780861894609,Accelerometer,-9.53205,9.95895,-2.6779501
1780861894629,Accelerometer,-4.4040003,10.974001,-2.28495
1780861894653,Accelerometer,0.61905,9.753,-2.5560002
1780861894672,Accelerometer,2.0269501,9.22395,-3.1350002
1780861894691,Accelerometer,1.96695,10.126051,-2.77095
1780861894707,Accelerometer,-1.7410501,10.1310005,-2.163
1780861894726,Accelerometer,-4.3720503,9.172951,-2.3790002
1780861894746,Accelerometer,-4.72905,8.710951,-2.69895
1780861894774,Accelerometer,-1.9729501,9.786,-3.3649502
1780861894785,Accelerometer,-0.22800002,9.786,-2.32605
1780861894804,Accelerometer,-0.735,9.264001,-2.08905
1780861894824,Accelerometer,-2.24895,9.648001,-2.7829502
1780861894842,Accelerometer,-2.505,9.54195,-3.6040502
1780861894862,Accelerometer,-1.746,9.45405,-2.9580002
1780861894887,Accelerometer,-1.5640501,9.561001,-1.8540001
1780861894904,Accelerometer,-2.0070002,9.645,-2.2680001
1780861894922,Accelerometer,-2.079,9.66705,-2.982
1780861894940,Accelerometer,-1.7770501,9.80595,-3.3820503
1780861894959,Accelerometer,-1.6980001,9.954,-2.9560502
1780861894979,Accelerometer,-1.5090001,10.155001,-3.4459503
1780861895007,Accelerometer,-1.35105,10.50195,-3.798
1780861895017,Accelerometer,-0.99600005,10.708051,-2.8240502
1780861895037,Accelerometer,0.312,10.96395,-2.18895
1780861895052,Accelerometer,1.2889501,11.412001,-3.01095
1780861895076,Accelerometer,0.32205,11.380951,-3.6330001
1780861895086,Accelerometer,-1.69305,11.467051,-4.07805
1780861895115,Accelerometer,-2.361,11.755051,-4.2319503
1780861895135,Accelerometer,-2.32005,12.109051,-3.1039503
1780861895155,Accelerometer,-0.61605,13.225051,-3.4699502
1780861895168,Accelerometer,1.5640501,14.27805,-4.78695
1780861895192,Accelerometer,2.56305,14.26395,-5.02395
1780861895212,Accelerometer,1.87995,12.624001,-3.1969502
1780861895239,Accelerometer,1.8349501,12.778951,-2.7640502
1780861895251,Accelerometer,2.01,14.7619505,-3.3100502
1780861895270,Accelerometer,-2.6560502,13.102051,-4.5139503
1780861895290,Accelerometer,-5.5480504,9.06105,-4.8349504
1780861895309,Accelerometer,-6.3619504,6.8269506,-2.9479501
1780861895332,Accelerometer,-10.99695,6.3790503,4.91295
1780861895351,Accelerometer,-7.4280005,4.833,-1.3270501
1780861895368,Accelerometer,1.416,2.1390002,-0.21900001
1780861895387,Accelerometer,5.9479504,1.3270501,0.69495004
1780861895407,Accelerometer,2.01705,2.46495,-1.5600001
1780861895425,Accelerometer,-2.67705,4.2990003,-3.82905
1780861895451,Accelerometer,-6.3169503,4.287,-1.61205
1780861895472,Accelerometer,-5.50005,4.2049503,-0.67095006
1780861895484,Accelerometer,-2.5099502,4.854,-1.2049501
1780861895503,Accelerometer,-0.65895003,6.91095,-0.61395
1780861895523,Accelerometer,-0.42195,8.30895,-1.50195
1780861895542,Accelerometer,-3.0240002,10.43805,-4.1020503
1780861895566,Accelerometer,-5.0880003,12.427051,-2.70405
1780861895582,Accelerometer,-6.4080005,12.97605,-0.38205
1780861895601,Accelerometer,-3.97005,13.990951,0.61800003
1780861895621,Accelerometer,-0.64695,15.055951,1.2430501
1780861895639,Accelerometer,1.452,16.76295,0.441
1780861895659,Accelerometer,1.3230001,16.854,-0.23295002
1780861895685,Accelerometer,-2.706,15.621,-2.127
1780861895704,Accelerometer,-9.015,13.267951,-0.09195001
1780861895716,Accelerometer,-11.497951,12.736051,-1.35105
1780861895732,Accelerometer,-10.45905,12.304951,-1.1220001
1780861895756,Accelerometer,-6.0360003,12.86505,-2.39805
1780861895775,Accelerometer,-5.6290503,11.87895,-3.1380002
1780861895797,Accelerometer,-9.11505,17.02005,-3.28605
1780861895815,Accelerometer,10.60995,19.36605,-7.833
1780861895834,Accelerometer,17.758951,15.696001,1.4680501
1780861895853,Accelerometer,5.56995,5.5939503,3.89805
1780861895872,Accelerometer,-2.4739501,1.107,-2.43405
1780861895887,Accelerometer,-8.685,5.3430004,-9.286051
1780861895912,Accelerometer,-17.428051,11.545951,-2.4460502
1780861895936,Accelerometer,-8.30895,13.123951,1.4899501
1780861895950,Accelerometer,-5.24205,8.36205,-3.762
1780861895968,Accelerometer,-0.20895001,9.099,-5.2639503
1780861895989,Accelerometer,4.47795,10.854,-1.53795
1780861896008,Accelerometer,2.8189502,9.69495,0.453
1780861896030,Accelerometer,-1.815,8.352,-4.0350003
1780861896048,Accelerometer,-3.90105,9.432,-4.71105
1780861896067,Accelerometer,-3.252,9.918,-2.5150502
1780861896086,Accelerometer,-1.02495,9.142051,-2.3160002
1780861896106,Accelerometer,-0.324,9.34605,-3.3340502
1780861896129,Accelerometer,-0.93705004,9.75,-3.8749502
1780861896147,Accelerometer,-1.9879501,9.601951,-3.6859503
1780861896169,Accelerometer,-1.6480501,9.601951,-3.2359502
1780861896183,Accelerometer,-0.043950003,9.439051,-2.8260002
1780861896203,Accelerometer,0.93495005,9.36705,-3.07995
1780861896222,Accelerometer,0.003,9.439051,-4.11
1780861896251,Accelerometer,-1.45605,9.475051,-4.0279503
1780861896264,Accelerometer,-1.9009501,9.40995,-2.84505
1780861896280,Accelerometer,-0.78795004,9.81,-4.248
1780861896300,Accelerometer,0.00795,9.715051,-4.2439504
1780861896319,Accelerometer,-0.45105,9.432,-2.9869502
1780861896338,Accelerometer,-1.5690001,9.552,-3.561
1780861896363,Accelerometer,-1.3600501,10.29195,-4.8040504
1780861896368,Accelerometer,-0.321,10.276951,-3.89895
1780861896397,Accelerometer,0.29505002,10.873051,-3.66195
1780861896417,Accelerometer,-0.771,10.521001,-3.2359502
1780861896436,Accelerometer,-2.2440002,10.50195,-3.6480002
1780861896448,Accelerometer,-2.28705,11.95995,-5.00295
1780861896478,Accelerometer,-0.60105,13.440001,-4.215
1780861896495,Accelerometer,0.79800004,14.30895,-4.12605
1780861896513,Accelerometer,1.5330001,15.154051,-3.49005
1780861896529,Accelerometer,1.8349501,15.838951,-4.1460004
1780861896552,Accelerometer,0.34800002,15.24495,-5.4960003
1780861896572,Accelerometer,1.0210501,17.719051,-6.609
1780861896595,Accelerometer,4.4230504,17.64195,-6.0940504
1780861896613,Accelerometer,6.5779505,12.693001,-1.9090501
1780861896632,Accelerometer,0.70695,8.39295,-2.8330503
1780861896649,Accelerometer,-9.658951,4.9159503,-4.881
1780861896669,Accelerometer,-19.792051,5.29005,-0.70995003
1780861896689,Accelerometer,-8.292001,2.5770001,2.49795
1780861896716,Accelerometer,1.8090001,-1.9300501,-0.97605
1780861896729,Accelerometer,8.778001,-2.1700501,-1.3060501
1780861896747,Accelerometer,8.901,0.88905007,1.4470501
1780861896767,Accelerometer,0.94905007,2.66805,-1.2100501
1780861896785,Accelerometer,-2.97405,3.8460002,-1.9279501
1780861896805,Accelerometer,-3.9630003,5.5939503,-0.20700002
1780861896827,Accelerometer,-2.63895,7.1380506,-0.24795002
1780861896846,Accelerometer,-0.93405,8.862,2.33205
1780861896866,Accelerometer,-1.43505,11.2560005,-2.15595
1780861896883,Accelerometer,-1.5829501,15.001051,-0.63105005
1780861896902,Accelerometer,-2.0670002,16.90905,1.6330501
1780861896922,Accelerometer,-0.12705001,19.27695,1.30305
1780861896948,Accelerometer,0.087000005,19.059,2.043
1780861896961,Accelerometer,-2.29395,18.480001,2.3080502
1780861896980,Accelerometer,-4.45905,17.479052,-1.69605
1780861897003,Accelerometer,-12.784051,13.420951,0.64905006
1780861897010,Accelerometer,-18.738,11.6320505,-1.488
1780861897039,Accelerometer,-13.50195,11.692051,-0.80595005
1780861897048,Accelerometer,-9.156,10.239,-2.838
1780861897078,Accelerometer,-9.843,8.611051,-5.89095
1780861897100,Accelerometer,-8.890051,12.754951,-7.2289505
1780861897119,Accelerometer,24.408,27.387001,-21.894001
1780861897143,Accelerometer,29.523,13.090951,20.778002
1780861897161,Accelerometer,2.2110002,2.18505,1.28805
1780861897181,Accelerometer,-5.39505,0.87000006,-0.46095002
1780861897193,Accelerometer,-8.227051,6.813,-7.5529504
1780861897213,Accelerometer,-17.316,15.316951,-5.0340004
1780861897233,Accelerometer,-14.778001,11.166,1.1659501
1780861897250,Accelerometer,-8.17905,6.43905,-3.49005
1780861897272,Accelerometer,-0.34500003,10.071,-3.49005
1780861897291,Accelerometer,4.37295,10.69095,-2.66295
1780861897311,Accelerometer,0.492,8.625,-1.99995
1780861897329,Accelerometer,-5.004,8.224951,-3.2070003
1780861897349,Accelerometer,-6.3090005,9.18795,-2.4070501
1780861897369,Accelerometer,-4.7719502,9.460951,-2.4120002
1780861897392,Accelerometer,-2.09295,9.02295,-3.28605
1780861897413,Accelerometer,-0.9990001,9.35805,-2.5080001
1780861897427,Accelerometer,-2.502,8.92905,-2.8860002
1780861897447,Accelerometer,-4.15005,8.920051,-2.77395
1780861897466,Accelerometer,-4.602,8.802,-3.2620502
1780861897485,Accelerometer,-3.4080002,8.754001,-3.38895
1780861897508,Accelerometer,-2.0689502,9.331051,-3.1879501
1780861897526,Accelerometer,-1.29795,9.505951,-3.2070003
1780861897543,Accelerometer,-1.3219501,9.540001,-3.4009502
1780861897563,Accelerometer,-2.2030501,9.184951,-3.79605
1780861897582,Accelerometer,-3.0000002,9.316951,-3.49005
1780861897602,Accelerometer,-3.28305,9.241051,-4.14795
1780861897625,Accelerometer,-2.6530502,9.79605,-4.6150503
1780861897645,Accelerometer,-1.626,10.368,-3.1950002
1780861897656,Accelerometer,-0.31605002,10.567051,-3.0630002
1780861897679,Accelerometer,0.25500003,11.248951,-5.12505
1780861897699,Accelerometer,-0.84795004,11.280001,-5.00295
1780861897718,Accelerometer,-1.81305,12.15705,-3.0900002
1780861897731,Accelerometer,0.006,15.087001,-3.7030501
1780861897758,Accelerometer,2.292,18.19305,-6.1540504
1780861897777,Accelerometer,3.01305,20.52495,-7.7370005
1780861897797,Accelerometer,1.9590001,20.896051,-4.09005
1780861897811,Accelerometer,7.1119504,17.77395,-5.2780504
1780861897835,Accelerometer,6.6240005,11.668051,1.26705
1780861897858,Accelerometer,-4.566,5.0410504,-6.9349504
1780861897879,Accelerometer,-11.857051,1.2559501,-8.644051
1780861897891,Accelerometer,-11.60805,4.3560004,0.60105
1780861897913,Accelerometer,2.805,0.41805002,6.1060505
1780861897932,Accelerometer,5.6509504,-1.143,0.96795005
1780861897961,Accelerometer,7.4040003,1.36995,0.01695
1780861897973,Accelerometer,0.597,3.2670002,-1.57605
1780861897990,Accelerometer,-2.8519502,4.03305,-0.67605
1780861898010,Accelerometer,-3.1270502,5.5219502,-1.2600001
1780861898029,Accelerometer,-3.015,8.259001,-0.57105005
1780861898049,Accelerometer,-3.348,10.023001,-1.7820001
1780861898074,Accelerometer,-5.06895,11.836051,-5.8450503
1780861898091,Accelerometer,-7.8870006,13.50195,-3.6120002
1780861898109,Accelerometer,-8.401951,14.047951,0.81195
1780861898126,Accelerometer,-6.25395,13.701,0.25695002
1780861898145,Accelerometer,-3.6109502,14.983951,-0.45405003
1780861898166,Accelerometer,-0.89100003,16.18905,-0.42495003
1780861898194,Accelerometer,-0.786,14.24505,-0.71895003
1780861898206,Accelerometer,-4.6000504,14.035951,0.031050002
1780861898223,Accelerometer,-7.6380005,13.057051,-0.76005006
1780861898243,Accelerometer,-9.903001,11.380951,-0.06105
1780861898262,Accelerometer,-5.33505,11.185051,-0.03195
1780861898282,Accelerometer,-2.529,11.082001,-1.11195
1780861898292,Accelerometer,-1.8780001,9.892051,-1.16205
1780861898322,Accelerometer,-2.56995,8.934,-0.74100006
1780861898345,Accelerometer,-3.4770002,7.8690004,-1.0350001
1780861898360,Accelerometer,-3.8500502,5.8570504,-1.011
1780861898372,Accelerometer,-3.4309502,4.63395,-0.657
1780861898399,Accelerometer,-3.93705,8.280001,-1.047
1780861898428,Accelerometer,17.460001,32.211002,-37.63005
1780861898437,Accelerometer,30.246002,26.77905,-4.94805
1780861898454,Accelerometer,-13.99005,4.617,16.71195
1780861898476,Accelerometer,-12.505951,9.30795,9.96105
1780861898495,Accelerometer,-12.046051,-2.8830001,-12.469951
1780861898515,Accelerometer,-11.59395,7.9909506,-7.8210006
1780861898539,Accelerometer,-6.3430505,12.973051,0.32805002
1780861898557,Accelerometer,-4.425,6.762,-2.5129502
1780861898575,Accelerometer,-4.42005,8.785951,-6.0490503
1780861898593,Accelerometer,-2.1360002,10.714951,-4.0350003
1780861898612,Accelerometer,0.06795,11.103001,-0.16095
1780861898632,Accelerometer,-0.27600002,9.135,-0.71205
1780861898660,Accelerometer,-2.09505,8.78295,-3.4459503
1780861898671,Accelerometer,-3.3330002,10.255951,-5.9749503
1780861898690,Accelerometer,-3.62295,9.849001,-3.4320002
1780861898710,Accelerometer,-2.0070002,9.00105,-1.12905
1780861898728,Accelerometer,0.06795,8.85495,-1.8900001
1780861898753,Accelerometer,-0.68505,8.7949505,-2.32605
1780861898771,Accelerometer,-2.57205,9.34605,-3.3649502
1780861898788,Accelerometer,-4.2049503,9.885,-4.7899504
1780861898806,Accelerometer,-4.56405,10.155001,-4.39905
1780861898826,Accelerometer,-2.1460502,9.978001,-3.2359502
1780861898845,Accelerometer,1.14795,10.49505,-2.877
1780861898872,Accelerometer,2.8530002,11.08695,-4.842
1780861898890,Accelerometer,2.9869502,11.692051,-5.7310505
1780861898903,Accelerometer,-0.41205,11.259001,-4.05495
1780861898923,Accelerometer,-2.3110502,11.652,-3.5299501
1780861898937,Accelerometer,-1.08,12.26895,-4.60305
1780861898962,Accelerometer,1.3110001,14.392951,-4.62405
1780861898986,Accelerometer,1.8589501,16.833,-4.90005
1780861899002,Accelerometer,3.38595,18.87795,-7.3969502
1780861899018,Accelerometer,7.7850003,19.28895,-7.938
1780861899039,Accelerometer,10.773001,18.403051,-1.485
1780861899058,Accelerometer,4.782,14.833951,1.5109501
1780861899079,Accelerometer,-4.58505,11.170051,-6.30495
1780861899093,Accelerometer,-11.412001,7.32,-8.920051
1780861899119,Accelerometer,-18.271051,6.02505,6.1060505
1780861899136,Accelerometer,-8.62695,2.7540002,0.14595
1780861899156,Accelerometer,0.94695,-1.84905,-1.46595
1780861899173,Accelerometer,7.0020003,-1.863,0.56100005
1780861899195,Accelerometer,5.8840504,0.93195003,1.09695
1780861899218,Accelerometer,-0.22800002,2.601,0.35700002
1780861899234,Accelerometer,-3.144,2.841,0.82395005
1780861899253,Accelerometer,-3.3019502,4.0470004,0.34305
1780861899272,Accelerometer,-0.74505,5.8890004,-0.84405005
1780861899292,Accelerometer,1.5169501,8.71905,0.38295
1780861899312,Accelerometer,1.4059501,11.425951,2.33205
1780861899335,Accelerometer,-0.22800002,14.596951,-2.3860502
1780861899356,Accelerometer,-2.1700501,19.716002,-3.111
1780861899370,Accelerometer,-4.257,19.837952,2.2150502
1780861899389,Accelerometer,-1.81305,18.825,1.69305
1780861899409,Accelerometer,-0.762,17.19,-1.00905
1780861899428,Accelerometer,-1.605,17.565,-2.319
1780861899452,Accelerometer,-6.66405,15.990001,-6.23295
1780861899468,Accelerometer,-18.72405,12.946951,-2.93595
1780861899487,Accelerometer,-19.54305,12.24495,1.14195
1780861899506,Accelerometer,-8.13105,11.734951,-2.62995
1780861899525,Accelerometer,-2.9839501,12.07995,-0.91800004
1780861899550,Accelerometer,-2.96895,9.748051,-1.11
1780861899568,Accelerometer,-7.2840004,7.8090005,-2.50305
1780861899574,Accelerometer,-6.5269504,6.7170005,-6.7579503
1780861899603,Accelerometer,42.793953,27.487051,-3.219
1780861899622,Accelerometer,7.9860005,17.865002,5.826
1780861899642,Accelerometer,-4.90395,8.625,-3.1930501
1780861899655,Accelerometer,-9.85305,3.42,-9.967951
1780861899681,Accelerometer,-17.215052,5.754,3.8050501
1780861899702,Accelerometer,-9.036,9.97305,-3.3700502
1780861899720,Accelerometer,-3.4980001,11.11305,-4.43505
1780861899737,Accelerometer,1.88505,9.40995,-6.02295
1780861899758,Accelerometer,3.3409503,9.33405,-3.2430003
1780861899783,Accelerometer,-1.9450501,9.769951,-2.04795
1780861899802,Accelerometer,-4.80795,9.52305,-1.2409501
1780861899820,Accelerometer,-4.5420003,8.89605,-2.33505
1780861899836,Accelerometer,-2.16195,9.121051,-3.8490002
1780861899855,Accelerometer,-0.35205,9.625951,-3.9610503
1780861899875,Accelerometer,-0.57000005,9.556951,-3.4459503
1780861899904,Accelerometer,-1.8180001,9.295951,-3.65895
1780861899916,Accelerometer,-2.67705,9.003,-3.3600001
1780861899933,Accelerometer,-2.60505,8.812051,-2.46
1780861899953,Accelerometer,-0.93900007,9.01095,-1.5790501
1780861899972,Accelerometer,-0.33795002,9.633,-3.0229502
1780861899992,Accelerometer,-0.66405004,9.967951,-4.3969502
1780861900017,Accelerometer,-1.6360501,9.774,-4.0090504
1780861900034,Accelerometer,-2.289,9.613951,-4.25295
1780861900053,Accelerometer,-0.48405004,10.063951,-5.0070004
1780861900069,Accelerometer,0.22095,10.372951,-3.7069502
1780861900088,Accelerometer,0.60195005,10.500001,-4.32495
1780861900108,Accelerometer,-0.012,11.259001,-4.82805
1780861900135,Accelerometer,-1.2,11.331,-3.6499503
1780861900147,Accelerometer,-0.9990001,11.553,-3.9280503
1780861900166,Accelerometer,-0.55095005,12.013051,-4.0740004
1780861900186,Accelerometer,-1.023,12.67395,-3.1060503
1780861900205,Accelerometer,-0.43395,14.206051,-3.13995
1780861900215,Accelerometer,0.85605,15.394051,-5.07495
1780861900244,Accelerometer,2.4480002,17.00805,-6.73395
1780861900266,Accelerometer,4.1929502,15.801001,-6.5880003
1780861900283,Accelerometer,6.2050505,14.187,-2.901
1780861900296,Accelerometer,5.295,15.70005,-2.50305
1780861900322,Accelerometer,-0.94095004,12.043951,-4.2769504
1780861900342,Accelerometer,-6.32595,8.059951,-4.3510504
1780861900370,Accelerometer,-16.593,6.83895,-5.23005
1780861900379,Accelerometer,-10.16205,5.80695,1.09905
1780861900400,Accelerometer,2.60805,1.7820001,0.96300006
1780861900419,Accelerometer,6.6000004,-0.40695003,0.04095
1780861900438,Accelerometer,7.3630505,1.7869501,-0.015000001
1780861900463,Accelerometer,0.60405004,3.45795,-1.644
1780861900481,Accelerometer,-3.35505,3.8490002,-1.251
1780861900497,Accelerometer,-3.9510002,5.24205,-1.3470001
1780861900516,Accelerometer,-2.7510002,6.4609504,-1.6339501
1780861900536,Accelerometer,-0.50295,8.23305,-1.0710001
1780861900555,Accelerometer,-1.3480501,10.114051,0.333
1780861900581,Accelerometer,-2.18205,13.023001,-4.56495
1780861900600,Accelerometer,-3.3640501,15.1710005,-1.6819501
1780861900613,Accelerometer,-4.2169504,15.74295,2.364
1780861900633,Accelerometer,0.609,17.75205,-0.15900001
1780861900647,Accelerometer,1.284,17.410051,-0.15900001
1780861900671,Accelerometer,-1.5499501,17.77605,-2.4820502
1780861900695,Accelerometer,-5.493,17.101051,-3.62595
1780861900712,Accelerometer,-14.128951,13.60095,-1.72695
1780861900730,Accelerometer,-18.12795,11.460001,-0.92505
1780861900749,Accelerometer,-10.078051,11.2879505,-1.4110501
1780861900769,Accelerometer,-6.74805,11.215951,-1.9039501
1780861900788,Accelerometer,-6.123,9.97095,-1.6480501
1780861900814,Accelerometer,-8.658,9.469951,-5.2450504
1780861900833,Accelerometer,-6.5010004,13.773001,-2.637
1780861900846,Accelerometer,19.320002,23.51505,-9.70695
1780861900859,Accelerometer,21.98505,16.572,11.955001
1780861900885,Accelerometer,1.1410501,5.841,-0.37500003
1780861900905,Accelerometer,-8.136001,4.22205,-7.38495
1780861900928,Accelerometer,-13.104001,7.2769504,-2.115
1780861900945,Accelerometer,-14.93805,10.99995,1.8079501
1780861900963,Accelerometer,-4.914,10.5070505,-2.3809502
1780861900982,Accelerometer,-2.1049502,8.82405,-5.9560504
1780861901002,Accelerometer,2.49105,10.632001,-5.6800504
1780861901017,Accelerometer,3.3960001,10.725,0.321
1780861901041,Accelerometer,-2.04495,9.003,-2.364
1780861901067,Accelerometer,-4.557,8.845051,-3.6139503
1780861901080,Accelerometer,-3.3640501,9.255,-3.63105
1780861901096,Accelerometer,-1.023,9.387,-3.5490003
1780861901119,Accelerometer,0.31905,9.66405,-2.7520502
1780861901138,Accelerometer,0.14895001,9.727051,-2.84505
1780861901160,Accelerometer,-1.54005,9.31995,-3.183
1780861901178,Accelerometer,-2.4550502,9.25695,-3.4459503
1780861901196,Accelerometer,-1.401,9.52995,-3.0540001
1780861901215,Accelerometer,-0.65205,9.37695,-2.424
1780861901235,Accelerometer,-0.82905006,9.07995,-1.3990501
1780861901259,Accelerometer,-1.35105,9.63105,-3.4060502
1780861901278,Accelerometer,-1.401,10.404,-4.5880504
1780861901298,Accelerometer,-0.50295,10.371,-4.2340503
1780861901313,Accelerometer,0.11595,10.27005,-4.3510504
1780861901332,Accelerometer,-0.015000001,10.94505,-4.21995
1780861901352,Accelerometer,0.094050005,11.224951,-3.657
1780861901381,Accelerometer,0.11805001,11.364,-3.38895
1780861901393,Accelerometer,-0.16605,11.58495,-4.13595
1780861901409,Accelerometer,-1.092,11.92905,-4.737
1780861901430,Accelerometer,-1.9210501,12.937051,-3.0870001
1780861901449,Accelerometer,-1.1329501,14.460001,-2.529
1780861901468,Accelerometer,1.1209501,15.199951,-4.0020003
1780861901491,Accelerometer,3.0540001,16.320002,-5.0340004
1780861901498,Accelerometer,3.8530502,16.785,-6.19995
1780861901526,Accelerometer,6.5830503,16.633951,-5.6590505
1780861901546,Accelerometer,8.857051,16.380001,-3.0370502
1780861901565,Accelerometer,2.0269501,13.167001,-1.88505
1780861901577,Accelerometer,-6.9970503,8.223001,-7.51695
1780861901608,Accelerometer,-11.634001,5.4619503,-5.8690505
1780861901625,Accelerometer,-17.00205,5.6280003,5.77995
1780861901642,Accelerometer,-7.32705,2.28705,-1.3039501
1780861901658,Accelerometer,2.76195,-0.324,-3.2719502
1780861901682,Accelerometer,8.268001,-0.28305,0.40500003
1780861901701,Accelerometer,4.9120502,1.2030001,0.46500003
1780861901725,Accelerometer,-0.62100005,2.52495,-3.01095
1780861901743,Accelerometer,-3.9799502,2.802,-2.39805
1780861901762,Accelerometer,-4.87305,3.5490003,-1.8349501
1780861901779,Accelerometer,-2.1340501,4.62195,-2.766
1780861901799,Accelerometer,0.31695002,7.28205,-2.328
1780861901818,Accelerometer,-0.67995006,9.612,-1.21695
1780861901847,Accelerometer,-1.8060001,12.525001,-6.2449503
1780861901858,Accelerometer,-3.9919503,15.942,-5.1660004
1780861901876,Accelerometer,-6.168,16.64805,-2.52705
1780861901891,Accelerometer,-3.0199502,18.72195,-2.874
1780861901916,Accelerometer,-3.9750001,18.025051,-0.50595003
1780861901938,Accelerometer,-5.1550503,17.781,-1.4830501
1780861901956,Accelerometer,-6.4339504,16.789951,-4.01895
1780861901974,Accelerometer,-14.862,12.672001,-1.55505
1780861901993,Accelerometer,-18.29805,11.866951,-0.50595003
1780861902007,Accelerometer,-10.614,11.974951,-0.79605
1780861902032,Accelerometer,-6.7039504,13.663051,-1.8250501
1780861902057,Accelerometer,-4.30305,14.860051,-0.78405005
1780861902077,Accelerometer,6.183,15.942,-0.08505
1780861902090,Accelerometer,31.495052,21.83205,6.9490504
1780861902109,Accelerometer,4.3440003,9.8890505,2.6560502
1780861902129,Accelerometer,-5.5930505,4.89195,-7.9450502
1780861902143,Accelerometer,-10.50405,3.3940501,-8.22105
1780861902168,Accelerometer,-19.732052,7.8370504,-5.4820504
1780861902191,Accelerometer,-12.159,12.280951,-0.135
1780861902206,Accelerometer,-4.104,9.196951,-3.3360002
1780861902223,Accelerometer,1.4110501,8.814,-4.572
1780861902245,Accelerometer,5.7259502,11.64,-2.63205
1780861902259,Accelerometer,4.74405,10.509001,1.12995
1780861902284,Accelerometer,-2.46405,8.14395,-3.7360501
1780861902302,Accelerometer,-5.1790504,8.58405,-4.794
1780861902322,Accelerometer,-3.8890502,9.21195,-5.7330003
1780861902342,Accelerometer,-1.8420001,9.597,-4.54995
1780861902361,Accelerometer,-0.10305001,9.50895,-1.35405
1780861902378,Accelerometer,-0.29700002,9.255,-2.32605
1780861902401,Accelerometer,-1.1659501,9.741,-3.4129503
1780861902424,Accelerometer,-1.2550501,9.528001,-3.0970502
1780861902441,Accelerometer,-1.3560001,9.36495,-3.0679502
1780861902459,Accelerometer,-1.6720501,9.351001,-2.7259502
1780861902478,Accelerometer,-1.41795,9.35805,-3.9559503
1780861902498,Accelerometer,-1.7389501,9.633,-4.28895
1780861902523,Accelerometer,-1.245,10.014001,-3.86295
1780861902543,Accelerometer,-1.593,9.825001,-3.114
1780861902556,Accelerometer,-1.18095,10.5070505,-3.279
1780861902576,Accelerometer,-0.56505,11.11005,-4.5
1780861902595,Accelerometer,-0.36705002,11.173051,-3.8200502
1780861902615,Accelerometer,-0.46695003,11.745001,-3.7909503
1780861902638,Accelerometer,-1.57605,11.41695,-4.44495
1780861902655,Accelerometer,-1.57305,11.853001,-3.6330001
1780861902673,Accelerometer,-0.19905001,13.921051,-3.4609501
1780861902692,Accelerometer,1.4929501,16.399052,-5.4820504
1780861902711,Accelerometer,2.4049501,18.549002,-7.4809504
1780861902731,Accelerometer,5.2639503,17.82195,-6.7000504
1780861902755,Accelerometer,8.698951,16.332,-3.1710002
1780861902775,Accelerometer,9.35295,16.90695,-0.24795002
1780861902786,Accelerometer,2.232,12.21405,-2.295
1780861902809,Accelerometer,-6.5460005,7.04505,-6.6600003
1780861902829,Accelerometer,-14.248951,5.38605,-9.142051
1780861902859,Accelerometer,-19.324951,5.09595,6.32805
1780861902860,Accelerometer,-6.4410005,0.966,-1.2889501
1780861902887,Accelerometer,2.22495,-0.92505,-5.1319504
1780861902906,Accelerometer,6.4440002,-0.03195,-1.50705
1780861902925,Accelerometer,5.9290504,1.42095,3.2020502
1780861902940,Accelerometer,0.528,2.81205,-0.717
1780861902964,Accelerometer,-2.96895,2.6160002,-1.3560001
1780861902987,Accelerometer,-2.7829502,3.5370002,-2.058
1780861903007,Accelerometer,-2.15505,4.8349504,-2.6899502
1780861903020,Accelerometer,1.1890501,8.51295,-0.882
1780861903042,Accelerometer,1.2870001,10.9810505,-1.11
1780861903061,Accelerometer,-1.26195,13.833,-6.8509502
1780861903092,Accelerometer,-4.70295,18.19005,-6.6000004
1780861903102,Accelerometer,-8.158051,17.68995,-3.6379502
1780861903120,Accelerometer,-7.2790504,17.275951,-2.7900002
1780861903140,Accelerometer,-6.714,15.70005,-3.01305
1780861903158,Accelerometer,-3.4510503,15.660001,-3.0250502
1780861903178,Accelerometer,-4.1740503,15.265051,-2.055
1780861903203,Accelerometer,-10.011001,13.300951,-1.014
1780861903221,Accelerometer,-14.352,12.525001,0.46005002
1780861903240,Accelerometer,-9.894,12.339001,-0.14205001
1780861903256,Accelerometer,-5.3040004,11.27595,0.43905002
1780861903275,Accelerometer,-5.919,11.77095,0.051000003
1780861903295,Accelerometer,-10.387051,10.825951,-2.4499502
1780861903325,Accelerometer,25.948051,19.821001,-15.001051
1780861903334,Accelerometer,23.79495,20.283,14.75205
1780861903352,Accelerometer,2.46195,9.327001,0.324
1780861903373,Accelerometer,-8.694,5.32095,-11.352
1780861903392,Accelerometer,-12.211051,4.9879503,-3.9229503
1780861903412,Accelerometer,-17.48595,8.710951,0.822
1780861903437,Accelerometer,-7.07595,11.082001,-2.3689501
1780861903453,Accelerometer,-2.60805,8.946,-4.4710503
1780861903471,Accelerometer,2.4499502,10.2289505,-5.8380003
1780861903489,Accelerometer,5.0389504,10.960051,-0.693
1780861903501,Accelerometer,-1.03005,9.4459505,-1.77495
1780861903528,Accelerometer,-4.79895,8.359051,-1.9860001
1780861903556,Accelerometer,-4.248,9.003,-2.33505
1780861903568,Accelerometer,-1.2360001,9.47295,-3.8220003
1780861903583,Accelerometer,0.14895001,9.636001,-4.2130504
1780861903605,Accelerometer,-0.72795004,9.762,-3.1039503
1780861903625,Accelerometer,-2.43495,8.89305,-2.76195
1780861903650,Accelerometer,-3.762,8.73795,-2.6230502
1780861903668,Accelerometer,-2.22,9.184951,-2.4840002
1780861903684,Accelerometer,-0.01695,9.97605,-2.9320502
1780861903704,Accelerometer,-0.324,9.96405,-1.8420001
1780861903722,Accelerometer,-2.02095,9.36705,-2.2420502
1780861903741,Accelerometer,-2.6749501,9.621,-4.39905
1780861903767,Accelerometer,-2.2729502,9.897,-5.0070004
1780861903788,Accelerometer,-0.47700003,10.2960005,-3.9559503
1780861903799,Accelerometer,0.87495005,10.567051,-3.6070502
1780861903819,Accelerometer,0.92805004,11.0119505,-3.219
1780861903839,Accelerometer,-0.14595,11.125051,-3.3940501
1780861903858,Accelerometer,-1.2240001,11.56305,-4.4689503
1780861903880,Accelerometer,-1.4320501,12.22395,-4.7800503
1780861903898,Accelerometer,-0.62100005,13.16205,-2.9560502
1780861903917,Accelerometer,0.64305,14.484001,-2.5080001
1780861903938,Accelerometer,2.01495,16.08105,-4.4110503
1780861903955,Accelerometer,2.4859502,17.08695,-5.9050503
1780861903975,Accelerometer,2.874,17.473951,-6.7650003
1780861904000,Accelerometer,5.247,17.095951,-5.472
1780861904020,Accelerometer,10.38,14.962951,-5.09805
1780861904032,Accelerometer,3.24795,11.2879505,-1.0900501
1780861904053,Accelerometer,-8.742001,8.319,-5.2969503
1780861904064,Accelerometer,-17.53095,3.62805,-4.998
1780861904091,Accelerometer,-14.65095,4.39905,4.0300503
1780861904114,Accelerometer,-3.4650002,-0.012,-0.84405005
1780861904132,Accelerometer,5.9340005,-1.79595,-0.86505
1780861904149,Accelerometer,9.04695,-0.52500004,1.79595
1780861904169,Accelerometer,3.9180002,2.115,-0.59205
1780861904188,Accelerometer,-1.83405,2.505,-1.7370001
1780861904208,Accelerometer,-4.26,3.3390002,-2.091
1780861904222,Accelerometer,-4.3819504,4.4880004,-1.557
1780861904249,Accelerometer,-1.6570501,5.9170504,-1.8040501
1780861904265,Accelerometer,0.16905001,9.03195,-0.123
1780861904285,Accelerometer,-0.37395,11.953051,-3.01305
1780861904302,Accelerometer,-3.3619502,14.436001,-6.59205
1780861904325,Accelerometer,-6.42705,16.918951,-3.2959502
1780861904345,Accelerometer,-6.5850005,16.76295,-0.717
1780861904363,Accelerometer,-4.21005,16.51905,-0.94005007
1780861904383,Accelerometer,-1.5780001,15.87705,1.6810501
1780861904402,Accelerometer,0.96105003,16.572,1.6620001
1780861904421,Accelerometer,-0.17295001,16.063951,-1.23405
1780861904441,Accelerometer,-6.1780505,13.689001,-2.53905
1780861904465,Accelerometer,-13.405951,12.355051,-0.79605
1780861904485,Accelerometer,-13.303051,11.41005,0.012
1780861904499,Accelerometer,-6.67995,10.43805,-1.7730001
1780861904519,Accelerometer,-4.236,10.372951,-3.2290502
1780861904529,Accelerometer,-9.726001,12.516001,-5.4739504
1780861904558,Accelerometer,4.2840004,15.837001,-8.53695
1780861904579,Accelerometer,15.751051,19.536001,-0.96795005
1780861904598,Accelerometer,8.043,10.873051,6.33795
1780861904616,Accelerometer,-0.14595,6.3889503,-3.6040502
1780861904635,Accelerometer,-7.69995,7.0810504,-8.079
1780861904654,Accelerometer,-12.0720005,9.280951,-0.078
1780861904680,Accelerometer,-7.8250504,10.531051,0.32595003
1780861904698,Accelerometer,-5.55495,8.901,-3.4729502
1780861904703,Accelerometer,-2.493,9.52095,-4.56195
1780861904733,Accelerometer,0.97305006,10.476001,-3.7860003
1780861904752,Accelerometer,0.588,9.777,-1.11
1780861904772,Accelerometer,-1.6170001,8.862,-2.9320502
1780861904784,Accelerometer,-2.6509502,9.01095,-3.3390002
1780861904810,Accelerometer,-2.04795,9.50895,-2.8500001
1780861904831,Accelerometer,-1.131,9.561001,-2.5440001
1780861904849,Accelerometer,-0.549,9.468,-2.7210002
1780861904867,Accelerometer,-0.91695005,9.451051,-3.5350502
1780861904888,Accelerometer,-1.9570501,9.121051,-4.01595
1780861904912,Accelerometer,-2.59095,9.207001,-3.039
1780861904930,Accelerometer,-2.148,9.351001,-2.7160501
1780861904948,Accelerometer,-1.3990501,9.568951,-2.802
1780861904965,Accelerometer,-1.10895,9.36495,-2.73495
1780861904985,Accelerometer,-1.5109501,9.23805,-2.6470501
1780861905005,Accelerometer,-1.8030001,9.703051,-3.8220003
1780861905033,Accelerometer,-1.9039501,10.033051,-4.56495
1780861905045,Accelerometer,-1.866,9.825001,-3.73095
1780861905062,Accelerometer,-0.40305,10.1959505,-3.59505
1780861905083,Accelerometer,0.61905,10.79205,-3.31695
1780861905101,Accelerometer,0.43395,10.858951,-2.84505
1780861905121,Accelerometer,0.003,11.248951,-4.51905
1780861905131,Accelerometer,-1.19805,11.54895,-4.833
1780861905161,Accelerometer,-1.5640501,11.556001,-3.5130002
1780861905184,Accelerometer,-0.42900002,12.748051,-2.9869502
1780861905199,Accelerometer,0.34800002,14.248951,-4.37295
1780861905210,Accelerometer,0.109050006,15.588,-4.94805
1780861905238,Accelerometer,0.64305,16.64805,-5.0290504
1780861905266,Accelerometer,2.6419501,17.740051,-5.9029503
1780861905276,Accelerometer,6.0319505,17.379002,-6.1380005
1780861905296,Accelerometer,10.573951,14.950951,-5.2759504
1780861905315,Accelerometer,1.8349501,9.95205,2.7630002
1780861905335,Accelerometer,-10.16205,7.1929502,-3.90105
1780861905354,Accelerometer,-17.376001,3.5659502,-6.54195
1780861905376,Accelerometer,-14.269951,3.7480502,5.6290503
1780861905395,Accelerometer,-4.557,0.19995001,-1.143
1780861905415,Accelerometer,4.806,-1.9660501,-1.1340001
1780861905424,Accelerometer,9.87495,-0.70395005,1.4440501
1780861905451,Accelerometer,5.0389504,1.71,-0.054
1780861905476,Accelerometer,-1.00605,2.28495,-2.7450001
1780861905497,Accelerometer,-4.413,2.4120002,-1.2919501
1780861905507,Accelerometer,-5.77995,3.90105,-1.24395
1780861905529,Accelerometer,-4.20195,4.806,-2.45805
1780861905548,Accelerometer,-0.30900002,7.1310005,-1.7869501
1780861905568,Accelerometer,2.6230502,10.179001,-0.19995001
1780861905593,Accelerometer,0.33900002,13.12905,-5.3880005
1780861905611,Accelerometer,-2.766,17.869951,-6.1399503
1780861905626,Accelerometer,-5.66295,18.612001,-2.19195
1780861905645,Accelerometer,-5.27505,17.697,-1.31295
1780861905665,Accelerometer,-3.4120502,17.29005,-1.3990501
1780861905685,Accelerometer,-1.6840501,16.11495,1.0009501
1780861905710,Accelerometer,-4.6600504,14.592001,-1.2919501
1780861905731,Accelerometer,-8.92395,12.934951,-1.215
1780861905743,Accelerometer,-11.562,13.270051,1.09905
1780861905762,Accelerometer,-7.5760503,12.739051,-1.8970501
1780861905782,Accelerometer,-4.7719502,14.668051,1.059
1780861905801,Accelerometer,-8.160001,20.637001,-0.597
1780861905824,Accelerometer,13.873051,20.913,-4.7470503
1780861905841,Accelerometer,11.50605,11.151001,3.108
1780861905860,Accelerometer,0.52500004,3.38595,0.16605
1780861905879,Accelerometer,-6.4480505,3.4510503,-5.3760004
1780861905898,Accelerometer,-12.918,8.84805,-8.995951
1780861905918,Accelerometer,-13.630951,12.694951,4.4029503
1780861905943,Accelerometer,-4.08705,9.85095,-0.66705
1780861905960,Accelerometer,-3.7879503,7.87095,-5.2710004
1780861905976,Accelerometer,1.2910501,11.13405,-6.3910503
1780861905989,Accelerometer,6.18795,11.412001,-0.25695002
1780861906015,Accelerometer,-0.24195,8.175,-1.15695
1780861906034,Accelerometer,-4.39905,7.5930004,-5.3880005
1780861906056,Accelerometer,-5.2650003,9.552,-4.44705
1780861906073,Accelerometer,-3.759,9.56595,-2.59905
1780861906093,Accelerometer,-1.11105,8.98005,-1.54305
1780861906112,Accelerometer,-0.40005,9.525001,-2.8600502
1780861906131,Accelerometer,-1.18095,9.68805,-4.0950003
1780861906146,Accelerometer,-2.469,9.303,-3.4939501
1780861906171,Accelerometer,-2.4520502,9.36705,-2.7859502
1780861906197,Accelerometer,-1.22895,9.52995,-3.1729503
1780861906209,Accelerometer,-0.25905,9.616051,-3.5400002
1780861906226,Accelerometer,-1.1590501,9.399,-2.4
1780861906248,Accelerometer,-1.6690501,9.159,-3.24795
1780861906278,Accelerometer,-1.9369501,9.624001,-4.6650004
1780861906290,Accelerometer,-1.7890501,9.727051,-4.69605
1780861906305,Accelerometer,-1.84905,9.753,-3.2359502
1780861906325,Accelerometer,-1.128,10.087951,-2.87205
1780861906344,Accelerometer,-0.62100005,10.830001,-4.16895
1780861906364,Accelerometer,-0.822,10.90005,-3.5659502
1780861906389,Accelerometer,-0.69000006,11.058001,-3.8890502
1780861906407,Accelerometer,-0.609,11.512951,-4.40205
1780861906426,Accelerometer,-0.58005005,12.49695,-3.7240503
1780861906442,Accelerometer,0.588,14.644051,-3.6330001
1780861906461,Accelerometer,1.38495,16.21005,-4.10505
1780861906481,Accelerometer,2.4139502,17.671051,-5.0149503
1780861906511,Accelerometer,2.6749501,18.32895,-5.1940503
1780861906523,Accelerometer,3.2569501,17.97495,-6.02295
1780861906540,Accelerometer,7.8469505,16.821001,-5.4310503
1780861906559,Accelerometer,1.8420001,12.360001,-1.35405
1780861906578,Accelerometer,-3.5850003,7.7029505,-3.657
1780861906598,Accelerometer,-9.38805,4.99095,-4.0069504
1780861906620,Accelerometer,-21.628052,3.1930501,2.433
1780861906627,Accelerometer,-11.65305,1.23405,-0.76005006
1780861906656,Accelerometer,-1.72905,-1.8540001,1.45605
1780861906675,Accelerometer,4.6480503,-2.091,0.90495
1780861906695,Accelerometer,6.9469504,-0.252,1.14705
1780861906707,Accelerometer,2.118,1.1689501,0.60105
1780861906738,Accelerometer,-2.3130002,1.3630501,-0.13800001
1780861906754,Accelerometer,-3.62295,2.3500502,0.09900001
1780861906772,Accelerometer,-3.31905,3.65895,-0.06105
1780861906787,Accelerometer,-1.9110001,5.1919503,-0.89895004
1780861906811,Accelerometer,0.58500004,8.3230505,-0.35295
1780861906831,Accelerometer,0.71400005,10.099951,4.3440003
1780861906853,Accelerometer,-0.48900002,13.782001,-1.6360501
1780861906871,Accelerometer,-1.7320501,19.573952,-3.4420502
1780861906890,Accelerometer,-4.30305,19.64595,-0.62100005
1780861906909,Accelerometer,-0.79305005,19.725,-0.64500004
1780861906928,Accelerometer,-2.502,16.383001,-1.059
1780861906948,Accelerometer,-5.4040504,15.351001,1.2600001
1780861906976,Accelerometer,-7.53,14.652,-2.6590502
1780861906987,Accelerometer,-12.819,12.87705,-0.9799501
1780861907005,Accelerometer,-11.854951,12.36495,-0.37005
1780861907025,Accelerometer,-7.2739506,11.652,-1.074
1780861907044,Accelerometer,-5.3920503,12.013051,-0.31905
1780861907064,Accelerometer,-11.875951,9.408,-3.48495
1780861907086,Accelerometer,12.694951,14.10105,-14.27595
1780861907105,Accelerometer,29.51505,23.035952,5.7180004
1780861907122,Accelerometer,8.142,10.65795,4.06605
1780861907142,Accelerometer,-2.9839501,3.7840502,-7.8229504
1780861907161,Accelerometer,-9.34095,7.866,-8.86695
1780861907186,Accelerometer,-25.02795,9.609,3.7879503
1780861907208,Accelerometer,-13.49205,9.95205,0.027
1780861907219,Accelerometer,-6.2779503,8.544001,-3.9490502
1780861907239,Accelerometer,0.61200005,10.090051,-6.1330504
1780861907259,Accelerometer,4.62195,10.75395,-5.3590503
1780861907272,Accelerometer,2.4120002,9.880051,-0.57105005
1780861907297,Accelerometer,-3.72795,8.08605,-1.7029501
1780861907320,Accelerometer,-7.3099504,8.74005,-2.55795
1780861907337,Accelerometer,-5.1720004,9.328951,-3.2719502
1780861907355,Accelerometer,0.09705,10.251,-2.87895
1780861907374,Accelerometer,1.96695,9.81,-3.9589503
1780861907394,Accelerometer,-0.17505,9.127951,-3.5040002
1780861907419,Accelerometer,-2.94495,8.742001,-2.18895
1780861907439,Accelerometer,-3.5659502,9.24495,-2.355
1780861907452,Accelerometer,-2.232,10.083,-2.7469501
1780861907472,Accelerometer,-1.00605,9.942,-3.55395
1780861907491,Accelerometer,-0.40695003,10.596001,-4.1860504
1780861907508,Accelerometer,-0.30495003,11.047951,-2.709
1780861907531,Accelerometer,0.99495006,10.75395,-2.0650501
1780861907552,Accelerometer,2.2470002,11.304001,-4.26
1780861907569,Accelerometer,1.8520501,11.689951,-5.5080004
1780861907588,Accelerometer,-1.1659501,11.434051,-3.83205
1780861907608,Accelerometer,-2.469,11.689951,-4.5139503
1780861907627,Accelerometer,-1.8970501,11.982,-4.65105
1780861907653,Accelerometer,-0.060000002,12.880051,-3.9829502
1780861907672,Accelerometer,1.1530501,14.503051,-4.05195
1780861907685,Accelerometer,2.12205,16.41105,-6.4459505
1780861907705,Accelerometer,4.18905,17.130001,-8.470051
1780861907725,Accelerometer,7.51695,17.122952,-5.0940003
1780861907744,Accelerometer,7.3710003,17.21595,-3.3430502
1780861907766,Accelerometer,0.38595003,14.956051,-3.5419502
1780861907784,Accelerometer,-4.99305,10.258051,-7.9669504
1780861907802,Accelerometer,-8.85495,7.2439504,-1.983
1780861907821,Accelerometer,-13.726951,7.38495,8.89995
1780861907841,Accelerometer,-5.4469504,4.22205,-1.45395
1780861907861,Accelerometer,0.76005006,-1.0200001,-0.46995002
1780861907885,Accelerometer,5.4220505,-1.88505,0.36405003
1780861907905,Accelerometer,1.15005,0.13305001,-1.16505
1780861907913,Accelerometer,-2.7799501,1.8589501,-3.8059502
1780861907938,Accelerometer,-6.08895,2.55795,-1.39005
1780861907957,Accelerometer,-6.58995,2.33295,0.333
1780861907967,Accelerometer,-3.5440502,3.31695,-1.3110001
1780861907989,Accelerometer,-0.80700004,5.5200005,-2.32605
1780861908016,Accelerometer,2.328,7.66305,-0.91995007
1780861908036,Accelerometer,0.022950001,10.737,-3.8080502
1780861908054,Accelerometer,-2.94105,15.163951,-5.328
1780861908069,Accelerometer,-5.754,17.640001,-1.15695
1780861908094,Accelerometer,-4.25295,17.539051,1.9920001
1780861908117,Accelerometer,-0.51495004,16.725,0.40305
1780861908137,Accelerometer,1.33905,17.497952,0.47700003
1780861908149,Accelerometer,-1.2220501,18.114,-3.0630002
1780861908171,Accelerometer,-11.673,14.829,-2.2999501
1780861908192,Accelerometer,-21.609001,11.41005,0.32595003
1780861908223,Accelerometer,-13.67895,11.92905,-0.58995
1780861908231,Accelerometer,-6.261,12.130051,-2.2110002
1780861908248,Accelerometer,-5.2489505,11.055,-1.761
1780861908269,Accelerometer,-7.2430506,6.477,-4.13595
1780861908288,Accelerometer,-10.068001,8.86005,-6.24795
1780861908307,Accelerometer,9.561001,14.589001,-16.147951
1780861908331,Accelerometer,46.785004,21.640951,32.461952
1780861908348,Accelerometer,5.769,13.557001,-4.82805
1780861908367,Accelerometer,-7.1950502,6.8220005,-5.3830504
1780861908385,Accelerometer,-11.059951,3.5779502,-4.083
1780861908404,Accelerometer,-18.891,5.56995,-0.80805004
1780861908424,Accelerometer,-8.533951,11.41905,-3.1330502
1780861908453,Accelerometer,-1.61205,10.99995,-5.37405
1780861908465,Accelerometer,3.8200502,9.5449505,-8.022
1780861908482,Accelerometer,1.6360501,9.774,-3.3940501
1780861908502,Accelerometer,-3.46005,9.65205,-0.29295
1780861908521,Accelerometer,-4.578,9.26895,-1.26795
1780861908540,Accelerometer,-3.6160502,8.922001,-2.8620002
1780861908550,Accelerometer,-1.6999501,9.52095,-3.999
1780861908580,Accelerometer,-0.16800001,9.946951,-3.7150502
1780861908602,Accelerometer,0.18300001,9.68295,-3.48705
1780861908618,Accelerometer,-1.4250001,9.298051,-3.9829502
1780861908630,Accelerometer,-3.5320501,8.922001,-3.3670502
1780861908658,Accelerometer,-3.24195,8.74995,-2.1010501
1780861908686,Accelerometer,-1.33905,9.102,-2.364
1780861908696,Accelerometer,-0.68805003,9.40095,-2.4070501
1780861908712,Accelerometer,-0.73305005,9.54705,-3.8730001
1780861908735,Accelerometer,-1.22895,9.573001,-4.7509503
1780861908754,Accelerometer,-2.60805,9.291,-4.04295
1780861908778,Accelerometer,-1.91295,9.492001,-4.2769504
1780861908797,Accelerometer,0.18105,10.28205,-4.1530504
1780861908815,Accelerometer,0.882,10.50195,-4.3060503
1780861908833,Accelerometer,1.608,11.01,-4.0399504
1780861908851,Accelerometer,0.01995,10.77795,-3.6810002
1780861908870,Accelerometer,-1.5660001,10.95705,-4.21995
1780861908896,Accelerometer,-2.0359502,11.800051,-4.2169504
1780861908916,Accelerometer,-1.6020001,12.23805,-2.877
1780861908929,Accelerometer,-0.54195005,13.275001,-2.8650002
1780861908948,Accelerometer,0.53205,15.526051,-3.9469502
1780861908968,Accelerometer,1.3420501,17.767052,-4.11705
1780861908988,Accelerometer,2.805,19.60305,-4.2439504
1780861909011,Accelerometer,4.02105,21.26505,-15.937051
1780861909030,Accelerometer,14.551051,16.969051,-2.52195
1780861909046,Accelerometer,4.8780003,11.88405,2.1790502
1780861909065,Accelerometer,-5.5030503,10.066951,-11.23305
1780861909084,Accelerometer,-16.18305,6.432,-10.014001
1780861909104,Accelerometer,-12.432,2.77095,3.6709502
1780861909129,Accelerometer,-2.6200502,-2.8980002,1.6020001
1780861909148,Accelerometer,3.2980502,-3.7740002,-0.96405005
1780861909162,Accelerometer,5.7829504,-0.48600003,0.09900001
1780861909182,Accelerometer,1.87995,1.66005,-0.16395001
1780861909193,Accelerometer,-2.62695,2.436,-2.2090502
1780861909221,Accelerometer,0.94905007,5.09805,-1.9720501
1780861909243,Accelerometer,0.45105,6.2140503,-2.355
1780861909261,Accelerometer,-1.9590001,8.986951,-1.1719501
1780861909277,Accelerometer,-2.2459502,12.324,-3.3390002
1780861909298,Accelerometer,-3.6520503,14.035951,-6.2430005
1780861909318,Accelerometer,-5.7180004,15.26895,-2.505
1780861909337,Accelerometer,-5.0020504,16.80405,-1.4640001
1780861909352,Accelerometer,-2.22495,17.251951,-2.59395
1780861909379,Accelerometer,-4.9759502,16.414051,0.75900006
1780861909395,Accelerometer,-2.9569502,17.06505,-0.74295
1780861909415,Accelerometer,-3.8149502,15.967951,-1.6099501
1780861909432,Accelerometer,-10.818001,13.593,-1.3609501
1780861909454,Accelerometer,-17.364,12.340951,-1.6990501
1780861909476,Accelerometer,-17.560051,11.0119505,0.13905
1780861909494,Accelerometer,-10.9470005,10.761001,-1.299
1780861909512,Accelerometer,-9.63,11.005051,-4.69605
1780861909531,Accelerometer,-8.51505,15.286051,-2.13
1780861909551,Accelerometer,33.79605,26.55405,-17.032051
1780861909571,Accelerometer,19.407001,18.406052,15.034051
1780861909594,Accelerometer,0.60195005,7.8300004,-8.199
1780861909614,Accelerometer,-9.592051,1.21695,-8.295
1780861909628,Accelerometer,-21.559052,3.492,0.93705004
1780861909648,Accelerometer,-14.368951,11.380951,3.5269501
1780861909667,Accelerometer,-9.09195,11.350051,-4.3039503
1780861909697,Accelerometer,-2.124,9.1710005,-7.6270504
1780861909709,Accelerometer,4.6320004,11.206051,-5.32095
1780861909726,Accelerometer,3.1230001,10.255951,3.2569501
1780861909746,Accelerometer,-3.903,8.103001,-3.1380002
1780861909764,Accelerometer,-6.19395,8.73495,-2.70705
1780861909784,Accelerometer,-2.93595,9.5779505,-2.9650502
1780861909808,Accelerometer,0.112950005,9.94005,-3.48705
1780861909825,Accelerometer,0.46095002,9.85305,-3.66405
1780861909833,Accelerometer,-0.192,9.384001,-4.36305
1780861909862,Accelerometer,-2.69595,9.04395,-2.53905
1780861909881,Accelerometer,-3.4030502,8.71905,-1.9429501
1780861909901,Accelerometer,-1.38405,9.247951,-2.4820502
1780861909913,Accelerometer,-0.32805002,9.880051,-3.6709502
1780861909940,Accelerometer,-0.90105003,9.640051,-3.7120502
1780861909959,Accelerometer,-2.0710502,9.49905,-3.7770002
1780861909979,Accelerometer,-1.87995,9.916051,-4.45695
1780861909995,Accelerometer,-0.90495,10.29195,-4.122
1780861910017,Accelerometer,0.006,10.18605,-3.31695
1780861910042,Accelerometer,0.56595004,10.866,-4.8829503
1780861910061,Accelerometer,0.753,11.938951,-4.24095
1780861910075,Accelerometer,0.81000006,11.853001,-1.8250501
1780861910095,Accelerometer,1.0570501,12.243001,-2.877
1780861910114,Accelerometer,0.018000001,12.74295,-4.05
1780861910134,Accelerometer,-0.558,13.786951,-3.04395
1780861910163,Accelerometer,0.21900001,15.363001,-3.7500002
1780861910172,Accelerometer,0.38595003,17.149052,-5.17995
1780861910192,Accelerometer,0.70995003,18.516,-5.95095
1780861910212,Accelerometer,4.71105,20.791052,-6.0040503
1780861910231,Accelerometer,10.31295,17.90805,-4.6600504
1780861910251,Accelerometer,6.0540004,11.529,-0.33900002
1780861910274,Accelerometer,-1.9900501,7.17705,-8.307
1780861910292,Accelerometer,-9.85305,5.0599504,-6.4510503
1780861910309,Accelerometer,-20.84505,3.9870002,2.088
1780861910328,Accelerometer,-9.27105,0.80805004,0.381
1780861910347,Accelerometer,1.2030001,-2.08605,0.058050003
1780861910368,Accelerometer,4.25805,-1.1329501,1.04205
1780861910395,Accelerometer,4.3369503,1.30095,-0.33405003
1780861910406,Accelerometer,-0.53895,1.9620001,-1.4500501
1780861910425,Accelerometer,-3.4000502,1.9120501,-2.1390002
1780861910445,Accelerometer,-2.979,3.7069502,-3.1710002
1780861910464,Accelerometer,-1.7509501,6.1090503,-2.97495
1780861910474,Accelerometer,-0.27795002,8.72595,-1.0570501
1780861910503,Accelerometer,-1.5469501,10.399051,-3.9250503
1780861910524,Accelerometer,-2.5860002,14.830951,-8.299951
1780861910545,Accelerometer,-6.63,16.56495,-5.721
1780861910555,Accelerometer,-6.834,16.536001,-4.1599503
1780861910580,Accelerometer,-8.842951,14.118001,-4.4380503
1780861910606,Accelerometer,-9.048,15.601951,-5.1610503
1780861910627,Accelerometer,-6.2419505,14.74005,-3.9109502
1780861910636,Accelerometer,-7.39905,13.191001,-1.6890001
1780861910659,Accelerometer,-8.24895,12.0730505,1.011
1780861910678,Accelerometer,-5.505,12.183001,1.1590501
1780861910697,Accelerometer,-4.32495,12.645,1.48695
1780861910721,Accelerometer,-4.3099504,11.944051,1.2360001
1780861910738,Accelerometer,-4.87995,10.390051,0.762
1780861910756,Accelerometer,-7.1670003,9.075001,-0.18795002
1780861910775,Accelerometer,-8.3560505,11.913,-2.661
1780861910794,Accelerometer,6.02505,13.726951,-10.09095
1780861910813,Accelerometer,38.259003,24.025051,10.521001
1780861910840,Accelerometer,8.319,10.191001,3.5340002
1780861910858,Accelerometer,-1.0849501,5.61105,-4.56195
1780861910872,Accelerometer,-7.2169504,6.9229503,-11.7640505
1780861910891,Accelerometer,-12.694951,9.802951,-5.01
1780861910911,Accelerometer,-16.861052,10.134001,1.3770001
1780861910931,Accelerometer,-6.3790503,9.05595,-2.22105
1780861910952,Accelerometer,-2.11695,8.77095,-2.6749501
1780861910970,Accelerometer,0.010950001,10.234051,-3.42195
1780861910989,Accelerometer,0.054,10.146001,-1.8610501
1780861911008,Accelerometer,-0.62505,9.46605,-0.99705005
1780861911028,Accelerometer,-3.3070502,8.910001,-2.57505
1780861911047,Accelerometer,-3.285,9.3,-3.7600503
1780861911071,Accelerometer,-1.38705,9.778951,-3.1380002
1780861911090,Accelerometer,-0.66795003,9.505951,-2.6869502
1780861911105,Accelerometer,-1.9399501,8.7619505,-3.2959502
1780861911119,Accelerometer,-3.21105,9.22095,-3.17805
1780861911144,Accelerometer,-3.5340002,9.43395,-2.4
1780861911164,Accelerometer,-3.0630002,9.063001,-2.0740502
1780861911185,Accelerometer,-1.7580001,9.592051,-2.9560502
1780861911202,Accelerometer,-1.21695,9.99195,-3.42195
1780861911222,Accelerometer,-1.8780001,9.549001,-2.46705
1780861911241,Accelerometer,-2.4019501,9.40995,-3.384
1780861911260,Accelerometer,-2.2699502,9.70995,-3.9490502
1780861911275,Accelerometer,-0.984,10.240951,-4.8019505
1780861911300,Accelerometer,0.62805,10.9810505,-5.11005
1780861911323,Accelerometer,1.2870001,11.142,-3.288
1780861911338,Accelerometer,0.777,10.99995,-3.3649502
1780861911355,Accelerometer,0.24000001,11.491051,-5.7330003
1780861911377,Accelerometer,0.24300002,12.319951,-5.1919503
1780861911406,Accelerometer,-0.32805002,13.332001,-3.5470502
1780861911420,Accelerometer,-0.51495004,14.977051,-3.4750502
1780861911435,Accelerometer,0.47700003,17.745,-5.2180505
1780861911455,Accelerometer,3.69495,22.480951,-7.0230002
1780861911474,Accelerometer,10.552951,22.488,-10.13595
1780861911494,Accelerometer,15.456,16.359001,2.2410002
1780861911519,Accelerometer,-1.31505,11.769001,-1.7869501
1780861911537,Accelerometer,-8.023951,8.094001,-11.71395
1780861911554,Accelerometer,-15.43395,7.3660502,0.18
1780861911572,Accelerometer,-10.99995,5.3190002,4.3219504
1780861911591,Accelerometer,-3.525,-0.35505003,-0.078
1780861911611,Accelerometer,0.025050001,-2.4790502,-1.00395
1780861911640,Accelerometer,1.89495,-1.317,0.024
1780861911650,Accelerometer,-1.4490001,-0.09900001,-0.71505004
1780861911669,Accelerometer,-4.6000504,0.66195005,-1.2750001
1780861911689,Accelerometer,-3.6850502,2.42895,-1.20105
1780861911707,Accelerometer,-0.90105003,2.93895,-0.13800001
1780861911727,Accelerometer,0.68100005,5.05305,1.42305
1780861911752,Accelerometer,-0.63495004,8.23005,-2.3430002
1780861911756,Accelerometer,-1.24995,11.27595,-3.5640001
1780861911785,Accelerometer,-2.0070002,14.817,-2.367
1780861911805,Accelerometer,-1.7119501,18.577951,-2.90805
1780861911824,Accelerometer,-3.7860003,19.23405,-3.2640002
1780861911836,Accelerometer,-6.024,17.845951,1.3240501
1780861911865,Accelerometer,-6.1969504,16.03305,1.72695
1780861911882,Accelerometer,-4.67205,16.644001,-0.52995
1780861911901,Accelerometer,-8.30595,14.307001,0.74505
1780861911917,Accelerometer,-11.071951,13.17195,-2.3380501
1780861911941,Accelerometer,-15.0390005,13.15305,-0.16095
1780861911965,Accelerometer,-10.861051,11.47395,-0.70695
1780861911970,Accelerometer,-9.505951,10.519051,-1.2919501
1780861911997,Accelerometer,-9.205951,7.87095,-2.36205
1780861912024,Accelerometer,-10.27005,7.8090005,-7.3660502
1780861912038,Accelerometer,32.49105,20.601002,-28.294052
1780861912057,Accelerometer,23.853,19.45005,21.25905
1780861912077,Accelerometer,3.89895,11.541,-0.99705005
1780861912105,Accelerometer,-8.92905,6.7720504,-7.1290503
1780861912115,Accelerometer,-12.295051,6.0540004,-2.90805
1780861912135,Accelerometer,-18.445951,6.4849505,-0.32205
1780861912155,Accelerometer,-7.5930004,10.557,-3.4339502
1780861912173,Accelerometer,-2.6200502,10.423051,-4.71495
1780861912197,Accelerometer,2.0650501,9.427051,-4.083
1780861912215,Accelerometer,-0.063,9.20505,-2.4430501
1780861912232,Accelerometer,-4.7650504,9.670951,-2.45805
1780861912252,Accelerometer,-6.22305,8.922001,-1.96395
1780861912271,Accelerometer,-4.188,8.93595,-1.4110501
1780861912290,Accelerometer,-1.31295,9.637951,-2.5510502
1780861912316,Accelerometer,0.043950003,10.09305,-3.7459502
1780861912336,Accelerometer,-0.112950005,9.70695,-4.296
1780861912348,Accelerometer,-1.57095,9.276,-4.248
1780861912368,Accelerometer,-2.8830001,8.71395,-3.6690001
1780861912388,Accelerometer,-2.9839501,8.580001,-2.601
1780861912401,Accelerometer,-2.0040002,8.84805,-1.70595
1780861912427,Accelerometer,-1.03005,9.43395,-2.6850002
1780861912447,Accelerometer,-0.633,9.868051,-4.35405
1780861912466,Accelerometer,-1.9519501,9.657001,-4.7059503
1780861912484,Accelerometer,-3.0319502,9.613951,-2.3430002
1780861912504,Accelerometer,-1.4800501,10.225051,-2.1679502
1780861912524,Accelerometer,1.12395,10.785001,-5.61105
1780861912550,Accelerometer,1.7029501,11.09595,-6.2089505
1780861912570,Accelerometer,1.1719501,11.557951,-4.9399505
1780861912582,Accelerometer,-0.68505,11.925,-3.6739502
1780861912601,Accelerometer,-0.32595003,12.420001,-3.4630501
1780861912621,Accelerometer,0.59505004,13.182,-3.9130502
1780861912637,Accelerometer,0.777,14.484001,-4.2390003
1780861912660,Accelerometer,0.86100006,17.302052,-5.3040004
1780861912679,Accelerometer,1.2049501,19.54305,-8.017051
1780861912699,Accelerometer,4.263,21.21195,-7.21995
1780861912718,Accelerometer,9.375,19.87605,-9.250051
1780861912737,Accelerometer,8.72805,15.265051,0.09105001
1780861912757,Accelerometer,-2.05995,10.797001,-5.34
1780861912781,Accelerometer,-10.60995,7.1290503,-7.8970504
1780861912801,Accelerometer,-17.1,5.63205,6.8620505
1780861912815,Accelerometer,-7.6600504,2.26605,1.83405
1780861912834,Accelerometer,-1.4490001,-1.4989501,0.41205
1780861912854,Accelerometer,2.8600502,-1.33905,0.17805001
1780861912873,Accelerometer,3.0199502,1.0500001,-0.68805003
1780861912894,Accelerometer,-2.3800502,2.0269501,-0.88695
1780861912912,Accelerometer,-4.42695,2.469,0.0
1780861912932,Accelerometer,-3.4459503,3.32205,0.65205
1780861912951,Accelerometer,-1.7839501,4.0020003,-0.76695
1780861912970,Accelerometer,-0.00795,6.3790503,-1.4779501
1780861912996,Accelerometer,1.44,9.109051,0.40005
1780861913014,Accelerometer,-0.88905007,11.319,-0.86295
1780861913032,Accelerometer,-0.97005004,15.81,-3.384
1780861913045,Accelerometer,-3.4429502,18.858002,0.24900001
1780861913068,Accelerometer,-3.6730502,19.282051,1.6570501
1780861913087,Accelerometer,-3.66105,19.31295,-0.786
1780861913119,Accelerometer,-6.69705,19.261051,-1.761
1780861913119,Accelerometer,-11.45205,17.02395,-3.3120003
1780861913145,Accelerometer,-19.914001,11.809951,-1.7659501
1780861913165,Accelerometer,-19.477951,11.806951,-2.532
1780861913184,Accelerometer,-11.005051,11.484,-2.0269501
1780861913199,Accelerometer,-8.497951,10.725,-2.4859502
1780861913223,Accelerometer,-8.99295,9.640051,-1.88505
1780861913245,Accelerometer,-13.650001,9.06795,-4.737
1780861913266,Accelerometer,32.94195,15.334051,-27.57105
1780861913278,Accelerometer,28.789951,15.955951,26.35695
1780861913300,Accelerometer,4.9549503,13.7029505,-7.5049505
1780861913320,Accelerometer,-9.07995,6.2190003,0.609
1780861913352,Accelerometer,-9.46695,4.62405,-4.7130003
1780861913361,Accelerometer,-15.853051,8.553,-1.65495
1780861913378,Accelerometer,-8.95695,12.082951,-2.802
1780861913398,Accelerometer,-1.8540001,10.429951,-3.4369502
1780861913417,Accelerometer,5.5150504,9.042001,-6.3910503
1780861913437,Accelerometer,4.97895,9.7890005,-1.9020001
1780861913460,Accelerometer,-2.8279502,9.327001,-1.725
1780861913478,Accelerometer,-6.78105,9.20205,-1.65795
1780861913498,Accelerometer,-5.3590503,9.36495,-2.4190502
1780861913515,Accelerometer,-1.4250001,9.399,-3.1330502
1780861913534,Accelerometer,1.4089501,9.885,-3.0180001
1780861913554,Accelerometer,0.39795002,9.681001,-3.3360002
1780861913582,Accelerometer,-2.11905,9.34095,-3.5160003
1780861913594,Accelerometer,-3.1230001,9.23295,-3.456
1780861913611,Accelerometer,-2.15805,9.396001,-3.11805
1780861913631,Accelerometer,-0.273,9.66705,-2.6899502
1780861913651,Accelerometer,0.36705002,9.645,-2.3449502
1780861913670,Accelerometer,0.0010500001,9.616051,-2.529
1780861913680,Accelerometer,-0.94605005,9.597,-3.13995
1780861913710,Accelerometer,-2.088,9.451051,-3.32205
1780861913731,Accelerometer,-1.8700501,9.769951,-3.42
1780861913748,Accelerometer,-0.333,10.057051,-3.6709502
1780861913760,Accelerometer,1.31505,10.098001,-4.9620004
1780861913787,Accelerometer,1.6699501,9.99195,-4.9740005
1780861913815,Accelerometer,0.40305,11.091001,-3.1879501
1780861913825,Accelerometer,-1.40295,10.785001,-1.96395
1780861913841,Accelerometer,-0.89805007,10.675051,-4.3390503
1780861913865,Accelerometer,-0.82605004,11.6640005,-6.0349503
1780861913884,Accelerometer,-0.87405,12.56595,-4.7779503
1780861913907,Accelerometer,0.37905002,14.58705,-2.9509501
1780861913924,Accelerometer,1.0330501,16.79895,-3.8200502
1780861913942,Accelerometer,1.8090001,18.30495,-5.50995
1780861913963,Accelerometer,2.4049501,19.201052,-4.2990003
1780861913981,Accelerometer,1.2720001,19.87095,-6.0610504
1780861914000,Accelerometer,9.87495,18.01305,-9.451051
1780861914026,Accelerometer,7.45905,13.591051,-1.4640001
1780861914045,Accelerometer,-3.594,8.58705,-4.0090504
1780861914058,Accelerometer,-10.79895,5.235,-4.88805
1780861914078,Accelerometer,-15.670951,2.982,2.39505
1780861914097,Accelerometer,-6.6250505,0.0,-0.92295
1780861914116,Accelerometer,3.52305,-1.9969501,0.83595
1780861914141,Accelerometer,5.28795,-1.3270501,1.4490001
1780861914158,Accelerometer,1.26795,0.85605,-1.43805
1780861914175,Accelerometer,-3.11295,1.0879501,-1.3800001
1780861914194,Accelerometer,-3.9490502,1.5450001,-1.8349501
1780861914214,Accelerometer,-3.1009502,3.147,-2.2420502
1780861914233,Accelerometer,-1.9350001,4.67205,-2.5890002
1780861914255,Accelerometer,-0.60405004,7.32705,-2.6110501
1780861914277,Accelerometer,-0.252,10.36095,0.043050002
1780861914291,Accelerometer,-1.7989501,12.966001,-4.5210004
1780861914311,Accelerometer,-4.056,16.84995,-5.853
1780861914323,Accelerometer,-5.3920503,17.901001,-1.368
1780861914350,Accelerometer,-3.0360003,18.03495,-1.1719501
1780861914373,Accelerometer,-4.341,16.131,-1.4640001
1780861914390,Accelerometer,-3.7399502,17.914951,-4.1620502
1780861914406,Accelerometer,-6.9270005,15.9210005,-6.0589504
1780861914427,Accelerometer,-16.854,11.203951,-1.3750501
1780861914448,Accelerometer,-13.885051,11.845051,0.333
1780861914467,Accelerometer,-8.08395,12.375001,-2.5129502
1780861914492,Accelerometer,-3.3090003,16.33995,-0.39795002
1780861914511,Accelerometer,-8.244,19.36605,-0.03705
1780861914524,Accelerometer,19.153051,23.817001,-10.074
1780861914544,Accelerometer,21.08295,10.917001,16.40805
1780861914561,Accelerometer,-0.072000004,1.5139501,-1.7490001
1780861914583,Accelerometer,-4.3050003,2.39805,-6.5490003
1780861914605,Accelerometer,-12.304951,9.25695,-11.659051
1780861914624,Accelerometer,-18.550951,13.80195,4.6639504
1780861914642,Accelerometer,-8.43795,9.286051,0.20895001
1780861914660,Accelerometer,-4.9350004,7.65495,-5.223
1780861914680,Accelerometer,2.01495,10.738951,-5.71395
1780861914704,Accelerometer,7.3750505,11.43105,-0.19305001
1780861914722,Accelerometer,1.866,8.95995,0.08205
1780861914743,Accelerometer,-4.24095,8.07195,-5.4529505
1780861914758,Accelerometer,-4.959,9.721951,-4.5
1780861914777,Accelerometer,-2.325,9.754951,-3.21705
1780861914797,Accelerometer,-0.31905,9.36705,-2.80695
1780861914827,Accelerometer,-0.50100005,9.48705,-3.2260501
1780861914839,Accelerometer,-1.9950001,9.53505,-3.5470502
1780861914855,Accelerometer,-2.8900502,9.280951,-2.77095
1780861914875,Accelerometer,-2.0020502,9.36495,-2.32305
1780861914894,Accelerometer,-0.73095006,9.588,-2.4430501
1780861914913,Accelerometer,-0.68505,9.48495,-2.673
1780861914938,Accelerometer,-1.3290001,9.436951,-2.6850002
1780861914957,Accelerometer,-2.6560502,9.384001,-2.98005
1780861914972,Accelerometer,-2.7949502,9.868051,-3.5490003
1780861914991,Accelerometer,-2.055,9.79395,-3.3340502
1780861915010,Accelerometer,-0.45795003,10.00695,-4.3969502
1780861915030,Accelerometer,0.63495004,10.92405,-5.30205
1780861915042,Accelerometer,0.54,11.368951,-3.5350502
1780861915069,Accelerometer,0.078,11.175,-2.1679502
1780861915089,Accelerometer,-0.052950002,11.616,-4.2340503
1780861915108,Accelerometer,-1.09695,11.87205,-5.1990004
1780861915124,Accelerometer,-1.04205,12.50205,-3.4030502
1780861915147,Accelerometer,-0.333,14.209051,-3.387
1780861915171,Accelerometer,0.504,15.324,-4.6600504
1780861915189,Accelerometer,2.2369502,17.175001,-4.8690004
1780861915204,Accelerometer,2.532,17.460001,-5.68695
1780861915224,Accelerometer,3.65895,18.757952,-5.544
1780861915244,Accelerometer,9.328951,16.993052,-6.0370502
1780861915263,Accelerometer,4.2840004,14.01,-3.3790503
1780861915293,Accelerometer,-4.7119503,9.150001,-5.1220503
1780861915305,Accelerometer,-13.152,5.2540503,-2.21295
1780861915321,Accelerometer,-15.645,4.30305,2.019
1780861915341,Accelerometer,-3.7429502,0.13005,-1.14795
1780861915360,Accelerometer,5.70195,-2.4880502,-0.087000005
1780861915384,Accelerometer,7.9669504,-0.93900007,1.56105
1780861915403,Accelerometer,2.08395,1.9930501,-1.6669501
1780861915421,Accelerometer,-2.4190502,2.5150502,-1.83
1780861915438,Accelerometer,-3.4339502,2.7930002,-1.38495
1780861915457,Accelerometer,-2.8620002,4.2649503,-2.4049501
1780861915477,Accelerometer,-1.626,6.228,-3.3100502
1780861915502,Accelerometer,-0.07005,8.953051,-2.8189502
1780861915522,Accelerometer,-0.735,11.22105,-3.3100502
1780861915535,Accelerometer,-3.62295,13.737,-7.9290004
1780861915554,Accelerometer,-7.8870006,16.893002,-6.4339504
1780861915569,Accelerometer,-8.28495,16.536001,-1.27695
1780861915593,Accelerometer,-6.1870503,15.526051,-2.058
1780861915603,Accelerometer,-4.12605,16.143002,-4.14795
1780861915633,Accelerometer,-3.6490502,17.233051,-3.3820503
1780861915653,Accelerometer,-8.023951,15.010951,-1.32
1780861915673,Accelerometer,-10.5400505,13.098001,1.14495
1780861915684,Accelerometer,-7.6140003,12.36705,0.99405
1780861915710,Accelerometer,-4.92105,12.66705,1.3630501
1780861915735,Accelerometer,-3.3090003,12.16905,0.65895003
1780861915757,Accelerometer,-5.4,11.38605,0.702
1780861915765,Accelerometer,-7.8580503,9.48495,0.609
1780861915788,Accelerometer,-11.313001,9.45405,-5.3040004
1780861915807,Accelerometer,39.916054,21.777,-9.772051
1780861915827,Accelerometer,14.203951,19.239,10.585951
1780861915850,Accelerometer,0.018000001,10.96695,-6.9280505
1780861915868,Accelerometer,-7.6980004,2.673,-9.573001
1780861915884,Accelerometer,-15.469951,3.588,-0.126
1780861915905,Accelerometer,-16.854,10.264951,-0.32700002
1780861915924,Accelerometer,-5.5480504,12.340951,-1.1740501
1780861915943,Accelerometer,-1.02795,8.556001,-6.0679502
1780861915967,Accelerometer,2.6850002,9.727051,-5.9170504
1780861915988,Accelerometer,2.7259502,10.420951,-0.018000001
1780861916001,Accelerometer,-2.49,9.849001,-0.94005007
1780861916021,Accelerometer,-5.33295,8.685,-2.4139502
1780861916040,Accelerometer,-4.12305,8.814,-3.8389502
1780861916060,Accelerometer,-1.059,9.65205,-4.0470004
1780861916082,Accelerometer,-0.12705001,9.837001,-2.77605
1780861916100,Accelerometer,-1.41495,9.1380005,-3.1729503
1780861916118,Accelerometer,-2.457,9.05595,-3.8940003
1780861916137,Accelerometer,-3.5130002,9.135,-2.8530002
1780861916157,Accelerometer,-2.3160002,9.283951,-1.8930001
1780861916177,Accelerometer,-0.58005005,9.82695,-1.81605
1780861916200,Accelerometer,0.147,10.038,-2.532
1780861916219,Accelerometer,-0.633,9.66195,-3.3769503
1780861916234,Accelerometer,-2.1340501,9.52995,-4.4620504
1780861916248,Accelerometer,-2.4790502,9.568951,-4.263
1780861916273,Accelerometer,-0.65205,10.2960005,-4.07805
1780861916293,Accelerometer,0.83400005,10.825951,-4.98105
1780861916317,Accelerometer,1.131,11.026951,-4.22205
1780861916333,Accelerometer,0.25995,10.927951,-2.9530501
1780861916352,Accelerometer,-0.59205,11.39805,-2.9599502
1780861916370,Accelerometer,-1.3050001,11.292001,-4.05705
1780861916390,Accelerometer,-1.4610001,11.841001,-3.6400502
1780861916404,Accelerometer,-1.5139501,13.573951,-2.4460502
1780861916430,Accelerometer,-0.29700002,15.406051,-4.04295
1780861916455,Accelerometer,0.67395,16.147951,-5.9700003
1780861916468,Accelerometer,1.7730001,16.33995,-6.03
1780861916485,Accelerometer,2.80695,16.639051,-5.86005
1780861916506,Accelerometer,9.264001,17.72295,-5.9680505
1780861916538,Accelerometer,5.2489505,14.515051,-3.52305
1780861916549,Accelerometer,-4.8439503,9.20205,-4.9999504
1780861916564,Accelerometer,-13.720051,6.9250503,-5.3689504
1780861916584,Accelerometer,-10.602,5.80695,3.6730502
1780861916603,Accelerometer,-0.99405,1.4449501,0.462
1780861916623,Accelerometer,4.8109503,-1.3579501,0.64695
1780861916648,Accelerometer,4.545,0.003,-1.059
1780861916665,Accelerometer,0.018000001,2.7469501,-2.1340501
1780861916682,Accelerometer,-4.0300503,3.4990501,-1.143
1780861916701,Accelerometer,-3.6540003,4.1670003,-0.24300002
1780861916720,Accelerometer,-1.8610501,4.5690002,-0.23295002
1780861916740,Accelerometer,-0.56505,5.6730003,-1.4620501
1780861916767,Accelerometer,0.65505004,8.295,-1.6990501
1780861916779,Accelerometer,-0.97005004,9.849001,-1.07805
1780861916798,Accelerometer,-1.42005,12.901051,-3.42
1780861916818,Accelerometer,-1.7220001,17.439001,-4.572
1780861916837,Accelerometer,-3.7669501,19.195951,-2.532
1780861916856,Accelerometer,-3.7399502,18.937052,0.67095006
1780861916881,Accelerometer,-5.1390004,18.162,2.70405
1780861916885,Accelerometer,-2.7799501,17.41905,-1.66005
1780861916914,Accelerometer,-8.301001,13.91205,-0.22095
1780861916934,Accelerometer,-14.31105,11.986951,-2.3760002
1780861916953,Accelerometer,-18.726002,11.790001,0.20400001
1780861916965,Accelerometer,-11.352,11.023951,-1.3729501
1780861916996,Accelerometer,-6.6400504,10.354051,-1.3080001
1780861917012,Accelerometer,-14.539051,5.43405,-5.83395
1780861917031,Accelerometer,21.688051,27.636002,-34.941
1780861917045,Accelerometer,34.74,27.094952,31.401001
1780861917070,Accelerometer,4.77495,8.974951,3.5680501
1780861917095,Accelerometer,-7.899,1.416,-5.13705
1780861917114,Accelerometer,-17.04795,4.63605,-1.1740501
1780861917129,Accelerometer,-19.212002,9.70695,-1.72695
1780861917148,Accelerometer,-9.00105,12.019951,-3.35505
1780861917168,Accelerometer,-3.4669502,8.710951,-6.2980504
1780861917186,Accelerometer,2.3140502,9.396001,-6.7909503
1780861917212,Accelerometer,-1.3080001,8.889001,-2.4190502
1780861917231,Accelerometer,-6.13005,8.412001,0.20595
1780861917244,Accelerometer,-5.9550004,8.68305,-0.49905002
1780861917264,Accelerometer,-2.7109501,9.82995,-3.21705
1780861917284,Accelerometer,-1.3080001,10.054951,-4.5600004
1780861917303,Accelerometer,-1.1400001,9.98505,-2.8980002
1780861917326,Accelerometer,-1.4110501,10.19295,-2.2090502
1780861917343,Accelerometer,-2.56005,9.616051,-2.46495
1780861917362,Accelerometer,-3.1579502,8.7310505,-2.2350001
1780861917381,Accelerometer,-2.96895,8.956051,-2.5770001
1780861917400,Accelerometer,-2.4019501,9.3,-4.45695
1780861917419,Accelerometer,-2.26305,9.432,-5.0269504
1780861917444,Accelerometer,-2.8930502,9.109051,-4.2439504
1780861917464,Accelerometer,-3.6349502,9.283951,-4.083
1780861917478,Accelerometer,-2.80695,10.078951,-4.02105
1780861917497,Accelerometer,-0.34800002,10.6699505,-3.492
1780861917517,Accelerometer,1.96395,10.737,-5.7229505
1780861917530,Accelerometer,2.769,11.335951,-6.5880003
1780861917556,Accelerometer,1.0210501,11.23995,-4.36305
1780861917575,Accelerometer,-1.3099501,11.125051,-2.91
1780861917595,Accelerometer,-1.4820001,12.420001,-3.693
1780861917614,Accelerometer,-0.83595,14.569951,-4.557
1780861917633,Accelerometer,0.94200003,17.872051,-4.78695
1780861917653,Accelerometer,4.13595,19.045052,-5.7780004
1780861917677,Accelerometer,8.30895,19.84695,-5.62305
1780861917698,Accelerometer,12.231001,17.472,-1.3969501
1780861917710,Accelerometer,4.119,16.462051,-1.3590001
1780861917731,Accelerometer,-3.63,12.394051,-8.06505
1780861917750,Accelerometer,-9.484051,7.2840004,-5.1319504
1780861917767,Accelerometer,-18.50295,5.07,3.3979502
1780861917789,Accelerometer,-10.995001,3.5830503,-1.32
1780861917808,Accelerometer,-3.8500502,-0.02205,-1.2720001
1780861917828,Accelerometer,2.97495,-1.3630501,-0.33105
1780861917847,Accelerometer,2.7160501,-0.120000005,-0.73095006
1780861917867,Accelerometer,-1.96395,1.5979501,-1.404
1780861917886,Accelerometer,-4.2840004,1.6170001,-0.39600003
1780861917909,Accelerometer,-3.1030502,1.46895,-0.17805001
1780861917931,Accelerometer,-1.1230501,2.01,-1.0210501
1780861917944,Accelerometer,-0.31605002,3.7360501,-2.4769502
1780861917964,Accelerometer,1.4089501,7.215,-2.84505
1780861917983,Accelerometer,0.35505003,9.549001,-0.94905007
1780861918011,Accelerometer,-1.9230001,13.561951,-5.9029503
1780861918026,Accelerometer,-5.9380503,19.54305,-7.0980005
1780861918041,Accelerometer,-7.59,18.051,0.31395
1780861918061,Accelerometer,-4.6480503,18.601952,-0.38895002
1780861918080,Accelerometer,-5.2849503,19.195951,-6.7840505
1780861918099,Accelerometer,-6.5149503,19.038,-6.6280503
1780861918124,Accelerometer,-18.717001,11.4529505,2.505
1780861918143,Accelerometer,-20.518951,11.161051,-1.9519501
1780861918160,Accelerometer,-9.048,14.412001,0.10605001
1780861918172,Accelerometer,-5.0500503,15.159,-2.568
1780861918197,Accelerometer,-7.9930506,17.97495,-1.284
1780861918217,Accelerometer,29.11305,23.676,-12.54195
1780861918245,Accelerometer,11.869051,10.114051,13.935
1780861918248,Accelerometer,-2.3440502,3.8410501,-1.04295
1780861918275,Accelerometer,-7.31295,1.8540001,-2.9530501
1780861918295,Accelerometer,-11.445001,9.196951,-12.657001
1780861918313,Accelerometer,-22.34205,14.047951,4.40805
1780861918328,Accelerometer,-8.56995,8.343,-1.7659501
1780861918353,Accelerometer,-4.02,7.8829503,-5.24205
1780861918376,Accelerometer,3.5089502,10.870951,-6.7600503
1780861918397,Accelerometer,6.60405,11.14395,-1.383
1780861918408,Accelerometer,0.0010500001,8.908051,-0.38700002
1780861918430,Accelerometer,-5.22195,8.28495,-3.8130002
1780861918450,Accelerometer,-6.01695,9.34605,-2.4499502
1780861918478,Accelerometer,-3.048,9.469951,-2.77095
1780861918489,Accelerometer,-0.29700002,9.583051,-2.6850002
1780861918507,Accelerometer,-0.15795001,9.68595,-2.66805
1780861918527,Accelerometer,-1.5109501,9.316951,-3.8370001
1780861918546,Accelerometer,-2.6820002,9.5449505,-4.1740503
1780861918566,Accelerometer,-3.04095,9.160951,-3.3120003
1780861918589,Accelerometer,-1.1659501,9.624001,-3.3960001
1780861918607,Accelerometer,0.11595,9.637951,-2.4859502
1780861918627,Accelerometer,0.29295,9.291,-1.2919501
1780861918644,Accelerometer,-0.62295,9.44205,-2.6250002
1780861918663,Accelerometer,-2.1390002,9.955951,-3.7069502
1780861918683,Accelerometer,-2.538,9.6,-3.8059502
1780861918711,Accelerometer,-0.55605,10.083,-3.6139503
1780861918721,Accelerometer,0.91605,10.404,-3.8560503
1780861918741,Accelerometer,1.4809501,10.93305,-4.071
1780861918761,Accelerometer,0.51795,10.939951,-3.624
1780861918780,Accelerometer,-0.58905005,11.22795,-4.05705
1780861918804,Accelerometer,-1.3560001,11.60805,-5.1060004
1780861918809,Accelerometer,-1.3750501,11.790001,-4.63605
1780861918839,Accelerometer,-0.91005003,14.106001,-4.03095
1780861918861,Accelerometer,-0.31395,15.892051,-4.56495
1780861918877,Accelerometer,0.93705004,16.395,-4.809
1780861918888,Accelerometer,2.7949502,18.198,-4.4620504
1780861918917,Accelerometer,3.8700001,19.57905,-6.12795
1780861918944,Accelerometer,7.1460004,18.80595,-10.15305
1780861918955,Accelerometer,11.968051,14.60805,-4.53795
1780861918970,Accelerometer,-0.076950006,8.52,-1.167
1780861918993,Accelerometer,-12.007951,5.89095,-2.7949502
1780861919013,Accelerometer,-17.38305,6.4080005,0.80205005
1780861919037,Accelerometer,-5.6610003,2.8960502,0.52005005
1780861919055,Accelerometer,1.00695,-1.3990501,0.252
1780861919071,Accelerometer,4.224,-1.5949501,-0.079950005
1780861919092,Accelerometer,3.6400502,1.062,-0.98295003
1780861919110,Accelerometer,-2.76795,1.46895,-1.644
1780861919129,Accelerometer,-5.05695,1.3750501,-0.90405005
1780861919154,Accelerometer,-3.4770002,2.637,-0.80100006
1780861919175,Accelerometer,-1.36995,3.8370001,-1.4779501
1780861919187,Accelerometer,0.078,6.14895,-2.187
1780861919207,Accelerometer,0.726,9.09,-0.85605
1780861919227,Accelerometer,-0.62505,11.944051,-1.6290001
1780861919246,Accelerometer,-2.6100001,17.163,-6.74595
1780861919269,Accelerometer,-6.1540504,20.22105,-4.0690503
1780861919287,Accelerometer,-4.68405,19.087952,3.834
1780861919304,Accelerometer,-3.4290001,16.58595,2.493
1780861919323,Accelerometer,-1.7080501,18.490051,-2.9869502
1780861919343,Accelerometer,-6.9630003,16.215,-7.0690503
1780861919362,Accelerometer,-20.754002,10.63605,-0.41505003
1780861919386,Accelerometer,-20.55105,11.11995,-0.88500005
1780861919407,Accelerometer,-9.393001,11.692051,-2.46495
1780861919420,Accelerometer,-6.0270004,10.89,-1.5640501
1780861919441,Accelerometer,-7.0129504,7.7029505,-1.605
1780861919452,Accelerometer,-9.345,8.91705,-0.42000002
1780861919479,Accelerometer,16.459051,13.107,-12.736051
1780861919501,Accelerometer,42.61005,31.306051,12.295051
1780861919520,Accelerometer,6.5779505,13.699051,-0.45405003
1780861919535,Accelerometer,-5.66295,3.9469502,-8.70195
1780861919557,Accelerometer,-13.078051,2.058,-1.3470001
1780861919576,Accelerometer,-19.807951,7.2250504,-3.9090002
1780861919596,Accelerometer,-10.959001,12.16905,-2.7280502
1780861919621,Accelerometer,-3.8029501,10.14795,-2.2369502
1780861919640,Accelerometer,0.06105,8.48595,-4.2720003
1780861919654,Accelerometer,2.01705,10.23705,-4.41795
1780861919673,Accelerometer,-2.3400002,10.011001,-0.86100006
1780861919690,Accelerometer,-5.79195,8.338051,-1.19595
1780861919719,Accelerometer,-5.97195,8.677951,-0.30495003
1780861919735,Accelerometer,-2.8879502,9.525001,-1.8610501
1780861919751,Accelerometer,-1.38705,9.978001,-4.68195
1780861919771,Accelerometer,-0.50100005,10.384951,-5.3710504
1780861919790,Accelerometer,-1.1329501,9.331051,-3.9709501
1780861919809,Accelerometer,-2.53605,8.44995,-2.56305
1780861919834,Accelerometer,-2.9860501,8.29695,-1.6510501
1780861919851,Accelerometer,-1.29795,9.183001,-2.13
1780861919870,Accelerometer,-0.03195,9.84105,-3.315
1780861919887,Accelerometer,-0.56100005,9.316951,-4.677
1780861919906,Accelerometer,-0.99195004,9.150001,-5.3089504
1780861919926,Accelerometer,-2.2390501,10.002001,-2.9560502
1780861919956,Accelerometer,-1.128,9.999001,-1.5499501
1780861919965,Accelerometer,1.12905,10.567051,-4.50495
1780861919984,Accelerometer,2.1060002,11.199,-6.3360004
1780861920005,Accelerometer,2.0719502,11.458051,-5.1319504
1780861920023,Accelerometer,-1.07805,11.58705,-2.93595
1780861920042,Accelerometer,-2.43495,11.962951,-2.4739501
1780861920067,Accelerometer,-1.7890501,12.528001,-2.079
1780861920085,Accelerometer,0.669,14.22105,-3.0630002
1780861920104,Accelerometer,2.01495,16.45395,-4.6990504
1780861920120,Accelerometer,2.6179502,17.628,-7.22205
1780861920140,Accelerometer,3.183,19.195951,-5.6280003
1780861920159,Accelerometer,5.754,17.845951,-5.8840504
1780861920172,Accelerometer,11.491051,16.64595,-0.83400005
1780861920198,Accelerometer,3.21405,14.247001,-1.69095
1780861920218,Accelerometer,-6.0799503,9.576,-9.292951
1780861920237,Accelerometer,-13.372951,6.4680004,-8.86695
1780861920252,Accelerometer,-13.14,3.2689502,2.2699502
1780861920276,Accelerometer,-5.00895,-0.14595,-0.64995
1780861920299,Accelerometer,1.3080001,-0.9889501,-1.93095
1780861920317,Accelerometer,4.275,-0.321,0.975
1780861920335,Accelerometer,0.31005,0.68295,-0.624
1780861920353,Accelerometer,-2.53605,0.86295,-1.8250501
1780861920373,Accelerometer,-3.1729503,1.5450001,-1.66305
1780861920393,Accelerometer,-2.45895,2.8879502,-2.5560002
1780861920421,Accelerometer,-1.9249501,4.809,-3.528
1780861920432,Accelerometer,-0.027,8.403001,-2.6920502
1780861920450,Accelerometer,-0.13005,10.593,-0.45795003
1780861920471,Accelerometer,-0.112950005,14.778001,-4.21995
1780861920489,Accelerometer,-3.288,19.882952,-6.4870505
1780861920513,Accelerometer,-4.2910504,20.257051,-2.0050502
1780861920531,Accelerometer,-4.59705,18.51795,-0.52095
1780861920549,Accelerometer,-5.6610003,16.725,-2.05995
1780861920568,Accelerometer,-7.7869506,16.432951,-2.7949502
1780861920587,Accelerometer,-13.1980505,12.954,-1.27995
1780861920606,Accelerometer,-16.07295,11.601001,-1.96695
1780861920632,Accelerometer,-12.8220005,12.451051,-0.078
1780861920652,Accelerometer,-7.6429505,11.806951,-2.043
1780861920664,Accelerometer,-8.47095,10.38,-2.223
1780861920684,Accelerometer,-11.34195,14.185051,-3.18105
1780861920703,Accelerometer,17.484001,18.32205,-14.376
1780861920723,Accelerometer,36.74805,17.980051,22.626001
1780861920732,Accelerometer,4.227,9.834001,-3.15405
1780861920762,Accelerometer,-4.26195,6.7980003,-4.11
1780861920782,Accelerometer,-7.1950502,6.1540504,-6.978
1780861920803,Accelerometer,-16.713001,6.3700504,-3.1969502
1780861920814,Accelerometer,-11.58195,11.781,-1.62195
1780861920839,Accelerometer,-5.4880505,10.023001,-4.3440003
1780861920864,Accelerometer,-0.132,9.0730505,-6.0730505
1780861920884,Accelerometer,3.4320002,10.588051,-3.07995
1780861920894,Accelerometer,0.23295002,10.375051,-0.34305
1780861920917,Accelerometer,-3.8620503,8.814,-2.6490002
1780861920937,Accelerometer,-5.11905,8.7310505,-2.529
1780861920956,Accelerometer,-3.34995,9.418051,-2.1340501
1780861920980,Accelerometer,-0.84105,9.604051,-3.2620502
1780861920996,Accelerometer,0.51105005,9.979951,-3.2719502
1780861921014,Accelerometer,-0.48600003,9.69495,-3.561
1780861921033,Accelerometer,-2.53605,8.90505,-3.5710502
1780861921053,Accelerometer,-3.25395,8.829,-2.5819502
1780861921073,Accelerometer,-2.3040001,9.00105,-2.76195
1780861921097,Accelerometer,-0.75495005,9.5449505,-2.01
1780861921117,Accelerometer,0.21900001,9.762,-2.7859502
1780861921130,Accelerometer,-0.28995,9.990001,-2.9959502
1780861921150,Accelerometer,-1.6519501,9.92805,-2.67105
1780861921170,Accelerometer,-1.6210501,9.705001,-3.0300002
1780861921189,Accelerometer,0.303,10.311001,-3.82695
1780861921212,Accelerometer,1.67505,11.055,-5.2540503
1780861921228,Accelerometer,1.78005,10.9789505,-4.8450003
1780861921247,Accelerometer,0.16905001,10.870951,-3.1660502
1780861921266,Accelerometer,-0.52500004,11.295,-4.1070004
1780861921286,Accelerometer,-0.33795002,12.49905,-4.5480003
1780861921305,Accelerometer,-0.20895001,12.612,-3.0990002
1780861921330,Accelerometer,-0.36705002,13.059001,-2.127
1780861921351,Accelerometer,-0.11805001,14.580001,-2.97705
1780861921364,Accelerometer,0.99000007,16.356,-4.6480503
1780861921383,Accelerometer,2.7180002,17.431051,-6.018
1780861921403,Accelerometer,5.14095,17.917051,-5.5579505
1780861921433,Accelerometer,10.246051,16.443,-5.6970005
1780861921445,Accelerometer,9.06105,14.790001,-5.1870003
1780861921460,Accelerometer,-2.7829502,10.476001,-2.73105
1780861921481,Accelerometer,-13.01595,8.77095,-6.4150505
1780861921500,Accelerometer,-20.682001,5.9989505,2.9670002
1780861921519,Accelerometer,-9.628051,3.5680501,0.15405001
1780861921534,Accelerometer,0.13005,0.61095005,-0.492
1780861921559,Accelerometer,4.6270504,-1.11105,0.52995
1780861921584,Accelerometer,4.122,-0.072000004,-1.059
1780861921597,Accelerometer,-1.49205,1.0540501,-2.2440002
1780861921614,Accelerometer,-4.3560004,1.18605,-2.0959501
1780861921636,Accelerometer,-4.329,1.8589501,-1.7869501
1780861921664,Accelerometer,-3.9130502,2.39805,-2.6850002
1780861921675,Accelerometer,-2.7850502,3.2050502,-2.4550502
1780861921694,Accelerometer,-0.71205,5.4,-3.59205
1780861921714,Accelerometer,-0.27105,7.5649505,-2.7570002
1780861921733,Accelerometer,-2.091,10.308001,-3.3990002
1780861921752,Accelerometer,-3.321,15.133051,-6.60405
1780861921767,Accelerometer,-5.03595,18.684,-5.2590003
1780861921792,Accelerometer,-5.36805,17.379002,-1.5840001
1780861921816,Accelerometer,-6.30705,16.380001,-2.81205
1780861921831,Accelerometer,-8.031,17.248951,-3.3240001
1780861921849,Accelerometer,-11.955001,15.937051,-0.21405001
1780861921870,Accelerometer,-14.407051,12.525001,1.6500001
1780861921898,Accelerometer,-10.17405,12.127951,0.16800001
1780861921910,Accelerometer,-8.332951,15.849001,1.107
1780861921927,Accelerometer,-10.83705,15.892051,0.9580501
1780861921947,Accelerometer,-6.9970503,17.920052,-5.1319504
1780861921966,Accelerometer,35.673,27.424952,-14.998951
1780861921986,Accelerometer,9.241051,9.418051,11.722951
1780861922008,Accelerometer,-6.28305,2.4859502,-3.2929502
1780861922015,Accelerometer,-9.72105,0.13005,-5.21595
1780861922044,Accelerometer,-16.20705,7.38705,-6.2430005
1780861922063,Accelerometer,-9.585,14.689951,1.4080501
1780861922082,Accelerometer,-2.6890502,10.03995,-3.6400502
1780861922095,Accelerometer,0.52305,8.70405,-6.91095
1780861922124,Accelerometer,5.1460505,11.094001,-3.0250502
1780861922141,Accelerometer,0.74295,10.264951,1.12995
1780861922160,Accelerometer,-4.40595,8.60595,-2.0719502
1780861922175,Accelerometer,-5.21295,9.21195,-3.6360002
1780861922199,Accelerometer,-3.4050002,9.68805,-3.0730503
1780861922223,Accelerometer,-0.633,9.69795,-2.391
1780861922241,Accelerometer,-0.80505,9.492001,-2.26395
1780861922258,Accelerometer,-1.57305,9.66195,-2.628
1780861922277,Accelerometer,-2.16,9.82005,-2.8290002
1780861922296,Accelerometer,-2.4469502,9.424951,-2.18895
1780861922315,Accelerometer,-2.1979501,9.50895,-1.9399501
1780861922341,Accelerometer,-1.38195,9.564,-2.01705
1780861922362,Accelerometer,-0.62295,10.045051,-2.3140502
1780861922374,Accelerometer,-1.14705,9.736051,-3.3000002
1780861922394,Accelerometer,-1.983,9.849001,-3.2020502
1780861922413,Accelerometer,-2.59095,9.68595,-1.9260001
1780861922432,Accelerometer,-1.5109501,9.894,-3.9090002
1780861922456,Accelerometer,-1.095,10.026,-4.6870503
1780861922475,Accelerometer,0.63105005,10.516951,-3.5370002
1780861922491,Accelerometer,2.319,10.906951,-3.6739502
1780861922510,Accelerometer,2.2369502,11.280001,-3.624
1780861922530,Accelerometer,-1.245,10.729951,-3.6330001
1780861922549,Accelerometer,-2.29905,12.031951,-3.5779502
1780861922572,Accelerometer,-0.16605,13.632001,-4.7899504
1780861922593,Accelerometer,1.4419501,14.42205,-4.93305
1780861922607,Accelerometer,1.95,15.669001,-4.74195
1780861922627,Accelerometer,0.90795004,15.715051,-5.1610503
1780861922646,Accelerometer,0.14205001,15.826951,-4.287
1780861922659,Accelerometer,1.72695,16.51395,-6.8370004
1780861922685,Accelerometer,2.53395,14.800051,-4.63605
1780861922706,Accelerometer,-2.26305,11.359051,-2.5489502
1780861922724,Accelerometer,-9.71895,7.84005,2.63895
1780861922741,Accelerometer,-13.480051,6.4099503,4.0129504
1780861922763,Accelerometer,-3.7909503,4.0740004,-1.09305
1780861922782,Accelerometer,5.05305,0.26700002,3.3040502
1780861922806,Accelerometer,6.6790504,-0.34995002,0.312
1780861922825,Accelerometer,0.77400005,1.42305,-2.424
1780861922840,Accelerometer,-4.767,1.2,-1.6000501
1780861922860,Accelerometer,-7.2240005,1.30305,0.28800002
1780861922880,Accelerometer,-5.32305,2.0700002,0.85995007
1780861922896,Accelerometer,-1.5109501,2.8210502,0.07005
1780861922919,Accelerometer,0.11595,3.8890502,-1.1719501
1780861922939,Accelerometer,-0.30705002,5.4019504,-1.3300501
1780861922957,Accelerometer,-2.124,8.034,-0.46095002
1780861922977,Accelerometer,-2.64105,11.07495,-1.263
1780861922996,Accelerometer,-1.33905,15.087001,-1.7820001
1780861923011,Accelerometer,-1.9399501,16.56495,-0.49905002
1780861923035,Accelerometer,-2.15295,16.701,-0.68595004
1780861923060,Accelerometer,-3.3960001,16.789951,-0.10605001
1780861923074,Accelerometer,-3.82905,17.47005,-0.31005
1780861923093,Accelerometer,-5.95695,15.664051,-1.65795
1780861923113,Accelerometer,-10.68105,12.23805,1.554
1780861923143,Accelerometer,-8.376,11.271001,-0.043950003
1780861923153,Accelerometer,-2.7919502,12.70005,-0.06795
1780861923170,Accelerometer,0.50100005,12.340951,0.31905
1780861923191,Accelerometer,-0.42705002,11.08695,0.32595003
1780861923209,Accelerometer,-2.6149502,9.74295,0.48600003
1780861923229,Accelerometer,-3.3979502,7.5880504,1.06095
1780861923253,Accelerometer,-8.4210005,1.8679501,-7.8520503
1780861923270,Accelerometer,18.733952,19.21305,-34.053
1780861923291,Accelerometer,16.88805,27.598051,7.9519506
1780861923301,Accelerometer,2.9320502,15.790951,8.96205
1780861923326,Accelerometer,3.0900002,5.0820003,1.69095
1780861923346,Accelerometer,-3.4050002,5.0670004,-4.13595
1780861923374,Accelerometer,-6.9700503,6.2689505,-5.2330503
1780861923377,Accelerometer,-12.184951,10.372951,-4.76595
1780861923404,Accelerometer,-9.06495,10.090051,-2.532
1780861923424,Accelerometer,-2.9190001,8.155951,-3.9280503
1780861923442,Accelerometer,-0.582,7.7130003,-3.1570501
1780861923457,Accelerometer,-3.4840503,8.99895,-3.58995
1780861923482,Accelerometer,-5.39505,9.942,-0.44595003
1780861923503,Accelerometer,-5.2770004,8.95995,0.38295
1780861923523,Accelerometer,-2.84205,8.96805,-2.66295
1780861923537,Accelerometer,-1.69095,9.559051,-4.131
1780861923559,Accelerometer,-2.8590002,9.231001,-2.6440501
1780861923579,Accelerometer,-4.57095,8.302051,-2.2440002
1780861923607,Accelerometer,-5.019,8.13,-2.9910002
1780861923618,Accelerometer,-4.4419503,8.92695,-3.72705
1780861923637,Accelerometer,-2.943,8.96805,-3.2380502
1780861923657,Accelerometer,-1.9969501,9.37695,-1.7680501
1780861923675,Accelerometer,-1.8700501,9.436951,-2.23305
1780861923695,Accelerometer,-2.433,9.18795,-3.3990002
1780861923717,Accelerometer,-2.56005,9.585,-3.9090002
1780861923735,Accelerometer,-1.521,9.906,-4.866
1780861923754,Accelerometer,-0.34305,10.2630005,-5.05095
1780861923773,Accelerometer,-0.57000005,10.320001,-4.2340503
1780861923792,Accelerometer,-1.3099501,10.737,-2.5819502
1780861923812,Accelerometer,-0.70695,11.194051,-2.29005
1780861923840,Accelerometer,-0.08400001,12.19995,-3.2719502
1780861923852,Accelerometer,0.22395001,13.98795,-4.32
1780861923870,Accelerometer,1.1530501,14.72595,-6.3910503
1780861923890,Accelerometer,0.70005006,15.247951,-4.01595
1780861923909,Accelerometer,-2.8140001,17.283,-3.73095
1780861923933,Accelerometer,-3.8119502,18.23595,-6.12795
1780861923938,Accelerometer,4.512,13.79205,-7.42605
1780861923968,Accelerometer,-0.86205006,8.38305,4.3650002
1780861923990,Accelerometer,-10.264951,6.3460503,-1.2250501
1780861924006,Accelerometer,-16.987951,1.8610501,-1.46595
1780861924018,Accelerometer,-16.38495,3.1570501,4.84905
1780861924046,Accelerometer,-3.6040502,1.0540501,3.17805
1780861924073,Accelerometer,6.4870505,-0.29505002,0.94395006
1780861924085,Accelerometer,12.991951,0.62100005,1.092
1780861924100,Accelerometer,3.9250503,1.62195,0.75705004
1780861924123,Accelerometer,-1.6879501,2.766,-1.1410501
1780861924142,Accelerometer,-5.1720004,4.2340503,0.261
1780861924167,Accelerometer,-6.3310504,6.11595,1.6330501
1780861924184,Accelerometer,-3.85995,7.3110003,0.39495003
1780861924201,Accelerometer,1.1380501,9.705001,2.1000001
1780861924221,Accelerometer,1.536,11.503051,2.3419502
1780861924239,Accelerometer,-1.24995,14.391001,-1.6650001
1780861924258,Accelerometer,-2.88105,16.501951,2.3779502
1780861924284,Accelerometer,-2.8140001,16.747051,5.36805
1780861924303,Accelerometer,0.49905002,15.922951,2.70405
1780861924317,Accelerometer,1.9879501,15.163951,0.80505
1780861924336,Accelerometer,2.17995,13.888051,-0.82695
1780861924356,Accelerometer,-1.99995,12.439051,-1.1410501
1780861924375,Accelerometer,-5.9050503,12.70695,-2.2759502
1780861924398,Accelerometer,-7.8229504,11.75895,-2.14395
1780861924415,Accelerometer,-4.8580503,10.873051,-2.01195
1780861924434,Accelerometer,-2.18205,10.41405,-2.50305
1780861924453,Accelerometer,-1.07805,10.30395,-2.69895
1780861924472,Accelerometer,0.492,10.177051,-2.6440501
1780861924492,Accelerometer,0.80295,8.629951,-3.4150503
1780861924516,Accelerometer,-0.07005,7.8570004,-4.22505
1780861924536,Accelerometer,-3.22305,8.82405,-4.72305
1780861924550,Accelerometer,0.70005006,16.300951,-6.7309504
1780861924570,Accelerometer,1.2220501,17.565,-3.0990002
1780861924581,Accelerometer,7.24095,9.04695,1.29795
1780861924608,Accelerometer,1.9930501,4.6080003,-0.39105
1780861924631,Accelerometer,-6.168,8.42895,-2.63505
1780861924648,Accelerometer,-9.52305,9.372001,-4.1020503
1780861924665,Accelerometer,-3.62805,8.493,-4.1860504
1780861924686,Accelerometer,2.4739501,10.60305,-2.565
1780861924706,Accelerometer,2.568,10.122001,-2.52195
1780861924730,Accelerometer,0.46500003,10.17195,-4.70295
1780861924748,Accelerometer,-1.6360501,9.906,-5.81895
1780861924767,Accelerometer,-2.56695,9.82695,-4.4929504
1780861924783,Accelerometer,-1.7869501,9.597,-2.9599502
1780861924803,Accelerometer,-0.58695,9.760051,-3.1999502
1780861924820,Accelerometer,0.01305,10.126051,-3.762
1780861924845,Accelerometer,-0.13905,10.210051,-4.44
1780861924861,Accelerometer,1.023,10.210051,-5.0389504
1780861924880,Accelerometer,0.14895001,10.26795,-4.69605
1780861924900,Accelerometer,-1.521,10.371,-2.79795
1780861924919,Accelerometer,-1.18305,10.600051,-1.3630501
1780861924939,Accelerometer,-0.29295,10.417951,-1.27995
1780861924964,Accelerometer,0.62295,9.636001,-2.8840501
1780861924981,Accelerometer,0.79305005,9.4800005,-3.6790502
1780861924998,Accelerometer,-0.48600003,9.130051,-2.83605
1780861925016,Accelerometer,-1.72905,9.02505,-2.7520502
1780861925036,Accelerometer,-1.6170001,9.22605,-3.3360002
1780861925056,Accelerometer,-0.76395005,9.184951,-2.93595
1780861925085,Accelerometer,-0.46005002,9.18105,-2.5530002
1780861925094,Accelerometer,-0.85305005,9.02295,-2.3809502
1780861925113,Accelerometer,-0.56100005,9.457951,-1.57395
1780861925133,Accelerometer,-0.56295,9.918,-2.2060502
1780861925152,Accelerometer,-1.023,10.095,-2.9239502
1780861925172,Accelerometer,-1.3219501,10.43805,-2.52705
1780861925196,Accelerometer,-1.06305,11.488951,-3.0250502
1780861925214,Accelerometer,-0.77595,13.31595,-3.4609501
1780861925232,Accelerometer,0.078,14.356951,-4.05495
1780861925250,Accelerometer,1.12395,16.57695,-4.44705
1780861925269,Accelerometer,1.8970501,16.90695,-3.3670502
1780861925289,Accelerometer,3.8100002,15.8220005,-4.70295
1780861925301,Accelerometer,8.553,15.691051,-4.1070004
1780861925328,Accelerometer,7.2679505,16.123951,-4.6579504
1780861925346,Accelerometer,-3.17805,14.544001,-6.4870505
1780861925367,Accelerometer,-11.548051,12.20505,-8.059951
1780861925385,Accelerometer,-23.53605,12.231001,3.4650002
1780861925405,Accelerometer,-14.316001,10.66005,2.289
1780861925427,Accelerometer,-8.45895,10.926001,-3.69495
1780861925445,Accelerometer,-1.54005,11.30895,-4.644
1780861925466,Accelerometer,1.2600001,9.051001,-4.7059503
1780861925483,Accelerometer,2.01705,6.6280503,-0.71205
1780861925502,Accelerometer,-0.40995002,3.114,3.999
1780861925522,Accelerometer,-2.151,1.09305,2.3710501
1780861925552,Accelerometer,1.62705,0.65895003,1.7029501
1780861925560,Accelerometer,0.34095,-0.36195,1.06305
1780861925580,Accelerometer,0.3,0.00795,-0.26205
1780861925600,Accelerometer,-1.33395,-0.16305001,-0.93195003
1780861925618,Accelerometer,-2.18595,0.16605,-0.76500005
1780861925642,Accelerometer,-3.4480503,0.75495005,0.30405003
1780861925648,Accelerometer,-5.14305,2.9149501,-0.99195004
1780861925678,Accelerometer,-7.3819504,4.31295,-3.6709502
1780861925699,Accelerometer,-9.336,5.5530005,-0.054
1780861925716,Accelerometer,-9.738001,7.38495,1.7119501
1780861925735,Accelerometer,-7.7050505,7.4659505,0.96495
1780861925761,Accelerometer,-6.4960504,7.90005,-0.32205
1780861925781,Accelerometer,-9.345,7.287,-3.3409503
1780861925793,Accelerometer,-11.857051,7.596,-0.88695
1780861925813,Accelerometer,-28.686,8.40705,0.108
1780861925833,Accelerometer,-4.3819504,10.1310005,2.19405
1780861925852,Accelerometer,6.6979504,12.98805,-7.3750505
1780861925875,Accelerometer,7.73505,13.111951,-0.60195005
1780861925893,Accelerometer,-3.6130502,9.40995,-3.1969502
1780861925910,Accelerometer,-10.35795,4.7730002,-3.1279502
1780861925930,Accelerometer,-9.18,9.691051,-1.1689501
1780861925942,Accelerometer,-2.60805,12.595051,-2.1700501
1780861925968,Accelerometer,-0.060000002,9.31995,-3.5350502
1780861925994,Accelerometer,-4.2910504,8.59395,-2.0959501
1780861926014,Accelerometer,-6.2590504,9.34305,-0.094050005
1780861926024,Accelerometer,-5.3710504,9.83895,-1.0309501
1780861926047,Accelerometer,-4.05405,9.691051,-3.72705
1780861926066,Accelerometer,-3.31395,9.616051,-3.2239501
1780861926085,Accelerometer,-3.3259501,9.03705,-2.4550502
1780861926107,Accelerometer,-3.2590501,9.042001,-2.8840501
1780861926124,Accelerometer,-3.21105,9.68805,-3.4390502
1780861926143,Accelerometer,-2.6130002,9.79395,-3.14505
1780861926163,Accelerometer,-1.7200501,9.715051,-2.76195
1780861926182,Accelerometer,-1.3050001,9.115951,-2.592
1780861926202,Accelerometer,-0.9799501,8.86905,-2.352
1780861926226,Accelerometer,-0.91995007,8.86905,-2.1100502
1780861926246,Accelerometer,-0.95595,9.01305,-2.2680001
1780861926260,Accelerometer,-1.8370501,8.698951,-2.22105
1780861926279,Accelerometer,-2.55795,8.7619505,-0.98505
1780861926299,Accelerometer,-2.21295,8.842951,-1.5289501
1780861926319,Accelerometer,-1.11105,9.814951,-1.881
1780861926328,Accelerometer,-0.44295,10.32495,-2.8500001
1780861926357,Accelerometer,-0.23700002,10.705951,-3.5160003
1780861926377,Accelerometer,-0.381,10.56,-2.436
1780861926396,Accelerometer,-1.16205,10.213051,-2.0670002
1780861926415,Accelerometer,-2.1360002,10.543051,-2.77095
1780861926439,Accelerometer,-2.91195,10.782001,-1.8709501
1780861926458,Accelerometer,-3.489,11.26605,-2.29695
1780861926479,Accelerometer,-3.3400502,13.26105,-2.1340501
1780861926490,Accelerometer,-1.8199501,14.577001,-3.384
1780861926512,Accelerometer,0.34095,15.34395,-3.2599502
1780861926532,Accelerometer,3.3100502,16.083,-2.8909502
1780861926561,Accelerometer,5.9050503,15.286051,-3.9709501
1780861926573,Accelerometer,5.7660003,13.191001,-3.0250502
1780861926588,Accelerometer,6.3240004,14.484001,-2.26095
1780861926610,Accelerometer,1.4830501,15.576001,-6.4630504
1780861926629,Accelerometer,-5.4229503,14.77095,-6.95205
1780861926649,Accelerometer,-15.74295,13.786951,2.9020503
1780861926663,Accelerometer,-18.421951,11.84805,-1.55505
1780861926688,Accelerometer,-10.75605,12.019951,-5.28
1780861926714,Accelerometer,-4.368,12.505951,-4.04295
1780861926726,Accelerometer,-0.9889501,12.20205,-5.95095
1780861926743,Accelerometer,-0.90795004,10.59105,-3.5710502
1780861926766,Accelerometer,-1.3939501,8.067,2.6839502
1780861926796,Accelerometer,-1.5330001,5.4139504,3.015
1780861926805,Accelerometer,-1.09695,3.55605,2.9550002
1780861926823,Accelerometer,-0.16605,2.352,1.5520501
1780861926843,Accelerometer,-0.312,1.6150501,1.0350001
1780861926862,Accelerometer,0.28095,1.27005,-0.13005
1780861926882,Accelerometer,1.4089501,0.588,-0.40995002
1780861926904,Accelerometer,0.93195003,-0.02205,-0.351
1780861926922,Accelerometer,-1.3630501,1.0189501,-1.557
1780861926941,Accelerometer,-4.602,1.19595,0.321
1780861926959,Accelerometer,-5.4210005,3.21405,1.0710001
1780861926979,Accelerometer,-7.2690005,4.8130503,1.401
1780861926999,Accelerometer,-9.903001,5.9599504,0.55095005
1780861927028,Accelerometer,-11.48805,5.8720503,-1.66005
1780861927037,Accelerometer,-14.907001,4.392,-0.64005005
1780861927057,Accelerometer,-14.895,3.4369502,-0.609
1780861927076,Accelerometer,-8.90505,1.7340001,-0.40995002
1780861927095,Accelerometer,-5.1979504,3.6040502,4.15695
1780861927115,Accelerometer,-25.879951,24.090002,-8.52495
1780861927138,Accelerometer,3.86805,16.653,-8.52495
1780861927154,Accelerometer,13.83495,14.392951,9.561001
1780861927175,Accelerometer,-0.22995001,9.475051,-4.0279503
1780861927193,Accelerometer,-10.51395,3.3960001,-3.1330502
1780861927212,Accelerometer,-10.01595,6.3769503,-2.80695
1780861927224,Accelerometer,-3.8530502,10.675051,-0.75495005
1780861927256,Accelerometer,-1.3960501,11.188951,-3.114
1780861927270,Accelerometer,-3.07695,9.37905,-3.7339501
1780861927290,Accelerometer,-4.41795,10.308001,-1.6890001
1780861927304,Accelerometer,-3.4720502,10.45695,-1.9039501
1780861927328,Accelerometer,-3.4410002,9.44205,-1.66005
1780861927353,Accelerometer,-2.96895,9.276,-2.24895
1780861927370,Accelerometer,-3.4000502,9.399,-3.1609502
1780861927387,Accelerometer,-3.7999501,9.0709505,-3.28395
1780861927407,Accelerometer,-4.071,9.02295,-3.0540001
1780861927426,Accelerometer,-3.5149503,9.469951,-2.3040001
1780861927445,Accelerometer,-2.77305,9.559051,-2.8290002
1780861927471,Accelerometer,-1.84395,9.286051,-3.08205
1780861927491,Accelerometer,-1.1230501,9.399,-2.57205
1780861927503,Accelerometer,-0.48195,9.48495,-2.532
1780861927523,Accelerometer,-0.597,8.920051,-2.6560502
1780861927542,Accelerometer,-0.66105,9.360001,-1.5120001
1780861927562,Accelerometer,-1.0849501,9.292951,-1.8019501
1780861927585,Accelerometer,-1.61205,9.142051,-1.794
1780861927603,Accelerometer,-1.45605,9.09195,-1.8570001
1780861927620,Accelerometer,-0.93900007,9.34605,-2.8890002
1780861927639,Accelerometer,-1.0180501,9.621,-2.766
1780861927659,Accelerometer,-1.29795,9.571051,-2.3119502
1780861927679,Accelerometer,-1.0680001,10.1959505,-2.76195
1780861927688,Accelerometer,-0.96300006,10.555051,-1.9210501
1780861927720,Accelerometer,-1.5589501,9.95895,-1.7659501
1780861927736,Accelerometer,-2.253,10.134001,-2.53905
1780861927756,Accelerometer,-2.706,11.139001,-3.4630501
1780861927776,Accelerometer,-2.3130002,11.43105,-3.6810002
1780861927795,Accelerometer,-2.60505,12.19995,-2.60595
1780861927816,Accelerometer,-3.144,12.882001,-2.57505
1780861927834,Accelerometer,-2.2060502,14.901001,-2.90295
1780861927851,Accelerometer,0.31500003,16.368,-2.3740501
1780861927873,Accelerometer,2.60595,15.436951,-2.2729502
1780861927892,Accelerometer,5.2320004,14.494051,-3.6670501
1780861927912,Accelerometer,8.19705,12.745951,-2.6470501
1780861927935,Accelerometer,9.327001,15.013051,-2.45805
1780861927956,Accelerometer,2.14905,15.70005,-7.29405
1780861927969,Accelerometer,-8.45205,13.963951,-8.88105
1780861927989,Accelerometer,-21.65895,12.826951,-1.0900501
1780861928009,Accelerometer,-18.424051,12.448951,2.46405
1780861928025,Accelerometer,-12.432,13.519051,-5.8980002
1780861928048,Accelerometer,-6.2419505,14.676001,-7.038
1780861928067,Accelerometer,-0.36405003,14.367001,-8.806951
1780861928086,Accelerometer,1.4899501,11.95995,-5.958
1780861928105,Accelerometer,1.5259501,8.188951,3.348
1780861928125,Accelerometer,0.504,4.119,6.9220505
1780861928150,Accelerometer,1.2580501,0.92805004,3.2299502
1780861928168,Accelerometer,1.8060001,-0.36195,1.81305
1780861928186,Accelerometer,2.29695,0.37695003,1.9800001
1780861928203,Accelerometer,-0.71895003,0.32895002,-0.57600003
1780861928222,Accelerometer,-2.69895,-0.10305001,-1.11705
1780861928242,Accelerometer,-3.7090502,0.123,-0.28605002
1780861928272,Accelerometer,-3.012,0.85095006,-0.31500003
1780861928282,Accelerometer,-1.7080501,1.50495,-1.04295
1780861928300,Accelerometer,-0.73995006,2.022,-1.5960001
1780861928320,Accelerometer,-1.4080501,2.742,-1.3440001
1780861928339,Accelerometer,-3.5320501,4.40595,-1.3039501
1780861928358,Accelerometer,-5.4550505,6.6000004,-2.1390002
1780861928382,Accelerometer,-5.0070004,9.64305,-2.388
1780861928400,Accelerometer,-4.176,11.343,-1.7370001
1780861928421,Accelerometer,-5.5219502,12.196951,-2.1769502
1780861928436,Accelerometer,-7.6600504,11.71395,-3.5400002
1780861928455,Accelerometer,-10.444051,10.34895,-2.9290502
1780861928476,Accelerometer,-12.408001,9.607051,-2.29005
1780861928506,Accelerometer,-10.449,9.02505,-1.7029501
1780861928506,Accelerometer,-7.3840504,7.9480505,-1.0879501
1780861928533,Accelerometer,-4.899,7.1310005,1.023
1780861928553,Accelerometer,-5.6920505,14.781001,-5.6970005
1780861928572,Accelerometer,-2.232,21.15195,-8.776051
1780861928586,Accelerometer,10.407001,4.8349504,6.66405
1780861928611,Accelerometer,0.68295,3.93705,-2.1460502
1780861928632,Accelerometer,0.20205002,11.793,-4.36305
1780861928652,Accelerometer,-7.22205,11.95995,-4.5810003
1780861928666,Accelerometer,-9.40005,9.613951,-1.77795
1780861928688,Accelerometer,-5.0400004,9.271951,-1.41795
1780861928709,Accelerometer,-1.38195,9.925051,-2.3740501
1780861928738,Accelerometer,-0.822,10.158001,-2.48895
1780861928747,Accelerometer,-2.7919502,9.394051,-1.593
1780861928766,Accelerometer,-3.795,9.23295,-1.7200501
1780861928786,Accelerometer,-3.3690002,9.21405,-2.67105
1780861928805,Accelerometer,-2.56005,9.274051,-3.5299501
1780861928825,Accelerometer,-2.1000001,9.291,-3.35505
1780861928848,Accelerometer,-2.3040001,9.52095,-2.4430501
1780861928865,Accelerometer,-2.0670002,9.292951,-2.56305
1780861928882,Accelerometer,-2.196,9.559051,-3.0660002
1780861928902,Accelerometer,-1.5880501,9.493951,-2.77605
1780861928922,Accelerometer,-1.4299501,9.40995,-2.63205
1780861928942,Accelerometer,-1.0900501,9.37005,-2.4139502
1780861928967,Accelerometer,-0.78795004,9.463051,-2.7640502
1780861928981,Accelerometer,-0.67995006,9.463051,-3.051
1780861928999,Accelerometer,-0.88605005,9.54705,-2.5530002
1780861929019,Accelerometer,-1.14495,9.53295,-2.43405
1780861929038,Accelerometer,-0.49095002,9.636001,-3.10905
1780861929062,Accelerometer,-0.70395005,9.51105,-2.12205
1780861929080,Accelerometer,-0.90300006,9.624001,-3.015
1780861929087,Accelerometer,-1.0200001,9.604051,-2.5530002
1780861929116,Accelerometer,-1.50405,9.292951,-2.4019501
1780861929135,Accelerometer,-1.7629501,9.84405,-3.2329502
1780861929147,Accelerometer,-1.57605,9.75,-3.1279502
1780861929175,Accelerometer,-2.2750502,9.4150505,-2.3449502
1780861929203,Accelerometer,-2.148,9.339001,-2.26095
1780861929213,Accelerometer,-2.3470502,9.762,-2.59905
1780861929229,Accelerometer,-2.1720002,9.84405,-2.48895
1780861929252,Accelerometer,-1.34595,9.86295,-3.5329502
1780861929271,Accelerometer,-0.72405005,9.97605,-3.1039503
1780861929293,Accelerometer,-0.38805002,9.70695,-2.2369502
1780861929312,Accelerometer,-0.77400005,9.637951,-3.2929502
1780861929330,Accelerometer,-1.1400001,9.8890505,-3.6070502
1780861929349,Accelerometer,-2.09805,9.66705,-2.33295
1780861929369,Accelerometer,-1.557,9.604051,-2.69895
1780861929388,Accelerometer,-0.67305005,9.954,-3.2430003
1780861929413,Accelerometer,-1.07805,9.96405,-2.84505
1780861929433,Accelerometer,-2.388,9.978001,-1.8180001
1780861929446,Accelerometer,-2.3760002,10.83705,-1.38495
1780861929466,Accelerometer,-1.269,11.6640005,-1.9480501
1780861929485,Accelerometer,0.3,12.49005,-2.3160002
1780861929505,Accelerometer,1.69395,13.830001,-2.45805
1780861929527,Accelerometer,1.16505,14.175001,-2.18895
1780861929546,Accelerometer,-1.34595,13.609951,-1.3780501
1780861929563,Accelerometer,-2.93595,13.9480505,-2.3830502
1780861929582,Accelerometer,-2.5530002,12.304951,-1.9740001
1780861929602,Accelerometer,-3.012,9.97095,-1.6360501
1780861929621,Accelerometer,-5.3040004,8.022,-3.1380002
1780861929645,Accelerometer,-7.4160004,5.6970005,-2.4019501
1780861929651,Accelerometer,-12.111001,2.6560502,-2.1030002
1780861929680,Accelerometer,-4.2169504,4.01595,-0.82500005
1780861929699,Accelerometer,0.59505004,2.7880502,-1.24605
1780861929719,Accelerometer,3.0990002,2.87205,0.08895
1780861929738,Accelerometer,3.3750002,3.3340502,1.7910001
1780861929760,Accelerometer,-0.40695003,4.63605,-0.32205
1780861929777,Accelerometer,-2.055,6.01305,-0.70305
1780861929793,Accelerometer,-2.0670002,7.3830004,-1.18605
1780861929815,Accelerometer,-1.4779501,9.166051,-1.521
1780861929835,Accelerometer,-1.0350001,10.512,-2.592
1780861929859,Accelerometer,-1.3920001,11.857051,-2.97
1780861929878,Accelerometer,-2.93595,12.460951,-2.4769502
1780861929897,Accelerometer,-3.249,12.55395,-2.2110002
1780861929913,Accelerometer,-4.506,12.909,-4.07805
1780861929932,Accelerometer,-5.5360503,13.46895,-5.62305
1780861929948,Accelerometer,-6.9340506,12.517951,-4.52895
1780861929976,Accelerometer,-10.97595,9.754951,-2.4430501
1780861929992,Accelerometer,-11.524051,9.06795,-3.00795
1780861930009,Accelerometer,-6.807,9.03495,-2.9560502
1780861930029,Accelerometer,-5.7970505,9.37905,-3.5089502
1780861930048,Accelerometer,-18.678001,8.91705,-10.545
1780861930068,Accelerometer,-5.4880505,8.41395,-1.66005
1780861930092,Accelerometer,7.5930004,8.57205,-3.52305
1780861930111,Accelerometer,13.012051,15.19305,0.35205
1780861930130,Accelerometer,7.3609505,12.592951,9.91005
1780861930146,Accelerometer,5.2830005,8.75895,-1.335
1780861930165,Accelerometer,0.94395006,8.268001,-7.3729506
1780861930185,Accelerometer,-3.3070502,8.830951,-6.0270004
1780861930214,Accelerometer,-6.0409503,9.06795,-4.3060503
1780861930225,Accelerometer,-6.879,8.89305,-3.7500002
1780861930243,Accelerometer,-2.5549502,10.087951,-3.6499503
1780861930263,Accelerometer,1.8919501,10.29195,-2.19705
1780861930282,Accelerometer,1.8210001,9.637951,-1.8540001
1780861930301,Accelerometer,0.42195,9.351001,-3.15405
1780861930324,Accelerometer,-1.1710501,9.21195,-3.82905
1780861930343,Accelerometer,-2.22705,9.595051,-3.4660501
1780861930361,Accelerometer,-2.2800002,9.561001,-4.1719503
1780861930379,Accelerometer,-1.7200501,8.857051,-3.7030501
1780861930399,Accelerometer,-2.05995,9.280951,-3.219
1780861930419,Accelerometer,-1.899,9.363001,-3.7219503
1780861930430,Accelerometer,-1.45905,9.505951,-3.5350502
1780861930457,Accelerometer,-0.96495,9.195001,-3.62595
1780861930476,Accelerometer,-1.0200001,8.956051,-3.4609501
1780861930496,Accelerometer,-1.8270001,8.989051,-3.5089502
1780861930511,Accelerometer,-2.60295,9.30795,-3.3340502
1780861930535,Accelerometer,-2.28495,9.315001,-3.7819502
1780861930559,Accelerometer,-2.196,8.971951,-4.1460004
1780861930575,Accelerometer,-1.8460501,9.288,-3.3120003
1780861930591,Accelerometer,-1.044,9.44205,-3.9900002
1780861930612,Accelerometer,-1.542,8.989051,-3.90405
1780861930632,Accelerometer,-2.97195,8.75895,-3.7219503
1780861930652,Accelerometer,-1.6690501,9.160951,-3.3079503
1780861930679,Accelerometer,-2.87805,9.151951,-3.5110502
1780861930690,Accelerometer,-2.1070502,9.328951,-3.255
1780861930710,Accelerometer,-1.6999501,9.07995,-3.315
1780861930729,Accelerometer,-1.6999501,9.13305,-4.1670003
1780861930748,Accelerometer,-1.6480501,9.247951,-3.3750002
1780861930772,Accelerometer,-2.1049502,9.16905,-3.4249501
1780861930789,Accelerometer,-1.72905,9.336,-3.8059502
1780861930806,Accelerometer,-1.53495,9.259951,-3.4320002
1780861930826,Accelerometer,-1.332,9.339001,-3.66195
1780861930845,Accelerometer,-1.46595,9.328951,-3.1380002
1780861930865,Accelerometer,-1.3630501,9.396001,-3.315
1780861930888,Accelerometer,-1.2529501,9.252001,-3.5850003
1780861930909,Accelerometer,-1.4419501,9.3820505,-3.2400002
1780861930923,Accelerometer,-1.5450001,9.327001,-2.9910002
1780861930942,Accelerometer,-1.40295,9.33405,-3.279
1780861930962,Accelerometer,-1.2790501,9.375,-3.114
1780861930981,Accelerometer,-1.38405,9.33405,-3.2209501
1780861931006,Accelerometer,-1.4419501,9.23295,-3.3600001
1780861931022,Accelerometer,-1.5589501,9.34305,-3.31695
1780861931040,Accelerometer,-1.6620001,9.288,-3.3820503
1780861931059,Accelerometer,-1.626,9.154051,-3.63105
1780861931071,Accelerometer,-1.743,9.35805,-3.1900501
1780861931098,Accelerometer,-1.54005,9.35805,-3.0919502
1780861931121,Accelerometer,-1.07505,9.328951,-3.2290502
1780861931142,Accelerometer,-1.18095,9.324,-3.1690502
1780861931152,Accelerometer,-1.3750501,9.34605,-3.0199502
1780861931176,Accelerometer,-2.055,9.195001,-3.1879501
1780861931195,Accelerometer,-2.1360002,9.315001,-3.0990002
1780861931214,Accelerometer,-1.3560001,9.34605,-3.387
1780861931237,Accelerometer,-1.23105,9.23295,-3.765
1780861931254,Accelerometer,-1.8700501,9.160951,-3.111
1780861931273,Accelerometer,-2.21805,9.274051,-3.2310002
1780861931292,Accelerometer,-1.8250501,9.32205,-3.24495
1780861931311,Accelerometer,-1.4470501,9.259951,-3.10905
1780861931331,Accelerometer,-1.6669501,9.267,-3.5350502
1780861931353,Accelerometer,-1.7670001,9.26895,-2.8240502
1780861931373,Accelerometer,-1.6720501,9.255,-2.982
1780861931389,Accelerometer,-1.5970501,9.295951,-3.219
1780861931409,Accelerometer,-1.4820001,9.35505,-3.4420502
1780861931428,Accelerometer,-1.5690001,9.34605,-3.1590002
1780861931448,Accelerometer,-1.7530501,9.1039505,-3.21405
1780861931469,Accelerometer,-1.7989501,9.31995,-3.38895
1780861931486,Accelerometer,-1.69305,9.288,-3.4320002
1780861931506,Accelerometer,-1.5160501,9.304951,-3.2719502
1780861931525,Accelerometer,-1.38405,9.348001,-3.2020502
1780861931544,Accelerometer,-1.5850501,9.36705,-3.1900501
1780861931569,Accelerometer,-1.57305,9.276,-3.3790503
1780861931587,Accelerometer,-1.7770501,9.127951,-3.4420502
1780861931607,Accelerometer,-1.8730501,9.30795,-3.4150503
1780861931622,Accelerometer,-1.8270001,9.298051,-3.28395
1780861931642,Accelerometer,-1.8679501,9.288,-3.4609501
1780861931662,Accelerometer,-1.6309501,9.31995,-3.1300502
1780861931691,Accelerometer,-1.4130001,9.34095,-3.1350002
1780861931703,Accelerometer,-1.3219501,9.255,-3.4150503
1780861931719,Accelerometer,-1.5880501,9.33405,-3.4300501
1780861931739,Accelerometer,-1.4749501,9.457951,-3.31995
1780861931758,Accelerometer,-1.4059501,9.331051,-3.6670501
1780861931778,Accelerometer,-1.983,9.274051,-3.5059502
1780861931792,Accelerometer,-2.0040002,9.36705,-3.1210501
1780861931818,Accelerometer,-2.151,9.292951,-3.11805
1780861931841,Accelerometer,-2.079,9.331051,-2.7450001
1780861931856,Accelerometer,-1.9039501,9.35505,-2.805
1780861931872,Accelerometer,-2.22,9.31005,-2.90805
1780861931895,Accelerometer,-2.22495,9.39105,-2.697
1780861931921,Accelerometer,-2.19405,9.274051,-3.28095
1780861931934,Accelerometer,-1.9609501,9.387,-3.7600503
1780861931952,Accelerometer,-1.5829501,9.37005,-3.8179502
1780861931972,Accelerometer,-1.18305,9.475051,-3.5710502
1780861931992,Accelerometer,-1.2409501,9.207001,-4.155
1780861932011,Accelerometer,-1.3560001,9.097051,-4.52895
1780861932035,Accelerometer,-1.72905,9.49005,-2.7640502
1780861932052,Accelerometer,-1.9090501,9.241051,-2.1319501
1780861932070,Accelerometer,-1.6639501,9.460951,-2.8930502
1780861932088,Accelerometer,-1.41795,9.609,-3.2670002
1780861932108,Accelerometer,-1.4389501,9.20505,-2.7259502
1780861932128,Accelerometer,-1.5850501,9.451051,-2.7280502
1780861932153,Accelerometer,-1.674,9.64305,-2.48895
1780861932168,Accelerometer,-1.5690001,9.48495,-2.9220002
1780861932185,Accelerometer,-1.212,9.75,-2.43105
1780861932206,Accelerometer,-0.95295006,9.564,-2.8980002
1780861932225,Accelerometer,-0.45495003,9.475051,-3.0630002
1780861932244,Accelerometer,-0.10095,9.70005,-2.6130002
1780861932269,Accelerometer,-0.063,9.861,-2.6250002
1780861932284,Accelerometer,-0.67800003,9.765,-3.3960001
1780861932302,Accelerometer,-0.40695003,9.54705,-2.0770502
1780861932322,Accelerometer,-0.20400001,9.51795,-1.6819501
1780861932341,Accelerometer,-0.13005,9.99705,-2.6539502
1780861932353,Accelerometer,-0.48900002,9.82005,-2.7139502
1780861932385,Accelerometer,-0.67605,9.65205,-1.3920001
1780861932400,Accelerometer,-0.846,10.158001,-0.015000001
1780861932419,Accelerometer,-1.00395,9.65505,-1.3230001
1780861932433,Accelerometer,-0.67800003,9.94005,-0.90405005
1780861932458,Accelerometer,0.19995001,9.748051,-0.89205
1780861932481,Accelerometer,0.027,9.84405,-1.43805
1780861932498,Accelerometer,-0.67095006,10.071,0.23505001
1780861932515,Accelerometer,-1.43505,9.67905,1.1230501
1780861932535,Accelerometer,-2.4109502,9.42195,-0.22800002
1780861932555,Accelerometer,-2.055,9.501,0.78795004
1780861932574,Accelerometer,-1.0849501,9.966001,1.4680501
1780861932600,Accelerometer,0.453,9.925051,0.735
1780861932621,Accelerometer,0.24495001,10.122001,1.0710001
1780861932632,Accelerometer,0.48705003,9.79605,1.93305
1780861932652,Accelerometer,-0.97005004,9.597,1.9800001
1780861932672,Accelerometer,-2.4810002,9.448951,1.245
1780861932691,Accelerometer,-1.8679501,9.8890505,1.6360501
1780861932714,Accelerometer,-1.5160501,9.636001,0.89100003
1780861932730,Accelerometer,-2.59095,9.861,0.12705001
1780861932749,Accelerometer,-1.9920001,9.75,0.23295002
1780861932769,Accelerometer,-1.3990501,9.68295,1.0830001
1780861932788,Accelerometer,-1.18605,9.825001,0.96000004
1780861932808,Accelerometer,-1.1380501,9.95895,0.50595003
1780861932832,Accelerometer,-1.296,9.64305,0.087000005
1780861932853,Accelerometer,-1.9660501,9.312,0.76905006
1780861932866,Accelerometer,-2.2390501,9.760051,1.09695
1780861932885,Accelerometer,-1.4629501,9.882001,0.75900006
1780861932905,Accelerometer,-0.49395,10.071,0.052950002
1780861932924,Accelerometer,-0.43095002,9.846001,0.10605001
1780861932947,Accelerometer,-1.5499501,9.436951,0.94395006
1780861932966,Accelerometer,-2.8470001,9.66705,1.42005
1780861932982,Accelerometer,-1.2100501,9.766951,0.14205001
1780861933001,Accelerometer,-0.67305005,9.68805,-0.45105
1780861933021,Accelerometer,-1.03695,10.18395,-0.86805004
1780861933041,Accelerometer,-1.66005,10.189051,-1.8690001
1780861933065,Accelerometer,-1.4389501,10.42605,-0.78195006
1780861933086,Accelerometer,-1.554,9.99705,2.232
1780861933099,Accelerometer,-0.762,9.85305,1.71
1780861933118,Accelerometer,-0.20205002,10.311001,1.248
1780861933139,Accelerometer,-0.51795,9.885,0.96000004
1780861933154,Accelerometer,-1.9729501,9.760051,0.38805002
1780861933177,Accelerometer,-2.3830502,9.892051,1.3579501
1780861933198,Accelerometer,-1.6360501,9.858001,1.18605
1780861933216,Accelerometer,-0.88605005,9.7890005,-0.12105001
1780861933234,Accelerometer,-0.83400005,10.02105,0.31605002
1780861933254,Accelerometer,-1.45605,9.81795,0.13695
1780861933280,Accelerometer,-1.3560001,9.814951,0.28095
1780861933298,Accelerometer,-1.317,9.83895,0.06705
1780861933315,Accelerometer,-1.24995,9.925051,0.27600002
1780861933332,Accelerometer,-0.60405004,9.97605,0.53895
1780861933352,Accelerometer,-0.40305,9.753,0.34005
1780861933371,Accelerometer,-0.84300005,9.769951,0.49800003
1780861933401,Accelerometer,-1.06605,9.84105,0.609
1780861933412,Accelerometer,-1.368,9.777,0.79800004
1780861933429,Accelerometer,-0.846,9.868051,0.91305006
1780861933449,Accelerometer,-0.84300005,9.801001,0.08895
1780861933468,Accelerometer,-1.18095,9.772051,0.24705002
1780861933488,Accelerometer,-1.212,9.85095,0.65895003
1780861933512,Accelerometer,-1.50195,9.87705,0.27105
1780861933529,Accelerometer,-1.2790501,9.94005,0.58905005
1780861933545,Accelerometer,-1.0519501,9.93,0.58695
1780861933565,Accelerometer,-1.116,9.81795,0.43905002
1780861933585,Accelerometer,-1.2529501,9.69795,0.56805
1780861933605,Accelerometer,-1.2100501,9.95895,1.06095
1780861933633,Accelerometer,-1.6000501,9.925051,0.56505
1780861933635,Accelerometer,-1.6309501,9.70695,0.64395005
1780861933663,Accelerometer,-1.3800001,10.047001,0.45495003
1780861933683,Accelerometer,-1.131,9.97605,0.015000001
1780861933701,Accelerometer,-1.0129501,9.8869505,0.14205001
1780861933715,Accelerometer,-0.88605005,9.999001,0.24495001
1780861933741,Accelerometer,-0.90300006,9.918,0.34800002
1780861933763,Accelerometer,-1.18095,9.721951,0.58500004
1780861933784,Accelerometer,-1.2360001,9.909,0.73095006
1780861933795,Accelerometer,-1.2100501,9.861,0.38595003
1780861933818,Accelerometer,-1.1880001,9.769951,0.012
1780861933838,Accelerometer,-1.2720001,9.901051,0.22995001
1780861933864,Accelerometer,-1.5780001,9.846001,-0.16605
1780861933877,Accelerometer,-1.6570501,9.904051,0.087000005
1780861933896,Accelerometer,-1.4989501,9.84405,0.14400001
1780861933915,Accelerometer,-1.42005,9.873,0.28095
1780861933935,Accelerometer,-1.2859501,9.904051,0.11100001
1780861933958,Accelerometer,-1.18605,9.84105,0.34800002
1780861933977,Accelerometer,-1.4490001,9.880051,0.558
1780861933994,Accelerometer,-1.29795,9.937051,0.261
1780861934012,Accelerometer,-1.2739501,9.84105,0.075
1780861934032,Accelerometer,-0.97005004,9.745951,0.56100005
1780861934051,Accelerometer,-1.0830001,9.98805,0.060000002
1780861934077,Accelerometer,-1.15695,9.882001,0.027
1780861934096,Accelerometer,-1.21905,9.84405,0.77400005
1780861934109,Accelerometer,-1.77495,9.858001,-0.35805002
1780861934129,Accelerometer,-1.368,9.73095,0.94395006
1780861934149,Accelerometer,-1.09905,9.99195,-0.11805001
1780861934168,Accelerometer,-0.75900006,10.00905,-0.73395
1780861934193,Accelerometer,-0.28305,9.801001,-0.04695
1780861934210,Accelerometer,-1.5300001,9.925051,-0.13305001
1780861934226,Accelerometer,-1.69305,10.099951,-0.53505003
1780861934245,Accelerometer,-0.786,9.85305,-0.18300001
1780861934265,Accelerometer,-0.61305004,9.916051,-0.11595
1780861934276,Accelerometer,-1.0830001,9.94005,-0.279
1780861934305,Accelerometer,-1.2720001,9.870001,-0.042000003
1780861934330,Accelerometer,-0.81195,9.943951,-0.312
1780861934342,Accelerometer,-0.56505,10.075951,-0.693
1780861934357,Accelerometer,-0.70395005,9.897,-0.231
1780861934381,Accelerometer,-1.06305,9.892051,-0.35805002
1780861934401,Accelerometer,-1.16205,10.102051,-0.37005
1780861934424,Accelerometer,-0.93705004,9.86295,0.01695
1780861934441,Accelerometer,-0.85005003,9.84105,-0.18495001
1780861934460,Accelerometer,-0.74505,9.949051,-0.28605002
1780861934478,Accelerometer,-0.70005006,9.922951,-0.29295
1780861934498,Accelerometer,-0.91695005,9.979951,-0.015000001
1780861934517,Accelerometer,-0.85995007,9.98295,-0.46800002
1780861934541,Accelerometer,-1.128,9.814951,-0.26700002
1780861934563,Accelerometer,-1.2360001,9.8560505,-0.25695002
1780861934575,Accelerometer,-0.94095004,10.00905,-0.58005005
1780861934596,Accelerometer,-1.245,9.94005,-0.47295
1780861934614,Accelerometer,-1.2240001,9.96405,-0.13005
1780861934634,Accelerometer,-1.056,10.15995,0.26595002
1780861934656,Accelerometer,-1.38405,9.85095,0.64395005
1780861934674,Accelerometer,-1.18605,9.97605,0.00795
1780861934693,Accelerometer,-0.88395005,9.934951,-0.14205001
1780861934712,Accelerometer,-1.41495,9.80595,-0.42000002
1780861934731,Accelerometer,-1.4250001,9.913051,0.24000001
1780861934756,Accelerometer,-0.91305006,9.98805,-0.73605
1780861934775,Accelerometer,-0.74700004,9.904051,-0.57600003
1780861934794,Accelerometer,-1.00605,9.86505,-0.24300002
1780861934809,Accelerometer,-0.79095006,9.999001,-0.087000005
1780861934828,Accelerometer,-0.513,9.954,-0.22605
1780861934848,Accelerometer,-0.915,9.83895,-0.01305
1780861934876,Accelerometer,-0.89400005,9.97305,-0.003
1780861934890,Accelerometer,-0.84300005,9.894,-0.13995
1780861934906,Accelerometer,-1.245,9.745951,-0.039
1780861934922,Accelerometer,-0.89595,9.97095,-0.018000001
1780861934945,Accelerometer,-0.74700004,9.967951,-0.39105
1780861934964,Accelerometer,-0.95295006,9.922951,-0.21900001
1780861934988,Accelerometer,-0.96795005,9.873,-0.14505
1780861935006,Accelerometer,-1.11105,9.898951,-0.22605
1780861935025,Accelerometer,-1.22595,9.897,-0.19005
1780861935042,Accelerometer,-1.245,9.882001,-0.48000002
1780861935061,Accelerometer,-1.3410001,9.922951,1.42005
1780861935078,Accelerometer,-1.69095,9.898951,0.40005
1780861935104,Accelerometer,-1.15695,9.892051,0.23700002
1780861935121,Accelerometer,-0.59400004,9.748051,0.15795001
1780861935139,Accelerometer,-1.4940001,10.00695,-0.039
1780861935158,Accelerometer,-0.52500004,9.8560505,-0.23805001
1780861935177,Accelerometer,-0.87900007,9.894,-0.15195
1780861935198,Accelerometer,-0.71895003,10.023001,-0.3
1780861935222,Accelerometer,-1.09695,9.84405,-0.31005
1780861935240,Accelerometer,-1.3800001,9.93,-0.18495001
1780861935258,Accelerometer,-1.06605,10.057051,0.079050004
1780861935275,Accelerometer,-0.57000005,9.949051,0.09900001
1780861935295,Accelerometer,-0.9889501,9.790951,-0.018000001
1780861935314,Accelerometer,-1.2910501,9.85305,0.40995002
1780861935342,Accelerometer,-1.047,9.898951,0.076950006
1780861935355,Accelerometer,-0.90495,9.98505,-0.33900002
1780861935372,Accelerometer,-1.0320001,9.990001,-0.16605
1780861935392,Accelerometer,-0.95100003,9.894,-0.25995
1780861935411,Accelerometer,-0.89805007,9.82995,0.19005
1780861935431,Accelerometer,-0.58005005,10.035001,0.22995001
1780861935454,Accelerometer,-0.27600002,9.96105,-0.31500003
1780861935472,Accelerometer,-0.67305005,9.925051,-0.17595
1780861935488,Accelerometer,-0.96495,9.87495,0.45795003
1780861935509,Accelerometer,-1.42005,9.95205,-0.24300002
1780861935528,Accelerometer,-1.047,9.96405,-0.29295
1780861935548,Accelerometer,-0.43905002,9.78195,0.35700002
1780861935559,Accelerometer,-0.43095002,10.057051,-0.279
1780861935586,Accelerometer,-0.69000006,10.081051,-0.85800004
1780861935605,Accelerometer,-1.03005,9.68805,-0.67605
1780861935625,Accelerometer,-1.14705,9.913051,-0.03195
1780861935640,Accelerometer,-0.25905,10.114051,-0.55905
1780861935664,Accelerometer,-0.216,9.621,-0.042000003
1780861935685,Accelerometer,-0.63705003,9.729,1.281
1780861935703,Accelerometer,-0.65205,9.849001,0.68505
1780861935728,Accelerometer,0.003,9.999001,-0.588
1780861935741,Accelerometer,-0.24900001,10.15005,-0.60705
1780861935761,Accelerometer,-1.81095,10.078951,-1.2079501
1780861935784,Accelerometer,-1.72395,10.045051,-0.20205002
1780861935805,Accelerometer,-0.32805002,9.954,-0.86505
1780861935819,Accelerometer,0.31905,10.01595,-0.99195004
1780861935839,Accelerometer,-0.55395,9.94005,-0.51105005
1780861935858,Accelerometer,-1.35105,9.8560505,0.87900007
1780861935877,Accelerometer,-0.03195,10.45005,-0.078
1780861935901,Accelerometer,0.20895001,9.901051,-0.82695
1780861935918,Accelerometer,-3.2730002,9.02295,0.52005005
1780861935936,Accelerometer,-3.17805,9.79395,-0.29295
1780861935955,Accelerometer,-0.549,9.469951,0.822
1780861935974,Accelerometer,-6.5730004,4.236,-4.155
1780861935994,Accelerometer,-2.9890501,11.07495,-0.08205
1780861936020,Accelerometer,2.6950502,10.24905,-1.6890001
1780861936040,Accelerometer,4.794,10.567051,3.5800502
1780861936052,Accelerometer,0.87195003,7.4470506,4.17105
1780861936072,Accelerometer,-2.00895,15.661951,-4.87305
1780861936091,Accelerometer,3.3940501,6.2449503,0.81705004
1780861936111,Accelerometer,-3.1699502,10.146001,-0.86805004
1780861936135,Accelerometer,-2.4430501,10.699051,0.0049500004
1780861936153,Accelerometer,2.7829502,10.00905,-3.5800502
1780861936169,Accelerometer,3.2760003,10.240951,0.087000005
1780861936188,Accelerometer,0.62805,9.451051,-1.797
1780861936199,Accelerometer,-1.6980001,10.252951,-0.25695002
1780861936227,Accelerometer,-1.22595,8.788051,2.766
1780861936251,Accelerometer,2.7540002,11.434051,0.57495004
1780861936272,Accelerometer,-2.4550502,10.998,-0.15705001
1780861936282,Accelerometer,-2.13105,9.33405,-2.4480002
1780861936305,Accelerometer,-1.6840501,10.74705,-1.4779501
1780861936324,Accelerometer,1.30305,10.023001,0.95595
1780861936344,Accelerometer,-2.9890501,10.43295,2.8639503
1780861936366,Accelerometer,-4.28895,8.686951,0.89595
1780861936384,Accelerometer,-4.96395,8.65905,0.19395001
1780861936402,Accelerometer,-3.2689502,9.516001,0.21795002
1780861936421,Accelerometer,-2.2060502,10.00905,-0.41505003
1780861936440,Accelerometer,-1.41495,8.58405,-7.3729506
1780861936461,Accelerometer,-0.86700004,9.86505,-3.2209501
1780861936484,Accelerometer,-3.3000002,8.391001,-15.066001
1780861936503,Accelerometer,3.8509502,9.87705,-3.5970001
1780861936519,Accelerometer,-3.8479502,9.207001,-0.88905007
1780861936538,Accelerometer,-1.33605,9.35295,-2.0650501
1780861936558,Accelerometer,-4.19805,14.838,-20.809952
1780861936587,Accelerometer,-0.49800003,7.2169504,3.07695
1780861936599,Accelerometer,-3.1009502,9.127951,-2.08605
1780861936618,Accelerometer,-3.55095,9.769951,1.2739501
1780861936636,Accelerometer,-1.12605,9.68805,2.739
1780861936655,Accelerometer,-2.2699502,9.42195,-0.23595001
1780861936674,Accelerometer,-0.108,9.23805,-2.2110002
1780861936701,Accelerometer,-2.3089502,8.94795,-1.3060501
1780861936717,Accelerometer,-3.38805,9.36495,-0.303
1780861936735,Accelerometer,-1.8220501,9.625951,-0.094050005
1780861936752,Accelerometer,-1.8060001,10.18095,-1.7560501
1780861936771,Accelerometer,-0.59205,10.14795,-2.7859502
1780861936791,Accelerometer,-0.05595,9.219001,-3.0349503
1780861936819,Accelerometer,-2.328,9.408,-0.99495006
1780861936832,Accelerometer,-2.9260502,9.339001,0.24195
1780861936847,Accelerometer,-3.0940502,9.52095,-0.252
1780861936869,Accelerometer,-2.0380502,9.31995,-0.72195005
1780861936887,Accelerometer,-1.22595,9.70695,-0.84105
1780861936907,Accelerometer,-1.1230501,8.92695,-0.70995003
1780861936921,Accelerometer,-1.4419501,10.26795,-3.1279502
1780861936947,Accelerometer,-0.036000002,9.243,-2.17995
1780861936971,Accelerometer,-3.7549503,10.82295,-2.29695
1780861936985,Accelerometer,-1.9900501,10.045051,-1.5790501
1780861937001,Accelerometer,-1.57305,10.2630005,-1.9480501
1780861937024,Accelerometer,-0.88395005,10.201051,-2.8909502
1780861937052,Accelerometer,-2.7130501,9.97605,-2.59905
1780861937066,Accelerometer,-2.8470001,10.002001,-1.7179501
1780861937080,Accelerometer,-2.7229502,10.275001,-2.0050502
1780861937102,Accelerometer,-2.4450002,10.207951,-2.1700501
1780861937121,Accelerometer,-1.91805,10.276951,-1.794
1780861937140,Accelerometer,-2.5500002,9.636001,3.0240002
1780861937165,Accelerometer,-2.352,9.727051,-0.29595003
1780861937181,Accelerometer,-2.7510002,9.69495,-0.73395
1780861937198,Accelerometer,-2.67,9.53505,1.0540501
1780861937218,Accelerometer,-1.7509501,9.436951,0.28305
1780861937238,Accelerometer,-1.29795,10.392,0.28500003
1780861937258,Accelerometer,-0.10605001,9.604051,0.52695
1780861937286,Accelerometer,-1.0350001,9.87495,0.90795004
1780861937296,Accelerometer,-1.7479501,4.4500504,-1.8370501
1780861937315,Accelerometer,-7.5379505,0.12105001,-8.335951
1780861937335,Accelerometer,-3.38595,16.24905,0.98205006
1780861937355,Accelerometer,1.8570001,11.649,-6.9970503
1780861937378,Accelerometer,-3.15105,9.375,-2.21295
1780861937396,Accelerometer,-3.65895,9.825001,0.96300006
1780861937413,Accelerometer,-1.3920001,9.15705,0.89805007
1780861937432,Accelerometer,-0.573,9.943951,-1.23195
1780861937451,Accelerometer,-0.78795004,10.035001,-1.83
1780861937470,Accelerometer,-2.3850002,9.612,-1.07595
1780861937481,Accelerometer,-1.7700001,9.774,0.735
1780861937512,Accelerometer,-1.3219501,10.075951,-1.485
1780861937529,Accelerometer,-1.7670001,9.4150505,-1.9740001
1780861937548,Accelerometer,-2.26095,9.657001,-1.43295
1780861937562,Accelerometer,-2.22705,9.784051,-0.669
1780861937587,Accelerometer,-1.14495,10.011001,-0.86100006
1780861937611,Accelerometer,-0.51000005,9.79395,-1.11
1780861937629,Accelerometer,-0.85305005,9.80595,-1.131
1780861937644,Accelerometer,-1.6840501,10.02795,-1.7539501
1780861937665,Accelerometer,-2.32005,9.70695,-1.05495
1780861937684,Accelerometer,-2.7160501,9.394051,0.21105
1780861937704,Accelerometer,-0.86505,9.802951,-0.45795003
1780861937729,Accelerometer,-0.22305001,10.344001,-3.3700502
1780861937749,Accelerometer,-5.9430003,9.3,-1.047
1780861937762,Accelerometer,-2.9599502,10.366051,-0.77895004
1780861937781,Accelerometer,-0.98205006,9.55395,-0.9799501
1780861937801,Accelerometer,-1.7580001,9.906,-1.1740501
1780861937821,Accelerometer,-1.61205,10.57695,-1.6459501
1780861937844,Accelerometer,3.1369503,7.2840004,2.95005
1780861937862,Accelerometer,-3.2350502,9.825001,-6.2310004
1780861937878,Accelerometer,-0.44805002,9.063001,-0.20505
1780861937898,Accelerometer,-1.047,10.375051,-2.7499502
1780861937918,Accelerometer,-0.22305001,9.75,1.605
1780861937937,Accelerometer,-2.32005,10.464001,0.54105
1780861937962,Accelerometer,-0.96495,9.870001,-1.8930001
1780861937983,Accelerometer,-3.9390001,10.48095,-1.05495
1780861937995,Accelerometer,-3.4459503,10.213051,-1.55295
1780861938015,Accelerometer,-1.521,8.889001,-0.69795
1780861938034,Accelerometer,-0.79305005,10.13805,-0.67395
1780861938053,Accelerometer,-2.565,12.54705,-3.0349503
1780861938077,Accelerometer,-3.5059502,10.43805,0.786
1780861938094,Accelerometer,-1.03005,9.588,-1.8730501
1780861938112,Accelerometer,0.41505003,10.02105,0.11505
1780861938129,Accelerometer,-0.77595,9.612,-0.432
1780861938151,Accelerometer,-0.384,9.92805,-0.62595004
1780861938170,Accelerometer,0.3,10.102051,-0.90405005
1780861938193,Accelerometer,-1.17795,9.621,-0.39600003
1780861938214,Accelerometer,-0.97005004,9.954,-0.71895003
1780861938228,Accelerometer,0.54405004,10.038,0.01695
1780861938248,Accelerometer,0.58995,9.92805,-1.4620501
1780861938267,Accelerometer,0.60405004,10.05,1.008
1780861938283,Accelerometer,0.70995003,10.066951,-0.26895002
1780861938307,Accelerometer,-0.64905006,10.548,0.41895002
1780861938328,Accelerometer,-0.62295,9.625951,1.3789501
1780861938345,Accelerometer,-2.0040002,9.04905,0.91695005
1780861938363,Accelerometer,-0.99195004,10.14105,-0.109050006
1780861938384,Accelerometer,-0.79305005,9.549001,-2.6590502
1780861938410,Accelerometer,0.22095,9.69795,-2.0070002
1780861938427,Accelerometer,-1.863,10.288951,-3.13995
1780861938445,Accelerometer,-3.69195,10.087951,-3.1690502
1780861938461,Accelerometer,-2.7610502,9.897,-3.2980502
1780861938481,Accelerometer,-2.35395,9.757951,-1.9380001
1780861938500,Accelerometer,-2.7490501,9.5130005,-0.52500004
1780861938530,Accelerometer,-1.9399501,9.348001,1.1380501
1780861938540,Accelerometer,-0.19005,9.978001,-0.58500004
1780861938559,Accelerometer,-0.14895001,10.179001,-1.74405
1780861938578,Accelerometer,-1.0519501,9.741,-1.1839501
1780861938597,Accelerometer,-1.1040001,10.062,-1.368
1780861938617,Accelerometer,-0.58500004,9.657001,-0.01305
1780861938640,Accelerometer,-2.16195,9.316951,-1.12905
1780861938658,Accelerometer,-2.6130002,9.885,-1.23195
1780861938676,Accelerometer,-4.7629504,9.111,0.21795002
1780861938695,Accelerometer,-0.33795002,9.588,0.63705003
1780861938715,Accelerometer,1.8880501,8.733001,-0.35505003
1780861938734,Accelerometer,-1.389,10.773001,-1.983
1780861938763,Accelerometer,-1.12605,9.967951,-1.1050501
1780861938764,Accelerometer,-0.003,8.661,-5.1199503
1780861938792,Accelerometer,-2.3830502,10.878,0.37395
1780861938812,Accelerometer,-1.04205,9.966001,-0.41295
1780861938830,Accelerometer,-2.49,9.47295,-1.8730501
1780861938844,Accelerometer,-0.48195,9.943951,-1.8760501
1780861938870,Accelerometer,0.67395,9.705001,-1.1770501
1780861938890,Accelerometer,0.93705004,9.468,0.23700002
1780861938912,Accelerometer,-2.53095,8.604,-0.034950003
1780861938924,Accelerometer,-0.24195,10.02795,-0.87705004
1780861938948,Accelerometer,0.18300001,9.607051,-0.81000006
1780861938967,Accelerometer,-0.80295,10.429951,-0.25005
1780861938995,Accelerometer,-1.42005,9.85305,-0.61605
1780861939006,Accelerometer,-2.505,9.87495,-0.86805004
1780861939025,Accelerometer,-2.4499502,9.966001,-0.11805001
1780861939045,Accelerometer,-0.261,10.14795,-1.5640501
1780861939062,Accelerometer,-0.91005003,9.922951,-1.8570001
1780861939084,Accelerometer,-0.86505,9.85305,-1.3590001
1780861939106,Accelerometer,2.59605,9.703051,-2.23305
1780861939124,Accelerometer,1.38195,11.218051,-3.4300501
1780861939141,Accelerometer,7.1929502,13.17195,-5.1220503
1780861939161,Accelerometer,0.99195004,9.195001,-3.3030002
1780861939180,Accelerometer,-0.82905006,9.660001,-1.5600001
1780861939205,Accelerometer,-3.0169501,9.607051,1.3240501
1780861939229,Accelerometer,-0.90495,9.23805,-0.21900001
1780861939238,Accelerometer,-9.11505,10.2960005,4.3240504
1780861939258,Accelerometer,0.27195,10.569,-1.8019501
1780861939278,Accelerometer,-1.21905,9.372001,-0.41805002
1780861939297,Accelerometer,-10.36095,9.439051,9.348001
1780861939321,Accelerometer,-7.5540004,7.3420506,2.115
1780861939339,Accelerometer,-17.653952,17.035952,6.8550005
1780861939355,Accelerometer,0.13005,9.693001,-6.0990005
1780861939374,Accelerometer,-0.16605,8.247001,-2.28795
1780861939394,Accelerometer,-0.75195,10.03995,0.08205
1780861939405,Accelerometer,0.01305,8.901,0.77595
1780861939434,Accelerometer,0.15405001,9.460951,-0.135
1780861939460,Accelerometer,0.43395,9.757951,-1.8090001
1780861939472,Accelerometer,-1.8900001,10.588051,-0.52500004
1780861939486,Accelerometer,-4.7410502,9.399,0.44295
1780861939511,Accelerometer,-2.907,10.011001,-1.4620501
1780861939530,Accelerometer,-1.02795,9.8890505,-1.46895
1780861939553,Accelerometer,-0.81195,9.74295,-0.08205
1780861939570,Accelerometer,0.07005,9.31005,-0.28605002
1780861939589,Accelerometer,-0.726,9.66195,-1.35405
1780861939608,Accelerometer,-0.64695,10.033051,-1.55295
1780861939628,Accelerometer,-2.502,10.083,-0.25500003
1780861939646,Accelerometer,-2.565,10.057051,-2.0700002
1780861939671,Accelerometer,-2.0689502,10.57695,1.6380001
1780861939691,Accelerometer,-1.296,9.754951,0.87405
1780861939704,Accelerometer,0.91605,9.48495,0.42705002
1780861939724,Accelerometer,44.013,4.452,12.703951
1780861939744,Accelerometer,-1.6810501,15.271951,-3.0270002
1780861939764,Accelerometer,-13.750951,13.725,-8.026951
1780861939785,Accelerometer,-1.94895,10.597951,7.0660505
1780861939803,Accelerometer,-7.188,10.234051,1.3600501
1780861939822,Accelerometer,-5.72805,9.399,-2.2729502
1780861939841,Accelerometer,-4.1280003,9.097051,0.15795001
1780861939860,Accelerometer,-2.60805,8.74695,0.38805002
1780861939885,Accelerometer,-0.92205006,8.78295,0.66795003
1780861939903,Accelerometer,-2.2080002,9.481951,1.128
1780861939923,Accelerometer,-2.3760002,8.99895,-0.69105005
1780861939938,Accelerometer,0.62805,11.328,0.21105
1780861939958,Accelerometer,1.014,8.886001,1.5660001
1780861939977,Accelerometer,0.55395,9.054001,1.4130001
1780861940005,Accelerometer,-1.5469501,9.954,-0.80595005
1780861940018,Accelerometer,-1.6620001,10.585951,-2.23305
1780861940035,Accelerometer,-0.003,11.035951,-4.6789503
1780861940051,Accelerometer,-4.269,8.28495,-2.8210502
1780861940074,Accelerometer,-7.7029505,9.054001,0.38295
1780861940093,Accelerometer,-8.701051,8.244,3.3360002
1780861940118,Accelerometer,-4.53,9.007951,1.746
1780861940136,Accelerometer,-5.13105,9.636001,-1.62405
1780861940155,Accelerometer,-6.807,9.571051,-2.6440501
1780861940171,Accelerometer,1.8420001,9.432,-4.2390003
1780861940190,Accelerometer,4.53795,9.316951,6.5080504
1780861940207,Accelerometer,-5.802,9.505951,-2.32095
1780861940234,Accelerometer,-2.8590002,9.918,0.38295
1780861940251,Accelerometer,-6.4459505,10.588051,2.124
1780861940268,Accelerometer,-6.4339504,9.748051,1.1190001
1780861940286,Accelerometer,-4.4040003,9.525001,0.795
1780861940307,Accelerometer,-4.0950003,8.86905,-1.1190001
1780861940327,Accelerometer,-2.8189502,9.111,-0.91095006
1780861940351,Accelerometer,-4.40595,10.059,0.312
1780861940368,Accelerometer,-4.866,9.111,1.128
1780861940386,Accelerometer,-3.5029502,8.94795,0.23505001
1780861940404,Accelerometer,-3.0580502,10.555051,0.50295
1780861940424,Accelerometer,-1.7170501,9.813001,1.7719501
1780861940444,Accelerometer,-0.40305,14.476951,2.4090002
1780861940473,Accelerometer,-1.2550501,8.908051,2.0040002
1780861940482,Accelerometer,-1.8540001,5.6920505,-1.536
1780861940501,Accelerometer,1.19295,7.5600004,-2.1420002
1780861940521,Accelerometer,-2.55795,10.09305,-2.1030002
1780861940540,Accelerometer,-9.393001,-1.81305,-4.8949504
1780861940560,Accelerometer,-2.9959502,11.368951,7.7530503
1780861940585,Accelerometer,-3.89595,8.25195,-4.9090505
1780861940601,Accelerometer,-7.4389505,8.09805,3.0600002
1780861940619,Accelerometer,-2.1340501,6.5610003,-3.97305
1780861940638,Accelerometer,-2.766,4.25295,-4.1620502
1780861940649,Accelerometer,-6.5560503,6.45795,-1.3660501
1780861940677,Accelerometer,-9.589951,10.240951,-2.59605
1780861940688,Accelerometer,-12.19005,7.6120505,-7.7370005
1780861940716,Accelerometer,-6.8700004,6.4870505,0.0
1780861940734,Accelerometer,-3.62805,3.83205,2.397
1780861940755,Accelerometer,-4.875,-1.9609501,6.9250503
1780861940769,Accelerometer,-4.8439503,12.556951,-6.4630504
1780861940793,Accelerometer,-5.313,9.609,-4.26795
1780861940815,Accelerometer,-10.47795,9.556951,-0.171
1780861940833,Accelerometer,-4.18095,6.9900002,-0.15195
1780861940851,Accelerometer,-6.9610505,1.6290001,7.0950003
1780861940871,Accelerometer,-9.45495,9.339001,0.3
1780861940890,Accelerometer,-6.4840503,9.219001,-2.4070501
1780861940916,Accelerometer,-5.70795,7.7200503,-2.8980002
1780861940937,Accelerometer,-7.0279503,6.42495,-1.4299501
1780861940948,Accelerometer,-7.1980505,7.485,-1.46595
1780861940968,Accelerometer,-9.99195,9.94005,1.3939501
1780861940988,Accelerometer,-9.81,9.36705,4.6140003
1780861941007,Accelerometer,-8.971951,9.849001,4.88205
1780861941031,Accelerometer,-7.3050003,9.23805,3.8550003
1780861941050,Accelerometer,-7.6789503,9.1710005,1.3050001
1780861941065,Accelerometer,-8.412001,9.432,1.23105
1780861941084,Accelerometer,-8.42595,8.42895,3.9079502
1780861941104,Accelerometer,-9.68805,7.8780003,7.66695
1780861941123,Accelerometer,-9.589951,7.76805,7.9900503
1780861941149,Accelerometer,-9.369,8.20395,7.2240005
1780861941169,Accelerometer,-9.441,7.84005,4.7410502
1780861941181,Accelerometer,-8.028001,6.6709504,4.1740503
1780861941201,Accelerometer,-8.7300005,6.267,9.288
1780861941221,Accelerometer,-9.81,6.57105,10.902
1780861941240,Accelerometer,-8.707951,6.9610505,9.690001
1780861941263,Accelerometer,-8.78295,6.339,7.8229504
1780861941282,Accelerometer,-7.8870006,5.5939503,7.10895
1780861941298,Accelerometer,-8.067,5.163,5.814
1780861941317,Accelerometer,-7.79895,4.7320504,8.6959505
1780861941328,Accelerometer,-7.4080505,4.9279504,9.261001
1780861941357,Accelerometer,-5.68695,5.08605,9.70005
1780861941381,Accelerometer,-3.7159503,4.9999504,8.577001
1780861941402,Accelerometer,-3.72795,5.0340004,6.38805
1780861941412,Accelerometer,-6.5080504,4.27995,5.0500503
1780861941435,Accelerometer,-5.0929503,5.02395,7.1899505
1780861941454,Accelerometer,-2.05695,4.3900504,5.8159504
1780861941474,Accelerometer,0.94695,5.2969503,2.9910002
1780861941497,Accelerometer,0.717,4.69395,3.7189503
1780861941514,Accelerometer,1.8760501,4.2340503,8.45895
1780861941532,Accelerometer,-2.8189502,4.66995,6.6829505
1780861941552,Accelerometer,-0.79995006,4.7299504,6.8580003
1780861941569,Accelerometer,-0.54405004,4.90005,7.9830003
1780861941590,Accelerometer,0.15705001,4.4710503,7.5709505
1780861941615,Accelerometer,-2.9860501,3.9970503,8.253
1780861941633,Accelerometer,-4.65495,3.96795,5.313
1780861941648,Accelerometer,-2.2369502,4.131,5.85405
1780861941668,Accelerometer,1.1530501,3.55395,8.3209505
1780861941687,Accelerometer,3.1300502,4.33005,6.3019505
1780861941716,Accelerometer,-1.233,1.96905,6.19005
1780861941729,Accelerometer,-1.3410001,1.58595,7.1020503
1780861941745,Accelerometer,-1.11405,4.296,7.6480503
1780861941765,Accelerometer,-2.19405,4.0810504,4.7629504
1780861941784,Accelerometer,0.58995,5.18895,6.70695
1780861941803,Accelerometer,1.095,6.135,5.4880505
1780861941828,Accelerometer,-0.75900006,2.9629502,3.453
1780861941845,Accelerometer,-1.1520001,3.7140002,4.58295
1780861941862,Accelerometer,1.215,2.9839501,3.7909503
1780861941881,Accelerometer,0.588,2.15595,2.13105
1780861941900,Accelerometer,0.46800002,2.1679502,9.477
1780861941921,Accelerometer,1.11,2.4769502,7.6789503
1780861941949,Accelerometer,0.63795,1.0540501,4.10895
1780861941962,Accelerometer,1.84905,-1.94895,7.602
1780861941977,Accelerometer,3.4440002,-2.9530501,11.031
1780861941998,Accelerometer,2.7880502,-3.5370002,12.517951
1780861942017,Accelerometer,1.2529501,-4.24305,11.023951
1780861942037,Accelerometer,3.5659502,-4.34805,9.823951
1780861942049,Accelerometer,6.88005,-1.7170501,11.57205
1780861942077,Accelerometer,1.179,-1.1689501,14.335051
1780861942101,Accelerometer,-1.42005,-2.93805,14.9740505
1780861942115,Accelerometer,1.42305,-2.8540502,6.9820504
1780861942130,Accelerometer,-1.9300501,-1.24995,9.61095
1780861942153,Accelerometer,0.19500001,-0.29295,8.239051
1780861942182,Accelerometer,5.8690505,0.98505,8.304001
1780861942194,Accelerometer,3.1420503,-0.96300006,6.0270004
1780861942210,Accelerometer,0.59505004,-1.3630501,8.6320505
1780861942231,Accelerometer,-0.69000006,-0.81495005,12.309001
1780861942250,Accelerometer,-2.0040002,-0.76695,12.154051
1780861942270,Accelerometer,0.07005,-0.85800004,9.8890505
1780861942294,Accelerometer,3.79395,-0.71895003,8.75895
1780861942311,Accelerometer,4.392,-0.07005,7.9999504
1780861942329,Accelerometer,2.57205,0.63495004,6.9990005
1780861942347,Accelerometer,1.9399501,2.29905,6.07905
1780861942367,Accelerometer,0.94695,3.042,6.3430505
1780861942387,Accelerometer,0.98700005,3.183,6.8190002
1780861942415,Accelerometer,2.5170002,3.1369503,7.9249506
1780861942425,Accelerometer,2.29905,2.9220002,9.159
1780861942444,Accelerometer,0.034050003,3.456,9.37395
1780861942464,Accelerometer,-1.389,3.9970503,8.920951
1780861942483,Accelerometer,-0.73800004,4.32,8.538
1780861942507,Accelerometer,0.12795001,4.0069504,8.4210005
1780861942525,Accelerometer,0.60705,3.83205,8.30595
1780861942542,Accelerometer,-4.44705,4.5480003,8.6629505
1780861942561,Accelerometer,-0.064950004,5.92395,8.80395
1780861942581,Accelerometer,-0.216,4.37295,8.14605
1780861942600,Accelerometer,0.01305,3.9829502,8.871
1780861942611,Accelerometer,1.2600001,3.45405,9.276
1780861942641,Accelerometer,1.167,3.2569501,9.5130005
1780861942658,Accelerometer,0.64695,3.82695,8.967
1780861942678,Accelerometer,0.29805002,4.21005,8.335051
1780861942691,Accelerometer,-0.56805,4.524,8.554951
1780861942716,Accelerometer,-0.83595,4.4380503,8.65095
1780861942741,Accelerometer,-0.35505003,4.37295,9.348001
1780861942758,Accelerometer,-0.079050004,4.3660502,8.983951
1780861942772,Accelerometer,0.09195001,4.914,8.445001
1780861942794,Accelerometer,-0.573,5.29995,8.04
1780861942813,Accelerometer,-0.92205006,5.08605,8.24205
1780861942833,Accelerometer,0.54,4.5019503,9.084001
1780861942856,Accelerometer,0.28095,3.9439502,9.205951
1780861942879,Accelerometer,0.171,4.32705,8.93295
1780861942888,Accelerometer,-0.27105,4.42995,9.012
1780861942911,Accelerometer,-0.546,4.39905,8.965051
1780861942930,Accelerometer,-0.44595003,4.428,8.6959505
1780861942950,Accelerometer,-0.08205,4.3489504,8.530951
1780861942973,Accelerometer,0.29805002,4.296,9.12705
1780861942991,Accelerometer,-1.284,3.8940003,9.28995
1780861943008,Accelerometer,-0.70395005,4.533,9.40305
1780861943027,Accelerometer,-0.30900002,4.56405,8.871
1780861943047,Accelerometer,0.112950005,4.32495,8.72295
1780861943067,Accelerometer,-0.26895002,4.01895,9.22605
1780861943091,Accelerometer,0.03195,3.966,9.484051
1780861943111,Accelerometer,-0.37905002,4.19805,9.07695
1780861943124,Accelerometer,-0.47505003,4.4620504,9.120001
1780861943144,Accelerometer,-0.51000005,4.533,8.99295
1780861943164,Accelerometer,-0.30900002,4.68195,8.574
1780861943183,Accelerometer,-0.30705002,4.5739503,8.257951
1780861943204,Accelerometer,-0.35205,4.42605,8.907001
1780861943222,Accelerometer,-0.606,4.368,9.27105
1780861943241,Accelerometer,-0.666,4.28895,9.313951
1780861943258,Accelerometer,-0.42900002,4.359,9.07995
1780861943280,Accelerometer,-0.47700003,4.38705,8.719951
1780861943305,Accelerometer,-0.60105,4.32495,8.920951
1780861943322,Accelerometer,-0.537,4.39905,8.98095
1780861943343,Accelerometer,-0.49800003,4.3440003,9.003
1780861943358,Accelerometer,-0.33795002,4.3489504,8.814
1780861943380,Accelerometer,-0.51795,4.3180504,8.857051
1780861943405,Accelerometer,-0.38595003,4.38,8.661
1780861943412,Accelerometer,-0.58905005,4.51695,8.613001
1780861943436,Accelerometer,-0.44805002,4.4500504,8.625
1780861943455,Accelerometer,-0.27105,4.4500504,8.467051
1780861943475,Accelerometer,-0.69705003,4.3780503,8.70405
1780861943492,Accelerometer,-1.5880501,4.428,8.73705
1780861943513,Accelerometer,-2.18595,4.761,8.743951
1780861943537,Accelerometer,-1.9780501,5.00295,8.965051
1780861943556,Accelerometer,-1.8319501,5.01,9.196951
1780861943573,Accelerometer,-1.65495,4.8900003,9.228001
1780861943591,Accelerometer,-1.4490001,4.9950004,8.574
1780861943610,Accelerometer,-1.3080001,4.6990504,8.34195
1780861943630,Accelerometer,-0.56100005,4.359,8.65095
1780861943659,Accelerometer,-0.42705002,3.9630003,9.55395
1780861943670,Accelerometer,0.58005005,3.3720002,8.397
1780861943688,Accelerometer,0.87195003,3.7360501,8.799001
1780861943708,Accelerometer,0.44400004,3.4459503,8.694
1780861943726,Accelerometer,0.37905002,3.2380502,9.901051
1780861943746,Accelerometer,-0.25395,4.4110503,6.2470503
1780861943771,Accelerometer,-3.3330002,5.32095,4.3219504
1780861943789,Accelerometer,0.17595,4.9399505,5.98605
1780861943807,Accelerometer,0.41505003,4.15005,9.024
1780861943824,Accelerometer,-2.09295,4.3489504,7.7100005
1780861943844,Accelerometer,-0.97005004,3.3460503,6.8029504
1780861943864,Accelerometer,2.1990001,3.3790503,6.9030004
1780861943892,Accelerometer,2.058,3.6450002,6.98505
1780861943892,Accelerometer,-0.97305006,5.0599504,6.5389504
1780861943921,Accelerometer,-3.6780002,5.1010504,7.6980004
1780861943941,Accelerometer,-3.1560001,3.17595,13.035001
1780861943960,Accelerometer,-5.4,2.7949502,14.047951
1780861943970,Accelerometer,-1.16205,1.6530001,14.02095
1780861943999,Accelerometer,-4.09005,3.288,9.762
1780861944021,Accelerometer,-5.103,2.5510502,10.66695
1780861944040,Accelerometer,-2.4,1.00395,11.392051
1780861944053,Accelerometer,3.3270001,-2.26095,13.593
1780861944077,Accelerometer,-0.9580501,-1.69095,14.517001
1780861944104,Accelerometer,-2.5789502,1.6390501,7.90395
1780861944126,Accelerometer,-3.15405,2.9839501,8.6629505
1780861944133,Accelerometer,0.45795003,3.0300002,8.668051
1780861944154,Accelerometer,-1.3219501,3.55905,9.25905
1780861944174,Accelerometer,3.0870001,1.6990501,9.937051
1780861944193,Accelerometer,-1.245,0.64305,7.66905
1780861944216,Accelerometer,-0.40995002,0.087000005,11.0449505
1780861944235,Accelerometer,-1.3480501,1.0570501,7.3510504
1780861944252,Accelerometer,-0.56505,0.82905006,8.718
1780861944270,Accelerometer,-0.19695,0.97800004,8.76105
1780861944290,Accelerometer,-2.2099502,3.4750502,8.15295
1780861944309,Accelerometer,-0.74295,2.3400002,8.55795
1780861944335,Accelerometer,0.25695002,0.40605003,10.54695
1780861944354,Accelerometer,2.151,-0.984,8.71605
1780861944368,Accelerometer,-0.44595003,-0.13005,9.786
1780861944387,Accelerometer,-0.55395,-0.10305001,10.276951
1780861944407,Accelerometer,-1.2409501,0.075,9.666
1780861944426,Accelerometer,-0.71205,0.79305005,9.943951
1780861944449,Accelerometer,-0.18705001,-0.984,13.486951
1780861944468,Accelerometer,-1.131,-1.72695,10.159051
1780861944485,Accelerometer,0.93705004,-0.40695003,11.076
1780861944504,Accelerometer,-0.13695,-2.1360002,11.071951
1780861944523,Accelerometer,-0.36195,-2.3440502,12.08205
1780861944534,Accelerometer,-1.2739501,-1.07805,12.814951
1780861944563,Accelerometer,-2.328,0.03195,9.81
1780861944588,Accelerometer,-2.9290502,0.54705,8.842051
1780861944601,Accelerometer,-0.216,-0.666,8.553
1780861944616,Accelerometer,1.2079501,-2.079,10.851001
1780861944640,Accelerometer,-1.3770001,-1.8679501,13.677001
1780861944660,Accelerometer,0.57600003,-2.42805,13.9140005
1780861944682,Accelerometer,-0.57495004,-1.4680501,8.44695
1780861944701,Accelerometer,0.16095,-0.47700003,9.48705
1780861944718,Accelerometer,-1.9470001,0.86100006,6.0870004
1780861944737,Accelerometer,2.4460502,-0.66405004,8.43105
1780861944756,Accelerometer,-3.7519503,-0.42405003,12.748051
1780861944774,Accelerometer,-36.477,20.841002,36.81
1780861944802,Accelerometer,37.099953,2.9269502,-36.60705
1780861944821,Accelerometer,16.198051,-14.095951,-9.082951
1780861944834,Accelerometer,9.70005,9.693001,-30.12795
1780861944854,Accelerometer,0.28095,2.32305,4.59705
1780861944873,Accelerometer,-14.385,-3.5440502,29.577002
1780861944893,Accelerometer,-10.771951,-1.4110501,24.942001
1780861944915,Accelerometer,-6.88605,0.05595,13.578001
1780861944934,Accelerometer,-5.4880505,2.4720001,6.7429504
1780861944951,Accelerometer,-2.6920502,2.77605,7.12095
1780861944970,Accelerometer,-1.8270001,3.0990002,10.297951
1780861944990,Accelerometer,-1.128,2.3740501,12.592051
1780861945014,Accelerometer,-1.8900001,2.93895,11.7949505
1780861945032,Accelerometer,-4.93305,2.81205,9.748051
1780861945050,Accelerometer,-2.5890002,2.8170002,10.16895
1780861945068,Accelerometer,1.0020001,2.3160002,10.387051
1780861945087,Accelerometer,1.90005,2.11305,9.714001
1780861945106,Accelerometer,1.7580001,2.1769502,9.51
1780861945136,Accelerometer,0.291,2.043,9.76395
1780861945148,Accelerometer,-0.61095005,1.5810001,11.17695
1780861945164,Accelerometer,0.34095,0.96300006,13.006051
1780861945180,Accelerometer,1.5310501,0.73605,13.068001
1780861945203,Accelerometer,2.058,0.80295,11.589001
1780861945223,Accelerometer,1.27995,1.6510501,9.60105
1780861945248,Accelerometer,0.20700002,2.4480002,8.239051
1780861945255,Accelerometer,-0.28500003,2.8840501,8.517
1780861945281,Accelerometer,0.10605001,3.04605,9.618
1780861945301,Accelerometer,0.48705003,2.6830502,9.949051
1780861945320,Accelerometer,0.63495004,2.6560502,9.657001
1780861945335,Accelerometer,0.312,3.3460503,9.25395
1780861945363,Accelerometer,-0.20895001,3.6499503,8.707951
1780861945380,Accelerometer,-0.3,3.90405,8.42595
1780861945397,Accelerometer,-0.384,4.1290503,8.27505
1780861945415,Accelerometer,-0.12495001,4.1410503,8.17695
1780861945436,Accelerometer,0.60195005,4.191,7.7790003
1780861945456,Accelerometer,0.36,4.2010503,7.5420003
1780861945480,Accelerometer,-0.79995006,4.143,8.224951
1780861945497,Accelerometer,-1.0159501,4.0090504,8.91195
1780861945514,Accelerometer,-0.32805002,3.6910503,9.07005
1780861945534,Accelerometer,0.39600003,3.6859503,8.467051
1780861945553,Accelerometer,0.18300001,3.7720501,8.32995
1780861945573,Accelerometer,-0.61095005,3.9490502,8.47605
1780861945603,Accelerometer,-1.46595,4.0999503,8.661
1780861945612,Accelerometer,-1.3579501,4.203,8.29395
1780861945631,Accelerometer,-0.46500003,4.5,7.3699503
1780861945651,Accelerometer,-0.44295,4.62195,7.1470504
1780861945670,Accelerometer,-1.6519501,4.63605,8.14095
1780861945689,Accelerometer,-2.15295,4.57905,9.003
1780861945712,Accelerometer,-1.983,4.44495,9.004951
1780861945731,Accelerometer,-1.53795,4.5090003,8.686951
1780861945749,Accelerometer,-1.128,4.5480003,8.227051
1780861945767,Accelerometer,-1.2360001,4.347,8.60295
1780861945786,Accelerometer,-1.7170501,4.4160004,9.175051
1780861945812,Accelerometer,-2.00895,4.56705,9.05595
1780861945816,Accelerometer,-1.7479501,4.6579504,8.69205
1780861945845,Accelerometer,-1.45905,4.59795,8.3230505
1780861945864,Accelerometer,-1.41495,4.6000504,8.542951
1780861945884,Accelerometer,-1.521,4.5409503,8.90505
1780861945900,Accelerometer,-1.71,4.4539504,9.08895
1780861945923,Accelerometer,-1.81095,4.4710503,8.92395
1780861945945,Accelerometer,-1.5450001,4.54995,8.574
1780861945962,Accelerometer,-1.4800501,4.497,8.58405
1780861945980,Accelerometer,-1.3290001,4.28895,8.92605
1780861946000,Accelerometer,-1.19805,4.3369503,8.874001
1780861946023,Accelerometer,-1.22895,4.6990504,8.814
1780861946043,Accelerometer,-2.232,4.3489504,8.139
1780861946067,Accelerometer,-1.554,4.44495,7.9210505
1780861946077,Accelerometer,-0.91305006,4.47795,8.56005
1780861946098,Accelerometer,-1.2889501,4.18095,9.312
1780861946117,Accelerometer,-1.4250001,4.18095,9.51795
